date,open,high,low,close,adjusted_close,volume,dividend_amount,split_coefficient
2020-01-02,323.54,324.89,322.53,324.87,295.21562084299745,59037072,0.0000,1.0
2020-01-03,321.16,323.64,321.1,322.41,292.98017150241884,77708081,0.0000,1.0
2020-01-06,320.49,323.73,320.36,323.64,294.0978961727081,55596982,0.0000,1.0
2020-01-07,323.02,323.54,322.24,322.73,293.27096166054287,40461249,0.0000,1.0
2020-01-08,322.94,325.78,322.67,324.45,294.8339587604596,68177241,0.0000,1.0
2020-01-09,326.16,326.73,325.52,326.65,296.8331410975624,48421935,0.0000,1.0
2020-01-10,327.29,327.46,325.2,325.71,295.978945008073,53028660,0.0000,1.0
2020-01-13,326.39,327.96,325.92,327.95,298.0144761149414,47026115,0.0000,1.0
2020-01-14,327.47,328.62,326.84,327.45,297.56011649287257,62784185,0.0000,1.0
2020-01-15,327.35,329.02,327.26,328.19,298.23256873353444,71870739,0.0000,1.0
2020-01-16,329.7,330.92,329.45,330.92,300.7133722700302,53788867,0.0000,1.0
2020-01-17,331.7,332.18,330.85,331.95,301.64935309149195,95778839,0.0000,1.0
2020-01-21,330.9,332.18,330.82,331.3,301.0586855828025,77624157,0.0000,1.0
2020-01-22,332.24,332.95,331.17,331.34,301.095034352568,48705035,0.0000,1.0
2020-01-23,330.63,332.17,329.41,331.72,301.44034766534037,51828259,0.0000,1.0
2020-01-24,332.44,332.53,327.36,328.77,298.75962589513426,87465785,0.0000,1.0
2020-01-27,323.03,325.12,322.66,323.5,293.97067547852885,83797934,0.0000,1.0
2020-01-28,325.06,327.85,323.6,326.89,297.0512337161555,63519891,0.0000,1.0
2020-01-29,328.38,328.63,326.4,326.62,296.8058795202383,53714641,0.0000,1.0
2020-01-30,324.36,327.91,323.54,327.68,297.7691219190242,75184385,0.0000,1.0
2020-01-31,327.0,327.17,320.73,321.73,292.36224241640525,113659402,0.0000,1.0
2020-02-03,323.35,326.16,323.22,324.12,294.5340814098942,68931216,0.0000,1.0
2020-02-04,328.07,330.01,327.72,329.06,299.0231544759342,61704740,0.0000,1.0
2020-02-05,332.27,333.09,330.67,332.86,302.4762876036572,64864742,0.0000,1.0
2020-02-06,333.91,334.19,332.8,333.98,303.4940531570914,49982975,0.0000,1.0
2020-02-07,332.82,333.99,331.6,332.2,301.8765329025264,64074382,0.0000,1.0
2020-02-10,331.23,334.75,331.19,334.68,304.1301566279878,41779456,0.0000,1.0
2020-02-11,336.16,337.02,334.68,335.26,304.65721378958756,54773045,0.0000,1.0
2020-02-12,336.83,337.65,336.43,337.42,306.62004735692494,42844434,0.0000,1.0
2020-02-13,335.86,338.12,335.56,337.06,306.2929084290354,54038002,0.0000,1.0
2020-02-14,337.51,337.73,336.2,337.6,306.7836168208697,64518123,0.0000,1.0
2020-02-18,336.51,337.67,335.21,336.73,305.9930310784699,57195407,0.0000,1.0
2020-02-19,337.79,339.08,337.48,338.34,307.45606906153154,48587393,0.0000,1.0
2020-02-20,337.74,338.64,333.68,336.95,306.1929493121802,73891268,0.0000,1.0
2020-02-21,335.47,335.81,332.58,333.48,303.0396935350226,113656552,0.0000,1.0
2020-02-24,323.14,333.56,321.24,322.42,292.9892586948602,160991237,0.0000,1.0
2020-02-25,323.94,324.61,311.69,312.65,284.11107167963536,217564684,0.0000,1.0
2020-02-26,314.18,318.11,310.7,311.5,283.0660445488771,192818004,0.0000,1.0
2020-02-27,305.46,311.56,297.51,297.51,270.3530623233914,282544492,0.0000,1.0
2020-02-28,288.7,297.89,285.54,296.26,269.21716326821934,384911854,0.0000,1.0
2020-03-02,298.21,309.16,294.46,309.09,280.8760311705053,237377617,0.0000,1.0
2020-03-03,309.5,313.84,297.57,300.24,272.83386585988717,298851919,0.0000,1.0
2020-03-04,306.12,313.1,303.33,312.86,284.3019027209043,175893889,0.0000,1.0
2020-03-05,304.98,308.47,300.01,302.46,274.8512225818727,185533970,0.0000,1.0
2020-03-06,293.15,298.78,290.23,297.46,270.30762636118453,228315219,0.0000,1.0
2020-03-09,275.3,284.19,273.45,274.23,249.198078319867,305980554,0.0000,1.0
2020-03-10,284.64,288.52,273.5,288.42,262.09280439418023,274894230,0.0000,1.0
2020-03-11,280.7,281.94,270.88,274.36,249.3162118216049,254604444,0.0000,1.0
2020-03-12,256.0,266.66,247.68,248.11,225.46233166299166,389612072,0.0000,1.0
2020-03-13,263.09,271.48,248.52,269.32,244.73626683115114,326142197,0.0000,1.0
2020-03-16,241.18,256.9,237.36,239.85,217.95631070641465,295019288,0.0000,1.0
2020-03-17,245.04,256.17,237.07,252.8,229.72422491799722,260566279,0.0000,1.0
2020-03-18,236.25,248.37,228.02,240.0,218.09261859303533,324845381,0.0000,1.0
2020-03-19,239.25,247.38,232.22,240.51,218.5560654075455,288124389,0.0000,1.0
2020-03-20,242.53,244.47,228.5,228.8,209.19222157076456,344276957,1.4056,1.0
2020-03-23,228.19,229.68,218.26,222.95,203.84355681469387,323100167,0.0000,1.0
2020-03-24,234.42,244.1,233.8,243.15,222.31245050232258,233038623,0.0000,1.0
2020-03-25,244.87,256.35,239.75,246.79,225.64050857276655,297989659,0.0000,1.0
2020-03-26,249.52,262.8,249.05,261.2,238.8155956043868,256107410,0.0000,1.0
2020-03-27,253.27,260.81,251.05,253.42,231.70232862964664,223871285,0.0000,1.0
2020-03-30,255.7,262.43,253.53,261.65,239.22703135485378,171274407,0.0000,1.0
2020-03-31,260.56,263.33,256.22,257.75,235.66125485080667,193290928,0.0000,1.0
2020-04-01,247.98,257.66,243.9,246.15,225.05535550543573,188373330,0.0000,1.0
2020-04-02,245.19,252.68,244.59,251.83,230.2485889779967,176669824,0.0000,1.0
2020-04-03,250.76,253.32,245.22,248.19,226.9205309075527,134538553,0.0000,1.0
2020-04-06,257.84,267.0,248.17,264.86,242.1619397081849,186692564,0.0000,1.0
2020-04-07,274.21,275.03,264.89,265.13,242.40880115846505,199187791,0.0000,1.0
2020-04-08,267.96,276.0,265.25,274.03,250.54608600103413,152670223,0.0000,1.0
2020-04-09,277.58,281.2,275.47,278.2,254.35872395536143,189948139,0.0000,1.0
2020-04-13,277.14,277.51,271.41,275.66,252.0363977193923,114353986,0.0000,1.0
2020-04-14,280.98,284.9,275.51,283.79,259.46967027782904,133510280,0.0000,1.0
2020-04-15,277.57,283.94,275.46,277.76,253.9564312215715,121155983,0.0000,1.0
2020-04-16,279.15,280.03,275.76,279.1,255.1815954562954,126144324,0.0000,1.0
2020-04-17,285.38,287.3,282.4,286.64,262.0754300307865,146455688,0.0000,1.0
2020-04-20,282.61,286.79,281.35,281.59,257.4582066088793,99323028,0.0000,1.0
2020-04-21,276.73,278.04,272.02,273.04,249.64092735000682,125772551,0.0000,1.0
2020-04-22,278.35,281.0,276.91,279.1,255.1815954562954,92831657,0.0000,1.0
2020-04-23,280.49,283.94,278.75,279.08,255.1633094229413,103685412,0.0000,1.0
2020-04-24,280.73,283.7,278.5,282.97,258.71994291031143,85042563,0.0000,1.0
2020-04-27,285.12,288.27,284.62,287.05,262.4502937145453,77516422,0.0000,1.0
2020-04-28,291.02,291.4,285.4,285.73,261.24341551317553,104797847,0.0000,1.0
2020-04-29,291.53,294.88,290.41,293.21,268.08239198760435,118066585,0.0000,1.0
2020-04-30,291.71,293.32,288.59,290.48,265.58634843477137,121537052,0.0000,1.0
2020-05-01,285.31,290.66,281.52,282.79,258.5553686101246,125045778,0.0000,1.0
2020-05-04,280.74,283.9,279.13,283.57,259.268523910934,80462952,0.0000,1.0
2020-05-05,286.64,289.25,283.71,286.19,261.6639942803195,79199214,0.0000,1.0
2020-05-06,288.04,288.46,283.78,284.25,259.890249044973,72980387,0.0000,1.0
2020-05-07,287.75,289.78,287.13,287.68,263.0263037651991,74788296,0.0000,1.0
2020-05-08,291.09,292.95,289.86,292.44,267.378379703472,76446082,0.0000,1.0
2020-05-11,290.34,294.0,289.88,292.5,267.4332378035342,78982891,0.0000,1.0
2020-05-12,293.79,294.24,286.52,286.67,262.10285908081767,94484342,0.0000,1.0
2020-05-13,286.06,287.19,278.96,281.6,257.4673496255564,144035915,0.0000,1.0
2020-05-14,278.95,285.11,272.99,284.97,260.5485462457202,121473094,0.0000,1.0
2020-05-15,282.37,286.33,281.34,286.28,261.7462814304129,111015834,0.0000,1.0
2020-05-18,293.05,296.75,292.7,295.0,269.7189919727952,119719465,0.0000,1.0
2020-05-19,294.35,296.21,291.95,291.97,266.94865791965094,94317356,0.0000,1.0
2020-05-20,295.82,297.87,295.57,296.93,271.4835941914647,85279592,0.0000,1.0
2020-05-21,296.79,297.67,293.69,294.88,269.6092757726707,77863922,0.0000,1.0
2020-05-22,294.57,295.63,293.22,295.44,270.12128470658513,63697627,0.0000,1.0
2020-05-26,301.93,302.19,295.46,299.08,273.44934277702913,88604807,0.0000,1.0
2020-05-27,302.12,303.57,296.87,303.53,277.5179851983136,104086252,0.0000,1.0
2020-05-28,304.65,306.84,302.24,302.97,277.00597626439924,90232213,0.0000,1.0
2020-05-29,302.46,304.96,299.47,304.32,278.2402835158001,119067393,0.0000,1.0
2020-06-01,303.62,306.21,303.06,305.55,279.3648745670765,55696013,0.0000,1.0
2020-06-02,306.55,308.13,305.1,308.08,281.67805778636864,73635043,0.0000,1.0
2020-06-03,310.24,313.22,309.94,312.18,285.4266946239566,91750087,0.0000,1.0
2020-06-04,311.11,313.0,309.08,311.36,284.67696725643907,75471787,0.0000,1.0
2020-06-05,317.23,321.27,317.16,319.34,291.97309456472004,150302461,0.0000,1.0
2020-06-08,320.22,323.41,319.63,323.2,295.50229900205903,73310274,0.0000,1.0
2020-06-09,320.3,323.28,319.36,320.79,293.29883198289144,77174695,0.0000,1.0
2020-06-10,321.42,322.39,318.22,319.0,291.6622319977006,93944722,0.0000,1.0
2020-06-11,311.46,312.15,300.01,300.61,274.8482243286169,208285190,0.0000,1.0
2020-06-12,308.24,309.08,298.6,304.21,278.13971033235265,194450402,0.0000,1.0
2020-06-15,298.02,308.28,296.74,307.05,280.7363270686331,134968796,0.0000,1.0
2020-06-16,315.48,315.64,307.67,312.96,286.13984992476605,137048347,0.0000,1.0
2020-06-17,314.07,314.39,310.86,311.66,284.9512577567504,82814592,0.0000,1.0
2020-06-18,310.01,312.3,309.51,311.78,285.0609739568749,80355844,0.0000,1.0
2020-06-19,314.17,314.38,306.53,308.64,283.4392240593708,135211345,1.3662,1.0
2020-06-22,307.99,311.05,306.75,310.62,285.2575550068746,74007212,0.0000,1.0
2020-06-23,313.49,314.5,311.61,312.05,286.5707940245162,68066900,0.0000,1.0
2020-06-24,309.84,310.51,302.1,304.09,279.26073627596577,132067392,0.0000,1.0
2020-06-25,303.47,307.64,301.28,307.35,282.2545538966033,88966079,0.0000,1.0
2020-06-26,306.16,306.39,299.42,300.05,275.55060646388745,127811745,0.0000,1.0
2020-06-29,301.41,304.61,298.93,304.46,279.6005253924185,79773260,0.0000,1.0
2020-06-30,303.99,310.2,303.82,308.36,283.18208634962286,112828251,0.0000,1.0
2020-07-01,309.57,311.89,309.07,310.52,285.165720110536,71910372,0.0000,1.0
2020-07-02,314.24,315.7,311.51,312.23,286.73609683792563,69214995,0.0000,1.0
2020-07-06,316.37,317.68,315.56,317.05,291.1625388414448,61149258,0.0000,1.0
2020-07-07,315.38,317.52,313.37,313.78,288.1595377311735,82583406,0.0000,1.0
2020-07-08,314.61,316.3,312.7,316.18,290.36357524329924,54202602,0.0000,1.0
2020-07-09,316.84,317.1,310.68,314.38,288.7105471092049,83079092,0.0000,1.0
2020-07-10,314.31,317.88,312.76,317.59,291.6584472816731,57454436,0.0000,1.0
2020-07-13,320.13,322.71,314.13,314.84,289.13298763236236,102549097,0.0000,1.0
2020-07-14,313.3,319.76,312.0,318.92,292.87985140297616,92791839,0.0000,1.0
2020-07-15,322.41,323.04,319.27,321.85,295.5706138656963,86921534,0.0000,1.0
2020-07-16,319.79,321.28,319.09,320.79,294.59716396450744,54433414,0.0000,1.0
2020-07-17,321.88,322.57,319.74,321.72,295.4512285004562,64421802,0.0000,1.0
2020-07-20,321.43,325.13,320.62,324.32,297.83893580525904,56150230,0.0000,1.0
2020-07-21,326.45,326.93,323.94,325.01,298.4725965899952,57245315,0.0000,1.0
2020-07-22,324.62,327.2,324.5,326.86,300.1715421722588,57792915,0.0000,1.0
2020-07-23,326.47,327.23,321.48,322.96,296.5899812150544,75737989,0.0000,1.0
2020-07-24,320.95,321.99,319.246,320.88,294.67981537121216,73766597,0.0000,1.0
2020-07-27,321.63,323.41,320.775,323.22,296.82875194553475,48292970,0.0000,1.0
2020-07-28,322.43,323.64,320.85,321.17,294.94613657059404,57494979,0.0000,1.0
2020-07-29,322.12,325.73,322.075,325.12,298.57361497596764,48454159,0.0000,1.0
2020-07-30,321.9,324.41,319.64,323.96,297.5083301784402,61861714,0.0000,1.0
2020-07-31,325.9,326.63,321.33,326.52,299.8593035247076,85210755,0.0000,1.0
2020-08-03,328.32,329.62,327.73,328.79,301.94395567159324,53077948,0.0000,1.0
2020-08-04,327.86,330.06,327.86,330.06,303.11025885509315,41917893,0.0000,1.0
2020-08-05,331.47,332.39,331.18,332.11,304.99287423003386,42866354,0.0000,1.0
2020-08-06,331.4799,334.46,331.13,334.33,307.0316089287502,43679447,0.0000,1.0
2020-08-07,333.28,334.88,332.3,334.57,307.2520126799628,57308270,0.0000,1.0
2020-08-10,335.06,335.77,332.955,335.57,308.1703616433485,44282089,0.0000,1.0
2020-08-11,336.85,337.54,332.01,332.8,305.62653501477,69601087,0.0000,1.0
2020-08-12,335.44,338.28,332.8377,337.44,309.8876742048798,53826128,0.0000,1.0
2020-08-13,336.61,338.2514,335.83,336.83,309.32748133721446,41816146,0.0000,1.0
2020-08-14,336.41,337.42,335.62,336.84,309.33666482684833,47260390,0.0000,1.0
2020-08-17,337.94,338.34,336.8517,337.91,310.31929821767113,34496002,0.0000,1.0
2020-08-18,338.34,339.1,336.61,338.64,310.98969296094265,38733908,0.0000,1.0
2020-08-19,339.05,339.61,336.62,337.23,309.6948209225688,68054244,0.0000,1.0
2020-08-20,335.36,338.8,335.22,338.28,310.6590873341238,42207826,0.0000,1.0
2020-08-21,337.92,339.72,337.55,339.48,311.7611060901867,55106628,0.0000,1.0
2020-08-24,342.12,343.0,339.4504,342.92,314.9202265242336,48588662,0.0000,1.0
2020-08-25,343.53,344.21,342.27,344.12,316.02224528029643,38463381,0.0000,1.0
2020-08-26,344.76,347.86,344.17,347.57,319.1905492039772,50790237,0.0000,1.0
2020-08-27,348.51,349.9,346.53,348.33,319.88849441615037,58034142,0.0000,1.0
2020-08-28,349.44,350.72,348.15,350.58,321.95477958376824,48588940,0.0000,1.0
2020-08-31,350.35,351.3,349.06,349.31,320.7884764002684,66099183,0.0000,1.0
2020-09-01,350.21,352.71,349.24,352.6,323.80984448980746,54999325,0.0000,1.0
2020-09-02,354.67,358.75,353.43,357.7,328.4934242030746,69540035,0.0000,1.0
2020-09-03,355.87,356.38,342.59,345.39,317.18854846379634,148011129,0.0000,1.0
2020-09-04,346.13,347.83,334.87,342.57,314.5988043870486,139156281,0.0000,1.0
2020-09-08,336.71,342.64,332.88,333.21,306.00305808975816,114465322,0.0000,1.0
2020-09-09,337.55,342.46,336.61,339.79,312.0457942688363,91462290,0.0000,1.0
2020-09-10,341.82,342.53,332.85,333.89,306.62753538486044,90569548,0.0000,1.0
2020-09-11,335.82,336.97,331.0,334.06,306.78365470863605,84680194,0.0000,1.0
2020-09-14,337.49,340.38,334.2208,338.46,310.8243901475332,65605686,0.0000,1.0
2020-09-15,341.12,342.02,338.4683,340.17,312.3947668749228,52920862,0.0000,1.0
2020-09-16,341.51,343.06,338.52,338.82,311.1549957743521,82211256,0.0000,1.0
2020-09-17,333.56,337.6996,332.991,335.84,308.4183158634626,91523339,0.0000,1.0
2020-09-18,335.37,335.49,327.97,330.65,304.8819597156319,105877942,1.3392,1.0
2020-09-21,325.7,327.13,321.73,326.97,301.4887475222144,99450829,0.0000,1.0
2020-09-22,328.57,330.9,325.86,330.3,304.55923572984494,63612107,0.0000,1.0
2020-09-23,330.9,331.2,322.1,322.64,297.4961907837638,93112240,0.0000,1.0
2020-09-24,321.22,326.797,319.8,323.5,298.289169720269,76681332,0.0000,1.0
2020-09-25,322.58,329.58,321.64,328.73,303.11158813645756,71069426,0.0000,1.0
2020-09-28,333.22,334.96,332.15,334.19,308.1460823147347,64584614,0.0000,1.0
2020-09-29,333.97,334.77,331.6209,332.37,306.46791758864236,51531594,0.0000,1.0
2020-09-30,333.09,338.29,332.88,334.89,308.7915302863087,104081136,0.0000,1.0
2020-10-01,337.69,338.74,335.01,337.04,310.77397762757175,88698745,0.0000,1.0
2020-10-02,331.7,337.0126,331.19,333.84,307.82335832894773,89431112,0.0000,1.0
2020-10-05,336.06,339.96,336.01,339.76,313.2820040314021,45713108,0.0000,1.0
2020-10-06,339.91,342.17,334.38,334.93,308.82841302754156,90128883,0.0000,1.0
2020-10-07,338.12,341.63,338.09,340.76,314.2040725622221,56999597,0.0000,1.0
2020-10-08,342.85,343.85,341.86,343.78,316.9887195252985,45242476,0.0000,1.0
2020-10-09,345.56,347.35,344.89,346.85,319.81946991491594,59528606,0.0000,1.0
2020-10-12,349.59,354.02,349.06,352.43,324.9646123168915,80388533,0.0000,1.0
2020-10-13,352.28,352.4651,349.09,350.13,322.8438546960055,73255513,0.0000,1.0
2020-10-14,350.75,351.93,347.14,347.93,320.8153039282015,57958749,0.0000,1.0
2020-10-15,343.71,348.02,343.13,347.5,320.4188144599489,60357659,0.0000,1.0
2020-10-16,348.96,350.75,347.1,347.29,320.22518006847673,89501868,0.0000,1.0
2020-10-19,348.65,349.33,341.04,342.01,315.3566582257471,68425614,0.0000,1.0
2020-10-20,343.46,346.88,342.64,343.38,316.6198921129705,60051880,0.0000,1.0
2020-10-21,343.33,348.6847,342.4,342.73,316.0205475679375,63574979,0.0000,1.0
2020-10-22,342.96,345.24,340.65,344.61,317.7540364058791,55399292,0.0000,1.0
2020-10-23,345.93,345.99,343.13,345.78,318.8328565869385,49143931,0.0000,1.0
2020-10-26,342.13,342.98,335.62,339.39,312.9408386749987,91473002,0.0000,1.0
2020-10-27,339.76,340.12,337.99,338.22,311.86201849393933,65994108,0.0000,1.0
2020-10-28,332.1,338.2483,326.13,326.66,301.2029062776602,127094307,0.0000,1.0
2020-10-29,326.91,333.395,325.09,329.98,304.2641737999826,90597689,0.0000,1.0
2020-10-30,328.28,329.69,322.6,326.54,301.0922580539618,120448685,0.0000,1.0
2020-11-02,330.2,332.36,327.24,330.2,304.4670288767629,86068299,0.0000,1.0
2020-11-03,333.69,338.25,330.2935,336.03,309.84268841144353,93294192,0.0000,1.0
2020-11-04,340.86,347.94,339.59,343.54,316.76742307790175,126959700,0.0000,1.0
2020-11-05,349.24,352.19,348.86,350.24,322.9452822343957,82039749,0.0000,1.0
2020-11-06,349.93,351.51,347.65,350.16,322.87151675193013,74972973,0.0000,1.0
2020-11-09,363.97,364.38,354.06,354.56,326.9286182875381,172304203,0.0000,1.0
2020-11-10,353.49,355.18,350.51,354.04,326.4491426515117,85552022,0.0000,1.0
2020-11-11,356.4,357.56,355.06,356.67,328.8741828875683,58649048,0.0000,1.0
2020-11-12,355.58,356.7182,351.26,353.21,325.68382577093104,68118563,0.0000,1.0
2020-11-13,355.27,358.9,354.71,358.1,330.1927408866409,62959429,0.0000,1.0
2020-11-16,360.98,362.78,359.59,362.57,334.3143872194062,74541138,0.0000,1.0
2020-11-17,359.97,361.92,358.34,360.62,332.51635358430724,66111009,0.0000,1.0
2020-11-18,360.91,361.5,356.24,356.28,328.5145761605485,70591299,0.0000,1.0
2020-11-19,355.6,358.18,354.15,357.78,329.89767895677846,59940947,0.0000,1.0
2020-11-20,357.5,357.72,355.25,355.33,327.63861105626944,70411890,0.0000,1.0
2020-11-23,357.28,358.82,354.865,357.46,329.60261702691605,63230608,0.0000,1.0
2020-11-24,360.21,363.81,359.29,363.22,334.91373176443926,60985003,0.0000,1.0
2020-11-25,363.13,363.16,361.48,362.66,334.3973733871801,45330890,0.0000,1.0
2020-11-27,363.84,364.18,362.58,363.67,335.32866260330826,28514072,0.0000,1.0
2020-11-30,362.83,363.12,359.17,362.06,333.84413226868804,83872709,0.0000,1.0
2020-12-01,365.57,367.68,364.93,366.02,337.4955236507352,72509670,0.0000,1.0
2020-12-02,364.82,366.96,364.2,366.79,338.2055164194667,45927000,0.0000,1.0
2020-12-03,366.68,368.19,365.5,366.69,338.11330956638466,62881998,0.0000,1.0
2020-12-04,367.32,369.85,367.22,369.85,341.02704612377585,50749859,0.0000,1.0
2020-12-07,369.02,369.62,367.72,369.09,340.3262740403526,48944269,0.0000,1.0
2020-12-08,367.72,370.78,367.67,370.17,341.32210805363826,42458859,0.0000,1.0
2020-12-09,370.88,371.05,365.95,366.85,338.26084053131586,74098312,0.0000,1.0
2020-12-10,365.37,367.86,364.43,366.73,338.15019230761743,57735353,0.0000,1.0
2020-12-11,364.9,366.7402,363.26,366.3,337.75370283936485,57698614,0.0000,1.0
2020-12-14,368.64,369.8,364.47,364.66,336.24151044882007,69216174,0.0000,1.0
2020-12-15,367.4,369.59,365.92,369.59,340.7873083057626,64071099,0.0000,1.0
2020-12-16,369.82,371.16,368.8676,370.17,341.32210805363826,58420517,0.0000,1.0
2020-12-17,371.94,372.46,371.05,372.24,343.2307899124356,64119472,0.0000,1.0
2020-12-18,370.97,371.15,367.02,369.18,341.866128486822,136542328,1.5800,1.0
2020-12-21,364.97,378.46,362.03,367.86,340.64378900580294,96386745,0.0000,1.0
2020-12-22,368.21,368.3317,366.03,367.24,340.0696598556274,48388462,0.0000,1.0
2020-12-23,368.28,369.62,367.2172,367.57,340.3752447258821,46201402,0.0000,1.0
2020-12-24,368.08,369.03,367.45,369.0,341.6994458303194,26457853,0.0000,1.0
2020-12-28,371.74,372.59,371.07,372.17,344.63491261428175,37932709,0.0000,1.0
2020-12-29,373.81,374.0,370.83,371.46,343.97744213585486,53680451,0.0000,1.0
2020-12-30,372.34,373.1,371.57,371.99,344.46822995777916,49455259,0.0000,1.0
2020-12-31,371.78,374.66,371.23199999999997,373.88,346.2183978510564,78520702,0.0000,1.0
2021-01-04,375.31,375.45,364.82,368.79,341.5049827310664,110210810,0.0000,1.0
2021-01-05,368.1,372.5,368.05,371.33,343.85706021726963,66426229,0.0000,1.0
2021-01-06,369.71,376.98,369.12,373.55,345.9128129808017,107997675,0.0000,1.0
2021-01-07,376.1,379.9,375.91,379.1,351.05219488963166,68766812,0.0000,1.0
2021-01-08,380.59,381.49,377.1,381.26,353.05238676766277,71677208,0.0000,1.0
2021-01-11,377.85,380.58,377.7189,378.69,350.67252883870907,51176719,0.0000,1.0
2021-01-12,378.89,379.86,376.36,378.77,350.7466100193769,51440114,0.0000,1.0
2021-01-13,378.69,380.86,377.85,379.79,351.69114507289163,45303619,0.0000,1.0
2021-01-14,380.59,381.13,378.1,378.46,350.45954544428906,49989113,0.0000,1.0
2021-01-15,376.72,377.58,373.7,375.7,347.9037447112493,107159962,0.0000,1.0
2021-01-19,378.34,379.23,376.75,378.65,350.63548824837517,51233300,0.0000,1.0
2021-01-20,381.11,384.79,380.69,383.89,355.48780558211735,61836062,0.0000,1.0
2021-01-21,384.49,384.95,383.25,384.24,355.8119107475391,47955809,0.0000,1.0
2021-01-22,382.25,384.1256,381.835,382.88,354.55253067618617,52136931,0.0000,1.0
2021-01-25,383.67,384.77,378.46,384.39,355.9508129612912,70401971,0.0000,1.0
2021-01-26,385.41,385.85,383.54,383.79,355.3952041062826,42665281,0.0000,1.0
2021-01-27,380.22,380.32,372.01,374.41,346.7091856729807,123351078,0.0000,1.0
2021-01-28,376.36,381.93,375.89,377.63,349.69095319486047,94198104,0.0000,1.0
2021-01-29,375.63,376.67,368.27,370.07,342.69028162175147,126765121,0.0000,1.0
2021-02-01,373.72,377.34,370.376,376.23,348.3945325331736,75817597,0.0000,1.0
2021-02-02,379.65,383.22,376.3181,381.55,353.32093104758366,62923781,0.0000,1.0
2021-02-03,382.435,383.7,380.48,381.85,353.598735475088,52427090,0.0000,1.0
2021-02-04,382.96,386.24,381.9655,386.19,357.6176395263172,47142555,0.0000,1.0
2021-02-05,388.2,388.47,386.1444,387.71,359.02518195900575,48669773,0.0000,1.0
2021-02-08,389.27,390.56,388.35,390.51,361.61802328237945,38365185,0.0000,1.0
2021-02-09,389.61,390.89,389.17,390.25,361.37725944520906,34142633,0.0000,1.0
2021-02-10,392.12,392.28,387.5,390.08,361.21983693628994,58362935,0.0000,1.0
2021-02-11,391.24,391.69,388.1,390.71,361.803226234049,42913288,0.0000,1.0
2021-02-12,389.85,392.9,389.77,392.64,363.5904347176602,50593270,0.0000,1.0
2021-02-16,393.96,394.17,391.53,392.3,363.275589699822,50972366,0.0000,1.0
2021-02-17,390.42,392.66,389.33,392.39,363.35893102807324,51746878,0.0000,1.0
2021-02-18,389.59,391.515,387.74,390.72,361.81248638163254,59712773,0.0000,1.0
2021-02-19,392.07,392.38,389.55,390.03,361.1735361983725,83240971,0.0000,1.0
2021-02-22,387.06,389.62,386.74,387.03,358.3954919233293,66517089,0.0000,1.0
2021-02-23,384.66,388.945,380.2,387.5,358.8307188597527,107284127,0.0000,1.0
2021-02-24,386.33,392.23,385.27,391.77,362.7848018778976,72433946,0.0000,1.0
2021-02-25,390.41,391.88,380.7789,382.33,354.0432225590949,144712701,0.0000,1.0
2021-02-26,384.35,385.58,378.23,380.36,352.21897348514983,149530614,0.0000,1.0
2021-03-01,385.59,390.92,380.57199999999995,389.58,360.756829557116,105348798,0.0000,1.0
2021-03-02,389.82,390.07,386.0,386.54,357.9417446917389,79595332,0.0000,1.0
2021-03-03,385.79,386.83,381.31,381.42,353.20054912899843,119940211,0.0000,1.0
2021-03-04,381.22,384.0,371.88,376.7,348.82975946959704,183433020,0.0000,1.0
2021-03-05,380.46,384.76,372.64,383.63,355.24704174494696,152039624,0.0000,1.0
2021-03-08,384.66,387.68,381.42,381.72,353.4783535565028,123149245,0.0000,1.0
2021-03-09,385.85,389.91,381.7299,387.17,358.525133989498,113633556,0.0000,1.0
2021-03-10,389.69,391.4,388.1702,389.58,360.756829557116,109899410,0.0000,1.0
2021-03-11,392.23,395.65,391.74,393.53,364.41458785258965,86245040,0.0000,1.0
2021-03-12,392.07,394.21,391.2,394.06,364.905375674514,64653565,0.0000,1.0
2021-03-15,394.33,396.685,392.03,396.41,367.0815103566312,73592302,0.0000,1.0
2021-03-16,397.07,397.83,395.08,395.91,366.61850297745735,73722506,0.0000,1.0
2021-03-17,394.53,398.12,393.3,397.26,367.8686229012268,97959265,0.0000,1.0
2021-03-18,394.475,396.72,390.75,391.48,362.5162575979768,115349101,0.0000,1.0
2021-03-19,389.88,391.569,387.15,389.48,361.847478627321,113624490,1.2778,1.0
2021-03-22,390.03,394.07,389.97,392.59,364.73683278807624,73778646,0.0000,1.0
2021-03-23,391.91,393.46,388.66,389.5,361.86605968301717,90686552,0.0000,1.0
2021-03-24,391.0,392.75,387.47,387.52,360.0265351690958,97588644,0.0000,1.0
2021-03-25,385.98,390.55,383.9,389.7,362.0518702399789,116128622,0.0000,1.0
2021-03-26,390.93,396.41,390.29,395.98,367.886321728578,114409114,0.0000,1.0
2021-03-29,394.4,396.75,392.81,395.78,367.7005111716162,108107626,0.0000,1.0
2021-03-30,394.42,395.45,393.02,394.73,366.7250057475671,76262249,0.0000,1.0
2021-03-31,395.34,398.0,395.31,396.33,368.21149020326106,112734214,0.0000,1.0
2021-04-01,398.4,400.67,398.18,400.61,372.18783612224263,99682876,0.0000,1.0
2021-04-05,403.46,406.94,403.38,406.36,377.5298896348931,91684764,0.0000,1.0
2021-04-06,405.76,407.24,405.4,406.12,377.30691696653895,62020953,0.0000,1.0
2021-04-07,405.94,406.96,405.45,406.59,377.74357177539906,55836280,0.0000,1.0
2021-04-08,407.93,408.58,406.93,408.52,379.53664365008,57863114,0.0000,1.0
2021-04-09,408.39,411.67,408.26,411.49,382.29593042096207,61104559,0.0000,1.0
2021-04-12,410.85,411.93,410.2,411.64,382.4352883386834,56704899,0.0000,1.0
2021-04-13,411.53,413.529,411.12,412.86,383.5687327361501,56550988,0.0000,1.0
2021-04-14,412.83,413.96,410.87,411.45,382.2587683095697,61659907,0.0000,1.0
2021-04-15,413.74,416.16,413.69,415.87,386.3651816184245,60229842,0.0000,1.0
2021-04-16,417.25,417.91,415.73,417.26,387.65656498930866,82037278,0.0000,1.0
2021-04-19,416.26,416.74,413.79,415.21,385.7520067804507,78498496,0.0000,1.0
2021-04-20,413.91,415.0859,410.59,412.17,382.92768631463207,81851828,0.0000,1.0
2021-04-21,411.51,416.29,411.36,416.07,386.5509921753862,66792983,0.0000,1.0
2021-04-22,415.89,416.78,411.13,412.27,383.0205915931129,97582788,0.0000,1.0
2021-04-23,412.87,418.25,412.79,416.74,387.17345754120817,73276195,0.0000,1.0
2021-04-26,417.44,418.22,416.8111,417.61,387.98173346399176,52182392,0.0000,1.0
2021-04-27,417.93,418.14,416.3,417.52,387.89811871335894,51303056,0.0000,1.0
2021-04-28,417.81,419.01,416.9,417.4,387.7866323791819,51238854,0.0000,1.0
2021-04-29,420.32,420.72,416.44,420.06,390.25791278677326,78544329,0.0000,1.0
2021-04-30,417.63,418.54,416.34,417.3,387.69372710070104,85527030,0.0000,1.0
2021-05-03,419.43,419.84,417.665,418.2,388.52987460702894,68128289,0.0000,1.0
2021-05-04,416.07,416.6,411.67,415.62,386.1329184222223,101591166,0.0000,1.0
2021-05-05,417.38,417.63,415.15,415.75,386.25369528424744,39960661,0.0000,1.0
2021-05-06,415.83,419.21,413.675,419.07,389.3381505298126,74321368,0.0000,1.0
2021-05-07,419.89,422.815,419.16,422.12,392.17176152347935,67733790,0.0000,1.0
2021-05-10,422.5,422.74,417.81,417.94,388.28832088297867,81852446,0.0000,1.0
2021-05-11,413.1,415.27,410.06,414.21,384.8229539956419,116887975,0.0000,1.0
2021-05-12,411.23,412.59,404.0,405.41,376.64728948932475,134811046,0.0000,1.0
2021-05-13,407.07,412.35,407.02,410.28,381.17177655134344,106393963,0.0000,1.0
2021-05-14,413.21,417.49,413.18,416.58,387.0248090956387,82201629,0.0000,1.0
2021-05-17,415.39,416.39,413.36,415.52,386.0400131437414,65129221,0.0000,1.0
2021-05-18,415.8,416.06,411.77,411.94,382.71400417412605,59810238,0.0000,1.0
2021-05-19,406.92,411.05,405.33,410.86,381.71062716653256,106467052,0.0000,1.0
2021-05-20,411.8,416.625,411.67,415.28,385.81704047538733,78022218,0.0000,1.0
2021-05-21,416.87,418.2,414.45,414.94,385.50116252855236,76578662,0.0000,1.0
2021-05-24,417.34,420.32,417.08,419.17,389.4310558082935,51376702,0.0000,1.0
2021-05-25,420.33,420.71,417.62,418.24,388.5670367184213,57451396,0.0000,1.0
2021-05-26,418.87,419.61,417.76,419.07,389.3381505298126,43088618,0.0000,1.0
2021-05-27,420.17,420.72,418.9851,419.29,389.54254214247055,56707677,0.0000,1.0
2021-05-28,420.97,421.25,419.79,420.04,390.23933173107713,58520164,0.0000,1.0
2021-06-01,422.57,422.72,419.2,419.67,389.89558220069785,54216625,0.0000,1.0
2021-06-02,420.37,421.23,419.29,420.33,390.5087570386716,49097061,0.0000,1.0
2021-06-03,417.85,419.99,416.28,418.77,389.05943469436994,58138763,0.0000,1.0
2021-06-04,420.75,422.92,418.8422,422.6,392.6177068601876,55938789,0.0000,1.0
2021-06-07,422.59,422.78,421.19,422.19,392.2367952184159,51555032,0.0000,1.0
2021-06-08,423.11,423.21,420.32,422.28,392.32040996904874,47134279,0.0000,1.0
2021-06-09,423.18,423.26,421.41,421.65,391.7351067146192,48436342,0.0000,1.0
2021-06-10,422.96,424.63,421.55,423.61,393.55605017284444,51020147,0.0000,1.0
2021-06-11,424.2,424.43,422.82,424.31,394.2063871222106,45570828,0.0000,1.0
2021-06-14,424.43,425.37,423.1,425.26,395.08898726777886,42358478,0.0000,1.0
2021-06-15,425.42,425.46,423.54,424.48,394.36432609562803,51508508,0.0000,1.0
2021-06-16,424.63,424.87,419.92,422.11,392.1624709956313,79250069,0.0000,1.0
2021-06-17,421.67,423.02,419.32,421.97,392.032403605758,90949659,0.0000,1.0
2021-06-18,417.09,417.8281,414.7,414.92,386.76084197315504,118676302,1.3759,1.0
2021-06-21,416.8,421.06,415.93,420.86,392.2977151085077,72822028,0.0000,1.0
2021-06-22,420.85,424.0,420.08,423.11,394.39501553856553,57700303,0.0000,1.0
2021-06-23,423.19,424.05,422.51,422.6,393.91962744108577,49445414,0.0000,1.0
2021-06-24,424.89,425.55,424.62,425.1,396.24996125226113,45110288,0.0000,1.0
2021-06-25,425.9,427.0943,425.55,426.61,397.6574828742111,58129525,0.0000,1.0
2021-06-28,427.17,427.65,425.89,427.47,398.45911770525544,53159581,0.0000,1.0
2021-06-29,427.88,428.56,427.13,427.7,398.67350841588353,35970515,0.0000,1.0
2021-06-30,427.21,428.78,427.18,428.06,399.0090764846928,64827858,0.0000,1.0
2021-07-01,428.87,430.6,428.8,430.43,401.21823293768705,53441027,0.0000,1.0
2021-07-02,431.67,434.1,430.5218,433.72,404.28495223319385,57697668,0.0000,1.0
2021-07-06,433.78,434.01,430.01,432.93,403.5485667488624,68710419,0.0000,1.0
2021-07-07,433.66,434.76,431.51,434.46,404.9747310413017,63549456,0.0000,1.0
2021-07-08,428.78,431.73,427.52,430.92,401.67497836467743,97595232,0.0000,1.0
2021-07-09,432.53,435.84,430.714,435.52,405.96279257724007,76238584,0.0000,1.0
2021-07-12,435.43,437.35,434.97,437.08,407.41692087541355,52889585,0.0000,1.0
2021-07-13,436.24,437.84,435.31,435.59,406.02804192395297,52911312,0.0000,1.0
2021-07-14,437.4,437.92,434.91,436.24,406.6339287148586,64130352,0.0000,1.0
2021-07-15,434.81,435.53,432.72,434.75,405.2450497633981,55126358,0.0000,1.0
2021-07-16,436.01,436.06,430.92,431.34,402.06647444495485,75874662,0.0000,1.0
2021-07-19,426.19,431.4089,421.97,424.97,396.12878389408,147987000,0.0000,1.0
2021-07-20,425.68,432.42,424.83,431.06,401.80547705810324,99608174,0.0000,1.0
2021-07-21,432.34,434.7,431.0111,434.55,405.05862305850405,64724389,0.0000,1.0
2021-07-22,434.74,435.72,433.69,435.46,405.90686456577185,47878539,0.0000,1.0
2021-07-23,437.52,440.3,436.79,439.94,410.0828227553982,63766637,0.0000,1.0
2021-07-26,439.31,441.03,439.26,441.02,411.0895269618259,43719187,0.0000,1.0
2021-07-27,439.91,439.94,435.99,439.01,409.21593857764094,67397137,0.0000,1.0
2021-07-28,439.68,440.3,437.31,438.83,409.0481545432363,52472360,0.0000,1.0
2021-07-29,439.815,441.8,439.81,440.65,410.74463755777197,45910298,0.0000,1.0
2021-07-30,437.91,440.06,437.77,438.51,408.74987181540587,68951202,0.0000,1.0
2021-08-02,440.34,440.93,437.21,437.59,407.8923089728933,58783297,0.0000,1.0
2021-08-03,438.44,441.28,436.1,441.15,411.21070432000704,58053896,0.0000,1.0
2021-08-04,439.78,441.1243,438.73,438.98,409.18797457190686,46732212,0.0000,1.0
2021-08-05,440.22,441.85,439.88,441.76,411.77930576993384,38969659,0.0000,1.0
2021-08-06,442.1,442.94,441.8,442.49,412.45976324279707,46930008,0.0000,1.0
2021-08-09,442.46,442.795,441.31,442.13,412.1241951739878,41222585,0.0000,1.0
2021-08-10,442.61,443.44,441.88,442.68,412.6368686124464,43339275,0.0000,1.0
2021-08-11,443.82,443.88199999999995,442.62,443.78,413.6622154893635,44034340,0.0000,1.0
2021-08-12,443.62,445.2572,442.66,445.11,414.90195307690885,38942418,0.0000,1.0
2021-08-13,445.59,445.94,445.07,445.92,415.6569812317297,38673164,0.0000,1.0
2021-08-16,444.53,447.11,442.87,446.97,416.63572143242334,73930864,0.0000,1.0
2021-08-17,444.24,444.96,440.85,444.04,413.9045702057258,92673933,0.0000,1.0
2021-08-18,442.96,444.625,438.92,439.18,409.3744012768009,89351931,0.0000,1.0
2021-08-19,436.27,441.14,436.12,439.86,410.0082520734406,92812246,0.0000,1.0
2021-08-20,440.23,443.71,439.71,443.36,413.2707194090861,72008712,0.0000,1.0
2021-08-23,445.16,448.23,443.4355,447.26,416.90604015451964,54973038,0.0000,1.0
2021-08-24,447.97,448.54,447.42,447.97,417.5678549568935,38744714,0.0000,1.0
2021-08-25,448.17,449.457,447.77,448.91,418.4440604698955,40529711,0.0000,1.0
2021-08-26,448.61,448.86,446.16,446.26,415.9739066300495,57829572,0.0000,1.0
2021-08-27,447.12,450.65,447.06,450.25,419.69311939268545,77235113,0.0000,1.0
2021-08-30,450.97,453.07,450.71,452.23,421.53874377113635,48357355,0.0000,1.0
2021-08-31,452.13,452.49,450.92,451.56,420.91421430974134,59300213,0.0000,1.0
2021-09-01,452.56,453.11,451.545,451.8,421.1379263556142,48721378,0.0000,1.0
2021-09-02,453.32,454.05,451.91,453.19,422.4335919546277,42830867,0.0000,1.0
2021-09-03,451.98,453.63,451.55,453.08,422.33105726693594,47234364,0.0000,1.0
2021-09-07,452.71,452.81,450.7423,451.46,420.8210009572943,51671534,0.0000,1.0
2021-09-08,450.89,451.67,448.86,450.91,420.30832751883577,56181907,0.0000,1.0
2021-09-09,450.7,452.57,448.72,448.98,418.5093098166084,57970407,0.0000,1.0
2021-09-10,451.04,451.49,445.31,445.44,415.209557139984,89948174,0.0000,1.0
2021-09-13,448.64,448.92,444.11,446.58,416.27218935787994,83738649,0.0000,1.0
2021-09-14,448.12,448.34,443.22,444.17,414.0257475639069,78197140,0.0000,1.0
2021-09-15,444.62,448.41,443.44,447.88,417.48396293969114,78792222,0.0000,1.0
2021-09-16,447.32,448.36,444.02,447.17,416.82214813731736,77786735,0.0000,1.0
2021-09-17,444.92,445.37,441.02,441.4,412.7749334336903,118425037,1.4281,1.0
2021-09-20,434.88,436.56,428.86,434.04,405.8922340452174,166445534,0.0000,1.0
2021-09-21,436.53,437.91,433.07,433.63,405.5088228021095,92526112,0.0000,1.0
2021-09-22,436.05,440.03,433.74699999999996,437.86,409.4645046517346,102350143,0.0000,1.0
2021-09-23,439.85,444.89,439.6,443.18,414.4394993184025,76395981,0.0000,1.0
2021-09-24,441.44,444.67,441.21,443.91,415.12215836100927,62094837,0.0000,1.0
2021-09-27,442.81,444.05,441.9,442.64,413.93451865674825,61371108,0.0000,1.0
2021-09-28,439.69,440.04,432.94,433.72,405.5929862457186,130436306,0.0000,1.0
2021-09-29,435.19,437.04,433.85,434.45,406.2756452883252,82329213,0.0000,1.0
2021-09-30,436.02,436.77,428.78,429.14,401.3100021153916,140505979,0.0000,1.0
2021-10-01,430.98,436.0329,427.23,434.24,406.0792639199041,129240106,0.0000,1.0
2021-10-04,433.0,433.96,426.36,428.64,400.8424274286747,128569957,0.0000,1.0
2021-10-05,430.24,435.49,429.39,433.1,405.0131936341896,90682520,0.0000,1.0
2021-10-06,429.27,435.1199,427.54,434.9,406.69646250637044,113032245,0.0000,1.0
2021-10-07,438.39,441.68,438.2,438.66,410.21262415048164,72437499,0.0000,1.0
2021-10-08,439.48,439.89,437.19,437.86,409.4645046517346,74557404,0.0000,1.0
2021-10-11,437.16,440.26,434.62,434.69,406.50008113794934,65233285,0.0000,1.0
2021-10-12,435.67,436.1,432.78,433.62,405.4994713083752,71181163,0.0000,1.0
2021-10-13,434.71,436.05,431.54,435.18,406.9583043309319,72973979,0.0000,1.0
2021-10-14,439.08,442.66,438.58,442.5,413.80359774446754,70236825,0.0000,1.0
2021-10-15,444.75,446.26,444.09,445.87,416.9550511329395,66260210,0.0000,1.0
2021-10-18,443.97,447.55,443.27,447.19,418.1894483058722,62213228,0.0000,1.0
2021-10-19,448.92,450.71,448.27,450.64,421.41571364421884,46996827,0.0000,1.0
2021-10-20,451.13,452.73199999999997,451.01,452.41,423.07092803519674,49571569,0.0000,1.0
2021-10-21,451.77,453.829,451.31,453.59,424.1744042958486,41305438,0.0000,1.0
2021-10-22,453.13,454.67,451.05,453.12,423.73488409033473,58845088,0.0000,1.0
2021-10-25,454.28,455.9,452.39,455.55,426.00729706777895,45214507,0.0000,1.0
2021-10-26,457.2,458.49,455.56,455.96,426.3907083108868,56075116,0.0000,1.0
2021-10-27,456.45,457.16,453.86,453.94,424.5017065765505,72437997,0.0000,1.0
2021-10-28,455.46,458.4,455.45,458.32,428.5976608321906,51437944,0.0000,1.0
2021-10-29,455.87,459.56,455.56,459.25,429.4673497494841,70162424,0.0000,1.0
2021-11-01,460.3,460.7021,458.2,460.04,430.20611775449686,47474495,0.0000,1.0
2021-11-02,460.22,462.23,460.08,461.9,431.9454955890837,47840033,0.0000,1.0
2021-11-03,461.3,465.15,460.83,464.72,434.58261682216715,52509825,0.0000,1.0
2021-11-04,465.36,467.0,464.99,466.91,436.6305939499872,52847087,0.0000,1.0
2021-11-05,469.28,470.65,466.92,468.53,438.14553593495,66390563,0.0000,1.0
2021-11-08,469.7,470.23,468.2031,468.93,438.5195956843235,50405194,0.0000,1.0
2021-11-09,469.32,469.57,465.88,467.38,437.0701141555011,50232447,0.0000,1.0
2021-11-10,465.58,467.38,462.04,463.62,433.5539525113899,69429653,0.0000,1.0
2021-11-11,465.21,465.29,463.75,463.77,433.694224917405,34848495,0.0000,1.0
2021-11-12,465.12,467.86,464.11,467.27,436.9672477244234,51018081,0.0000,1.0
2021-11-15,468.64,468.81,466.23,467.43,437.1168716241728,46980500,0.0000,1.0
2021-11-16,467.15,470.485,467.07,469.28,438.84689796502533,48857502,0.0000,1.0
2021-11-17,469.0,469.19,467.48,468.14,437.7808276793108,47858289,0.0000,1.0
2021-11-18,469.24,470.01,466.34,469.73,439.2677151830706,50625607,0.0000,1.0
2021-11-19,469.61,470.94,468.5,468.89,438.48218970938615,57315573,0.0000,1.0
2021-11-22,470.89,473.54,467.35,467.57,437.2477925364535,72761954,0.0000,1.0
2021-11-23,467.22,469.095,464.45,468.19,437.8275851479825,73206538,0.0000,1.0
2021-11-24,466.06,469.57,465.19,469.44,438.99652186477476,61858813,0.0000,1.0
2021-11-26,462.34,463.9,457.77,458.97,429.20550792492264,112669636,0.0000,1.0
2021-11-29,464.07,466.56,461.73,464.6,434.4703988973551,86268818,0.0000,1.0
2021-11-30,462.0,464.03,455.3,455.56,426.0166485615133,148559598,0.0000,1.0
2021-12-01,461.64,464.67,450.29,450.5,421.2847927319381,132485835,0.0000,1.0
2021-12-02,450.73,459.07,450.31,457.4,427.7373234086315,127637758,0.0000,1.0
2021-12-03,459.17,460.3,448.92,453.42,424.01542890236493,137331647,0.0000,1.0
2021-12-06,456.13,460.79,453.56,458.79,429.03718103770456,98977532,0.0000,1.0
2021-12-07,464.41,468.88,458.6546,468.28,437.9117485915915,95484688,0.0000,1.0
2021-12-08,468.7,470.0,466.83,469.52,439.07133381464945,72238777,0.0000,1.0
2021-12-09,468.15,469.6291,466.14,466.35,436.1069103008643,61272568,0.0000,1.0
2021-12-10,469.23,470.9,466.51,470.74,440.21221605023874,77159757,0.0000,1.0
2021-12-13,470.19,470.56,466.27,466.57,436.3126431630197,87724680,0.0000,1.0
2021-12-14,463.09,465.74,460.25,463.36,433.31081367429715,97264128,0.0000,1.0
2021-12-15,463.42,470.86,460.74,470.6,440.081295137958,116899251,0.0000,1.0
2021-12-16,472.57,472.87,464.8,466.45,436.20042523820763,116568626,0.0000,1.0
2021-12-17,461.55,464.74,458.06,459.87,431.5774497853308,135636510,1.6364,1.0
2021-12-20,454.48,455.4,451.14,454.98,426.98829691723705,107134822,0.0000,1.0
2021-12-21,458.61,463.21,456.31,463.06,434.57119163588686,69806260,0.0000,1.0
2021-12-22,462.79,467.81,462.58,467.69,438.9163404660042,58890223,0.0000,1.0
2021-12-23,468.75,472.19,468.64,470.6,441.6473087372011,56439745,0.0000,1.0
2021-12-27,472.06,477.31,472.01,477.26,447.8975660176723,56808619,0.0000,1.0
2021-12-28,477.72,478.81,476.06,476.87,447.5315599607078,47274585,0.0000,1.0
2021-12-29,476.98,478.56,475.92,477.48,448.1040309728831,54502964,0.0000,1.0
2021-12-30,477.93,479.0,475.67,476.16,446.86524124161855,55329041,0.0000,1.0
2021-12-31,475.64,476.86,474.67,474.96,445.7390687586507,63617437,0.0000,1.0
2022-01-03,476.3,477.85,473.85,477.71,448.31988069878525,72668233,0.0000,1.0
2022-01-04,479.22,479.98,475.58,477.55,448.1697243677229,71178678,0.0000,1.0
2022-01-05,477.16,477.98,468.2801,468.38,439.5638896437107,104538940,0.0000,1.0
2022-01-06,467.89,470.82,465.43,467.94,439.1509597332892,86858900,0.0000,1.0
2022-01-07,467.95,469.2,464.65,466.09,437.4147771553805,85111593,0.0000,1.0
2022-01-10,462.7,465.74,456.5973,465.51,436.8704604552794,119361989,0.0000,1.0
2022-01-11,465.23,469.85,462.05,469.75,440.8496032284323,73332978,0.0000,1.0
2022-01-12,471.59,473.2,468.94,471.02,442.04146910623984,67605444,0.0000,1.0
2022-01-13,472.19,472.88,463.44,464.53,435.95075292752233,91173121,0.0000,1.0
2022-01-14,461.19,465.09,459.9,464.72,436.12906357065896,95890948,0.0000,1.0
2022-01-18,459.74,459.96,455.31,456.49,428.4053972916382,107848237,0.0000,1.0
2022-01-19,458.13,459.6124,451.46,451.75,423.9570159839154,104945382,0.0000,1.0
2022-01-20,453.75,458.74,444.5,446.75,419.2646306382163,122379696,0.0000,1.0
2022-01-21,445.56,448.06,437.95,437.98,411.0341867418601,202271241,0.0000,1.0
2022-01-24,432.03,440.38,420.76,439.84,412.77975409046013,252496719,0.0000,1.0
2022-01-25,433.06,439.72,427.15,434.47,407.7401322291793,167997325,0.0000,1.0
2022-01-26,440.72,444.04,428.86,433.38,406.7171922238169,186391088,0.0000,1.0
2022-01-27,438.26,441.59,429.45,431.24,404.70885129585764,149878307,0.0000,1.0
2022-01-28,432.68,442.0,427.82,441.95,414.75994070634516,164457370,0.0000,1.0
2022-01-31,441.24,450.28,439.81,449.91,422.2302181766982,152251425,0.0000,1.0
2022-02-01,450.68,453.63,446.9384,452.95,425.0831884668832,123155382,0.0000,1.0
2022-02-02,455.5,458.12,453.05,457.35,429.21248757109845,117360953,0.0000,1.0
2022-02-03,450.95,452.97,445.71,446.6,419.12385907784534,118024442,0.0000,1.0
2022-02-04,446.35,452.78,443.83,448.7,421.09466092303893,118454352,0.0000,1.0
2022-02-07,449.51,450.99,445.85,447.26,419.7432539434776,84472859,0.0000,1.0
2022-02-08,446.73,451.92,445.22,450.94,423.1968495579122,81012036,0.0000,1.0
2022-02-09,455.22,457.88,455.005,457.54,429.390798214235,92589929,0.0000,1.0
2022-02-10,451.34,457.71,447.2,449.32,421.67651670590567,140103712,0.0000,1.0
2022-02-11,449.41,451.605,438.94,440.46,413.3616098733268,153214597,0.0000,1.0
2022-02-14,439.92,441.6,435.34,439.02,412.01020289376544,123006262,0.0000,1.0
2022-02-15,443.73,446.28,443.18,446.1,418.6546205432754,88659503,0.0000,1.0
2022-02-16,443.93,448.055,441.94,446.6,419.12385907784534,84863585,0.0000,1.0
2022-02-17,443.22,446.5652,436.42,437.06,410.17078783825144,102259108,0.0000,1.0
2022-02-18,437.33,438.66,431.82,434.23,407.5148977325857,132642896,0.0000,1.0
2022-02-22,431.89,435.5,425.86,429.57,403.1415945903941,122145129,0.0000,1.0
2022-02-23,432.66,433.26,421.35,421.95,395.9903993235487,132578005,0.0000,1.0
2022-02-24,411.02,428.76,410.64,428.3,401.9497287125866,213942946,0.0000,1.0
2022-02-25,429.61,437.84,427.86,437.75,410.8183370159579,121804459,0.0000,1.0
2022-02-28,432.03,438.2,430.7,436.63,409.7672426985213,145615029,0.0000,1.0
2022-03-01,435.04,437.17,427.11,429.98,403.5263701887415,137785908,0.0000,1.0
2022-03-02,432.37,439.72,431.57,437.89,410.94972380563746,117726525,0.0000,1.0
2022-03-03,440.47,441.11,433.8,435.71,408.90384379491263,105501715,0.0000,1.0
2022-03-04,431.75,433.37,427.88,432.17,405.5816349701577,114083256,0.0000,1.0
2022-03-07,431.55,432.3018,419.36,419.43,393.62543710931635,137896560,0.0000,1.0
2022-03-08,419.62,427.21,415.12,416.25,390.6410800294517,164772744,0.0000,1.0
2022-03-09,425.14,429.51,422.82,427.41,401.11448412105216,116990765,0.0000,1.0
2022-03-10,422.52,426.43,420.44,425.48,399.30322337761226,93972655,0.0000,1.0
2022-03-11,428.12,428.77,419.53,420.07,394.2260624335658,95636277,0.0000,1.0
2022-03-14,420.89,424.55,415.79,417.0,391.34493783130654,95729188,0.0000,1.0
2022-03-15,419.77,426.84,418.42,426.17,399.95077255531874,106219117,0.0000,1.0
2022-03-16,429.89,435.68,424.8,435.62,408.81938085869007,144954805,0.0000,1.0
2022-03-17,433.59,441.07,433.19,441.07,413.9340808855021,102676870,0.0000,1.0
2022-03-18,438.0,444.86,437.22,444.52,418.4537948967731,102665985,1.3660,1.0
2022-03-21,444.34,446.46,440.68,444.39,418.331417965844,87350111,0.0000,1.0
2022-03-22,445.86,450.58,445.86,449.59,423.226495203006,73464881,0.0000,1.0
2022-03-23,446.91,448.49,443.71,443.8,417.7760149716276,79426098,0.0000,1.0
2022-03-24,445.94,450.5,444.76,450.49,424.0737201094379,64736892,0.0000,1.0
2022-03-25,451.16,452.98,448.43,452.69,426.1447143251602,76123606,0.0000,1.0
2022-03-28,452.06,455.91,450.06,455.91,429.17589676817204,68529767,0.0000,1.0
2022-03-29,460.02,462.07,457.18,461.55,434.48517284847844,86581542,0.0000,1.0
2022-03-30,460.34,461.195,456.465,458.7,431.8022939781108,79666942,0.0000,1.0
2022-03-31,457.89,458.76,451.16,451.64,425.15628526765636,121699948,0.0000,1.0
2022-04-01,453.31,453.46,449.14,452.92,426.3612273568039,89048773,0.0000,1.0
2022-04-04,453.13,456.91,452.26,456.8,430.0137080645324,59601000,0.0000,1.0
2022-04-05,455.22,457.83,449.82,451.03,424.5820550532969,72741037,0.0000,1.0
2022-04-06,446.89,448.93,443.47,446.52,420.33651691106616,106897970,0.0000,1.0
2022-04-07,445.59,450.69,443.53,448.77,422.45457917714583,78097214,0.0000,1.0
2022-04-08,447.97,450.63,445.94,447.57,421.32494596857,79272711,0.0000,1.0
2022-04-11,444.11,445.0,439.39,439.92,414.1235342638991,89770538,0.0000,1.0
2022-04-12,443.08,445.75,436.6501,438.29,412.5891158222503,84363635,0.0000,1.0
2022-04-13,438.03,444.11,437.84,443.31,417.31474807812583,74070394,0.0000,1.0
2022-04-14,443.55,444.7301,437.68,437.79,412.11843531867703,97869451,0.0000,1.0
2022-04-18,436.81,439.75,435.61,437.97,412.2878802999634,66002498,0.0000,1.0
2022-04-19,437.86,445.8,437.68,445.04,418.9433026204893,77821013,0.0000,1.0
2022-04-20,446.92,447.57,443.48,444.71,418.6326534881309,64140001,0.0000,1.0
2022-04-21,448.54,450.01,437.1,438.06,412.37260279060655,85417327,0.0000,1.0
2022-04-22,436.91,438.0825,425.44,426.04,401.05744348470535,132471772,0.0000,1.0
2022-04-25,423.67,428.69,418.84,428.51,403.3826051723572,119647748,0.0000,1.0
2022-04-26,425.83,426.04,416.07,416.1,391.7003150736689,100647304,0.0000,1.0
2022-04-27,417.24,422.92,415.01,417.27,392.8017074520303,122029990,0.0000,1.0
2022-04-28,422.29,429.64,417.6,427.81,402.72365246735467,105449088,0.0000,1.0
2022-04-29,423.59,425.87,411.21,412.0,387.84073494436814,145491088,0.0000,1.0
2022-05-02,412.07,415.92,405.02,414.48,390.17531024209154,158312526,0.0000,1.0
2022-05-03,415.01,418.93,413.36,416.38,391.9638961556699,100028190,0.0000,1.0
2022-05-04,417.08,429.66,413.7099,429.06,403.90035372628785,141106960,0.0000,1.0
2022-05-05,424.55,425.0,409.44,413.81,389.54459836730337,172929106,0.0000,1.0
2022-05-06,411.1,414.8,405.73,411.34,387.2194366796514,151770811,0.0000,1.0
2022-05-09,405.1,406.41,396.5,398.17,374.8217122155317,155586067,0.0000,1.0
2022-05-10,404.49,406.08,394.82,399.09,375.68776434210645,132497200,0.0000,1.0
2022-05-11,398.07,404.04,391.96,392.75,369.71953555679755,142360992,0.0000,1.0
2022-05-12,389.37,395.8,385.15,392.34,369.3335775438674,125090753,0.0000,1.0
2022-05-13,396.71,403.18,395.61,401.72,378.1635437909019,104174421,0.0000,1.0
2022-05-16,399.98,403.97,397.6,400.09,376.629125349253,78622444,0.0000,1.0
2022-05-17,406.53,408.57,402.5824,408.32,384.37652643806894,83029710,0.0000,1.0
2022-05-18,403.5,403.8,390.55,391.86,368.8817242604371,117674545,0.0000,1.0
2022-05-19,388.62,394.14,387.11,389.46,366.6224578432854,98510715,0.0000,1.0
2022-05-20,393.25,397.03,380.54,389.63,366.78248921450034,131432197,0.0000,1.0
2022-05-23,392.83,397.73,390.38,396.92,373.6450109565985,76414878,0.0000,1.0
2022-05-24,392.56,395.15,386.96,393.89,370.79268710494455,91448831,0.0000,1.0
2022-05-25,392.31,399.45,391.89,397.37,374.06862340981445,91472866,0.0000,1.0
2022-05-26,398.67,407.04,398.45,405.31,381.54302980655785,82168339,0.0000,1.0
2022-05-27,407.91,415.3801,407.7,415.26,390.9095718276658,84768710,0.0000,1.0
2022-05-31,413.55,416.46,410.03,412.93,388.7162006810144,95936980,0.0000,1.0
2022-06-01,415.17,416.24,406.93,409.59,385.57205491714495,86585813,0.0000,1.0
2022-06-02,409.42,417.44,407.04,417.39,392.91467077288786,79609633,0.0000,1.0
2022-06-03,412.4,414.04,409.51,410.54,386.46634787393424,71874281,0.0000,1.0
2022-06-06,414.78,416.60900000000004,410.5523,411.79,387.64304913286736,57508858,0.0000,1.0
2022-06-07,408.1,416.22,407.61,415.74,391.36142511109614,59272373,0.0000,1.0
2022-06-08,413.93,415.82,410.38,411.22,387.10647335879383,64349966,0.0000,1.0
2022-06-09,409.34,411.74,401.44,401.44,377.89996270890083,86289796,0.0000,1.0
2022-06-10,394.88,395.7777,389.75,389.8,366.9425205857153,132893864,0.0000,1.0
2022-06-13,379.85,381.81,373.3,375.0,353.0103776799467,170004861,0.0000,1.0
2022-06-14,376.85,377.94,370.59,373.87,351.94663974187114,104011831,0.0000,1.0
2022-06-15,377.36,383.9,372.12,379.2,356.9640939099621,125666797,0.0000,1.0
2022-06-16,370.51,370.94,364.0799,366.65,345.15001327027323,134473288,0.0000,1.0
2022-06-17,365.51,369.38,362.17,365.86,345.89074294732757,111113904,1.5769,1.0
2022-06-21,371.89,376.525,371.81,375.07,354.59804558370456,76811861,0.0000,1.0
2022-06-22,370.62,378.72,370.18,374.39,353.95516113281025,90059424,0.0000,1.0
2022-06-23,376.64,378.83,372.89,378.06,357.4248463310191,79292135,0.0000,1.0
2022-06-24,381.4,390.09,381.365,390.08,368.7887744188857,98050333,0.0000,1.0
2022-06-27,391.05,391.36,387.44,388.59,367.3801011367791,66009617,0.0000,1.0
2022-06-28,390.23,393.16,380.53,380.65,359.8734797542782,86689824,0.0000,1.0
2022-06-29,381.23,382.27,378.42,380.34,359.5804000781352,65675999,0.0000,1.0
2022-06-30,376.24,380.6582,372.56,377.25,356.6590574998068,112508273,0.0000,1.0
2022-07-01,376.56,381.7,373.8,381.24,360.43127655726005,74839729,0.0000,1.0
2022-07-05,375.88,381.98,372.9,381.96,361.11197774055984,81437965,0.0000,1.0
2022-07-06,382.11,385.87,379.6,383.25,362.3315673606387,70426244,0.0000,1.0
2022-07-07,385.12,389.83,383.267,388.99,367.7582684608346,64525919,0.0000,1.0
2022-07-08,387.27,390.64,385.66,388.67,367.4557346015902,72397765,0.0000,1.0
2022-07-11,385.85,386.87,383.5,384.23,363.2580773045746,58366945,0.0000,1.0
2022-07-12,383.65,386.16,378.99,380.83,360.04365505010315,62219178,0.0000,1.0
2022-07-13,375.1,381.92,374.658,378.83,358.15281842982586,84224649,0.0000,1.0
2022-07-14,373.61,379.0498,371.04,377.91,357.28303358449836,89704819,0.0000,1.0
2022-07-15,382.55,385.25,380.54,385.13,364.1089537836994,79060383,0.0000,1.0
2022-07-18,388.38,389.09,380.66,381.95,361.1025235574585,63203626,0.0000,1.0
2022-07-19,386.08,392.87,385.39,392.27,370.85924051808934,78505972,0.0000,1.0
2022-07-20,392.47,396.26,391.03,394.77,373.222786293436,71843769,0.0000,1.0
2022-07-21,394.16,398.84,391.63,398.79,377.0233679001934,64903856,0.0000,1.0
2022-07-22,398.92,400.18,392.75,395.09,373.52532015268037,72197332,0.0000,1.0
2022-07-25,395.75,396.47,393.21,395.57,373.9791209415469,53631485,0.0000,1.0
2022-07-26,393.84,394.06,389.95,390.89,369.554563250098,52946393,0.0000,1.0
2022-07-27,394.36,402.88,394.05,401.04,379.1505590980054,82342106,0.0000,1.0
2022-07-28,401.89,406.8,398.15,406.07,383.90601319800277,73966563,0.0000,1.0
2022-07-29,407.58,413.03,406.77,411.99,389.5028895940236,87003672,0.0000,1.0
2022-08-01,409.15,413.41,408.4,410.77,388.34947925565444,69997471,0.0000,1.0
2022-08-02,409.12,413.0,406.82,408.06,385.7873956351787,63435418,0.0000,1.0
2022-08-03,410.3,415.68,410.0,414.45,391.8286186369647,67820555,0.0000,1.0
2022-08-04,414.37,415.09,412.44,414.17,391.5639015101259,45656574,0.0000,1.0
2022-08-05,409.66,414.15,409.6,413.47,390.9021086930288,56814929,0.0000,1.0
2022-08-08,415.25,417.62,411.83,412.99,390.4483079041623,54025965,0.0000,1.0
2022-08-09,412.22,412.75,410.22,411.35,388.8978218755349,44931772,0.0000,1.0
2022-08-10,418.78,420.14,416.72,419.99,397.06623607513285,68665712,0.0000,1.0
2022-08-11,422.99,424.95,419.21,419.99,397.06623607513285,59489704,0.0000,1.0
2022-08-12,422.03,427.21,421.03,427.1,403.78816026021866,61694542,0.0000,1.0
2022-08-15,424.765,429.41,424.71,428.86,405.4520964860627,54048280,0.0000,1.0
2022-08-16,427.73,431.73,426.88,429.7,406.24624786657915,59289039,0.0000,1.0
2022-08-17,425.91,429.5,424.54,426.65,403.36272202065624,63563394,0.0000,1.0
2022-08-18,426.86,428.61,425.5,427.89,404.53504072522816,49023206,0.0000,1.0
2022-08-19,424.98,425.26,421.22,422.14,399.0988854419309,68016902,0.0000,1.0
2022-08-22,417.05,417.23,412.4,413.35,390.7886584958122,77695640,0.0000,1.0
2022-08-23,412.9,415.42,411.77,412.35,389.84324018567355,49105249,0.0000,1.0
2022-08-24,412.11,415.1101,411.39,413.67,391.09119235505653,49177804,0.0000,1.0
2022-08-25,415.24,419.56,414.09,419.51,396.61243528626625,50942252,0.0000,1.0
2022-08-26,419.39,419.96,405.25,405.31,383.1874952822974,103086976,0.0000,1.0
2022-08-29,402.2,405.84,401.1999,402.63,380.65377421112584,64289165,0.0000,1.0
2022-08-30,403.85,404.1,396.0,398.21,376.47502528031293,85652443,0.0000,1.0
2022-08-31,399.93,401.24,395.04,395.18,373.61040780059284,76029671,0.0000,1.0
2022-09-01,392.89,396.78,390.04,396.42,374.7827265051648,78740084,0.0000,1.0
2022-09-02,400.28,401.555,390.33,392.24,370.8308779687852,99632149,0.0000,1.0
2022-09-06,393.13,394.12,388.42,390.76,369.43165886978,74798116,0.0000,1.0
2022-09-07,390.43,398.59,390.2,397.78,376.06849540695333,70964232,0.0000,1.0
2022-09-08,395.39,400.86,394.12,400.38,378.5265830133138,80821681,0.0000,1.0
2022-09-09,402.74,407.51,402.46,406.6,384.4070849023763,76706918,0.0000,1.0
2022-09-12,408.78,411.73,408.46,410.97,388.5385629176822,69256262,0.0000,1.0
2022-09-13,401.83,403.1,391.92,393.1,371.6439377155045,122947081,0.0000,1.0
2022-09-14,394.47,396.2,391.12,394.6,373.06206518071247,85023747,0.0000,1.0
2022-09-15,392.96,395.96,388.78,390.12,368.82659115129127,87633840,0.0000,1.0
2022-09-16,384.14,386.25,382.11,385.56,366.02474755652776,103084819,1.5964,1.0
2022-09-19,382.26,388.55,382.1784,388.55,368.8632525757051,73278490,0.0000,1.0
2022-09-20,385.06,386.12,381.195,384.09,364.6292283664974,77274882,0.0000,1.0
2022-09-21,386.11,389.31,377.38,377.39,358.26869872486253,106746554,0.0000,1.0
2022-09-22,376.58,377.66,373.44,374.22,355.2593138048652,87465927,0.0000,1.0
2022-09-23,370.58,370.62,363.29,367.95,349.3069972596337,122346933,0.0000,1.0
2022-09-26,366.41,370.21,363.0299,364.31,345.85142593193956,92581244,0.0000,1.0
2022-09-27,368.02,370.4,360.87,363.38,344.96854644436934,108294074,0.0000,1.0
2022-09-28,364.38,372.3,362.6,370.53,351.7562758380543,110802217,0.0000,1.0
2022-09-29,366.81,367.11,359.7,362.79,344.40844010279255,112952315,0.0000,1.0
2022-09-30,361.8,365.91,357.04,357.18,339.0826831939013,153711243,0.0000,1.0
2022-10-03,361.08,368.55,359.21,366.61,348.03489133130677,89756479,0.0000,1.0
2022-10-04,372.4,378.0,366.5677,377.97,358.819311738616,103602775,0.0000,1.0
2022-10-05,373.39,379.46,370.95,377.09,357.98389889016244,88065669,0.0000,1.0
2022-10-06,375.62,378.72,372.68,373.2,354.2909943668849,82333543,0.0000,1.0
2022-10-07,368.97,373.2933,360.94,362.79,344.40844010279255,107789498,0.0000,1.0
2022-10-10,363.96,364.21,357.67,360.02,341.7787882957286,76042765,0.0000,1.0
2022-10-11,358.235,363.03,355.71,357.74,339.6143095520081,92482785,0.0000,1.0
2022-10-12,358.17,359.8179,356.3,356.56,338.49409686885446,76991799,0.0000,1.0
2022-10-13,349.205,367.51,348.11,365.97,347.4273183506133,147254518,0.0000,1.0
2022-10-14,368.55,370.26,356.96,357.63,339.5098829459514,123737013,0.0000,1.0
2022-10-17,364.01,367.9799,357.2808,366.82,348.23425121559677,93168231,0.0000,1.0
2022-10-18,375.13,375.45,367.52,371.13,352.32587550745444,97162850,0.0000,1.0
2022-10-19,368.99,371.85,365.55,368.5,349.8291302899172,79746863,0.0000,1.0
2022-10-20,368.03,372.67,364.61,365.41,346.8956919925065,88283087,0.0000,1.0
2022-10-21,365.12,374.8,363.54,374.29,355.32576709962854,131038379,0.0000,1.0
2022-10-24,375.89,380.06,373.11,378.87,359.6737112427162,85436907,0.0000,1.0
2022-10-25,378.79,385.25,378.671,384.92,365.4171745758343,78846348,0.0000,1.0
2022-10-26,381.62,387.58,381.35,382.02,362.66410950706694,104087348,0.0000,1.0
2022-10-27,383.07,385.0,379.33,379.98,360.7274706311065,81971756,0.0000,1.0
2022-10-28,379.87,389.52,379.68,389.02,369.30943898340183,100301958,0.0000,1.0
2022-10-31,386.44,388.4,385.26,386.21,366.6418138650445,96631258,0.0000,1.0
2022-11-01,390.14,390.39,383.29,384.52,365.0374414629008,85407598,0.0000,1.0
2022-11-02,383.9,388.63,374.76,374.87,355.87638011338197,126990356,0.0000,1.0
2022-11-03,371.465,374.2,368.79,371.01,352.2119555735744,87100115,0.0000,1.0
2022-11-04,377.0,378.87,370.0,376.35,357.2813926312357,103505182,0.0000,1.0
2022-11-07,377.71,380.57,375.53,379.95,360.69899064763644,68286947,0.0000,1.0
2022-11-08,381.11,385.12,377.72,382.0,362.64512285142024,84641062,0.0000,1.0
2022-11-09,379.93,381.14,373.61,374.13,355.1738738544551,78495470,0.0000,1.0
2022-11-10,388.05,395.04,385.642,394.69,374.69215585923314,141455847,0.0000,1.0
2022-11-11,395.59,399.35,393.61,398.51,378.31860708774735,93839872,0.0000,1.0
2022-11-14,396.66,400.1799,394.83,395.12,375.1003689556366,71893165,0.0000,1.0
2022-11-15,401.15,402.31,394.49,398.49,378.2996204321007,93194452,0.0000,1.0
2022-11-16,396.78,397.78,394.79,395.45,375.41364877380664,68508454,0.0000,1.0
2022-11-17,390.46,394.95,390.14,394.24,374.2649561071831,74496255,0.0000,1.0
2022-11-18,397.74,397.81,393.04,396.03,375.9642617875601,92922451,0.0000,1.0
2022-11-21,394.64,395.82,392.66,394.59,374.59722258099976,51243189,0.0000,1.0
2022-11-22,396.63,400.07,395.1527,399.9,379.638179655191,60429025,0.0000,1.0
2022-11-23,399.55,402.93,399.31,402.42,382.0304982666716,68261628,0.0000,1.0
2022-11-25,401.83,402.91,401.535,402.33,381.94505831626157,30545434,0.0000,1.0
2022-11-28,399.09,400.81,395.11,395.91,375.8503418536801,68021749,0.0000,1.0
2022-11-29,396.05,397.3,393.3,395.23,375.2047955616933,52310039,0.0000,1.0
2022-11-30,395.49,407.68,393.48,407.68,387.02398870174613,144566653,0.0000,1.0
2022-12-01,408.77,410.0,404.75,407.38,386.73918886704604,76398170,0.0000,1.0
2022-12-02,402.25,407.86,402.14,406.91,386.2930024593493,85342731,0.0000,1.0
2022-12-05,403.95,404.93,398.17,399.59,379.3438864926676,77289815,0.0000,1.0
2022-12-06,399.42,399.99,391.64,393.83,373.87572966642625,77972217,0.0000,1.0
2022-12-07,392.94,395.64,391.97,393.16,373.23967670226284,65927896,0.0000,1.0
2022-12-08,395.14,397.36,393.2684,396.24,376.1636216718502,60737912,0.0000,1.0
2022-12-09,394.94,397.62,393.15,393.28,373.3535966361428,81447733,0.0000,1.0
2022-12-12,394.11,398.95,393.412,398.95,378.7363135119741,75405835,0.0000,1.0
2022-12-13,410.22,410.49,399.07,401.97,381.6032985146215,123782534,0.0000,1.0
2022-12-14,401.61,405.5,396.31,399.4,379.1635132640242,108111349,0.0000,1.0
2022-12-15,394.3,395.25,387.885,389.63,369.8885319806253,117705889,0.0000,1.0
2022-12-16,385.18,386.575,381.04,383.27,365.5419169034329,119857952,1.7814,1.0
2022-12-19,383.47,383.82,378.28,380.02,362.44224505346773,79878103,0.0000,1.0
2022-12-20,379.23,382.23,377.85,380.54,362.9381925494622,74427240,0.0000,1.0
2022-12-21,383.25,387.41,382.69,386.23,368.3650026498628,78167369,0.0000,1.0
2022-12-22,383.05,386.2134,374.77,380.72,363.109866682691,100120855,0.0000,1.0
2022-12-23,379.65,383.06,378.03,382.91,365.19856863697527,59857329,0.0000,1.0
2022-12-27,382.79,383.15,379.65,381.4,363.75841340822217,51638180,0.0000,1.0
2022-12-28,381.33,383.39,376.42,376.66,359.23766123319604,70911520,0.0000,1.0
2022-12-29,379.63,384.35,379.08,383.44,365.7040535848157,66970877,0.0000,1.0
2022-12-30,380.64,382.58,378.43,382.43,364.740770948365,84022205,0.0000,1.0
2023-01-03,384.37,386.43,377.83099999999996,380.82,363.20524120115147,74850731,0.0000,1.0
2023-01-04,383.18,385.88,380.0,383.76,366.0092520438892,85934098,0.0000,1.0
2023-01-05,381.72,381.84,378.76,379.38,361.83184813532074,76970456,0.0000,1.0
2023-01-06,382.61,389.25,379.4127,388.08,370.1294312413814,104189603,0.0000,1.0
2023-01-09,390.37,393.7,387.67,387.86,369.9196073007684,73978071,0.0000,1.0
2023-01-10,387.25,390.65,386.27,390.58,372.51379420289305,65358094,0.0000,1.0
2023-01-11,392.23,395.6,391.38,395.52,377.22529541484016,68881080,0.0000,1.0
2023-01-12,396.67,398.485,392.42,396.96,378.5986884806709,90157699,0.0000,1.0
2023-01-13,393.62,399.1,393.34,398.5,380.0674560649621,63903932,0.0000,1.0
2023-01-17,398.48,400.23,397.06,397.77,379.37122208020065,62677281,0.0000,1.0
2023-01-18,399.01,400.12,391.28,391.49,373.38170232088333,99632262,0.0000,1.0
2023-01-19,389.36,391.08,387.26,388.64,370.66352854475997,86958919,0.0000,1.0
2023-01-20,390.1,396.04,388.38,395.88,377.56864368129783,91806356,0.0000,1.0
2023-01-23,396.72,402.645,395.72,400.63,382.09893330817005,84178797,0.0000,1.0
2023-01-24,398.88,401.15,397.64,400.2,381.68882287879,59524911,0.0000,1.0
2023-01-25,395.95,400.7,393.56,400.35,381.8318846564807,84800251,0.0000,1.0
2023-01-26,403.13,404.92,400.03,404.75,386.0283634687413,72287425,0.0000,1.0
2023-01-27,403.655,408.16,403.44,405.68,386.91534649042364,68346180,0.0000,1.0
2023-01-30,402.8,405.13,400.28,400.59,382.0607835007858,74202018,0.0000,1.0
2023-01-31,401.13,406.53,400.77,406.48,387.6783426381074,86811786,0.0000,1.0
2023-02-01,405.211,413.67,402.35,410.8,391.79852183559956,101459155,0.0000,1.0
2023-02-02,414.86,418.31,412.88,416.78,397.5019180395355,101654463,0.0000,1.0
2023-02-03,411.59,416.97,411.09,412.35,393.27682687173683,94736781,0.0000,1.0
2023-02-06,409.79,411.29,408.1,409.83,390.873389006533,60295325,0.0000,1.0
2023-02-07,408.87,416.49,407.57,415.19,395.98546319601405,90990745,0.0000,1.0
2023-02-08,413.13,414.53,409.93,410.65,391.65546005790884,76227462,0.0000,1.0
2023-02-09,414.41,414.57,405.81,407.09,388.2601272007162,78694859,0.0000,1.0
2023-02-10,405.86,408.44,405.01,408.04,389.1661851260907,70769715,0.0000,1.0
2023-02-13,408.72,412.97,408.24,412.83,393.734624560347,64913539,0.0000,1.0
2023-02-14,411.24,415.05,408.51099999999997,412.64,393.5534129752721,88389313,0.0000,1.0
2023-02-15,410.35,414.06,409.47,413.98,394.83143152264245,61685279,0.0000,1.0
2023-02-16,408.79,412.91,408.14,408.28,389.3950839703958,76431469,0.0000,1.0
2023-02-17,406.06,407.51,404.05,407.26,388.422263882099,89257815,0.0000,1.0
2023-02-21,403.06,404.16,398.82,399.09,380.6301657238788,82655924,0.0000,1.0
2023-02-22,399.52,401.13,397.02,398.54,380.1056058723463,83742293,0.0000,1.0
2023-02-23,401.56,402.2,396.25,400.66,382.1275456637082,96242399,0.0000,1.0
2023-02-24,395.42,397.25,393.64,396.38,378.0455162736002,108194413,0.0000,1.0
2023-02-27,399.87,401.29,396.75,397.73,379.3330722728165,80444736,0.0000,1.0
2023-02-28,397.23,399.28,396.15,396.26,377.9310668514476,96438567,0.0000,1.0
2023-03-01,395.41,396.69,393.38,394.74,376.48137417084854,99706823,0.0000,1.0
2023-03-02,392.68,398.69,392.33,397.81,379.4093718875849,85404726,0.0000,1.0
2023-03-03,399.71,404.45,399.03,404.19,385.49426616536266,90119952,0.0000,1.0
2023-03-06,405.05,407.45,404.01,404.47,385.761314817052,72795946,0.0000,1.0
2023-03-07,404.42,404.67,397.625,398.27,379.848094672503,108310596,0.0000,1.0
2023-03-08,398.39,399.71,396.59,398.92,380.4680290424961,74746632,0.0000,1.0
2023-03-09,399.74,401.48,390.53,391.56,373.44846448380565,111945322,0.0000,1.0
2023-03-10,390.99,393.16,384.32,385.91,368.0598041907893,189252996,0.0000,1.0
2023-03-13,381.81,390.39,380.65,385.36,367.5352443392567,157789967,0.0000,1.0
2023-03-14,390.5,393.45,387.05,391.73,373.6106011651885,149752357,0.0000,1.0
2023-03-15,385.89,389.49,383.71,389.28,371.27392546290696,172996933,0.0000,1.0
2023-03-16,386.82,396.47,386.29,396.11,377.78800507375695,143753940,0.0000,1.0
2023-03-17,393.22,394.4,388.55,389.99,373.3876193560087,140553411,1.5062,1.0
2023-03-20,390.8,394.17,390.07,393.74,376.97797698719165,93055783,0.0000,1.0
2023-03-21,397.24,399.41,395.58,398.91,381.92788337471586,91524248,0.0000,1.0
2023-03-22,398.73,402.49,392.07,392.11,375.41736820350417,111746583,0.0000,1.0
2023-03-23,395.09,399.29,390.35,393.17,376.43224262725187,119351319,0.0000,1.0
2023-03-24,391.841,395.84,389.4,395.75,378.9024086775057,107770124,0.0000,1.0
2023-03-27,398.12,398.92,395.56,396.49,379.6109059167258,74010408,0.0000,1.0
2023-03-28,395.77,396.49,393.69,395.6,378.7587943722584,62871680,0.0000,1.0
2023-03-29,399.925,401.6,398.68,401.35,384.2640094067389,77497876,0.0000,1.0
2023-03-30,404.09,404.35,401.76,403.7,386.5139668556135,69840049,0.0000,1.0
2023-03-31,404.66,409.7,404.55,409.39,391.96173616799507,112062624,0.0000,1.0
2023-04-03,408.85,411.37,408.44,410.95,393.4553249425672,67391097,0.0000,1.0
2023-04-04,411.62,411.92,407.24,408.67,391.272387502808,66601534,0.0000,1.0
2023-04-05,407.91,408.7,405.88,407.6,390.2479387920438,65200243,0.0000,1.0
2023-04-06,406.77,409.48,405.67800000000005,409.19,391.77025042766536,63743345,0.0000,1.0
2023-04-10,406.61,409.69,405.97,409.61,392.17237048235785,63681042,0.0000,1.0
2023-04-11,410.26,411.18,408.92,409.72,392.27768763953924,59297945,0.0000,1.0
2023-04-12,411.87,412.17,407.44,408.05,390.67878170778573,86420379,0.0000,1.0
2023-04-13,409.18,413.84,407.9922,413.47,395.8680452707222,85814754,0.0000,1.0
2023-04-14,412.81,415.09,410.06,412.46,394.90104228205684,78161500,0.0000,1.0
2023-04-17,412.37,413.96,411.085,413.94,396.3180367604971,65496534,0.0000,1.0
2023-04-18,415.58,415.72,412.7802,414.21,396.5765425099422,63559997,0.0000,1.0
2023-04-19,412.22,415.08,412.16,414.14,396.5095225008268,55227330,0.0000,1.0
2023-04-20,411.21,413.7,410.27,411.88,394.34573363510054,75840359,0.0000,1.0
2023-04-21,412.19,412.68,410.17,412.2,394.65211081962815,73457422,0.0000,1.0
2023-04-24,411.99,413.07,410.6,412.63,395.06380516133714,64332095,0.0000,1.0
2023-04-25,410.58,411.16,406.02,406.08,388.79264716553763,97766721,0.0000,1.0
2023-04-26,406.72,407.84,403.78,404.36,387.1458697987017,78319853,0.0000,1.0
2023-04-27,407.0,412.69,406.74,412.41,394.8531708469744,92968369,0.0000,1.0
2023-04-28,411.49,415.94,411.43,415.93,398.22331987677813,89433137,0.0000,1.0
2023-05-01,415.47,417.62,415.265,415.51,397.82119982208565,62122254,0.0000,1.0
2023-05-02,414.77,414.82,407.82,410.84,393.3500077853858,103998484,0.0000,1.0
2023-05-03,411.36,413.87,407.77,408.02,390.6500588467363,91531769,0.0000,1.0
2023-05-04,406.93,407.27,403.74,405.13,387.88308989897126,94901863,0.0000,1.0
2023-05-05,408.91,413.72,408.64,412.63,395.06380516133714,87891791,0.0000,1.0
2023-05-08,412.97,413.24,411.28,412.74,395.16912231851853,50046768,0.0000,1.0
2023-05-09,411.13,412.09,410.6894,410.93,393.43617636853423,49220119,0.0000,1.0
2023-05-10,413.88,414.535,408.87,412.85,395.2744394756999,96142922,0.0000,1.0
2023-05-11,411.95,412.43,409.97,412.13,394.5850908105128,70157064,0.0000,1.0
2023-05-12,413.42,413.64,409.07,411.59,394.0680793116224,70481548,0.0000,1.0
2023-05-15,412.22,413.43,410.23,413.01,395.42762806796367,54289383,0.0000,1.0
2023-05-16,411.86,412.815,410.24,410.25,392.78512485141306,57705495,0.0000,1.0
2023-05-17,412.35,415.855,410.635,415.23,397.553119785624,87286957,0.0000,1.0
2023-05-18,414.9,419.67,414.67,419.23,401.3828345922191,97177195,0.0000,1.0
2023-05-19,420.17,420.72,417.35,418.62,400.7988030842134,103793317,0.0000,1.0
2023-05-22,418.64,420.39,417.35,418.79,400.9615659634937,60745399,0.0000,1.0
2023-05-23,417.08,418.722,413.68,414.09,396.4616510657444,86383493,0.0000,1.0
2023-05-24,412.42,412.82,409.8795,411.09,393.589364960798,89213678,0.0000,1.0
2023-05-25,414.74,416.16,412.4101,414.65,396.99781113866766,90961606,0.0000,1.0
2023-05-26,415.33,420.77,415.25,420.02,402.13920326652163,93829975,0.0000,1.0
2023-05-30,422.03,422.58,418.735,420.18,402.2923918587855,72215960,0.0000,1.0
2023-05-31,418.28,419.22,416.22,417.85,400.0615829839438,106350372,0.0000,1.0
2023-06-01,418.09,422.92,416.79,421.82,403.8625749294895,88865018,0.0000,1.0
2023-06-02,424.5,428.74,423.95,427.92,409.70289000954705,91426171,0.0000,1.0
2023-06-05,428.28,429.62,426.37,427.1,408.9177984741951,65460158,0.0000,1.0
2023-06-06,426.67,428.5772,425.99,428.03,409.8082071667284,64022175,0.0000,1.0
2023-06-07,428.44,429.62,426.11,426.55,408.3912126882882,85373275,0.0000,1.0
2023-06-08,426.62,429.6,425.82,429.13,410.86137873854204,61952842,0.0000,1.0
2023-06-09,429.96,431.99,428.87,429.9,411.5985988388116,85647268,0.0000,1.0
2023-06-12,430.92,433.88,430.17,433.8,415.3325707752419,76256703,0.0000,1.0
2023-06-13,435.32,437.33,434.63,436.66,418.07081686195744,95899704,0.0000,1.0
2023-06-14,437.01,439.0612,433.59,437.18,418.56867978681476,100612080,0.0000,1.0
2023-06-15,436.33,443.9,436.23,442.6,423.7579433497512,110303091,0.0000,1.0
2023-06-16,443.02,443.6078,438.97,439.46,422.3202368162082,114165849,1.6384,1.0
2023-06-20,437.45,438.37,435.03,437.18,420.1291610870384,76160359,0.0000,1.0
2023-06-21,436.16,436.99,434.33,434.94,417.9765252829418,76982251,0.0000,1.0
2023-06-22,433.95,436.62,433.6,436.51,419.4852923420631,70637175,0.0000,1.0
2023-06-23,432.93,435.06,432.47,433.21,416.31399852352786,92074537,0.0000,1.0
2023-06-26,432.62,434.61,431.19,431.44,414.6130318390408,72823560,0.0000,1.0
2023-06-27,432.35,436.81,431.88,436.17,419.1585529789413,72813699,0.0000,1.0
2023-06-28,435.05,437.44,434.41,436.39,419.3699725668436,75635976,0.0000,1.0
2023-06-29,435.96,438.28,435.54,438.11,421.02288934498927,67882304,0.0000,1.0
2023-06-30,441.44,444.3,441.11,443.28,425.9912496606944,104964019,0.0000,1.0
2023-07-03,442.92,444.08,442.63,443.79,426.4813587053772,32793378,0.0000,1.0
2023-07-05,441.91,443.889,441.9,443.13,425.84709994167014,58418432,0.0000,1.0
2023-07-06,439.42,440.1,437.06,439.66,422.51243644157404,80658302,0.0000,1.0
2023-07-07,438.63,442.64,438.3,438.55,421.445728520794,86134178,0.0000,1.0
2023-07-10,438.18,439.84,437.585,439.66,422.51243644157404,62443501,0.0000,1.0
2023-07-11,440.45,442.97,439.44,442.46,425.2032311966948,64463752,0.0000,1.0
2023-07-12,446.39,447.4799,444.91,446.02,428.6243845282055,91924527,0.0000,1.0
2023-07-13,447.9,450.38,447.45,449.56,432.02631789717964,72425241,0.0000,1.0
2023-07-14,450.475,451.36,448.49,449.28,431.7572384216675,69815823,0.0000,1.0
2023-07-17,449.13,451.93,449.08,450.84,433.2563954995206,52680221,0.0000,1.0
2023-07-18,450.5,454.86,450.0484,454.19,436.4757392243972,80744448,0.0000,1.0
2023-07-19,455.01,456.43,454.1119,455.2,437.4463473324944,65891688,0.0000,1.0
2023-07-20,454.17,455.1,451.44,452.18,434.5441329894713,70591642,0.0000,1.0
2023-07-21,453.96,454.165,452.17,452.18,434.5441329894713,71275618,0.0000,1.0
2023-07-24,453.37,455.04,452.298,454.2,436.4853492056655,54023382,0.0000,1.0
2023-07-25,453.92,456.735,453.87,455.44,437.6769868829333,55191240,0.0000,1.0
2023-07-26,454.47,456.99,453.38,455.51,437.74425675181135,71052885,0.0000,1.0
2023-07-27,459.02,459.44,451.55,452.49,434.8420424087882,92194375,0.0000,1.0
2023-07-28,455.88,457.78,452.4918,456.92,439.09926411064004,80011790,0.0000,1.0
2023-07-31,457.41,458.16,456.045,457.79,439.9353324809811,62040449,0.0000,1.0
2023-08-01,456.27,457.25,455.49,456.48,438.6764249348353,55502199,0.0000,1.0
2023-08-02,453.25,453.52,449.3499,450.13,432.5740868294721,93933369,0.0000,1.0
2023-08-03,448.04,450.79,447.37,448.84,431.33439924586287,64419692,0.0000,1.0
2023-08-04,450.72,452.895,446.27,446.81,429.3835730484003,100128902,0.0000,1.0
2023-08-07,448.71,450.865,447.99,450.71,433.13146574303283,58357464,0.0000,1.0
2023-08-08,448.08,450.6952,445.2705,448.75,431.24790941444826,71361324,0.0000,1.0
2023-08-09,449.03,449.1999,444.96,445.75,428.3649150339617,78789575,0.0000,1.0
2023-08-10,448.19,451.7,444.7,445.91,428.5186747342544,93005495,0.0000,1.0
2023-08-11,443.97,446.7007,443.345,445.65,428.2688152212788,68690902,0.0000,1.0
2023-08-14,444.7,448.11,444.38,448.11,430.6328706132778,47867441,0.0000,1.0
2023-08-15,446.27,446.64,442.3,442.89,425.61646039123116,75707534,0.0000,1.0
2023-08-16,442.46,444.18,439.53,439.64,422.4932164790374,80107206,0.0000,1.0
2023-08-17,441.16,441.43,435.75,436.29,419.2738727541608,95711315,0.0000,1.0
2023-08-18,433.37,437.57,433.01,436.5,419.4756823607948,98851960,0.0000,1.0
2023-08-21,437.55,440.11,435.32,439.34,422.20491704098873,68718957,0.0000,1.0
2023-08-22,441.18,441.18,437.57,438.15,421.0613292700624,65062861,0.0000,1.0
2023-08-23,439.25,443.67,439.1,443.03,425.7510001289872,68441021,0.0000,1.0
2023-08-24,444.69,445.22,436.855,436.89,419.8504716302581,88517272,0.0000,1.0
2023-08-25,438.68,441.3,435.0,439.97,422.81034586089095,102325103,0.0000,1.0
2023-08-28,442.24,443.4,439.9728,442.76,425.4915306347434,61595393,0.0000,1.0
2023-08-29,442.65,449.45,442.46,449.16,431.6419186464481,83081916,0.0000,1.0
2023-08-30,449.51,451.67,448.78,451.01,433.41976518108146,69053911,0.0000,1.0
2023-08-31,451.65,452.83,450.16,450.35,432.78550641737445,66084563,0.0000,1.0
2023-09-01,453.17,453.67,449.68,451.19,433.5927448439107,58944098,0.0000,1.0
2023-09-05,450.73,451.06,449.17,449.24,431.71879849659445,55166210,0.0000,1.0
2023-09-06,448.4,448.51,443.81,446.22,428.8165841535713,70758512,0.0000,1.0
2023-09-07,443.11,445.55,442.75,444.85,427.5000167198158,70355426,0.0000,1.0
2023-09-08,444.9,447.11,444.53,445.52,428.1438854647911,62068437,0.0000,1.0
2023-09-11,448.24,448.77,446.4699,448.45,430.95960997639963,60180118,0.0000,1.0
2023-09-12,446.95,448.53,445.39,445.99,428.59555458440065,67565422,0.0000,1.0
2023-09-13,446.22,447.71,445.0793,446.51,429.0952736103516,60199272,0.0000,1.0
2023-09-14,449.07,451.08,447.715,450.36,432.79511639864273,83430814,0.0000,1.0
2023-09-15,447.14,447.48,442.92,443.37,427.59916193556256,111848859,1.5832,1.0
2023-09-18,443.05,444.97,442.56,443.63,427.84991363753437,55752213,0.0000,1.0
2023-09-19,442.68,443.29,439.94,442.71,426.9626383844033,66514648,0.0000,1.0
2023-09-20,444.01,444.435,438.43,438.64,423.03740981892133,82562602,0.0000,1.0
2023-09-21,435.7,435.97,431.23,431.39,416.0452950523994,104095826,0.0000,1.0
2023-09-22,432.45,434.1,429.99,430.42,415.10979831811994,100829684,0.0000,1.0
2023-09-25,429.17,432.27,428.72,432.23,416.855415935693,70874534,0.0000,1.0
2023-09-26,429.09,429.82,425.02,425.88,410.73128782984276,96168436,0.0000,1.0
2023-09-27,427.09,427.67,422.29,426.05,410.8952408657474,104705847,0.0000,1.0
2023-09-28,425.48,430.2499,424.87,428.52,413.2773820344797,92258308,0.0000,1.0
2023-09-29,431.67,431.85,425.91,427.48,412.27437522659244,115111319,0.0000,1.0
2023-10-02,426.62,428.6,424.46,427.31,412.11042219068776,83798599,0.0000,1.0
2023-10-03,425.06,427.3729,420.18,421.59,406.59388474730764,103760607,0.0000,1.0
2023-10-04,422.07,425.4299,420.56,424.66,409.55468368982116,87452968,0.0000,1.0
2023-10-05,424.36,425.37,421.1701,424.5,409.40037495014616,70142744,0.0000,1.0
2023-10-06,421.97,431.125,420.6,429.54,414.2611002499076,113273309,0.0000,1.0
2023-10-09,427.58,432.88,427.0101,432.29,416.9132817130711,80374362,0.0000,1.0
2023-10-10,432.94,437.22,432.53,434.54,419.0832483647503,78607268,0.0000,1.0
2023-10-11,435.64,436.58,433.18,436.32,420.7999330936343,62451736,0.0000,1.0
2023-10-12,436.95,437.335,431.23,433.66,418.23455029653803,81154230,0.0000,1.0
2023-10-13,435.21,436.45,429.88,431.5,416.15138231092595,95201132,0.0000,1.0
2023-10-16,433.82,437.14,433.57,436.04,420.52989279920314,75433194,0.0000,1.0
2023-10-17,432.81,438.14,432.45,436.02,420.5106042067437,75324708,0.0000,1.0
2023-10-18,434.19,435.18,429.09,430.21,414.9072680972965,93559798,0.0000,1.0
2023-10-19,430.95,432.82,425.725,426.43,411.2617241224754,121322957,0.0000,1.0
2023-10-20,425.98,426.54,421.08,421.19,406.20811289812025,123919874,0.0000,1.0
2023-10-23,419.61,424.45,417.8,420.46,405.5040792733532,92035095,0.0000,1.0
2023-10-24,422.65,424.82,420.74,423.63,408.5613211781635,78564239,0.0000,1.0
2023-10-25,421.89,421.92,417.015,417.55,402.69758907051477,94223198,0.0000,1.0
2023-10-26,416.45,417.325,411.6,412.55,397.8754409556721,115156761,0.0000,1.0
2023-10-27,414.19,414.6,409.21,410.68,396.0719575607209,107367671,0.0000,1.0
2023-10-30,413.56,416.68,412.22,415.59,400.8073070094964,86562675,0.0000,1.0
2023-10-31,416.18,418.53,414.21,418.2,403.32446832544434,79665150,0.0000,1.0
2023-11-01,419.2,423.5,418.6499,422.66,407.625824443884,98068115,0.0000,1.0
2023-11-02,426.58,430.915,426.56,430.76,415.4377043899292,94938909,0.0000,1.0
2023-11-03,433.14,436.29,433.01,434.69,419.2279128081956,100167775,0.0000,1.0
2023-11-06,435.47,436.1498,433.68,435.69,420.19234243116415,67831660,0.0000,1.0
2023-11-07,435.69,437.585,434.51,436.93,421.3882351636451,64256114,0.0000,1.0
2023-11-08,437.55,438.09,434.87,437.25,421.69685264299505,61746027,0.0000,1.0
2023-11-09,438.43,438.47,433.4,433.84,418.4081476286723,83174417,0.0000,1.0
2023-11-10,435.98,440.93,433.8335,440.61,424.93733617616937,89558054,0.0000,1.0
2023-11-13,439.23,441.33,438.42,440.19,424.53227573452256,52236068,0.0000,1.0
2023-11-14,446.32,450.06,446.09,448.73,432.76850471467395,97176935,0.0000,1.0
2023-11-15,450.11,451.38,448.8,449.68,433.68471285649406,77327573,0.0000,1.0
2023-11-16,449.22,450.56,448.12,450.23,434.2151491491268,66665797,0.0000,1.0
2023-11-17,450.24,451.42,449.29,450.79,434.75522973798917,83193902,0.0000,1.0
2023-11-20,450.53,455.125,450.52,454.26,438.10180052968997,70055633,0.0000,1.0
2023-11-21,453.1842,454.131,451.9599,453.27,437.1470152029511,49244639,0.0000,1.0
2023-11-22,454.98,456.38,453.8895,455.02,438.83476704314603,59446573,0.0000,1.0
2023-11-24,455.07,455.5,454.73,455.3,439.10480733757726,29737375,0.0000,1.0
2023-11-27,454.65,455.4901,454.0799,454.48,438.31397504674305,50505985,0.0000,1.0
2023-11-28,454.08,456.27,453.5,454.93,438.7479683770789,62115011,0.0000,1.0
2023-11-29,457.15,458.32,454.2,454.61,438.43935089772896,63145992,0.0000,1.0
2023-11-30,455.48,456.76,453.34,456.4,440.1656799228426,79752700,0.0000,1.0
2023-12-01,455.77,459.65,455.16,459.1,442.76963990485774,89183400,0.0000,1.0
2023-12-04,455.6,459.1206,454.34,456.69,440.44536451350353,72430888,0.0000,1.0
2023-12-05,455.26,457.59,454.87,456.6,440.35856584743635,69793469,0.0000,1.0
2023-12-06,458.81,458.84,454.31,454.76,438.5840153411742,67701116,0.0000,1.0
2023-12-07,456.91,458.9,456.29,458.23,441.9305861328751,66995446,0.0000,1.0
2023-12-08,457.46,460.745,457.21,460.2,443.8305124901231,83194404,0.0000,1.0
2023-12-11,459.69,462.17,459.47,461.99,445.5568415152368,65002247,0.0000,1.0
2023-12-12,461.63,464.2,460.6,464.1,447.59178801970046,68327617,0.0000,1.0
2023-12-13,464.49,470.7599,464.12,470.5,453.7641376066991,93277960,0.0000,1.0
2023-12-14,472.5,473.73,469.25,472.01,455.2204263373816,119026049,0.0000,1.0
2023-12-15,469.49,470.7,467.4263,469.33,454.4740282125664,141553673,1.9061,1.0
2023-12-18,470.98,472.98,469.8929,471.97,457.03046277775763,70375285,0.0000,1.0
2023-12-19,472.53,474.92,472.45,474.84,459.80961702097676,52024922,0.0000,1.0
2023-12-20,473.96,475.895,467.82,468.26,453.437897536523,102920959,0.0000,1.0
2023-12-21,471.33,472.975,468.84,472.7,457.73735566889,86667465,0.0000,1.0
2023-12-22,473.86,475.38,471.7,473.65,458.6572847737883,67160419,0.0000,1.0
2023-12-26,474.07,476.58,473.99,475.65,460.5939776262059,55386952,0.0000,1.0
2023-12-27,475.44,476.66,474.89,476.51,461.4267555527455,63874396,0.0000,1.0
2023-12-28,476.88,477.55,476.26,476.69,461.60105790946307,77158116,0.0000,1.0
2023-12-29,476.49,477.03,473.3,475.31,460.26473984129495,122283149,0.0000,1.0
2024-01-02,472.16,473.67,470.49,472.65,457.68893834757955,123007793,0.0000,1.0
2024-01-03,470.43,471.19,468.17,468.79,453.9511211424137,103585866,0.0000,1.0
2024-01-04,468.3,470.96,467.05,467.28,452.4889180388384,84232169,0.0000,1.0
2024-01-05,467.49,470.44,466.43,467.92,453.10865975161204,85553758,0.0000,1.0
2024-01-08,468.43,474.75,468.3,474.6,459.57721387868673,74879074,0.0000,1.0
2024-01-09,471.87,474.93,471.35,473.88,458.8800044518164,65931439,0.0000,1.0
2024-01-10,474.16,477.4481,473.87,476.56,461.4751728740559,67310640,0.0000,1.0
2024-01-11,477.59,478.12,472.26,476.35,461.27182012455205,77940723,0.0000,1.0
2024-01-12,477.84,478.6,475.23,476.68,461.591374445201,58026420,0.0000,1.0
2024-01-16,475.26,476.6098,473.06,474.93,459.8967681993356,85014870,0.0000,1.0
2024-01-17,471.82,472.79,469.87,472.29,457.34033363414443,68843871,0.0000,1.0
2024-01-18,474.01,477.06,472.42,476.49,461.4073886242213,91856248,0.0000,1.0
2024-01-19,477.65,482.72,476.5374,482.43,467.15936639590143,110834483,0.0000,1.0
2024-01-22,484.01,485.22,482.78,483.45,468.14707975063436,75844931,0.0000,1.0
2024-01-23,484.01,485.105,482.89,484.86,469.5124482115888,49945297,0.0000,1.0
2024-01-24,487.81,488.77,484.8819,485.39,470.0256718174794,80222006,0.0000,1.0
2024-01-25,487.575,488.305,485.39,488.03,472.5821063826706,72524989,0.0000,1.0
2024-01-26,487.59,489.12,486.54,487.41,471.98173159842116,76641609,0.0000,1.0
2024-01-29,487.73,491.415,487.17,491.27,475.71954880358703,61322751,0.0000,1.0
2024-01-30,490.56,491.62,490.11,490.89,475.3515771616277,58618386,0.0000,1.0
2024-01-31,488.62,489.0813,482.86,482.88,467.5951222876954,126011062,0.0000,1.0
2024-02-01,484.63,489.23,483.8,489.2,473.71507170133486,91891637,0.0000,1.0
2024-02-02,489.65,496.05,489.3,494.35,478.7020557963101,99228192,0.0000,1.0
2024-02-05,493.695,494.3778,490.23,492.55,476.95903222913427,75757102,0.0000,1.0
2024-02-06,493.52,494.32,492.05,493.98,478.34376761861284,55918602,0.0000,1.0
2024-02-07,496.29,498.53,495.36,498.1,482.333354894593,70556506,0.0000,1.0
2024-02-08,498.1,498.71,497.26,498.32,482.54639110835893,52343636,0.0000,1.0
2024-02-09,498.84,501.65,498.49,501.2,485.3352288158402,63979375,0.0000,1.0
2024-02-12,501.17,503.5,500.24,500.98,485.12219260207434,56502283,0.0000,1.0
2024-02-13,494.53,497.09,490.715,494.08,478.4406022612337,113099199,0.0000,1.0
2024-02-14,496.79,499.07,494.4,498.57,482.78847771491115,68387827,0.0000,1.0
2024-02-15,499.29,502.2,498.795,502.01,486.11958942106935,61682960,0.0000,1.0
2024-02-16,501.7,502.87,498.75,499.51,483.6987233555474,75532928,0.0000,1.0
2024-02-20,497.72,498.41,494.45,496.76,481.03577068347323,71736740,0.0000,1.0
2024-02-21,495.42,497.37,493.56,497.21,481.47152657526715,59603771,0.0000,1.0
2024-02-22,504.01,508.49,503.02,507.5,491.43581130095555,76402535,0.0000,1.0
2024-02-23,509.27,510.13,507.1,507.85,491.77473255012865,61321818,0.0000,1.0
2024-02-26,508.3,508.75,505.86,505.99,489.97360819738026,50386738,0.0000,1.0
2024-02-27,506.7,507.16,504.75,506.93,490.88385383801653,48854528,0.0000,1.0
2024-02-28,505.33,506.855,504.96,506.26,490.23506173245664,56506634,0.0000,1.0
2024-02-29,508.07,509.74,505.35,508.08,491.9974522281566,83924795,0.0000,1.0
2024-03-01,508.98,513.29,508.56,512.85,496.61646468117254,76844844,0.0000,1.0
2024-03-04,512.03,514.2,512.0,512.3,496.08387414675764,49799257,0.0000,1.0
2024-03-05,510.24,510.7,504.91,507.18,491.12594044456876,72855623,0.0000,1.0
2024-03-06,510.55,512.069,508.42,509.75,493.6145907599253,68382367,0.0000,1.0
2024-03-07,513.14,515.89,509.8053,514.81,498.51442367654164,58652085,0.0000,1.0
2024-03-08,515.46,518.2201,511.13,511.72,495.5222332195566,86532535,0.0000,1.0
2024-03-11,510.48,511.88,508.5,511.28,495.0961607920247,61872913,0.0000,1.0
2024-03-12,513.45,517.38,510.86,516.78,500.422066136173,70833119,0.0000,1.0
2024-03-13,517.11,517.29,514.49,515.97,499.63770553094395,54438487,0.0000,1.0
2024-03-14,516.97,517.125,511.82,514.95,498.64999217621096,103493184,0.0000,1.0
2024-03-15,510.21,511.7,508.12199999999996,509.83,495.23651001800016,107646297,1.5949,1.0
2024-03-18,514.0,515.48,512.44,512.86,498.17977860822543,88893331,0.0000,1.0
2024-03-19,512.15,515.995,511.12,515.71,500.94819955942745,60755263,0.0000,1.0
2024-03-20,515.77,520.62,515.08,520.48,505.5816619935444,69594574,0.0000,1.0
2024-03-21,523.39,524.11,521.91,522.2,507.2524283219891,60256112,0.0000,1.0
2024-03-22,522.11,522.605,520.97,521.21,506.2907663073611,79070842,0.0000,1.0
2024-03-25,519.8,520.95,519.61,519.77,504.89198519517475,48512108,0.0000,1.0
2024-03-26,521.23,521.58,518.4,518.81,503.9594644537172,65463744,0.0000,1.0
2024-03-27,521.71,523.21,519.485,523.17,508.1946628211701,82999777,0.0000,1.0
2024-03-28,523.21,524.61,522.78,523.07,508.09752524393497,96294886,0.0000,1.0
2024-04-01,523.83,524.38,520.97,522.16,507.213573291095,61182995,0.0000,1.0
2024-04-02,518.24,518.98,516.48,518.84,503.98860572688784,72924463,0.0000,1.0
2024-04-03,517.72,520.95,517.665,519.41,504.5422899171282,58385823,0.0000,1.0
2024-04-04,523.52,523.8674,512.755,513.07,498.3837675204193,95643401,0.0000,1.0
2024-04-05,514.46,520.44,514.01,518.43,503.5903416602236,73736571,0.0000,1.0
2024-04-08,519.15,520.18,517.89,518.72,503.87204063420563,47850048,0.0000,1.0
2024-04-09,520.5,520.75,514.35,519.32,504.4548660976166,67283576,0.0000,1.0
2024-04-10,513.48,516.16,512.09,514.12,499.4037120813884,82652806,0.0000,1.0
2024-04-11,515.68,519.48,512.08,518.0,503.1726500781125,70099007,0.0000,1.0
2024-04-12,514.37,515.815,509.08,510.85,496.2273133057988,92561094,0.0000,1.0
2024-04-15,515.13,515.3,503.58,504.45,490.01050836274874,92101447,0.0000,1.0
2024-04-16,504.94,506.5,502.21,503.53,489.11684265218526,73484020,0.0000,1.0
2024-04-17,506.05,506.22,499.12,500.55,486.22214285057765,75910305,0.0000,1.0
2024-04-18,501.98,504.13,498.56,499.52,485.2216258050555,74548085,0.0000,1.0
2024-04-19,499.44,500.455,493.86,495.16,480.9864274376027,102212587,0.0000,1.0
2024-04-22,497.83,502.38,495.43,499.72,485.41590095952586,67961048,0.0000,1.0
2024-04-23,501.78,506.09,499.5328,505.65,491.1761592895706,64633620,0.0000,1.0
2024-04-24,506.56,507.37,503.13,505.41,490.9430291042063,55928076,0.0000,1.0
2024-04-25,499.18,504.27,497.49,503.49,489.07798762129124,69122368,0.0000,1.0
2024-04-26,506.35,509.88,505.7,508.26,493.7114500554082,64306118,0.0000,1.0
2024-04-29,510.09,510.75,507.25,510.06,495.45992644564103,46415449,0.0000,1.0
2024-04-30,508.56,509.56,501.98,501.98,487.6112102050404,77483566,0.0000,1.0
2024-05-01,501.38,508.19,499.865,500.35,486.0278676961073,80242839,0.0000,1.0
2024-05-02,504.15,505.89,499.55,505.03,490.57390631071263,62550179,0.0000,1.0
2024-05-03,511.16,512.55,508.56,511.29,496.65471864563347,72756709,0.0000,1.0
2024-05-06,513.75,516.61,513.3,516.57,501.7835827236498,47264703,0.0000,1.0
2024-05-07,517.56,518.57,516.45,517.14,502.3372669138901,52561299,0.0000,1.0
2024-05-08,515.26,517.74,515.14,517.19,502.3858357025078,42047214,0.0000,1.0
2024-05-09,517.38,520.2074,516.705,520.17,505.28053550411533,43643668,0.0000,1.0
2024-05-10,521.81,522.635,519.59,520.84,505.93135727159097,52233171,0.0000,1.0
2024-05-13,522.56,522.67,519.74,520.91,505.9993535756555,36716361,0.0000,1.0
2024-05-14,521.11,523.83,520.56,523.3,508.3209416715758,57535867,0.0000,1.0
2024-05-15,525.83,530.08,525.18,529.78,514.6154566764139,59504897,0.0000,1.0
2024-05-16,529.88,531.5218,528.54,528.69,513.5566570845508,50244827,0.0000,1.0
2024-05-17,528.81,529.52,527.32,529.45,514.294902671538,59187585,0.0000,1.0
2024-05-20,529.57,531.5601,529.17,530.06,514.8874418926723,37764206,0.0000,1.0
2024-05-21,529.28,531.52,529.07,531.36,516.1502303967295,33437001,0.0000,1.0
2024-05-22,530.65,531.38,527.6,529.83,514.6640254650316,48389968,0.0000,1.0
2024-05-23,532.96,533.07,524.72,525.96,510.904801226031,57211197,0.0000,1.0
2024-05-24,527.85,530.27,526.881,529.44,514.2851889138145,41291076,0.0000,1.0
2024-05-28,530.27,530.51,527.11,529.81,514.6445979495844,36269602,0.0000,1.0
2024-05-29,525.68,527.31,525.37,526.1,511.04079383416024,45190323,0.0000,1.0
2024-05-30,524.52,525.2,521.33,522.61,507.6506923886532,46468510,0.0000,1.0
2024-05-31,523.59,527.5,518.36,527.37,512.2744410650467,90785755,0.0000,1.0
2024-06-03,529.02,529.31,522.6,527.8,512.6921326471578,46835702,0.0000,1.0
2024-06-04,526.46,529.15,524.96,528.39,513.2652443528452,34632661,0.0000,1.0
2024-06-05,530.77,534.69,528.7254,534.67,519.3654842032131,47610365,0.0000,1.0
2024-06-06,534.98,535.42,532.68,534.66,519.3557704454896,30808530,0.0000,1.0
2024-06-07,533.66,536.89,532.535,534.01,518.7243761934611,43224525,0.0000,1.0
2024-06-10,533.18,535.99,532.57,535.66,520.3271462178411,35729252,0.0000,1.0
2024-06-11,534.07,537.01,532.05,536.95,521.5802209641747,36383411,0.0000,1.0
2024-06-12,541.63,544.12,540.3,541.36,525.8639881202452,63251305,0.0000,1.0
2024-06-13,543.15,543.325,539.59,542.45,526.9227877121084,44760949,0.0000,1.0
2024-06-14,540.88,542.81,539.85,542.78,527.2433417169843,40089895,0.0000,1.0
2024-06-17,542.08,548.53,541.6072,547.1,531.4396850535431,55839457,0.0000,1.0
2024-06-18,547.16,548.62,546.73,548.49,532.7898973771119,41376417,0.0000,1.0
2024-06-20,549.44,550.12,545.18,547.0,531.342547476308,70328226,0.0000,1.0
2024-06-21,544.4,545.65,543.02,544.51,530.6324950997374,64513859,1.7590,1.0
2024-06-24,544.33,546.95,542.62,542.74,528.9076057196957,45528654,0.0000,1.0
2024-06-25,543.99,545.2,542.44,544.83,530.9443395074286,38273346,0.0000,1.0
2024-06-26,543.69,546.24,543.03,545.51,531.6070088737723,38550637,0.0000,1.0
2024-06-27,545.37,546.96,544.61,546.37,532.4450907194423,35041480,0.0000,1.0
2024-06-28,547.16,550.28,542.95,544.22,530.3498861052673,76144535,0.0000,1.0
2024-07-01,545.63,545.88,542.52,545.34,531.4413415321864,40297810,0.0000,1.0
2024-07-02,543.7,549.01,543.65,549.01,535.0178070828944,40434792,0.0000,1.0
2024-07-03,548.69,551.83,548.65,551.46,537.40536582928,32789911,0.0000,1.0
2024-07-05,551.77,555.05,551.12,554.64,540.5043196307108,41488389,0.0000,1.0
2024-07-08,555.44,556.2501,554.19,555.28,541.1280084460931,36110451,0.0000,1.0
2024-07-09,556.26,557.18,555.52,555.82,541.654245884072,27314125,0.0000,1.0
2024-07-10,557.07,561.67,556.77,561.32,547.014071641264,38701220,0.0000,1.0
2024-07-11,561.44,562.33,555.83,556.48,542.297424974935,53054184,0.0000,1.0
2024-07-12,557.63,563.67,557.15,559.99,545.7179683217975,53084405,0.0000,1.0
2024-07-15,562.03,564.8371,559.63,561.53,547.2187195338112,40584293,0.0000,1.0
2024-07-16,562.865,565.16,562.1,564.86,550.4638504013474,36475260,0.0000,1.0
2024-07-17,558.8,560.51,556.61,556.94,542.7457013109911,57118956,0.0000,1.0
2024-07-18,558.51,559.52,550.43,552.66,538.5747823581218,56270392,0.0000,1.0
2024-07-19,552.42,554.08,547.91,548.99,534.9983168074137,65509081,0.0000,1.0
2024-07-22,553.0,555.27,551.02,554.65,540.5140647684511,43346720,0.0000,1.0
2024-07-23,554.54,556.735,553.275,553.78,539.6662377850408,34439561,0.0000,1.0
2024-07-24,548.86,549.17,540.29,541.23,527.436089920903,74515266,0.0000,1.0
2024-07-25,541.35,547.455,537.45,538.41,524.6879610781245,61158288,0.0000,1.0
2024-07-26,542.28,547.19,541.49,544.44,530.564279135555,53763788,0.0000,1.0
2024-07-29,546.02,547.05,542.72,544.76,530.8761235432461,39515824,0.0000,1.0
2024-07-30,546.26,547.34,538.515,542.0,528.1864655269098,46853632,0.0000,1.0
2024-07-31,548.98,553.5,547.5799,550.81,536.7719318761572,65663388,0.0000,1.0
2024-08-01,552.57,554.8688,539.43,543.01,529.170724438685,76428732,0.0000,1.0
2024-08-02,535.75,536.99,528.6,532.9,519.3183901831923,82789070,0.0000,1.0
2024-08-05,511.64,523.58,510.27,517.38,504.19393641017086,146267391,0.0000,1.0
2024-08-06,519.22,529.75,517.87,522.15,508.8423671123173,84826312,0.0000,1.0
2024-08-07,528.47,531.59,518.0519,518.66,505.4413140409355,70698340,0.0000,1.0
2024-08-08,523.91,531.29,521.84,530.65,517.1257341916138,63276589,0.0000,1.0
2024-08-09,529.81,534.51,528.56,532.99,519.4060964228555,45619558,0.0000,1.0
2024-08-12,534.21,535.73,530.95,533.27,519.6789602795852,42542069,0.0000,1.0
2024-08-13,536.53,542.28,536.28,542.04,528.2254460778712,52333073,0.0000,1.0
2024-08-14,542.85,544.96,540.12,543.75,529.8918646314709,42446929,0.0000,1.0
2024-08-15,549.5,553.36,548.88,553.07,538.9743330054761,60846812,0.0000,1.0
2024-08-16,551.42,555.02,551.26,554.31,540.1827300852792,44430728,0.0000,1.0
2024-08-19,554.73,559.61,553.86,559.61,545.3476530876642,39121793,0.0000,1.0
2024-08-20,559.15,560.84,557.325,558.7,544.4608455532925,33732264,0.0000,1.0
2024-08-21,559.77,562.11,554.73,560.62,546.3319119994395,41514600,0.0000,1.0
2024-08-22,562.56,563.18,554.98,556.22,542.044051393686,56121456,0.0000,1.0
2024-08-23,559.53,563.09,557.29,562.13,547.8034277982322,50639393,0.0000,1.0
2024-08-26,563.18,563.91,559.05,560.79,546.4975793410254,35788609,0.0000,1.0
2024-08-27,559.49,562.06,558.32,561.56,547.2479549470322,32693898,0.0000,1.0
2024-08-28,561.21,561.65,555.04,558.3,544.0710400436785,41066024,0.0000,1.0
2024-08-29,560.31,563.68,557.18,558.35,544.1197657323803,38715176,0.0000,1.0
2024-08-30,560.77,564.2,557.14,563.68,549.3139241479862,62700110,0.0000,1.0
2024-09-03,560.47,560.81,549.51,552.08,538.0095643691816,60600113,0.0000,1.0
2024-09-04,550.2,554.43,549.46,550.95,536.9083638045221,46232483,0.0000,1.0
2024-09-05,550.89,553.7995,547.1,549.61,535.6025153473154,44264258,0.0000,1.0
2024-09-06,549.94,551.6,539.44,540.36,526.5882629374926,68493805,0.0000,1.0
2024-09-09,544.65,547.71,542.68,546.41,532.4840712704037,40445822,0.0000,1.0
2024-09-10,548.36,549.15,543.38,548.79,534.8034140526066,36394579,0.0000,1.0
2024-09-11,548.7,555.36,539.96,554.42,540.2899266004231,75248608,0.0000,1.0
2024-09-12,555.01,559.4,552.74,559.09,544.8409059251661,51892735,0.0000,1.0
2024-09-13,559.71,563.03,559.45,562.01,547.6864861453479,39310501,0.0000,1.0
2024-09-16,561.74,563.11,559.9,562.84,548.495332577797,36656122,0.0000,1.0
2024-09-17,565.1,566.58,560.795,563.07,548.719470745825,49320970,0.0000,1.0
2024-09-18,563.74,568.69,560.83,561.4,547.0920327431867,59044937,0.0000,1.0
2024-09-19,571.01,572.88,568.08,570.98,556.427874698441,75315470,0.0000,1.0
2024-09-20,567.84,569.31,565.17,568.25,555.4684960978306,77503110,1.7455,1.0
2024-09-23,569.34,570.3325,568.1,569.67,556.8565563960425,44116922,0.0000,1.0
2024-09-24,570.48,571.36,567.6,571.3,558.4498932172294,46805672,0.0000,1.0
2024-09-25,571.14,571.89,568.91,570.04,557.2182340793794,38428587,0.0000,1.0
2024-09-26,574.38,574.71,569.9,572.3,559.4274004694913,48336004,0.0000,1.0
2024-09-27,573.39,574.22,570.42,571.47,558.616069450114,42100928,0.0000,1.0
2024-09-30,570.42,574.38,568.08,573.76,560.8545610577937,63655448,0.0000,1.0
2024-10-01,573.4,574.0622,566.0,568.62,555.8301737811676,72668778,0.0000,1.0
2024-10-02,567.71,569.9,565.27,568.86,556.0647755217103,38097798,0.0000,1.0
2024-10-03,567.36,569.8025,565.49,567.82,555.048167979358,40846466,0.0000,1.0
2024-10-04,572.35,573.36,568.1,572.98,560.0921054010295,43005186,0.0000,1.0
2024-10-07,571.3,571.9599,566.63,567.8,555.0286178343127,49964690,0.0000,1.0
2024-10-08,570.42,573.78,569.5299,573.17,560.2778317789591,37398693,0.0000,1.0
2024-10-09,573.16,577.71,572.55,577.14,564.158535570439,37912244,0.0000,1.0
2024-10-10,575.77,577.58,574.49,576.13,563.1712532456544,44138060,0.0000,1.0
2024-10-11,576.05,580.33,575.91,579.58,566.543653265958,42267994,0.0000,1.0
2024-10-14,581.22,585.27,580.73,584.32,571.1770376416796,36217215,0.0000,1.0
2024-10-15,584.59,584.9,578.545,579.78,566.7391547164104,54203636,0.0000,1.0
2024-10-16,579.78,582.83,578.96,582.3,569.2024729921104,30725436,0.0000,1.0
2024-10-17,585.91,586.12,582.16,582.35,569.2513483547235,34393714,0.0000,1.0
2024-10-18,584.07,585.39,582.58,584.59,571.4409645997903,37416801,0.0000,1.0
2024-10-21,583.85,584.85,580.6001,583.63,570.5025576376188,36439010,0.0000,1.0
2024-10-22,581.05,584.5,580.38,583.32,570.1995303894176,34183835,0.0000,1.0
2024-10-23,581.26,581.7086,574.415,577.99,564.9894167348616,49314574,0.0000,1.0
2024-10-24,579.98,580.06,576.57,579.24,566.211300800189,34979860,0.0000,1.0
2024-10-25,581.51,584.46,578.08,579.04,566.0157993497365,47268176,0.0000,1.0
2024-10-28,582.58,582.71,580.52,580.83,567.7655373312855,30174704,0.0000,1.0
2024-10-29,579.85,582.9069999999999,578.43,581.77,568.6843941484116,42899661,0.0000,1.0
2024-10-30,581.29,583.32,579.29,580.01,566.9639813844307,41435839,0.0000,1.0
2024-10-31,575.56,575.63,568.44,568.64,555.8497239262127,60182451,0.0000,1.0
2024-11-01,571.32,575.55,570.62,571.04,558.1957413316413,45667533,0.0000,1.0
2024-11-04,571.18,572.5,567.89,569.81,556.9934074113592,38216975,0.0000,1.0
2024-11-05,570.74,576.74,570.52,576.7,563.7284323794438,39478322,0.0000,1.0
2024-11-06,589.2,591.93,585.39,591.04,577.7458863768795,68181968,0.0000,1.0
2024-11-07,593.08,596.65,592.9999,595.61,582.2130945197165,47233212,0.0000,1.0
2024-11-08,596.17,599.64,596.165,598.19,584.7350632305522,46444893,0.0000,1.0
2024-11-11,599.81,600.17,597.0,598.76,585.2922423643415,37586773,0.0000,1.0
2024-11-12,598.68,599.29,594.37,596.9,583.4740788751343,43006128,0.0000,1.0
2024-11-13,597.37,599.23,594.96,597.19,583.7575559782904,47388640,0.0000,1.0
2024-11-14,597.32,597.81,592.65,593.35,580.0039281296046,38904109,0.0000,1.0
2024-11-15,589.72,590.2,583.86,585.75,572.5748730124141,75988766,0.0000,1.0
2024-11-18,586.22,589.49,585.34,588.15,574.9208904178425,37084081,0.0000,1.0
2024-11-19,584.71,591.045,584.03,590.3,577.0225310102056,49412046,0.0000,1.0
2024-11-20,590.38,590.79,584.63,590.5,577.2180324606582,50032576,0.0000,1.0
2024-11-21,593.4,595.12,587.45,593.67,580.3167304503284,46750285,0.0000,1.0
2024-11-22,593.66,596.15,593.1525,595.51,582.1153437944903,38226390,0.0000,1.0
2024-11-25,599.52,600.86,595.2,597.53,584.0899084440593,42441393,0.0000,1.0
2024-11-26,598.8,601.33,598.07,600.65,587.1397310711164,45621288,0.0000,1.0
2024-11-27,600.46,600.85,597.28,598.83,585.3606678719999,34000163,0.0000,1.0
2024-11-29,599.66,603.35,599.38,602.55,588.9969948504141,30095740,0.0000,1.0
2024-12-02,602.97,604.32,602.47,603.63,590.052702682857,31745989,0.0000,1.0
2024-12-03,603.39,604.16,602.341,603.91,590.3264047134903,26906629,0.0000,1.0
2024-12-04,605.63,607.91,604.95,607.66,593.9920569094725,42787561,0.0000,1.0
2024-12-05,607.66,608.48,606.305,606.66,593.0145496572105,28762183,0.0000,1.0
2024-12-06,607.44,609.07,607.02,607.81,594.1386829973117,31241549,0.0000,1.0
2024-12-09,607.69,607.86,604.08,604.68,591.0790852977319,34742738,0.0000,1.0
2024-12-10,605.37,605.8,602.13,602.8,589.2413716634795,37234515,0.0000,1.0
2024-12-11,605.78,608.435,605.5,607.46,593.7965554590202,28677723,0.0000,1.0
2024-12-12,606.58,607.16,604.33,604.33,590.7369577594403,31543812,0.0000,1.0
2024-12-13,606.4,607.13,602.81,604.21,590.6196568891689,35904730,0.0000,1.0
2024-12-16,606.0,607.7795,605.21,606.79,593.1416256000045,43695179,0.0000,1.0
2024-12-17,604.19,605.17,602.885,604.29,590.6978574693499,55773545,0.0000,1.0
2024-12-18,603.98,606.405,585.89,586.28,573.0929518561128,108248729,0.0000,1.0
2024-12-19,591.36,593.0,585.85,586.1,572.9170005507057,85919452,0.0000,1.0
2024-12-20,581.77,595.75,580.91,591.15,579.7747495992973,125716674,1.9655,1.0
2024-12-23,590.89,595.3,587.661,594.69,583.2466308706862,57635828,0.0000,1.0
2024-12-24,596.06,601.34,595.47,601.3,589.7294374254545,33160097,0.0000,1.0
2024-12-26,599.5,602.48,598.0825,601.34,589.7686677223064,41338891,0.0000,1.0
2024-12-27,597.54,597.7761,590.7647,595.01,583.5604732455009,64969310,0.0000,1.0
2024-12-30,587.89,591.74,584.41,588.22,576.9011303548992,56578757,0.0000,1.0
2024-12-31,589.905,590.6399,584.42,586.08,574.8023094733252,57052654,0.0000,1.0
2025-01-02,589.39,591.13,580.5,584.64,573.3900187866585,50203975,0.0000,1.0
2025-01-03,587.53,592.6,586.43,591.95,580.5593555363344,37888459,0.0000,1.0
2025-01-06,596.27,599.7,593.6,595.36,583.9037383429546,47679442,0.0000,1.0
2025-01-07,597.42,597.75,586.78,588.63,577.3032408976306,60393052,0.0000,1.0
2025-01-08,588.7,590.5799,585.195,589.49,578.1466922799455,47304672,0.0000,1.0
2025-01-10,585.88,585.95,578.55,580.49,569.319875488279,73105046,0.0000,1.0
2025-01-13,575.77,581.75,575.35,581.39,570.2025571674455,47910060,0.0000,1.0
2025-01-14,584.36,585.0,578.35,582.19,570.9871631044826,48420580,0.0000,1.0
2025-01-15,590.325,593.94,589.195,592.78,581.3733841960102,56900159,0.0000,1.0
2025-01-16,594.175,594.35,590.93,591.64,580.2553207357325,43319662,0.0000,1.0
2025-01-17,596.96,599.36,595.61,597.58,586.0810198182324,58070628,0.0000,1.0
2025-01-21,600.67,603.06,598.67,603.05,591.445762912723,42532853,0.0000,1.0
2025-01-22,605.92,607.82,605.36,606.44,594.7705305709176,48195973,0.0000,1.0
2025-01-23,605.8,609.75,605.52,609.75,598.0168376354081,41152102,0.0000,1.0
2025-01-24,609.81,610.78,606.8,607.97,596.2710894255008,34604693,0.0000,1.0
2025-01-27,594.81,599.69,594.64,599.37,587.8365756023528,70361125,0.0000,1.0
2025-01-28,600.62,605.37,597.25,604.52,592.8874763220286,44433322,0.0000,1.0
2025-01-29,603.72,604.13,599.22,601.81,590.2296237103156,37177429,0.0000,1.0
2025-01-30,603.96,606.6,600.715,605.04,593.3974701811027,39281255,0.0000,1.0
2025-01-31,607.5,609.96,601.05,601.82,590.2394312845287,66671471,0.0000,1.0
2025-02-03,592.67,600.29,590.49,597.77,586.2673637282787,65857248,0.0000,1.0
2025-02-04,597.83,602.3,597.28,601.78,590.2002009876768,33457815,0.0000,1.0
2025-02-05,600.64,604.37,598.58,604.22,592.5932490956397,30653149,0.0000,1.0
2025-02-06,605.99,606.4525,602.63,606.32,594.6528396803619,35771503,0.0000,1.0
2025-02-07,606.89,608.13,600.05,600.77,589.2096359921676,50788516,0.0000,1.0
2025-02-10,604.03,605.4999,602.74,604.85,593.2111262710564,26048714,0.0000,1.0
2025-02-11,602.55,605.86,602.43,605.31,593.6622746848526,30056740,0.0000,1.0
2025-02-12,599.2,604.55,598.51,603.36,591.7497977133249,45076076,0.0000,1.0
2025-02-13,604.48,609.94,603.2,609.73,597.9972224869823,40921297,0.0000,1.0
2025-02-14,609.94,610.99,609.07,609.7,597.9677997643435,26910448,0.0000,1.0
2025-02-18,610.88,611.49,608.38,611.49,599.7233555484637,26749030,0.0000,1.0
2025-02-19,610.08,613.23,609.56,612.93,601.1356462351303,31011072,0.0000,1.0
2025-02-20,611.54,611.684,607.02,610.38,598.6347148108248,36554002,0.0000,1.0
2025-02-21,610.16,610.3,599.47,599.94,588.3956073324917,76519818,0.0000,1.0
2025-02-24,602.02,603.03,596.49,597.21,585.7181395723528,50737213,0.0000,1.0
2025-02-25,597.15,597.89,589.56,594.24,582.8052900311028,58266472,0.0000,1.0
2025-02-26,595.93,599.58,591.8556,594.54,583.0995172574917,43321578,0.0000,1.0
2025-02-27,596.85,598.02,584.65,585.05,573.7921293293899,74196664,0.0000,1.0
2025-02-28,585.56,594.72,582.44,594.18,582.746444585825,88744106,0.0000,1.0
2025-03-03,596.18,597.34,579.9,583.77,572.5367598301308,74249199,0.0000,1.0
2025-03-04,579.71,585.39,572.25,576.86,565.7597260489734,109648212,0.0000,1.0
2025-03-05,576.69,584.88,573.0795,583.06,571.8404220610104,71230528,0.0000,1.0
2025-03-06,575.48,580.1736,570.12,572.71,561.6895827505939,80094868,0.0000,1.0
2025-03-07,570.9,577.39,565.63,575.92,564.8378140729549,81158816,0.0000,1.0
2025-03-10,567.59,569.54,555.59,560.58,549.79299523027,97084529,0.0000,1.0
2025-03-11,559.4,564.02,552.02,555.92,545.2226656470292,88102109,0.0000,1.0
2025-03-12,562.17,563.11,553.69,558.87,548.1159000398533,69588167,0.0000,1.0
2025-03-13,558.49,559.105,549.68,551.42,540.809257251196,74079414,0.0000,1.0
2025-03-14,556.11,563.83,551.4917,562.81,551.9800842797606,62660321,0.0000,1.0
2025-03-17,562.79,569.71,562.35,567.15,556.2365714881865,49008709,0.0000,1.0
2025-03-18,564.8,565.02,559.06,561.02,550.2245284956404,66041422,0.0000,1.0
2025-03-19,562.83,570.95,561.63,567.13,556.2169563397606,66555985,0.0000,1.0
2025-03-20,563.33,570.57,562.6012,565.49,554.6085141688347,62958195,0.0000,1.0
2025-03-21,559.28,564.89,558.03,563.98,554.7904721316929,83762964,1.6955,1.0
2025-03-24,570.8,575.15,570.2,574.08,564.7259020556797,58766795,0.0000,1.0
2025-03-25,575.3,576.41,573.69,575.46,566.0834162433136,38355735,0.0000,1.0
2025-03-26,575.19,576.33,567.19,568.59,559.3253564831365,52228898,0.0000,1.0
2025-03-27,567.18,570.9,564.94,567.08,557.8399605242038,42164248,0.0000,1.0
2025-03-28,565.53,566.2675,555.07,555.66,546.606038768567,71662653,0.0000,1.0
2025-03-31,549.83,560.7112,546.87,559.39,550.2752618989108,95328213,0.0000,1.0
2025-04-01,557.45,562.94,553.68,560.97,551.8295172731582,54609641,0.0000,1.0
2025-04-02,555.05,567.42,554.81,564.52,555.3216733355496,76014544,0.0000,1.0
2025-04-03,545.11,547.97,536.7,536.7,527.9549742775978,125985998,0.0000,1.0
2025-04-04,523.67,525.87,505.06,505.28,497.04693386060103,217965131,0.0000,1.0
2025-04-07,489.19,523.17,481.8,504.38,496.16159852083985,256611355,0.0000,1.0
2025-04-08,521.86,524.98,489.16,496.48,488.39032164960264,165816581,0.0000,1.0
2025-04-09,493.44,548.62,493.05,548.62,539.6807489997684,241867317,0.0000,1.0
2025-04-10,532.17,533.495,509.32,524.58,516.0324583688136,162331225,0.0000,1.0
2025-04-11,523.01,536.43,520.07,533.94,525.2399459023301,97866334,0.0000,1.0
2025-04-14,544.05,544.28,533.86,539.12,530.3355426356223,68033993,0.0000,1.0
2025-04-15,539.675,543.23,536.81,537.61,528.8501466766896,56892874,0.0000,1.0
2025-04-16,531.68,537.8854,520.29,525.66,517.094860776527,83484814,0.0000,1.0
2025-04-17,527.64,531.165,523.91,526.41,517.832640226328,79868083,0.0000,1.0
2025-04-21,521.16,521.7,508.46,513.88,505.5068048849859,69368129,0.0000,1.0
2025-04-22,520.14,529.305,519.1925,527.25,518.6589532101051,75948117,0.0000,1.0
2025-04-23,540.43,545.43,533.88,535.42,526.6958306832706,90590658,0.0000,1.0
2025-04-24,536.715,547.43,535.4504,546.69,537.7821965489471,64150418,0.0000,1.0
2025-04-25,546.65,551.05,543.69,550.64,541.6678349845657,61119590,0.0000,1.0
2025-04-28,551.39,553.55,545.02,550.85,541.8744132305101,47613755,0.0000,1.0
2025-04-29,548.91,555.45,548.55,554.32,545.287872818256,47775121,0.0000,1.0
2025-04-30,547.57,556.52,541.52,554.54,545.504288123531,93101463,0.0000,1.0
2025-05-01,560.37,564.0699,557.86,558.47,549.3702524404882,63186146,0.0000,1.0
2025-05-02,564.73,568.38,562.38,566.76,557.525174625622,60717270,0.0000,1.0
2025-05-05,562.57,566.65,561.7,563.51,554.328130343151,38659222,0.0000,1.0
2025-05-06,557.93,563.3476,556.96,558.8,549.6948753984007,48264708,0.0000,1.0
2025-05-07,560.15,563.82,556.04,561.15,552.0065843411104,55733229,0.0000,1.0
2025-05-08,565.24,570.31,561.7,565.06,555.8528745394063,65130787,0.0000,1.0
2025-05-09,566.48,567.5,562.7637,564.34,555.1446062675974,37603427,0.0000,1.0
2025-05-12,581.47,583.0,577.04,582.99,573.4907219193157,78993570,0.0000,1.0
2025-05-13,583.41,589.08,582.84,586.84,577.2779897616275,67947225,0.0000,1.0
2025-05-14,587.81,588.98,585.535,587.59,578.0157692114285,66283531,0.0000,1.0
2025-05-15,585.56,590.97,585.0969,590.46,580.8390052393337,71268145,0.0000,1.0
2025-05-16,591.25,594.5,589.28,594.2,584.5180654290081,76052101,0.0000,1.0
2025-05-19,588.1,595.54,588.1,594.85,585.1574742855022,68168509,0.0000,1.0
2025-05-20,593.09,594.05,589.6,592.85,583.1900624193662,60614492,0.0000,1.0
2025-05-21,588.44,592.58,581.82,582.86,573.3628401480169,95197657,0.0000,1.0
2025-05-22,582.66,586.62,581.405,583.09,573.5890925126225,70860417,0.0000,1.0
2025-05-23,575.98,581.8101,575.6,579.11,569.6739428990119,76029046,0.0000,1.0
2025-05-27,586.07,591.31,578.43,591.15,581.5177623331506,72588475,0.0000,1.0
2025-05-28,591.56,592.7688,586.985,587.73,578.153488042058,68445512,0.0000,1.0
2025-05-29,593.06,593.2,586.07,590.05,580.4356858067757,70073758,0.0000,1.0
2025-05-30,588.93,591.1299,583.235,589.39,579.7864398909509,90601242,0.0000,1.0
2025-06-02,587.76,592.79,585.06,592.71,583.0523435887367,61630502,0.0000,1.0
2025-06-03,592.34,597.08,591.85,596.09,586.3772696425066,63606204,0.0000,1.0
2025-06-04,596.96,597.95,595.49,595.93,586.2198766932156,57314199,0.0000,1.0
2025-06-05,597.63,599.0,591.05,593.05,583.3868036059797,92436397,0.0000,1.0
2025-06-06,598.66,600.83,596.86,599.14,589.3775727383639,66588743,0.0000,1.0
2025-06-09,599.72,601.25,598.49,599.68,589.9087739422206,53016418,0.0000,1.0
2025-06-10,600.22,603.47,599.09,603.08,593.2533741146519,66246973,0.0000,1.0
2025-06-11,604.19,605.06,599.27,601.36,591.5613999097749,73658225,0.0000,1.0
2025-06-12,600.01,603.75,599.52,603.75,593.9124570898074,64129003,0.0000,1.0
2025-06-13,598.5,601.85,595.48,597.0,587.2724420415984,89505996,0.0000,1.0
2025-06-16,600.4,604.45,600.22,602.68,592.8598917414246,79984125,0.0000,1.0
2025-06-17,600.21,601.75,596.76,597.53,587.7938061861245,82209365,0.0000,1.0
2025-06-18,598.44,601.22,596.47,597.44,587.7052726521483,76605029,0.0000,1.0
2025-06-20,598.38,599.46,592.86,594.28,586.3291831453803,94051374,1.7611,1.0
2025-06-23,595.04,600.54,591.89,600.15,592.120648961264,87426039,0.0000,1.0
2025-06-24,604.33,607.8499,603.41,606.78,598.6619468078244,67735293,0.0000,1.0
2025-06-25,607.91,608.61,605.54,607.12,598.9973979794429,62114767,0.0000,1.0
2025-06-26,608.99,612.31,608.37,611.87,603.6838481711717,78548361,0.0000,1.0
2025-06-27,612.88,616.39,610.83,614.91,606.683176293878,86258398,0.0000,1.0
2025-06-30,617.38,619.22,615.04,617.85,609.5838423072848,92502541,0.0000,1.0
2025-07-01,616.36,618.83,615.52,617.65,609.3865180886858,70030140,0.0000,1.0
2025-07-02,617.24,620.49,616.61,620.45,612.1490571490733,66510374,0.0000,1.0
2025-07-03,622.45,626.28,622.43,625.34,616.9736342938214,51065789,0.0000,1.0
2025-07-07,623.36,624.03,617.87,620.68,612.3759800004622,74814505,0.0000,1.0
2025-07-08,621.35,622.11,619.52,620.34,612.0405288288438,59024585,0.0000,1.0
2025-07-09,622.77,624.72,620.9105,624.06,615.7107592947871,66113326,0.0000,1.0
2025-07-10,624.2,626.8701,623.01,625.82,617.4472124184592,57528960,0.0000,1.0
2025-07-11,622.74,624.86,621.53,623.62,615.276646013869,63670226,0.0000,1.0
2025-07-14,623.16,625.1581,621.7999,624.81,616.4507251145337,51898518,0.0000,1.0
2025-07-15,627.52,627.86,622.06,622.14,613.8164467962357,74317260,0.0000,1.0
2025-07-16,623.74,624.73,618.05,624.22,615.8686186696664,88987511,0.0000,1.0
2025-07-17,624.4,628.4048,624.18,628.04,619.6375112449092,68885683,0.0000,1.0
2025-07-18,629.3,629.47,626.46,627.58,619.1836655421314,65621645,0.0000,1.0
2025-07-21,628.77,631.54,628.34,628.77,620.357744642796,63374984,0.0000,1.0
2025-07-22,629.1,629.73,626.19,628.86,620.4465405411656,60046288,0.0000,1.0
2025-07-23,631.55,634.21,629.73,634.21,625.7249633886917,70511036,0.0000,1.0
2025-07-24,634.6,636.15,633.99,634.42,625.9321538182206,71307134,0.0000,1.0
2025-07-25,635.09,637.5799,634.84,637.1,628.5762983474488,56865364,0.0000,1.0
2025-07-28,637.48,638.04,635.54,636.94,628.4184389725694,54917102,0.0000,1.0
2025-07-29,638.35,638.67,634.335,635.26,626.7609155363369,60556278,0.0000,1.0
2025-07-30,635.92,637.68,631.54,634.46,625.9716186619406,80418851,0.0000,1.0
2025-07-31,639.455,639.85,630.765,632.08,623.6234604606112,103385246,0.0000,1.0
2025-08-01,626.3,626.34,619.29,621.72,613.4020659371776,140103572,0.0000,1.0
2025-08-04,625.67,631.215,625.58,631.17,622.7256352659853,73218015,0.0000,1.0
2025-08-05,631.79,632.6052,627.04,627.97,619.5684477683997,68051401,0.0000,1.0
2025-08-06,629.05,633.44,628.13,632.78,624.314095225708,64357525,0.0000,1.0
2025-08-07,636.24,636.98,629.11,632.25,623.7911860464204,74205791,0.0000,1.0
2025-08-08,634.06,637.645,633.74,637.18,628.6552280348883,64051626,0.0000,1.0
2025-08-11,637.46,638.95,634.66,635.92,627.4120854577139,58742300,0.0000,1.0
2025-08-12,638.29,642.85,636.79,642.69,634.0915102572937,64821798,0.0000,1.0
2025-08-13,644.91,646.19,642.68,644.89,636.2620766618838,60092790,0.0000,1.0
2025-08-14,642.79,645.62,642.34,644.95,636.3212739274636,59327466,0.0000,1.0
2025-08-15,645.99,646.09,642.5153,643.44,634.8314760770404,68592507,0.0000,1.0
2025-08-18,642.86,644.0,642.18,643.3,634.693349124021,43804914,0.0000,1.0
2025-08-19,643.12,644.105,638.48,639.81,631.2500415094665,69750731,0.0000,1.0
2025-08-20,639.4,639.66,632.95,638.11,629.5727856513743,88890298,0.0000,1.0
2025-08-21,636.28,637.97,633.81,635.55,627.0470356533057,54805775,0.0000,1.0
2025-08-22,637.76,646.5,637.25,645.31,636.6764575209419,84083214,0.0000,1.0
2025-08-25,644.04,645.29,642.35,642.47,633.8744536168347,51274332,0.0000,1.0
2025-08-26,642.2,645.51,641.57,645.16,636.5284643569926,51581565,0.0000,1.0
2025-08-27,644.57,647.37,644.42,646.63,637.9787973636961,48341069,0.0000,1.0
2025-08-28,647.24,649.48,645.34,648.92,640.2381596666557,61519461,0.0000,1.0
2025-08-29,647.47,647.84,643.14,645.05,636.4199360367631,74522192,0.0000,1.0
2025-09-02,637.5,640.49,634.92,640.27,631.7038872122445,81983545,0.0000,1.0
2025-09-03,642.67,644.21,640.46,643.74,635.127462404939,69428091,0.0000,1.0
2025-09-04,644.42,649.15,643.51,649.12,640.4354838852549,65219228,0.0000,1.0
2025-09-05,651.48,652.21,643.33,647.24,638.5806362304234,85178935,0.0000,1.0
2025-09-08,648.62,649.84,647.23,648.83,640.1493637682863,63133104,0.0000,1.0
2025-09-09,648.97,650.86,647.22,650.33,641.6292954077795,66133856,0.0000,1.0
2025-09-10,653.62,654.55,650.63,652.21,643.4841430626111,78034529,0.0000,1.0
2025-09-11,654.18,658.33,653.59,657.63,648.8316293866468,69934360,0.0000,1.0
2025-09-12,657.6,659.11,656.9,657.41,648.6145727461878,72780135,0.0000,1.0
2025-09-15,659.64,661.04,659.34,660.91,652.0677465716722,63772412,0.0000,1.0
2025-09-16,661.47,661.78,659.21,660.0,651.1699213770462,61168953,0.0000,1.0
2025-09-17,660.01,661.72,654.3,659.18,650.3608920807899,101952244,0.0000,1.0
2025-09-18,661.89,664.89,660.27,662.26,653.3996850472162,90459242,0.0000,1.0
2025-09-19,662.33,664.55,660.37,663.7,656.6270351172092,97945620,1.8311,1.0
2025-09-22,662.2,667.29,662.17,666.84,659.7335725441611,69452201,0.0000,1.0
2025-09-23,666.72,667.34,661.98,663.21,656.1422569837039,81708872,0.0000,1.0
2025-09-24,664.51,664.61,659.67,661.1,654.0547429802425,68082229,0.0000,1.0
2025-09-25,657.94,659.4056,654.405,658.05,651.0372464349547,89622067,0.0000,1.0
2025-09-26,659.51,662.37,657.88,661.82,654.7670700335564,69179209,0.0000,1.0
2025-09-29,664.36,665.28,661.86,663.68,656.607248254617,73499015,0.0000,1.0
2025-09-30,662.93,666.65,661.61,666.18,659.0806060786234,86288028,0.0000,1.0
2025-10-01,663.17,669.37,663.06,668.45,661.3264149828212,72545369,0.0000,1.0
2025-10-02,670.45,670.565,666.78,669.22,662.0882091926152,56895993,0.0000,1.0
2025-10-03,669.99,672.675,668.16,669.21,662.0783157613192,70494350,0.0000,1.0
2025-10-06,671.62,672.51,669.455,671.61,664.4527392723653,54623260,0.0000,1.0
2025-10-07,672.54,672.99,667.67,669.12,661.9892748796549,72020067,0.0000,1.0
2025-10-08,670.25,673.2056,669.42,673.11,665.9367539667691,60702241,0.0000,1.0
2025-10-09,673.53,673.94,669.21,671.16,664.007534864044,66501941,0.0000,1.0
2025-10-10,672.13,673.95,652.84,653.02,646.060850493054,159422589,0.0000,1.0
2025-10-13,660.65,665.13,659.7679,663.04,655.9740686516715,79560517,0.0000,1.0
2025-10-14,657.17,665.83,653.17,662.23,655.1727007166934,88779560,0.0000,1.0
2025-10-15,666.82,670.23,658.93,665.17,658.0813695177249,81702555,0.0000,1.0
2025-10-16,666.82,668.71,657.11,660.64,653.5996451406253,110563346,0.0000,1.0
2025-10-17,659.5,665.755,658.14,664.39,657.3096818766348,96500870,0.0000,1.0
2025-10-20,667.32,672.21,667.27,671.3,664.1460429021885,60493350,0.0000,1.0
2025-10-21,671.44,672.99,669.9810000000001,671.29,664.1361494708924,56249034,0.0000,1.0
2025-10-22,672.0,672.0,663.3,667.8,660.6833419485795,80564006,0.0000,1.0
2025-10-23,668.12,672.7101,667.8,671.76,664.6011407418056,65604461,0.0000,1.0
2025-10-24,676.46,678.47,675.65,677.25,670.0326345233236,74356527,0.0000,1.0
2025-10-27,682.73,685.54,682.115,685.24,677.9374861288479,63339790,0.0000,1.0
2025-10-28,687.05,688.905,684.83,687.06,679.7380906247246,61738073,0.0000,1.0
2025-10-29,688.72,689.7,682.87,687.39,680.0645738574934,85362207,0.0000,1.0
2025-10-30,683.9,685.94,679.83,679.83,672.5851397976983,76335751,0.0000,1.0
2025-10-31,685.04,685.08,679.24,682.06,674.7913749767118,87164122,0.0000,1.0
2025-11-03,685.67,685.8,679.94,683.34,676.0577341826031,57315025,0.0000,1.0
2025-11-04,676.11,679.96,674.58,675.24,668.0440548328226,78426969,0.0000,1.0
2025-11-05,674.98,680.86,674.17,677.58,670.3591177560925,72763485,0.0000,1.0
2025-11-06,676.47,677.38,668.72,670.31,663.1665932038819,85035298,0.0000,1.0
2025-11-07,667.91,671.08,661.205,670.97,663.8195596694196,100592443,0.0000,1.0
2025-11-10,677.235,682.18,675.03,681.44,674.1779822363584,75842888,0.0000,1.0
2025-11-11,679.95,683.57,678.73,683.0,675.7213575185383,58953385,0.0000,1.0
2025-11-12,684.79,684.96,680.945,683.38,676.0973079077872,62312484,0.0000,1.0
2025-11-13,680.5,680.86,670.52,672.04,664.8781568180943,103457788,0.0000,1.0
2025-11-14,665.38,675.66,663.265,671.93,664.769329073838,96846672,0.0000,1.0
2025-11-17,669.7,673.71,662.17,665.67,658.5760410825261,90456105,0.0000,1.0
2025-11-18,662.095,665.12,655.86,660.08,653.045612988048,114467488,0.0000,1.0
2025-11-19,660.78,667.34,658.745,662.63,655.5684379685345,94702955,0.0000,1.0
2025-11-20,672.91,675.56,651.89,652.53,645.5760723595487,165293521,0.0000,1.0
2025-11-21,655.05,664.55,650.85,659.03,652.0068027019652,123956203,0.0000,1.0
2025-11-24,662.69,670.06,661.59,668.73,661.60343105911,80437940,0.0000,1.0
2025-11-25,668.63,676.21,664.48,675.02,667.82639934431,81077088,0.0000,1.0
2025-11-26,677.63,681.7,676.72,679.68,672.4367383282578,71879597,0.0000,1.0
2025-11-28,680.86,683.665,680.5,683.39,676.1072013390832,49212030,0.0000,1.0
2025-12-01,678.81,682.99,678.74,680.27,673.0204507747233,61201193,0.0000,1.0
2025-12-02,681.92,683.82,679.3275,681.53,674.2670231180225,62953844,0.0000,1.0
2025-12-03,680.57,684.91,679.69,683.89,676.6018729038846,57238481,0.0000,1.0
2025-12-04,685.3,685.37,681.34,684.39,677.0965444686858,61970336,0.0000,1.0
2025-12-05,685.47,688.39,684.58,685.69,678.3826905371692,79241045,0.0000,1.0
2025-12-08,686.59,686.64,681.57,683.63,676.3446436901878,53033654,0.0000,1.0
2025-12-09,683.15,685.385,682.59,683.04,675.7609312437223,56313923,0.0000,1.0
2025-12-10,682.56,688.97,681.31,687.57,680.2426556208219,85671334,0.0000,1.0
2025-12-11,685.14,689.25,682.165,689.17,681.8256046281859,86173678,0.0000,1.0
2025-12-12,688.17,688.88,679.1744,681.76,674.4945720378311,113160347,0.0000,1.0
2025-12-15,685.74,685.76,679.25,680.73,673.4755486143405,90810952,0.0000,1.0
2025-12-16,679.23,681.08,674.98,678.87,671.6353703932798,122030631,0.0000,1.0
2025-12-17,679.89,680.435,671.195,671.4,664.2449772151487,110625198,0.0000,1.0
2025-12-18,677.6,680.74,674.9,676.47,669.2609468822336,108650128,0.0000,1.0
2025-12-19,676.59,681.09,676.47,680.59,675.3091655117659,103599543,1.9934,1.0
2025-12-22,683.94,685.36,680.5868,684.83,679.5162665002756,69556733,0.0000,1.0
2025-12-23,683.92,688.2,683.87,687.96,682.6219802016992,64839951,0.0000,1.0
2025-12-24,687.95,690.83,687.8,690.38,685.0232029357071,39445560,0.0000,1.0
2025-12-26,690.64,691.66,689.27,690.31,684.9537460797646,41613347,0.0000,1.0
2025-12-29,687.54,689.2,686.07,687.85,682.5128337137897,62559503,0.0000,1.0
2025-12-30,687.445,688.555,686.58,687.01,681.6793514424811,47160671,0.0000,1.0
2025-12-31,687.14,687.36,681.71,681.92,676.6288457746709,74144801,0.0000,1.0
2026-01-02,685.71,686.87,679.82,683.17,677.869146773642,89377203,0.0000,1.0
2026-01-05,686.54,689.43,686.375,687.72,682.3838424098967,71927191,0.0000,1.0
2026-01-06,687.93,692.315,687.78,691.81,686.4421072785299,69273827,0.0000,1.0
2026-01-07,692.19,693.96,689.32,689.58,684.2294102963657,75588337,0.0000,1.0
2026-01-08,688.82,690.615,687.49,689.51,684.1599534404232,64019200,0.0000,1.0
2026-01-09,690.63,695.31,689.18,694.07,688.6845714846697,80125467,0.0000,1.0
2026-01-12,690.68,696.09,690.63,695.16,689.7661139557723,63976002,0.0000,1.0
2026-01-13,695.49,696.09,691.35,693.77,688.3868992449165,78309726,0.0000,1.0
2026-01-14,691.0,691.72,686.04,690.36,685.0033581197235,94676684,0.0000,1.0
2026-01-15,694.57,695.45,691.25,692.24,686.868770822176,77861974,0.0000,1.0
2026-01-16,693.66,694.25,690.1,691.66,686.2932711586534,79289200,0.0000,1.0
2026-01-20,681.49,684.77,676.57,677.58,672.3225207062436,107178877,0.0000,1.0
2026-01-21,679.65,688.735,678.13,685.4,680.0818437558064,127844467,0.0000,1.0
2026-01-22,689.85,691.13,686.92,688.98,683.6340658168596,77112243,0.0000,1.0
2026-01-23,688.15,690.96,687.16,689.23,683.8821260166537,63059578,0.0000,1.0
2026-01-26,690.49,694.13,689.92,692.73,687.3549688137726,60473813,0.0000,1.0
2026-01-27,694.18,696.53,693.57,695.49,690.0935534195007,54124395,0.0000,1.0
2026-01-28,697.05,697.84,693.94,695.42,690.0240965635584,61172165,0.0000,1.0
2026-01-29,696.39,697.06,684.83,694.04,688.6548042606943,97486198,0.0000,1.0
2026-01-30,691.79,694.21,687.12,691.97,686.6008658063982,101835131,0.0000,1.0
2026-02-02,689.58,696.93,689.42,695.41,690.0141741555666,77975410,0.0000,1.0
2026-02-03,696.21,696.96,684.03,689.53,684.1797982564068,105889540,0.0000,1.0
2026-02-04,690.35,691.45,681.76,686.19,680.8657139871561,105204600,0.0000,1.0
2026-02-05,680.94,683.69,675.79,677.62,672.3622103382106,113610812,0.0000,1.0
2026-02-06,681.46,692.31,680.85,690.62,685.2613407275095,89127566,0.0000,1.0
2026-02-09,689.42,695.87,688.34,693.95,688.5655025887685,73885192,0.0000,1.0
2026-02-10,694.95,696.54,691.66,692.12,686.7497019262748,65185725,0.0000,1.0
2026-02-11,696.39,697.14,689.18,691.96,686.5909433984066,76353872,0.0000,1.0
2026-02-12,694.24,695.35,680.37,681.27,675.983889255206,118828963,0.0000,1.0
2026-02-13,681.69,686.28,677.52,681.75,676.4601648388109,96267487,0.0000,1.0
2026-02-17,680.14,684.94,675.78,682.85,677.5516297179055,81354660,0.0000,1.0
2026-02-18,684.02,689.15,682.83,686.29,680.9649380670737,73570341,0.0000,1.0
2026-02-19,683.84,686.18,681.5475,684.48,679.1689822205637,58649363,0.0000,1.0
2026-02-20,682.32,690.06,681.73,689.43,684.080574176489,100033986,0.0000,1.0
2026-02-23,687.83,690.0,680.3710000000001,682.39,677.0951989502842,90558087,0.0000,1.0
2026-02-24,681.9,688.35,680.0,687.35,682.0167133142013,73798727,0.0000,1.0
2026-02-25,690.18,693.68,690.1,693.15,687.771709949427,56369479,0.0000,1.0
2026-02-26,693.28,693.3,684.35,689.3,683.9515828725961,71670990,0.0000,1.0
2026-02-27,683.09,686.86,681.64,685.99,680.6672658273208,83308868,0.0000,1.0
2026-03-02,678.7,688.62,678.02,686.38,681.0542397389997,87477198,0.0000,1.0
2026-03-03,675.06,682.61,669.66,680.33,675.0511829039799,105003113,0.0000,1.0
2026-03-04,681.63,687.09,679.62,685.13,679.8139387400287,79182244,0.0000,1.0
2026-03-05,682.08,685.53,675.61,681.31,676.0235788871731,106606464,0.0000,1.0
2026-03-06,673.41,676.11,669.76,672.38,667.162868550524,100686951,0.0000,1.0
2026-03-09,666.39,679.92,662.39,678.27,673.0071668576755,102667711,0.0000,1.0
2026-03-10,677.72,683.36,674.76,677.18,671.9256243865727,81505315,0.0000,1.0
2026-03-11,677.58,680.08,673.34,676.33,671.0822197072725,68441672,0.0000,1.0
2026-03-12,671.16,671.65,665.87,666.06,660.8919066997263,108882246,0.0000,1.0
2026-03-13,669.27,672.335,661.36,662.29,657.1511588868296,97200242,0.0000,1.0
2026-03-16,668.38,672.07,667.12,669.03,663.8388618732815,82023130,0.0000,1.0
2026-03-17,672.39,674.44,669.7,670.79,665.5852056798327,87128044,0.0000,1.0
2026-03-18,668.36,669.72,661.19,661.43,656.2978317995376,82062576,0.0000,1.0
2026-03-19,656.97,662.98,655.17,659.8,654.6804792968793,111272539,0.0000,1.0
2026-03-20,656.51,656.69,644.72,648.57,645.3206708460034,163617522,1.7970,1.0
2026-03-23,658.07,662.615,653.94,655.38,652.0965528147366,134802732,0.0000,1.0
2026-03-24,651.32,657.03,649.88,653.18,649.9075747925319,96457478,0.0000,1.0
2026-03-25,658.67,660.89,654.24,656.82,653.5293384292705,90653787,0.0000,1.0
2026-03-26,652.06,654.85,644.82,645.09,641.8581056108799,96494375,0.0000,1.0
2026-03-27,642.5,642.66,633.105,634.09,630.9132154998571,103649368,0.0000,1.0
2026-03-30,640.11,640.37,629.28,631.97,628.80383667846,99275851,0.0000,1.0
2026-03-31,638.94,651.54,637.98,650.34,647.081803163868,152534102,0.0000,1.0
2026-04-01,653.9,658.52,653.0,655.24,651.9572542133236,97841472,0.0000,1.0
2026-04-02,646.42,658.2,645.11,655.83,652.5442983192785,68358713,0.0000,1.0
2026-04-06,655.86,659.72,655.52,658.93,655.6287673505666,39105758,0.0000,1.0
2026-04-07,656.65,659.61,651.06,659.22,655.9173144534936,69980362,0.0000,1.0
2026-04-08,676.39,677.08,671.46,676.01,672.6231967229547,93606114,0.0000,1.0
2026-04-09,674.84,681.16,673.77,679.91,676.5036577623173,57134445,0.0000,1.0
2026-04-10,681.32,682.03,678.45,679.46,676.0559122577755,42253456,0.0000,1.0
2026-04-13,677.41,686.3,676.58,686.1,682.662645924793,54185819,0.0000,1.0
2026-04-14,687.69,694.58,687.66,694.46,690.9807624091702,63480529,0.0000,1.0
2026-04-15,695.26,700.28,694.2,699.94,696.4333076644798,58240384,0.0000,1.0
2026-04-16,701.06,702.78,698.53,701.66,698.1446904818396,49972363,0.0000,1.0
2026-04-17,706.14,712.39,705.76,710.14,706.5822057674281,70661926,0.0000,1.0
2026-04-20,708.78,709.91,706.14,708.72,705.1693199530961,43546812,0.0000,1.0
2026-04-21,710.28,711.275,702.64,704.08,700.5525663062647,58941384,0.0000,1.0
2026-04-22,709.15,711.45,708.22,711.21,707.6468450782277,42518498,0.0000,1.0
2026-04-23,709.5,712.3598,702.2803,708.45,704.900672650371,56173990,0.0000,1.0
2026-04-24,710.75,714.47,709.01,713.94,710.3631678057815,45181957,0.0000,1.0
2026-04-27,713.17,715.63,712.295,715.17,711.5870055181957,33135943,0.0000,1.0
2026-04-28,711.815,712.88,709.25,711.69,708.1244402830723,43117436,0.0000,1.0
2026-04-29,711.0,712.2,708.37,711.58,708.0149913819621,41859227,0.0000,1.0
2026-04-30,714.63,719.79,710.445,718.66,715.0595206534202,67240949,0.0000,1.0
2026-05-01,721.25,724.87,720.47,720.65,717.0395507735053,43049849,0.0000,1.0
2026-05-04,720.07,722.12,714.99,718.01,714.4127771468599,51950558,0.0000,1.0
2026-05-05,721.77,725.04,721.4898,723.77,720.1439196049954,36933226,0.0000,1.0
2026-05-06,728.16,734.59,727.82,733.83,730.1535191065308,53288940,0.0000,1.0
2026-05-07,735.05,736.13,729.75,731.58,727.9147915838216,51724642,0.0000,1.0
2026-05-08,734.93,738.08,734.57,737.62,733.9245312447832,47227085,0.0000,1.0
2026-05-11,736.45,740.79,736.45,739.3,735.5961144617394,44023951,0.0000,1.0
2026-05-12,736.89,738.84,731.83,738.18,734.4817256504352,54185273,0.0000,1.0
2026-05-13,738.47,743.91,735.47,742.31,738.5910343921192,44200203,0.0000,1.0
2026-05-14,743.65,749.53,743.56,748.17,744.421675851264,45307603,0.0000,1.0
2026-05-15,741.79,743.46,737.96,739.17,735.4667657604273,60410771,0.0000,1.0
2026-05-18,739.83,741.415,733.39,738.65,734.9493709551789,47843865,0.0000,1.0
2026-05-19,734.78,737.65,731.53,733.73,730.0540201055215,54255913,0.0000,1.0
2026-05-20,735.71,741.87,733.89,741.25,737.5363449814207,43381500,0.0000,1.0
2026-05-21,738.64,744.87,737.03,742.72,738.9989802962574,43332225,0.0000,1.0
2026-05-22,746.24,748.94,744.48,745.64,741.9043511257288,41762006,0.0000,1.0
2026-05-26,750.01,752.13,748.37,750.59,746.8295516756891,41123621,0.0000,1.0
2026-05-27,750.88,751.38,748.22,750.46,746.700202974377,42106285,0.0000,1.0
2026-05-28,750.25,755.15,749.23,754.6,750.819461616162,41562563,0.0000,1.0
2026-05-29,755.9,758.08,754.69,756.48,752.6900428351368,55075739,0.0000,1.0
2026-06-01,755.36,760.28,754.69,758.54,754.7397222559282,43634933,0.0000,1.0
2026-06-02,757.03,760.4,756.75,759.57,755.7645619663241,31581852,0.0000,1.0
2026-06-03,758.15,758.8,753.57,754.24,750.4612652125285,51402518,0.0000,1.0
2026-06-04,752.1,758.31,751.47,757.09,753.2969867412935,49923036,0.0000,1.0
2026-06-05,752.31,752.82,735.525,737.55,733.8548819440766,93989416,0.0000,1.0
2026-06-08,743.36,745.34,738.19,739.22,735.516515260932,49319144,0.0000,1.0
2026-06-09,743.63,746.9,722.59,737.05,733.3573869390301,87683517,0.0000,1.0
2026-06-10,733.39,738.38,725.33,725.43,721.7956030217497,60341349,0.0000,1.0
2026-06-11,728.76,740.0,724.405,737.76,734.0638298461962,86330522,0.0000,1.0
2026-06-12,740.71,744.44,735.03,741.75,738.0338399864672,57079533,0.0000,1.0
2026-06-15,751.85,756.68,751.76,754.83,751.0483093184833,60176425,0.0000,1.0
2026-06-16,754.55,755.44,749.88,750.33,746.5708542730649,67093142,0.0000,1.0
2026-06-17,751.29,752.15,739.22,740.96,737.2477978784938,85945227,0.0000,1.0
2026-06-18,747.76,748.23,743.86,746.74,744.8928195408832,80875657,1.9035,1.0
2026-06-22,747.7,750.18,743.13,744.39,742.5486326405952,46628074,0.0000,1.0
2026-06-23,733.81,739.63,732.3,733.58,731.7653728992703,66846780,0.0000,1.0
2026-06-24,735.17,739.945,730.84,733.24,731.426213943484,57439507,0.0000,1.0
2026-06-25,738.91,739.37,729.6,734.3,732.4835918644649,54128065,0.0000,1.0
2026-06-26,728.945,736.53,716.58,728.99,727.1867269961546,71033969,0.0000,1.0
2026-06-29,736.525,741.56,732.09,741.0,739.1670183461372,58035228,0.0000,1.0
2026-06-30,741.29,748.02,740.89,746.77,744.9227453310997,55626035,0.0000,1.0
2026-07-01,745.0,749.435,742.375,745.76,743.915243727146,47100878,0.0000,1.0
2026-07-02,747.4,751.31,740.03,744.78,742.937667913409,57505953,0.0000,1.0
2026-07-06,748.74,752.41,747.41,751.28,749.4215891269715,50673310,0.0000,1.0
2026-07-07,750.22,750.96,745.21,747.71,745.8604200912149,43721494,0.0000,1.0
2026-07-08,743.16,746.15,739.51,745.4,743.5561342445487,43767393,0.0000,1.0
2026-07-09,747.35,751.97,745.59,751.71,749.8505254534073,41441718,0.0000,1.0
2026-07-10,752.05,755.42,748.1,754.95,753.0825107967831,42191313,0.0000,1.0
2026-07-13,752.47,753.9105,748.0,749.17,747.316808548415,44013628,0.0000,1.0
2026-07-14,750.91,753.34,748.66,751.83,749.9702286142731,35143138,0.0000,1.0
2026-07-15,754.24,755.58,750.2,754.81,752.9428571091063,43844769,0.0000,1.0
2026-07-16,752.76,754.57,747.88,750.72,748.8629743762647,46409814,0.0000,1.0
2026-07-17,742.08,747.29,740.8,743.29,741.4513536659922,62650961,0.0000,1.0
2026-07-20,747.06,748.73,741.5103,742.09,740.2543220573347,50422324,0.0000,1.0
2026-07-21,746.29,749.04,744.18,748.28,746.4290101053273,34324262,0.0000,1.0
2026-07-22,746.62,750.02,746.37,747.41,745.5611621890504,32836200,0.0000,1.0
2026-07-23,739.37,742.56,735.21,738.18,736.3539940657915,55437332,0.0000,1.0
2026-07-24,738.51,743.72,737.29,738.93,737.1021388212025,44781983,0.0000,1.0
2026-07-27,744.91,745.53,735.87,739.09,737.2617430356903,41461194,0.0000,1.0
2026-07-28,739.19,742.7901,735.98,740.86,739.0273646584604,47322247,0.0000,1.0
2026-07-29,739.97,742.68,729.1,729.46,727.6555643762122,70697215,0.0000,1.0
2026-07-30,736.05,742.45,734.59,741.69,739.8553115211154,66811268,0.0000,1.0
2026-07-31,744.68,748.895,737.68,747.03,745.1821021796421,62445899,0.0000,1.0
2026-08-03,749.44,758.58,748.8,757.67,755.7957824430738,59927538,0.0000,1.0
2026-08-04,760.63,773.41,760.52,771.33,769.4219922549609,69154788,0.0000,1.0
2026-08-05,775.85,776.85,769.51,769.79,767.8858016905167,44689081,0.0000,1.0
2026-08-06,770.21,771.82,767.46,768.56,766.6588442916426,38416896,0.0000,1.0
2026-08-07,771.02,773.915,769.61,773.26,771.3472180922187,43586333,0.0000,1.0
2026-08-10,772.6,775.05,771.62,773.03,771.1177870338926,39249478,0.0000,1.0
2026-08-11,774.53,774.61,769.2,770.56,768.6538969727387,36740555,0.0000,1.0
2026-08-12,774.71,774.9,771.28,772.49,770.5791228099966,33179126,0.0000,1.0
2026-08-13,774.87,779.37,774.1110000000001,777.88,775.9557897855508,35634483,0.0000,1.0
2026-08-14,778.54,778.8,775.4301,776.34,774.4195992211068,31367913,0.0000,1.0
2026-08-17,776.18,776.775,772.51,772.67,770.7586775512952,34356577,0.0000,1.0
2026-08-18,768.7,769.5,766.92,767.45,765.5515900536343,43920908,0.0000,1.0
2026-08-19,770.36,772.47,768.1,769.06,767.1576074619167,40306023,0.0000,1.0
2026-08-20,765.96,768.15,762.04,762.6,760.713587301976,45520302,0.0000,1.0
2026-08-21,766.05,767.85,764.17,765.72,763.825869484486,39188673,0.0000,1.0
2026-08-24,764.78,765.22,762.08,763.47,761.5814352182529,32430886,0.0000,1.0
2026-08-25,766.16,766.78,763.0501,765.91,764.0153994891901,27422263,0.0000,1.0
2026-08-26,764.73,767.35,763.93,766.08,764.1849789670833,28751592,0.0000,1.0
2026-08-27,768.5,772.355,767.16,771.1,769.1925611966348,34557064,0.0000,1.0
2026-08-28,771.76,775.3,768.3076,769.35,767.4468901006757,36744344,0.0000,1.0
2026-08-31,767.33,767.995,764.715,767.05,765.1525795174149,38810779,0.0000,1.0
