observation_date,source_file,spy_close_t,pair_available,absence_reason,call_contractID,put_contractID,expiration,dte,strike,call_bid,call_ask,call_mid,call_relative_spread,put_bid,put_ask,put_mid,put_relative_spread,straddle_mid_rel_t
2020-01-02,C:\Users\avazq\OneDrive\Escritorio\cienciadatos\portafolio\quant-research-notes\HMM_regime_options\data\raw\spy_historical_options_2020-01-02.json.gz,324.87,True,,SPY200131C00325000,SPY200131P00325000,2020-01-31,29.0,325.0,3.88,3.91,3.895,0.007702182284980808,3.51,3.54,3.525,0.008510638297872412,0.022839905192846368
2020-01-03,C:\Users\avazq\OneDrive\Escritorio\cienciadatos\portafolio\quant-research-notes\HMM_regime_options\data\raw\spy_historical_options_2020-01-03.json.gz,322.41,True,,SPY200203C00322000,SPY200203P00322000,2020-02-03,31.0,322.0,5.03,5.09,5.0600000000000005,0.011857707509881344,3.9,3.97,3.935,0.01778907242693781,0.027899258707856457
2020-01-06,C:\Users\avazq\OneDrive\Escritorio\cienciadatos\portafolio\quant-research-notes\HMM_regime_options\data\raw\spy_historical_options_2020-01-06.json.gz,323.64,True,,SPY200205C00324000,SPY200205P00324000,2020-02-05,30.0,324.0,4.34,4.38,4.359999999999999,0.009174311926605514,4.05,4.09,4.07,0.009828009828009836,0.026047460140897292
2020-01-07,C:\Users\avazq\OneDrive\Escritorio\cienciadatos\portafolio\quant-research-notes\HMM_regime_options\data\raw\spy_historical_options_2020-01-07.json.gz,322.73,True,,SPY200207C00322500,SPY200207P00322500,2020-02-07,31.0,322.5,4.78,4.81,4.795,0.0062565172054221815,4.18,4.21,4.195,0.007151370679380273,0.027856102624484864
2020-01-08,C:\Users\avazq\OneDrive\Escritorio\cienciadatos\portafolio\quant-research-notes\HMM_regime_options\data\raw\spy_historical_options_2020-01-08.json.gz,324.45,True,,SPY200207C00324000,SPY200207P00324000,2020-02-07,30.0,324.0,4.92,4.96,4.9399999999999995,0.008097165991902843,3.67,3.72,3.6950000000000003,0.013531799729364077,0.026614270303590693
2020-01-09,C:\Users\avazq\OneDrive\Escritorio\cienciadatos\portafolio\quant-research-notes\HMM_regime_options\data\raw\spy_historical_options_2020-01-09.json.gz,326.65,True,,SPY200207C00327000,SPY200207P00327000,2020-02-07,29.0,327.0,3.83,3.86,3.8449999999999998,0.007802340702210613,3.68,3.7,3.6900000000000004,0.00542005420054201,0.02306750344405327
2020-01-10,C:\Users\avazq\OneDrive\Escritorio\cienciadatos\portafolio\quant-research-notes\HMM_regime_options\data\raw\spy_historical_options_2020-01-10.json.gz,325.71,True,,SPY200210C00326000,SPY200210P00326000,2020-02-10,31.0,326.0,3.9,3.94,3.92,0.01020408163265307,3.83,3.88,3.855,0.012970168612191912,0.023870928126247276
2020-01-13,C:\Users\avazq\OneDrive\Escritorio\cienciadatos\portafolio\quant-research-notes\HMM_regime_options\data\raw\spy_historical_options_2020-01-13.json.gz,327.95,True,,SPY200212C00328000,SPY200212P00328000,2020-02-12,30.0,328.0,4.06,4.08,4.07,0.0049140049140050275,3.59,3.62,3.605,0.008321775312066643,0.023402957767952436
2020-01-14,C:\Users\avazq\OneDrive\Escritorio\cienciadatos\portafolio\quant-research-notes\HMM_regime_options\data\raw\spy_historical_options_2020-01-14.json.gz,327.45,True,,SPY200214C00327500,SPY200214P00327500,2020-02-14,31.0,327.5,4.45,4.48,4.465,0.006718924972004535,3.68,3.71,3.6950000000000003,0.00811907983761835,0.024919835089326617
2020-01-15,C:\Users\avazq\OneDrive\Escritorio\cienciadatos\portafolio\quant-research-notes\HMM_regime_options\data\raw\spy_historical_options_2020-01-15.json.gz,328.19,True,,SPY200214C00328000,SPY200214P00328000,2020-02-14,30.0,328.0,4.35,4.38,4.365,0.006872852233677032,3.53,3.55,3.54,0.005649717514124299,0.024086657119351595
2020-01-16,C:\Users\avazq\OneDrive\Escritorio\cienciadatos\portafolio\quant-research-notes\HMM_regime_options\data\raw\spy_historical_options_2020-01-16.json.gz,330.92,True,,SPY200214C00331000,SPY200214P00331000,2020-02-14,29.0,331.0,3.88,3.91,3.895,0.007702182284980808,3.6,3.62,3.6100000000000003,0.005540166204986154,0.022679197389097065
2020-01-17,C:\Users\avazq\OneDrive\Escritorio\cienciadatos\portafolio\quant-research-notes\HMM_regime_options\data\raw\spy_historical_options_2020-01-17.json.gz,331.95,True,,SPY200214C00332000,SPY200214P00332000,2020-02-14,28.0,332.0,3.74,3.79,3.765,0.013280212483399686,3.5,3.53,3.5149999999999997,0.008534850640113743,0.021931013706883565
2020-01-21,C:\Users\avazq\OneDrive\Escritorio\cienciadatos\portafolio\quant-research-notes\HMM_regime_options\data\raw\spy_historical_options_2020-01-21.json.gz,331.3,True,,SPY200219C00331000,SPY200219P00331000,2020-02-19,29.0,331.0,4.35,4.39,4.369999999999999,0.009153318077803214,3.65,3.68,3.665,0.008185538881309753,0.024252942952007243
2020-01-22,C:\Users\avazq\OneDrive\Escritorio\cienciadatos\portafolio\quant-research-notes\HMM_regime_options\data\raw\spy_historical_options_2020-01-22.json.gz,331.34,True,,SPY200221C00331000,SPY200221P00331000,2020-02-21,30.0,331.0,4.63,4.65,4.640000000000001,0.004310344827586306,3.81,3.83,3.8200000000000003,0.005235602094240842,0.025532685459045093
2020-01-23,C:\Users\avazq\OneDrive\Escritorio\cienciadatos\portafolio\quant-research-notes\HMM_regime_options\data\raw\spy_historical_options_2020-01-23.json.gz,331.72,True,,SPY200221C00332000,SPY200221P00332000,2020-02-21,29.0,332.0,4.24,4.25,4.245,0.002355712603062376,3.95,3.96,3.955,0.0025284450063210585,0.024719643072470755
2020-01-24,C:\Users\avazq\OneDrive\Escritorio\cienciadatos\portafolio\quant-research-notes\HMM_regime_options\data\raw\spy_historical_options_2020-01-24.json.gz,328.77,True,,SPY200224C00329000,SPY200224P00329000,2020-02-24,31.0,329.0,5.01,5.05,5.029999999999999,0.007952286282306171,4.53,4.59,4.5600000000000005,0.013157894736842018,0.029169328101712445
2020-01-27,C:\Users\avazq\OneDrive\Escritorio\cienciadatos\portafolio\quant-research-notes\HMM_regime_options\data\raw\spy_historical_options_2020-01-27.json.gz,323.5,True,,SPY200226C00323000,SPY200226P00323000,2020-02-26,30.0,323.0,6.34,6.37,6.355,0.004720692368214044,5.62,5.66,5.640000000000001,0.00709219858156029,0.03707882534775889
2020-01-28,C:\Users\avazq\OneDrive\Escritorio\cienciadatos\portafolio\quant-research-notes\HMM_regime_options\data\raw\spy_historical_options_2020-01-28.json.gz,326.89,True,,SPY200226C00327000,SPY200226P00327000,2020-02-26,29.0,327.0,5.51,5.56,5.535,0.009033423667569977,4.95,5.0,4.975,0.010050251256281372,0.03215148826822479
2020-01-29,C:\Users\avazq\OneDrive\Escritorio\cienciadatos\portafolio\quant-research-notes\HMM_regime_options\data\raw\spy_historical_options_2020-01-29.json.gz,326.62,True,,SPY200228C00327000,SPY200228P00327000,2020-02-28,30.0,327.0,5.48,5.52,5.5,0.0072727272727271175,5.3,5.35,5.324999999999999,0.009389671361502315,0.03314248974343273
2020-01-30,C:\Users\avazq\OneDrive\Escritorio\cienciadatos\portafolio\quant-research-notes\HMM_regime_options\data\raw\spy_historical_options_2020-01-30.json.gz,327.68,True,,SPY200228C00327500,SPY200228P00327500,2020-02-28,29.0,327.5,5.8,5.85,5.824999999999999,0.008583690987124434,4.37,4.42,4.395,0.011376564277588128,0.031188964843749997
2020-01-31,C:\Users\avazq\OneDrive\Escritorio\cienciadatos\portafolio\quant-research-notes\HMM_regime_options\data\raw\spy_historical_options_2020-01-31.json.gz,321.73,True,,SPY200302C00322000,SPY200302P00322000,2020-03-02,31.0,322.0,6.29,6.37,6.33,0.012638230647709331,5.75,5.83,5.79,0.013816925734024191,0.037671339321791564
2020-02-03,C:\Users\avazq\OneDrive\Escritorio\cienciadatos\portafolio\quant-research-notes\HMM_regime_options\data\raw\spy_historical_options_2020-02-03.json.gz,324.12,True,,SPY200304C00324000,SPY200304P00324000,2020-03-04,30.0,324.0,6.15,6.2,6.175000000000001,0.008097165991902805,5.84,5.87,5.855,0.005123825789923184,0.03711588300629397
2020-02-04,C:\Users\avazq\OneDrive\Escritorio\cienciadatos\portafolio\quant-research-notes\HMM_regime_options\data\raw\spy_historical_options_2020-02-04.json.gz,329.06,True,,SPY200304C00329000,SPY200304P00329000,2020-03-04,29.0,329.0,5.5,5.54,5.52,0.00724637681159421,4.89,4.94,4.915,0.010172939979654265,0.031711541968030145
2020-02-05,C:\Users\avazq\OneDrive\Escritorio\cienciadatos\portafolio\quant-research-notes\HMM_regime_options\data\raw\spy_historical_options_2020-02-05.json.gz,332.86,True,,SPY200306C00333000,SPY200306P00333000,2020-03-06,30.0,333.0,5.22,5.25,5.234999999999999,0.005730659025788014,4.67,4.7,4.6850000000000005,0.006403415154749252,0.02980231929339662
2020-02-06,C:\Users\avazq\OneDrive\Escritorio\cienciadatos\portafolio\quant-research-notes\HMM_regime_options\data\raw\spy_historical_options_2020-02-06.json.gz,333.98,True,,SPY200306C00334000,SPY200306P00334000,2020-03-06,29.0,334.0,4.82,4.85,4.835,0.006204756980351471,4.58,4.6,4.59,0.004357298474945441,0.0282202527097431
2020-02-07,C:\Users\avazq\OneDrive\Escritorio\cienciadatos\portafolio\quant-research-notes\HMM_regime_options\data\raw\spy_historical_options_2020-02-07.json.gz,332.2,True,,SPY200309C00332000,SPY200309P00332000,2020-03-09,31.0,332.0,5.36,5.41,5.385,0.00928505106778084,4.66,4.71,4.6850000000000005,0.010672358591248626,0.030313064419024687
2020-02-10,C:\Users\avazq\OneDrive\Escritorio\cienciadatos\portafolio\quant-research-notes\HMM_regime_options\data\raw\spy_historical_options_2020-02-10.json.gz,334.68,True,,SPY200311C00335000,SPY200311P00335000,2020-03-11,30.0,335.0,4.92,4.96,4.9399999999999995,0.008097165991902843,4.61,4.65,4.630000000000001,0.008639308855291582,0.028594478307637144
2020-02-11,C:\Users\avazq\OneDrive\Escritorio\cienciadatos\portafolio\quant-research-notes\HMM_regime_options\data\raw\spy_historical_options_2020-02-11.json.gz,335.26,True,,SPY200311C00335000,SPY200311P00335000,2020-03-11,29.0,335.0,5.16,5.19,5.175000000000001,0.005797101449275409,4.36,4.39,4.375,0.006857142857142711,0.028485354650122297
2020-02-12,C:\Users\avazq\OneDrive\Escritorio\cienciadatos\portafolio\quant-research-notes\HMM_regime_options\data\raw\spy_historical_options_2020-02-12.json.gz,337.42,True,,SPY200313C00337500,SPY200313P00337500,2020-03-13,30.0,337.5,4.57,4.6,4.585,0.006543075245365182,4.2,4.23,4.215,0.007117437722419988,0.026080256060695868
2020-02-13,C:\Users\avazq\OneDrive\Escritorio\cienciadatos\portafolio\quant-research-notes\HMM_regime_options\data\raw\spy_historical_options_2020-02-13.json.gz,337.06,True,,SPY200313C00337000,SPY200313P00337000,2020-03-13,29.0,337.0,4.83,4.85,4.84,0.004132231404958589,4.15,4.17,4.16,0.004807692307692205,0.02670147748175399
2020-02-14,C:\Users\avazq\OneDrive\Escritorio\cienciadatos\portafolio\quant-research-notes\HMM_regime_options\data\raw\spy_historical_options_2020-02-14.json.gz,337.6,True,,SPY200316C00338000,SPY200316P00338000,2020-03-16,31.0,338.0,4.35,4.39,4.369999999999999,0.009153318077803214,4.23,4.27,4.25,0.009411764705882153,0.025533175355450233
2020-02-18,C:\Users\avazq\OneDrive\Escritorio\cienciadatos\portafolio\quant-research-notes\HMM_regime_options\data\raw\spy_historical_options_2020-02-18.json.gz,336.73,True,,SPY200318C00337000,SPY200318P00337000,2020-03-18,29.0,337.0,4.58,4.61,4.595000000000001,0.006528835690968497,4.41,4.44,4.425000000000001,0.006779661016949208,0.02678704006177056
2020-02-19,C:\Users\avazq\OneDrive\Escritorio\cienciadatos\portafolio\quant-research-notes\HMM_regime_options\data\raw\spy_historical_options_2020-02-19.json.gz,338.34,True,,SPY200320C00338000,SPY200320P00338000,2020-03-20,30.0,338.0,4.95,4.98,4.965,0.006042296072507603,4.54,4.56,4.55,0.004395604395604302,0.028122598569486318
2020-02-20,C:\Users\avazq\OneDrive\Escritorio\cienciadatos\portafolio\quant-research-notes\HMM_regime_options\data\raw\spy_historical_options_2020-02-20.json.gz,336.95,True,,SPY200320C00337000,SPY200320P00337000,2020-03-20,29.0,337.0,4.83,4.87,4.85,0.008247422680412378,5.03,5.05,5.04,0.003968253968253884,0.029351535836177476
2020-02-21,C:\Users\avazq\OneDrive\Escritorio\cienciadatos\portafolio\quant-research-notes\HMM_regime_options\data\raw\spy_historical_options_2020-02-21.json.gz,333.48,True,,SPY200323C00333000,SPY200323P00333000,2020-03-23,31.0,333.0,5.88,5.95,5.915,0.011834319526627267,5.55,5.61,5.58,0.0107526881720431,0.03446983327335972
2020-02-24,C:\Users\avazq\OneDrive\Escritorio\cienciadatos\portafolio\quant-research-notes\HMM_regime_options\data\raw\spy_historical_options_2020-02-24.json.gz,322.42,True,,SPY200325C00322000,SPY200325P00322000,2020-03-25,30.0,322.0,7.71,7.81,7.76,0.012886597938144284,8.15,8.35,8.25,0.024242424242424156,0.049655728552819293
2020-02-25,C:\Users\avazq\OneDrive\Escritorio\cienciadatos\portafolio\quant-research-notes\HMM_regime_options\data\raw\spy_historical_options_2020-02-25.json.gz,312.65,True,,SPY200327C00312500,SPY200327P00312500,2020-03-27,31.0,312.5,8.92,9.05,8.985,0.014468558708959465,8.81,8.92,8.865,0.01240834743372808,0.057092595554134026
2020-02-26,C:\Users\avazq\OneDrive\Escritorio\cienciadatos\portafolio\quant-research-notes\HMM_regime_options\data\raw\spy_historical_options_2020-02-26.json.gz,311.5,True,,SPY200327C00311000,SPY200327P00311000,2020-03-27,30.0,311.0,8.36,8.43,8.395,0.008338296605122131,8.87,8.97,8.92,0.011210762331838724,0.05558587479935794
2020-02-27,C:\Users\avazq\OneDrive\Escritorio\cienciadatos\portafolio\quant-research-notes\HMM_regime_options\data\raw\spy_historical_options_2020-02-27.json.gz,297.51,True,,SPY200327C00297500,SPY200327P00297500,2020-03-27,29.0,297.5,11.0,11.51,11.254999999999999,0.045313194135939566,11.74,12.22,11.98,0.040066777963272154,0.07809821518604416
2020-02-28,C:\Users\avazq\OneDrive\Escritorio\cienciadatos\portafolio\quant-research-notes\HMM_regime_options\data\raw\spy_historical_options_2020-02-28.json.gz,296.26,True,,SPY200330C00296000,SPY200330P00296000,2020-03-30,31.0,296.0,12.92,13.22,13.07,0.02295332823259378,12.41,12.71,12.56,0.023885350318471395,0.08651184770134343
2020-03-02,C:\Users\avazq\OneDrive\Escritorio\cienciadatos\portafolio\quant-research-notes\HMM_regime_options\data\raw\spy_historical_options_2020-03-02.json.gz,309.09,True,,SPY200401C00309000,SPY200401P00309000,2020-04-01,30.0,309.0,8.89,9.05,8.97,0.01783723522853959,9.57,10.0,9.785,0.04394481349003574,0.06067811964152837
2020-03-03,C:\Users\avazq\OneDrive\Escritorio\cienciadatos\portafolio\quant-research-notes\HMM_regime_options\data\raw\spy_historical_options_2020-03-03.json.gz,300.24,True,,SPY200401C00300000,SPY200401P00300000,2020-04-01,29.0,300.0,11.26,11.47,11.365,0.018477782666080144,10.59,10.79,10.69,0.018709073900841842,0.07345790034638955
2020-03-04,C:\Users\avazq\OneDrive\Escritorio\cienciadatos\portafolio\quant-research-notes\HMM_regime_options\data\raw\spy_historical_options_2020-03-04.json.gz,312.86,True,,SPY200403C00313000,SPY200403P00313000,2020-04-03,30.0,313.0,8.05,8.19,8.120000000000001,0.017241379310344678,10.14,10.41,10.275,0.02627737226277368,0.058796266700760734
2020-03-05,C:\Users\avazq\OneDrive\Escritorio\cienciadatos\portafolio\quant-research-notes\HMM_regime_options\data\raw\spy_historical_options_2020-03-05.json.gz,302.46,True,,SPY200403C00302500,SPY200403P00302500,2020-04-03,29.0,302.5,10.76,10.89,10.825,0.012009237875288757,12.25,12.81,12.530000000000001,0.044692737430167634,0.07721682205911526
2020-03-06,C:\Users\avazq\OneDrive\Escritorio\cienciadatos\portafolio\quant-research-notes\HMM_regime_options\data\raw\spy_historical_options_2020-03-06.json.gz,297.46,True,,SPY200406C00297000,SPY200406P00297000,2020-04-06,31.0,297.0,11.47,11.68,11.575,0.018142548596112234,12.98,13.16,13.07,0.013771996939556214,0.08285147582868285
2020-03-09,C:\Users\avazq\OneDrive\Escritorio\cienciadatos\portafolio\quant-research-notes\HMM_regime_options\data\raw\spy_historical_options_2020-03-09.json.gz,274.23,True,,SPY200408C00274000,SPY200408P00274000,2020-04-08,30.0,274.0,14.58,14.93,14.754999999999999,0.023720772619451012,16.2,16.59,16.395,0.02378774016468439,0.11359078146081755
2020-03-10,C:\Users\avazq\OneDrive\Escritorio\cienciadatos\portafolio\quant-research-notes\HMM_regime_options\data\raw\spy_historical_options_2020-03-10.json.gz,288.42,True,,SPY200409C00288000,SPY200409P00288000,2020-04-09,30.0,288.0,13.17,13.38,13.275,0.015819209039548088,14.33,14.52,14.425,0.013171577123050225,0.0960404964981624
2020-03-11,C:\Users\avazq\OneDrive\Escritorio\cienciadatos\portafolio\quant-research-notes\HMM_regime_options\data\raw\spy_historical_options_2020-03-11.json.gz,274.36,True,,SPY200409C00274000,SPY200409P00274000,2020-04-09,29.0,274.0,14.71,14.92,14.815000000000001,0.014174822814714752,15.99,16.21,16.1,0.013664596273291965,0.1126804198862808
2020-03-12,C:\Users\avazq\OneDrive\Escritorio\cienciadatos\portafolio\quant-research-notes\HMM_regime_options\data\raw\spy_historical_options_2020-03-12.json.gz,248.11,True,,SPY200409C00248000,SPY200409P00248000,2020-04-09,28.0,248.0,18.94,19.22,19.08,0.014675052410901342,20.0,20.26,20.130000000000003,0.012916045702931025,0.15803474265446776
2020-03-13,C:\Users\avazq\OneDrive\Escritorio\cienciadatos\portafolio\quant-research-notes\HMM_regime_options\data\raw\spy_historical_options_2020-03-13.json.gz,269.32,True,,SPY200413C00269000,SPY200413P00269000,2020-04-13,31.0,269.0,15.85,16.31,16.08,0.0286069651741293,16.09,16.52,16.305,0.02637227844219563,0.12024728946977573
2020-03-16,C:\Users\avazq\OneDrive\Escritorio\cienciadatos\portafolio\quant-research-notes\HMM_regime_options\data\raw\spy_historical_options_2020-03-16.json.gz,239.85,True,,SPY200415C00240000,SPY200415P00240000,2020-04-15,30.0,240.0,21.92,22.53,22.225,0.027446569178852617,19.9,20.4,20.15,0.02481389578163772,0.1766729205753596
2020-03-17,C:\Users\avazq\OneDrive\Escritorio\cienciadatos\portafolio\quant-research-notes\HMM_regime_options\data\raw\spy_historical_options_2020-03-17.json.gz,252.8,True,,SPY200415C00253000,SPY200415P00253000,2020-04-15,29.0,253.0,17.58,18.01,17.795,0.024164091036808274,20.24,20.64,20.439999999999998,0.01956947162426625,0.15124604430379746
2020-03-18,C:\Users\avazq\OneDrive\Escritorio\cienciadatos\portafolio\quant-research-notes\HMM_regime_options\data\raw\spy_historical_options_2020-03-18.json.gz,240.0,True,,SPY200417C00240000,SPY200417P00240000,2020-04-17,30.0,240.0,19.33,19.76,19.545,0.022000511639805743,20.3,20.64,20.47,0.016609672691744008,0.16672916666666668
2020-03-19,C:\Users\avazq\OneDrive\Escritorio\cienciadatos\portafolio\quant-research-notes\HMM_regime_options\data\raw\spy_historical_options_2020-03-19.json.gz,240.51,True,,SPY200417C00241000,SPY200417P00241000,2020-04-17,29.0,241.0,17.06,17.32,17.189999999999998,0.015125072716695847,19.01,19.25,19.130000000000003,0.012545739675901642,0.15101243191551286
2020-03-20,C:\Users\avazq\OneDrive\Escritorio\cienciadatos\portafolio\quant-research-notes\HMM_regime_options\data\raw\spy_historical_options_2020-03-20.json.gz,228.8,True,,SPY200420C00229000,SPY200420P00229000,2020-04-20,31.0,229.0,15.66,16.1,15.88,0.027707808564231818,15.27,15.67,15.469999999999999,0.025856496444731765,0.13701923076923078
2020-03-23,C:\Users\avazq\OneDrive\Escritorio\cienciadatos\portafolio\quant-research-notes\HMM_regime_options\data\raw\spy_historical_options_2020-03-23.json.gz,222.95,True,,SPY200422C00223000,SPY200422P00223000,2020-04-22,30.0,223.0,13.28,13.54,13.41,0.019388516032811318,15.01,15.26,15.135,0.016518004625041296,0.12803319129849744
2020-03-24,C:\Users\avazq\OneDrive\Escritorio\cienciadatos\portafolio\quant-research-notes\HMM_regime_options\data\raw\spy_historical_options_2020-03-24.json.gz,243.15,True,,SPY200422C00243000,SPY200422P00243000,2020-04-22,29.0,243.0,14.67,14.93,14.8,0.01756756756756755,14.83,15.07,14.95,0.016053511705685634,0.12235245733086572
2020-03-25,C:\Users\avazq\OneDrive\Escritorio\cienciadatos\portafolio\quant-research-notes\HMM_regime_options\data\raw\spy_historical_options_2020-03-25.json.gz,246.79,True,,SPY200424C00247000,SPY200424P00247000,2020-04-24,30.0,247.0,16.31,16.64,16.475,0.020030349013657165,15.91,16.25,16.08,0.021144278606965168,0.13191377284330807
2020-03-26,C:\Users\avazq\OneDrive\Escritorio\cienciadatos\portafolio\quant-research-notes\HMM_regime_options\data\raw\spy_historical_options_2020-03-26.json.gz,261.2,True,,SPY200424C00261000,SPY200424P00261000,2020-04-24,29.0,261.0,15.6,15.9,15.75,0.019047619047619094,15.73,16.01,15.870000000000001,0.017643352236925085,0.12105666156202145
2020-03-27,C:\Users\avazq\OneDrive\Escritorio\cienciadatos\portafolio\quant-research-notes\HMM_regime_options\data\raw\spy_historical_options_2020-03-27.json.gz,253.42,True,,SPY200427C00252000,SPY200427P00252000,2020-04-27,31.0,252.0,17.21,17.4,17.305,0.010979485697775078,16.14,16.31,16.225,0.01047765793528494,0.1323099992107963
2020-03-30,C:\Users\avazq\OneDrive\Escritorio\cienciadatos\portafolio\quant-research-notes\HMM_regime_options\data\raw\spy_historical_options_2020-03-30.json.gz,261.65,True,,SPY200429C00262000,SPY200429P00262000,2020-04-29,30.0,262.0,13.99,14.16,14.075,0.012078152753108343,15.07,15.24,15.155000000000001,0.011217419993401511,0.11171412191859355
2020-03-31,C:\Users\avazq\OneDrive\Escritorio\cienciadatos\portafolio\quant-research-notes\HMM_regime_options\data\raw\spy_historical_options_2020-03-31.json.gz,257.75,True,,SPY200429C00258000,SPY200429P00258000,2020-04-29,29.0,258.0,12.35,12.53,12.44,0.014469453376205766,13.55,13.73,13.64,0.0131964809384164,0.10118331716779824
2020-04-01,C:\Users\avazq\OneDrive\Escritorio\cienciadatos\portafolio\quant-research-notes\HMM_regime_options\data\raw\spy_historical_options_2020-04-01.json.gz,246.15,True,,SPY200501C00246000,SPY200501P00246000,2020-05-01,30.0,246.0,14.62,14.77,14.695,0.01020755358965637,14.75,14.92,14.835,0.011459386585776873,0.11996749949217957
2020-04-02,C:\Users\avazq\OneDrive\Escritorio\cienciadatos\portafolio\quant-research-notes\HMM_regime_options\data\raw\spy_historical_options_2020-04-02.json.gz,251.83,True,,SPY200501C00252000,SPY200501P00252000,2020-05-01,29.0,252.0,13.36,13.49,13.425,0.009683426443203037,12.76,12.88,12.82,0.009360374414976676,0.10421713060397887
2020-04-03,C:\Users\avazq\OneDrive\Escritorio\cienciadatos\portafolio\quant-research-notes\HMM_regime_options\data\raw\spy_historical_options_2020-04-03.json.gz,248.19,True,,SPY200504C00248000,SPY200504P00248000,2020-05-04,31.0,248.0,12.41,12.55,12.48,0.011217948717948763,11.88,12.02,11.95,0.011715481171548017,0.09843265240340061
2020-04-06,C:\Users\avazq\OneDrive\Escritorio\cienciadatos\portafolio\quant-research-notes\HMM_regime_options\data\raw\spy_historical_options_2020-04-06.json.gz,264.86,True,,SPY200506C00265000,SPY200506P00265000,2020-05-06,30.0,265.0,11.63,11.78,11.705,0.012815036309269421,11.52,11.65,11.585,0.011221406991799807,0.08793324775353016
2020-04-07,C:\Users\avazq\OneDrive\Escritorio\cienciadatos\portafolio\quant-research-notes\HMM_regime_options\data\raw\spy_historical_options_2020-04-07.json.gz,265.13,True,,SPY200506C00265000,SPY200506P00265000,2020-05-06,29.0,265.0,11.61,11.82,11.715,0.017925736235595464,12.51,12.71,12.61,0.015860428231562338,0.09174744464979444
2020-04-08,C:\Users\avazq\OneDrive\Escritorio\cienciadatos\portafolio\quant-research-notes\HMM_regime_options\data\raw\spy_historical_options_2020-04-08.json.gz,274.03,True,,SPY200508C00274000,SPY200508P00274000,2020-05-08,30.0,274.0,11.81,11.94,11.875,0.010947368421052548,11.89,12.0,11.945,0.009208874005860145,0.08692478925665074
2020-04-09,C:\Users\avazq\OneDrive\Escritorio\cienciadatos\portafolio\quant-research-notes\HMM_regime_options\data\raw\spy_historical_options_2020-04-09.json.gz,278.2,True,,SPY200508C00278000,SPY200508P00278000,2020-05-08,29.0,278.0,11.71,11.84,11.775,0.011040339702760001,11.45,11.57,11.51,0.01042571676802789,0.08369877785765636
2020-04-13,C:\Users\avazq\OneDrive\Escritorio\cienciadatos\portafolio\quant-research-notes\HMM_regime_options\data\raw\spy_historical_options_2020-04-13.json.gz,275.66,True,,SPY200513C00276000,SPY200513P00276000,2020-05-13,30.0,276.0,11.37,11.5,11.434999999999999,0.011368605159597795,11.79,11.92,11.855,0.01096583719949395,0.08448813756076325
2020-04-14,C:\Users\avazq\OneDrive\Escritorio\cienciadatos\portafolio\quant-research-notes\HMM_regime_options\data\raw\spy_historical_options_2020-04-14.json.gz,283.79,True,,SPY200513C00284000,SPY200513P00284000,2020-05-13,29.0,284.0,10.57,10.65,10.61,0.007540056550424135,10.56,10.64,10.600000000000001,0.00754716981132076,0.07473836287395609
2020-04-15,C:\Users\avazq\OneDrive\Escritorio\cienciadatos\portafolio\quant-research-notes\HMM_regime_options\data\raw\spy_historical_options_2020-04-15.json.gz,277.76,True,,SPY200515C00278000,SPY200515P00278000,2020-05-15,30.0,278.0,11.29,11.36,11.325,0.0061810154525386565,11.68,11.72,11.7,0.003418803418803498,0.08289530529953917
2020-04-16,C:\Users\avazq\OneDrive\Escritorio\cienciadatos\portafolio\quant-research-notes\HMM_regime_options\data\raw\spy_historical_options_2020-04-16.json.gz,279.1,True,,SPY200515C00279000,SPY200515P00279000,2020-05-15,29.0,279.0,11.22,11.29,11.254999999999999,0.006219458018658242,11.14,11.19,11.165,0.004478280340349211,0.08032963095664634
2020-04-17,C:\Users\avazq\OneDrive\Escritorio\cienciadatos\portafolio\quant-research-notes\HMM_regime_options\data\raw\spy_historical_options_2020-04-17.json.gz,286.64,True,,SPY200518C00287000,SPY200518P00287000,2020-05-18,31.0,287.0,10.65,10.75,10.7,0.009345794392523333,10.79,10.89,10.84,0.009225092250922641,0.07514652525816355
2020-04-20,C:\Users\avazq\OneDrive\Escritorio\cienciadatos\portafolio\quant-research-notes\HMM_regime_options\data\raw\spy_historical_options_2020-04-20.json.gz,281.59,True,,SPY200520C00282000,SPY200520P00282000,2020-05-20,30.0,282.0,11.81,11.92,11.865,0.009270965023177365,12.26,12.37,12.315,0.008932196508323137,0.08586952661671225
2020-04-21,C:\Users\avazq\OneDrive\Escritorio\cienciadatos\portafolio\quant-research-notes\HMM_regime_options\data\raw\spy_historical_options_2020-04-21.json.gz,273.04,True,,SPY200520C00273000,SPY200520P00273000,2020-05-20,29.0,273.0,12.68,12.78,12.73,0.007855459544383318,12.35,12.46,12.405000000000001,0.008867392180572446,0.09205610899501904
2020-04-22,C:\Users\avazq\OneDrive\Escritorio\cienciadatos\portafolio\quant-research-notes\HMM_regime_options\data\raw\spy_historical_options_2020-04-22.json.gz,279.1,True,,SPY200522C00279000,SPY200522P00279000,2020-05-22,30.0,279.0,11.63,11.71,11.670000000000002,0.006855184233076269,12.01,12.09,12.05,0.006639004149377599,0.08498745969186672
2020-04-23,C:\Users\avazq\OneDrive\Escritorio\cienciadatos\portafolio\quant-research-notes\HMM_regime_options\data\raw\spy_historical_options_2020-04-23.json.gz,279.08,True,,SPY200522C00279000,SPY200522P00279000,2020-05-22,29.0,279.0,11.19,11.27,11.23,0.007123775601068572,11.44,11.52,11.48,0.0069686411149825845,0.08137451626773685
2020-04-24,C:\Users\avazq\OneDrive\Escritorio\cienciadatos\portafolio\quant-research-notes\HMM_regime_options\data\raw\spy_historical_options_2020-04-24.json.gz,282.97,True,,SPY200522C00283000,SPY200522P00283000,2020-05-22,28.0,283.0,9.63,9.7,9.665,0.00724262803931697,9.78,9.82,9.8,0.0040816326530613185,0.06878821076439198
2020-04-27,C:\Users\avazq\OneDrive\Escritorio\cienciadatos\portafolio\quant-research-notes\HMM_regime_options\data\raw\spy_historical_options_2020-04-27.json.gz,287.05,True,,SPY200527C00287000,SPY200527P00287000,2020-05-27,30.0,287.0,9.06,9.13,9.095,0.007696536558548684,8.96,9.03,8.995000000000001,0.007782101167315009,0.06302037972478663
2020-04-28,C:\Users\avazq\OneDrive\Escritorio\cienciadatos\portafolio\quant-research-notes\HMM_regime_options\data\raw\spy_historical_options_2020-04-28.json.gz,285.73,True,,SPY200527C00286000,SPY200527P00286000,2020-05-27,29.0,286.0,9.15,9.24,9.195,0.00978792822185969,9.07,9.16,9.115,0.00987383433900163,0.06408147551884646
2020-04-29,C:\Users\avazq\OneDrive\Escritorio\cienciadatos\portafolio\quant-research-notes\HMM_regime_options\data\raw\spy_historical_options_2020-04-29.json.gz,293.21,True,,SPY200529C00293000,SPY200529P00293000,2020-05-29,30.0,293.0,8.83,8.93,8.879999999999999,0.011261261261261223,8.52,8.61,8.565,0.010507880910682997,0.059496606527744626
2020-04-30,C:\Users\avazq\OneDrive\Escritorio\cienciadatos\portafolio\quant-research-notes\HMM_regime_options\data\raw\spy_historical_options_2020-04-30.json.gz,290.48,True,,SPY200529C00290000,SPY200529P00290000,2020-05-29,29.0,290.0,9.06,9.14,9.100000000000001,0.008791208791208798,9.63,9.7,9.665,0.00724262803931697,0.06459997245937758
2020-05-01,C:\Users\avazq\OneDrive\Escritorio\cienciadatos\portafolio\quant-research-notes\HMM_regime_options\data\raw\spy_historical_options_2020-05-01.json.gz,282.79,True,,SPY200601C00283000,SPY200601P00283000,2020-06-01,31.0,283.0,10.06,10.18,10.120000000000001,0.011857707509881344,10.54,10.65,10.594999999999999,0.010382255781028903,0.07325223664203118
2020-05-04,C:\Users\avazq\OneDrive\Escritorio\cienciadatos\portafolio\quant-research-notes\HMM_regime_options\data\raw\spy_historical_options_2020-05-04.json.gz,283.57,True,,SPY200603C00284000,SPY200603P00284000,2020-06-03,30.0,284.0,9.32,9.4,9.36,0.008547008547008555,10.39,10.47,10.43,0.0076701821668264695,0.06978876467891526
2020-05-05,C:\Users\avazq\OneDrive\Escritorio\cienciadatos\portafolio\quant-research-notes\HMM_regime_options\data\raw\spy_historical_options_2020-05-05.json.gz,286.19,True,,SPY200603C00286000,SPY200603P00286000,2020-06-03,29.0,286.0,9.19,9.27,9.23,0.008667388949079096,9.27,9.35,9.309999999999999,0.008592910848549955,0.0647821377406618
2020-05-06,C:\Users\avazq\OneDrive\Escritorio\cienciadatos\portafolio\quant-research-notes\HMM_regime_options\data\raw\spy_historical_options_2020-05-06.json.gz,284.25,True,,SPY200605C00284000,SPY200605P00284000,2020-06-05,30.0,284.0,9.59,9.66,9.625,0.007272727272727302,9.83,9.9,9.865,0.007095793208312244,0.06856640281442393
2020-05-07,C:\Users\avazq\OneDrive\Escritorio\cienciadatos\portafolio\quant-research-notes\HMM_regime_options\data\raw\spy_historical_options_2020-05-07.json.gz,287.68,True,,SPY200605C00288000,SPY200605P00288000,2020-06-05,29.0,288.0,8.82,8.88,8.850000000000001,0.006779661016949208,8.87,8.93,8.899999999999999,0.006741573033707922,0.06170050055617352
2020-05-08,C:\Users\avazq\OneDrive\Escritorio\cienciadatos\portafolio\quant-research-notes\HMM_regime_options\data\raw\spy_historical_options_2020-05-08.json.gz,292.44,True,,SPY200608C00292000,SPY200608P00292000,2020-06-08,31.0,292.0,8.33,8.39,8.36,0.0071770334928230265,7.52,7.58,7.55,0.007947019867549735,0.054404322254137605
2020-05-11,C:\Users\avazq\OneDrive\Escritorio\cienciadatos\portafolio\quant-research-notes\HMM_regime_options\data\raw\spy_historical_options_2020-05-11.json.gz,292.5,True,,SPY200610C00292000,SPY200610P00292000,2020-06-10,30.0,292.0,7.81,7.88,7.845,0.008922880815806283,7.69,7.75,7.720000000000001,0.00777202072538855,0.05321367521367522
2020-05-12,C:\Users\avazq\OneDrive\Escritorio\cienciadatos\portafolio\quant-research-notes\HMM_regime_options\data\raw\spy_historical_options_2020-05-12.json.gz,286.67,True,,SPY200610C00287000,SPY200610P00287000,2020-06-10,29.0,287.0,8.28,8.36,8.32,0.009615384615384623,9.48,9.56,9.52,0.008403361344537823,0.062231834513552166
2020-05-13,C:\Users\avazq\OneDrive\Escritorio\cienciadatos\portafolio\quant-research-notes\HMM_regime_options\data\raw\spy_historical_options_2020-05-13.json.gz,281.6,True,,SPY200612C00282000,SPY200612P00282000,2020-06-12,30.0,282.0,10.06,10.14,10.100000000000001,0.007920792079207926,9.8,9.88,9.84,0.008130081300813016,0.07080965909090908
2020-05-14,C:\Users\avazq\OneDrive\Escritorio\cienciadatos\portafolio\quant-research-notes\HMM_regime_options\data\raw\spy_historical_options_2020-05-14.json.gz,284.97,True,,SPY200612C00285000,SPY200612P00285000,2020-06-12,29.0,285.0,9.33,9.42,9.375,0.009599999999999985,9.02,9.1,9.059999999999999,0.008830022075055196,0.06469102010737972
2020-05-15,C:\Users\avazq\OneDrive\Escritorio\cienciadatos\portafolio\quant-research-notes\HMM_regime_options\data\raw\spy_historical_options_2020-05-15.json.gz,286.28,True,,SPY200615C00286000,SPY200615P00286000,2020-06-15,31.0,286.0,8.67,8.77,8.719999999999999,0.011467889908256841,9.05,9.15,9.100000000000001,0.010989010989010948,0.06224675143216432
2020-05-18,C:\Users\avazq\OneDrive\Escritorio\cienciadatos\portafolio\quant-research-notes\HMM_regime_options\data\raw\spy_historical_options_2020-05-18.json.gz,295.0,True,,SPY200617C00295000,SPY200617P00295000,2020-06-17,30.0,295.0,8.1,8.17,8.135,0.008604794099569796,8.26,8.33,8.295,0.008438818565400878,0.05569491525423729
2020-05-19,C:\Users\avazq\OneDrive\Escritorio\cienciadatos\portafolio\quant-research-notes\HMM_regime_options\data\raw\spy_historical_options_2020-05-19.json.gz,291.97,True,,SPY200617C00292000,SPY200617P00292000,2020-06-17,29.0,292.0,8.54,8.61,8.575,0.008163265306122483,8.33,8.4,8.365,0.008368200836820118,0.05801965955406376
2020-05-20,C:\Users\avazq\OneDrive\Escritorio\cienciadatos\portafolio\quant-research-notes\HMM_regime_options\data\raw\spy_historical_options_2020-05-20.json.gz,296.93,True,,SPY200619C00297000,SPY200619P00297000,2020-06-19,30.0,297.0,8.1,8.13,8.115,0.0036968576709798073,8.48,8.5,8.49,0.002355712603062376,0.05592227124238036
2020-05-21,C:\Users\avazq\OneDrive\Escritorio\cienciadatos\portafolio\quant-research-notes\HMM_regime_options\data\raw\spy_historical_options_2020-05-21.json.gz,294.88,True,,SPY200619C00295000,SPY200619P00295000,2020-06-19,29.0,295.0,7.93,7.95,7.9399999999999995,0.002518891687657489,9.01,9.04,9.024999999999999,0.0033240997229916193,0.057531877373846976
2020-05-22,C:\Users\avazq\OneDrive\Escritorio\cienciadatos\portafolio\quant-research-notes\HMM_regime_options\data\raw\spy_historical_options_2020-05-22.json.gz,295.44,True,,SPY200622C00295000,SPY200622P00295000,2020-06-22,31.0,295.0,8.18,8.27,8.225,0.010942249240121564,8.45,8.51,8.48,0.007075471698113266,0.05654278364473327
2020-05-26,C:\Users\avazq\OneDrive\Escritorio\cienciadatos\portafolio\quant-research-notes\HMM_regime_options\data\raw\spy_historical_options_2020-05-26.json.gz,299.08,True,,SPY200624C00299000,SPY200624P00299000,2020-06-24,29.0,299.0,7.55,7.62,7.585,0.009228740936058046,8.2,8.38,8.29,0.021712907117008625,0.053079443627123184
2020-05-27,C:\Users\avazq\OneDrive\Escritorio\cienciadatos\portafolio\quant-research-notes\HMM_regime_options\data\raw\spy_historical_options_2020-05-27.json.gz,303.53,True,,SPY200626C00304000,SPY200626P00304000,2020-06-26,30.0,304.0,7.12,7.19,7.155,0.009783368273934352,8.58,8.69,8.635,0.012738853503184648,0.05202121701314533
2020-05-28,C:\Users\avazq\OneDrive\Escritorio\cienciadatos\portafolio\quant-research-notes\HMM_regime_options\data\raw\spy_historical_options_2020-05-28.json.gz,302.97,True,,SPY200626C00303000,SPY200626P00303000,2020-06-26,29.0,303.0,8.0,8.08,8.04,0.009950248756218916,8.18,8.24,8.21,0.007308160779537209,0.0536356734990263
2020-05-29,C:\Users\avazq\OneDrive\Escritorio\cienciadatos\portafolio\quant-research-notes\HMM_regime_options\data\raw\spy_historical_options_2020-05-29.json.gz,304.32,True,,SPY200629C00304000,SPY200629P00304000,2020-06-29,31.0,304.0,7.92,8.04,7.9799999999999995,0.01503759398496231,7.94,8.02,7.98,0.010025062656641501,0.052444794952681395
2020-06-01,C:\Users\avazq\OneDrive\Escritorio\cienciadatos\portafolio\quant-research-notes\HMM_regime_options\data\raw\spy_historical_options_2020-06-01.json.gz,305.55,True,,SPY200701C00306000,SPY200701P00306000,2020-07-01,30.0,306.0,7.07,7.14,7.105,0.009852216748768388,8.9,9.02,8.96,0.013392857142857054,0.05257731958762887
2020-06-02,C:\Users\avazq\OneDrive\Escritorio\cienciadatos\portafolio\quant-research-notes\HMM_regime_options\data\raw\spy_historical_options_2020-06-02.json.gz,308.08,True,,SPY200702C00308000,SPY200702P00308000,2020-07-02,30.0,308.0,6.97,7.04,7.005,0.009992862241256286,8.38,8.47,8.425,0.010682492581602357,0.05008439366398338
2020-06-03,C:\Users\avazq\OneDrive\Escritorio\cienciadatos\portafolio\quant-research-notes\HMM_regime_options\data\raw\spy_historical_options_2020-06-03.json.gz,312.18,True,,SPY200702C00312000,SPY200702P00312000,2020-07-02,29.0,312.0,6.85,6.91,6.88,0.008720930232558212,7.94,8.03,7.984999999999999,0.011271133375078143,0.04761675956179127
2020-06-04,C:\Users\avazq\OneDrive\Escritorio\cienciadatos\portafolio\quant-research-notes\HMM_regime_options\data\raw\spy_historical_options_2020-06-04.json.gz,311.36,True,,SPY200702C00311000,SPY200702P00311000,2020-07-02,28.0,311.0,6.93,6.99,6.96,0.008620689655172485,7.79,7.86,7.825,0.008945686900958502,0.04748522610483042
2020-06-05,C:\Users\avazq\OneDrive\Escritorio\cienciadatos\portafolio\quant-research-notes\HMM_regime_options\data\raw\spy_historical_options_2020-06-05.json.gz,319.34,True,,SPY200706C00319000,SPY200706P00319000,2020-07-06,31.0,319.0,6.57,6.67,6.62,0.015105740181268828,7.67,7.83,7.75,0.020645161290322598,0.04499906056240998
2020-06-08,C:\Users\avazq\OneDrive\Escritorio\cienciadatos\portafolio\quant-research-notes\HMM_regime_options\data\raw\spy_historical_options_2020-06-08.json.gz,323.2,True,,SPY200708C00323000,SPY200708P00323000,2020-07-08,30.0,323.0,6.75,6.83,6.79,0.011782032400589112,8.41,8.51,8.46,0.011820330969267096,0.04718440594059406
2020-06-09,C:\Users\avazq\OneDrive\Escritorio\cienciadatos\portafolio\quant-research-notes\HMM_regime_options\data\raw\spy_historical_options_2020-06-09.json.gz,320.79,True,,SPY200708C00321000,SPY200708P00321000,2020-07-08,29.0,321.0,7.52,7.68,7.6,0.02105263157894739,8.52,8.67,8.594999999999999,0.017452006980802837,0.05048474079615948
2020-06-10,C:\Users\avazq\OneDrive\Escritorio\cienciadatos\portafolio\quant-research-notes\HMM_regime_options\data\raw\spy_historical_options_2020-06-10.json.gz,319.0,True,,SPY200710C00319000,SPY200710P00319000,2020-07-10,30.0,319.0,7.34,7.42,7.38,0.010840108401084021,9.15,9.32,9.235,0.018408229561450995,0.052084639498432596
2020-06-11,C:\Users\avazq\OneDrive\Escritorio\cienciadatos\portafolio\quant-research-notes\HMM_regime_options\data\raw\spy_historical_options_2020-06-11.json.gz,300.61,True,,SPY200710C00301000,SPY200710P00301000,2020-07-10,29.0,301.0,10.82,11.03,10.925,0.01922196796338664,12.03,12.17,12.1,0.011570247933884345,0.07659425834137254
2020-06-12,C:\Users\avazq\OneDrive\Escritorio\cienciadatos\portafolio\quant-research-notes\HMM_regime_options\data\raw\spy_historical_options_2020-06-12.json.gz,304.21,True,,SPY200713C00304000,SPY200713P00304000,2020-07-13,31.0,304.0,9.45,9.68,9.565,0.02404600104547835,10.75,11.49,11.120000000000001,0.06654676258992807,0.06799579238026364
2020-06-15,C:\Users\avazq\OneDrive\Escritorio\cienciadatos\portafolio\quant-research-notes\HMM_regime_options\data\raw\spy_historical_options_2020-06-15.json.gz,307.05,True,,SPY200715C00307000,SPY200715P00307000,2020-07-15,30.0,307.0,9.43,9.57,9.5,0.014736842105263218,10.49,10.73,10.61,0.022620169651272407,0.06549421918254356
2020-06-16,C:\Users\avazq\OneDrive\Escritorio\cienciadatos\portafolio\quant-research-notes\HMM_regime_options\data\raw\spy_historical_options_2020-06-16.json.gz,312.96,True,,SPY200715C00313000,SPY200715P00313000,2020-07-15,29.0,313.0,8.86,8.98,8.92,0.01345291479820639,10.43,11.0,10.715,0.05319645356976204,0.0627396472392638
2020-06-17,C:\Users\avazq\OneDrive\Escritorio\cienciadatos\portafolio\quant-research-notes\HMM_regime_options\data\raw\spy_historical_options_2020-06-17.json.gz,311.66,True,,SPY200717C00312000,SPY200717P00312000,2020-07-17,30.0,312.0,9.18,9.21,9.195,0.003262642740620026,10.52,10.57,10.545,0.004741583688952177,0.0633382532246679
2020-06-18,C:\Users\avazq\OneDrive\Escritorio\cienciadatos\portafolio\quant-research-notes\HMM_regime_options\data\raw\spy_historical_options_2020-06-18.json.gz,311.78,True,,SPY200717C00312000,SPY200717P00312000,2020-07-17,29.0,312.0,8.58,8.62,8.6,0.0046511627906975755,10.18,10.27,10.225,0.008801955990220035,0.060379113477452055
2020-06-19,C:\Users\avazq\OneDrive\Escritorio\cienciadatos\portafolio\quant-research-notes\HMM_regime_options\data\raw\spy_historical_options_2020-06-19.json.gz,308.64,True,,SPY200720C00309000,SPY200720P00309000,2020-07-20,31.0,309.0,9.0,9.07,9.035,0.007747648035417851,10.76,10.84,10.8,0.007407407407407414,0.06426581130119233
2020-06-22,C:\Users\avazq\OneDrive\Escritorio\cienciadatos\portafolio\quant-research-notes\HMM_regime_options\data\raw\spy_historical_options_2020-06-22.json.gz,310.62,True,,SPY200722C00311000,SPY200722P00311000,2020-07-22,30.0,311.0,9.12,9.17,9.145,0.005467468562055846,9.27,9.33,9.3,0.006451612903225859,0.0593812375249501
2020-06-23,C:\Users\avazq\OneDrive\Escritorio\cienciadatos\portafolio\quant-research-notes\HMM_regime_options\data\raw\spy_historical_options_2020-06-23.json.gz,312.05,False,no_same_strike_expiration_pair_27_33_dte,,,,,,,,,,,,,,
2020-06-24,C:\Users\avazq\OneDrive\Escritorio\cienciadatos\portafolio\quant-research-notes\HMM_regime_options\data\raw\spy_historical_options_2020-06-24.json.gz,304.09,True,,SPY200724C00304000,SPY200724P00304000,2020-07-24,30.0,304.0,10.4,10.5,10.45,0.009569377990430589,9.76,9.96,9.86,0.02028397565922932,0.0667894373376303
2020-06-25,C:\Users\avazq\OneDrive\Escritorio\cienciadatos\portafolio\quant-research-notes\HMM_regime_options\data\raw\spy_historical_options_2020-06-25.json.gz,307.35,True,,SPY200724C00307000,SPY200724P00307000,2020-07-24,29.0,307.0,9.68,9.73,9.705,0.005151983513652829,8.86,8.91,8.885,0.0056274620146314815,0.060484789328127536
2020-06-26,C:\Users\avazq\OneDrive\Escritorio\cienciadatos\portafolio\quant-research-notes\HMM_regime_options\data\raw\spy_historical_options_2020-06-26.json.gz,300.05,True,,SPY200727C00300000,SPY200727P00300000,2020-07-27,31.0,300.0,10.7,10.79,10.745,0.008375988832014878,9.44,9.53,9.485,0.009488666315234566,0.06742209631728044
2020-06-29,C:\Users\avazq\OneDrive\Escritorio\cienciadatos\portafolio\quant-research-notes\HMM_regime_options\data\raw\spy_historical_options_2020-06-29.json.gz,304.46,True,,SPY200729C00304000,SPY200729P00304000,2020-07-29,30.0,304.0,9.56,9.64,9.600000000000001,0.00833333333333334,8.91,8.98,8.945,0.007825600894354419,0.060911121329567115
2020-06-30,C:\Users\avazq\OneDrive\Escritorio\cienciadatos\portafolio\quant-research-notes\HMM_regime_options\data\raw\spy_historical_options_2020-06-30.json.gz,308.36,True,,SPY200729C00308000,SPY200729P00308000,2020-07-29,29.0,308.0,8.64,8.71,8.675,0.008069164265129715,8.34,8.41,8.375,0.008358208955223915,0.05529251524192502
2020-07-01,C:\Users\avazq\OneDrive\Escritorio\cienciadatos\portafolio\quant-research-notes\HMM_regime_options\data\raw\spy_historical_options_2020-07-01.json.gz,310.52,True,,SPY200731C00311000,SPY200731P00311000,2020-07-31,30.0,311.0,7.93,7.99,7.96,0.007537688442211117,8.54,8.6,8.57,0.007001166861143581,0.05323328610073426
2020-07-02,C:\Users\avazq\OneDrive\Escritorio\cienciadatos\portafolio\quant-research-notes\HMM_regime_options\data\raw\spy_historical_options_2020-07-02.json.gz,312.23,True,,SPY200731C00312000,SPY200731P00312000,2020-07-31,29.0,312.0,8.22,8.29,8.254999999999999,0.008479709267110662,7.58,7.65,7.615,0.00919238345370982,0.050827915318835466
2020-07-06,C:\Users\avazq\OneDrive\Escritorio\cienciadatos\portafolio\quant-research-notes\HMM_regime_options\data\raw\spy_historical_options_2020-07-06.json.gz,317.05,True,,SPY200805C00317000,SPY200805P00317000,2020-08-05,30.0,317.0,8.1,8.16,8.129999999999999,0.00738007380073807,8.14,8.19,8.165,0.00612369871402314,0.051395678914997626
2020-07-07,C:\Users\avazq\OneDrive\Escritorio\cienciadatos\portafolio\quant-research-notes\HMM_regime_options\data\raw\spy_historical_options_2020-07-07.json.gz,313.78,True,,SPY200805C00314000,SPY200805P00314000,2020-08-05,29.0,314.0,8.31,8.36,8.335,0.005998800239951881,8.62,8.67,8.645,0.005783689994216392,0.05411434763209893
2020-07-08,C:\Users\avazq\OneDrive\Escritorio\cienciadatos\portafolio\quant-research-notes\HMM_regime_options\data\raw\spy_historical_options_2020-07-08.json.gz,316.18,True,,SPY200807C00316000,SPY200807P00316000,2020-08-07,30.0,316.0,8.52,8.58,8.55,0.00701754385964918,8.24,8.29,8.265,0.0060496067755594594,0.05318173192485293
2020-07-09,C:\Users\avazq\OneDrive\Escritorio\cienciadatos\portafolio\quant-research-notes\HMM_regime_options\data\raw\spy_historical_options_2020-07-09.json.gz,314.38,True,,SPY200807C00314000,SPY200807P00314000,2020-08-07,29.0,314.0,8.84,8.89,8.865,0.005640157924421964,8.51,8.55,8.530000000000001,0.004689331770222851,0.05533112793434698
2020-07-10,C:\Users\avazq\OneDrive\Escritorio\cienciadatos\portafolio\quant-research-notes\HMM_regime_options\data\raw\spy_historical_options_2020-07-10.json.gz,317.59,True,,SPY200810C00318000,SPY200810P00318000,2020-08-10,31.0,318.0,8.08,8.14,8.11,0.007398273736128298,8.28,8.34,8.309999999999999,0.007220216606498256,0.05170187978210901
2020-07-13,C:\Users\avazq\OneDrive\Escritorio\cienciadatos\portafolio\quant-research-notes\HMM_regime_options\data\raw\spy_historical_options_2020-07-13.json.gz,314.84,True,,SPY200812C00315000,SPY200812P00315000,2020-08-12,30.0,315.0,9.23,9.3,9.265,0.007555315704263387,9.68,9.75,9.715,0.007205352547606823,0.06028458899758608
2020-07-14,C:\Users\avazq\OneDrive\Escritorio\cienciadatos\portafolio\quant-research-notes\HMM_regime_options\data\raw\spy_historical_options_2020-07-14.json.gz,318.92,True,,SPY200812C00319000,SPY200812P00319000,2020-08-12,29.0,319.0,8.28,8.35,8.315,0.008418520745640444,8.8,8.87,8.835,0.00792303338992626,0.05377524143985952
2020-07-15,C:\Users\avazq\OneDrive\Escritorio\cienciadatos\portafolio\quant-research-notes\HMM_regime_options\data\raw\spy_historical_options_2020-07-15.json.gz,321.85,True,,SPY200814C00322000,SPY200814P00322000,2020-08-14,30.0,322.0,8.3,8.34,8.32,0.004807692307692205,8.49,8.54,8.515,0.005871990604814907,0.05230697529905235
2020-07-16,C:\Users\avazq\OneDrive\Escritorio\cienciadatos\portafolio\quant-research-notes\HMM_regime_options\data\raw\spy_historical_options_2020-07-16.json.gz,320.79,True,,SPY200814C00321000,SPY200814P00321000,2020-08-14,29.0,321.0,7.47,7.52,7.494999999999999,0.006671114076050678,8.83,8.88,8.855,0.005646527385657901,0.05096792294024128
2020-07-17,C:\Users\avazq\OneDrive\Escritorio\cienciadatos\portafolio\quant-research-notes\HMM_regime_options\data\raw\spy_historical_options_2020-07-17.json.gz,321.72,True,,SPY200817C00322000,SPY200817P00322000,2020-08-17,31.0,322.0,7.64,7.7,7.67,0.007822685788787549,7.68,7.74,7.71,0.007782101167315239,0.04780554519457913
2020-07-20,C:\Users\avazq\OneDrive\Escritorio\cienciadatos\portafolio\quant-research-notes\HMM_regime_options\data\raw\spy_historical_options_2020-07-20.json.gz,324.32,True,,SPY200819C00324000,SPY200819P00324000,2020-08-19,30.0,324.0,7.6,7.66,7.63,0.007863695937090498,7.09,7.15,7.12,0.0084269662921349,0.04547977306364085
2020-07-21,C:\Users\avazq\OneDrive\Escritorio\cienciadatos\portafolio\quant-research-notes\HMM_regime_options\data\raw\spy_historical_options_2020-07-21.json.gz,325.01,True,,SPY200819C00325000,SPY200819P00325000,2020-08-19,29.0,325.0,7.47,7.53,7.5,0.008000000000000066,7.28,7.33,7.305,0.0068446269678302295,0.045552444540168
2020-07-22,C:\Users\avazq\OneDrive\Escritorio\cienciadatos\portafolio\quant-research-notes\HMM_regime_options\data\raw\spy_historical_options_2020-07-22.json.gz,326.86,True,,SPY200821C00327000,SPY200821P00327000,2020-08-21,30.0,327.0,7.07,7.1,7.085,0.004234297812279374,7.5,7.53,7.515000000000001,0.003992015968063905,0.0446674417181668
2020-07-23,C:\Users\avazq\OneDrive\Escritorio\cienciadatos\portafolio\quant-research-notes\HMM_regime_options\data\raw\spy_historical_options_2020-07-23.json.gz,322.96,True,,SPY200821C00323000,SPY200821P00323000,2020-08-21,29.0,323.0,7.34,7.37,7.355,0.004078857919782494,8.08,8.12,8.1,0.0049382716049381666,0.04785422343324251
2020-07-24,C:\Users\avazq\OneDrive\Escritorio\cienciadatos\portafolio\quant-research-notes\HMM_regime_options\data\raw\spy_historical_options_2020-07-24.json.gz,320.88,True,,SPY200824C00321000,SPY200824P00321000,2020-08-24,31.0,321.0,7.67,7.74,7.705,0.009085009733939038,7.76,7.83,7.795,0.008980115458627362,0.04830466217900773
2020-07-27,C:\Users\avazq\OneDrive\Escritorio\cienciadatos\portafolio\quant-research-notes\HMM_regime_options\data\raw\spy_historical_options_2020-07-27.json.gz,323.22,True,,SPY200826C00323000,SPY200826P00323000,2020-08-26,30.0,323.0,7.5,7.54,7.52,0.005319148936170218,7.23,7.28,7.255000000000001,0.006891798759476198,0.04571189901614999
2020-07-28,C:\Users\avazq\OneDrive\Escritorio\cienciadatos\portafolio\quant-research-notes\HMM_regime_options\data\raw\spy_historical_options_2020-07-28.json.gz,321.17,True,,SPY200826C00321000,SPY200826P00321000,2020-08-26,29.0,321.0,7.56,7.61,7.585,0.0065919578114701,7.44,7.49,7.465,0.006697923643670439,0.04685991842326494
2020-07-29,C:\Users\avazq\OneDrive\Escritorio\cienciadatos\portafolio\quant-research-notes\HMM_regime_options\data\raw\spy_historical_options_2020-07-29.json.gz,325.12,True,,SPY200828C00325000,SPY200828P00325000,2020-08-28,30.0,325.0,7.24,7.28,7.26,0.005509641873278242,7.3,7.34,7.32,0.005464480874316944,0.04484498031496063
2020-07-30,C:\Users\avazq\OneDrive\Escritorio\cienciadatos\portafolio\quant-research-notes\HMM_regime_options\data\raw\spy_historical_options_2020-07-30.json.gz,323.96,True,,SPY200828C00324000,SPY200828P00324000,2020-08-28,29.0,324.0,7.55,7.61,7.58,0.007915567282321965,7.44,7.49,7.465,0.006697923643670439,0.04644091863192987
2020-07-31,C:\Users\avazq\OneDrive\Escritorio\cienciadatos\portafolio\quant-research-notes\HMM_regime_options\data\raw\spy_historical_options_2020-07-31.json.gz,326.52,True,,SPY200831C00327000,SPY200831P00327000,2020-08-31,31.0,327.0,7.11,7.15,7.130000000000001,0.005610098176718097,7.35,7.4,7.375,0.006779661016949249,0.044423006247703054
2020-08-03,C:\Users\avazq\OneDrive\Escritorio\cienciadatos\portafolio\quant-research-notes\HMM_regime_options\data\raw\spy_historical_options_2020-08-03.json.gz,328.79,True,,SPY200902C00329000,SPY200902P00329000,2020-09-02,30.0,329.0,7.14,7.19,7.165,0.006978367062107566,7.44,7.5,7.470000000000001,0.008032128514056172,0.04451169439459838
2020-08-04,C:\Users\avazq\OneDrive\Escritorio\cienciadatos\portafolio\quant-research-notes\HMM_regime_options\data\raw\spy_historical_options_2020-08-04.json.gz,330.06,True,,SPY200902C00330000,SPY200902P00330000,2020-09-02,29.0,330.0,6.94,6.99,6.965,0.007178750897343837,7.04,7.08,7.0600000000000005,0.005665722379603404,0.042492274131976
2020-08-05,C:\Users\avazq\OneDrive\Escritorio\cienciadatos\portafolio\quant-research-notes\HMM_regime_options\data\raw\spy_historical_options_2020-08-05.json.gz,332.11,True,,SPY200904C00332000,SPY200904P00332000,2020-09-04,30.0,332.0,6.97,7.0,6.984999999999999,0.004294917680744488,6.95,6.98,6.965,0.004307250538406353,0.04200415524976664
2020-08-06,C:\Users\avazq\OneDrive\Escritorio\cienciadatos\portafolio\quant-research-notes\HMM_regime_options\data\raw\spy_historical_options_2020-08-06.json.gz,334.33,True,,SPY200904C00334000,SPY200904P00334000,2020-09-04,29.0,334.0,6.89,6.93,6.91,0.005788712011577429,6.4,6.43,6.415,0.0046765393608728546,0.0398558310651153
2020-08-07,C:\Users\avazq\OneDrive\Escritorio\cienciadatos\portafolio\quant-research-notes\HMM_regime_options\data\raw\spy_historical_options_2020-08-07.json.gz,334.57,True,,SPY200904C00335000,SPY200904P00335000,2020-09-04,28.0,335.0,6.14,6.16,6.15,0.0032520325203252783,6.6,6.64,6.619999999999999,0.006042296072507559,0.03816839525360911
2020-08-10,C:\Users\avazq\OneDrive\Escritorio\cienciadatos\portafolio\quant-research-notes\HMM_regime_options\data\raw\spy_historical_options_2020-08-10.json.gz,335.57,True,,SPY200909C00336000,SPY200909P00336000,2020-09-09,30.0,336.0,6.17,6.2,6.1850000000000005,0.004850444624090581,6.8,6.83,6.8149999999999995,0.004402054292002971,0.03874005423607593
2020-08-11,C:\Users\avazq\OneDrive\Escritorio\cienciadatos\portafolio\quant-research-notes\HMM_regime_options\data\raw\spy_historical_options_2020-08-11.json.gz,332.8,True,,SPY200909C00333000,SPY200909P00333000,2020-09-09,29.0,333.0,6.94,7.0,6.970000000000001,0.008608321377331363,7.27,7.32,7.295,0.006854009595613531,0.04286358173076923
2020-08-12,C:\Users\avazq\OneDrive\Escritorio\cienciadatos\portafolio\quant-research-notes\HMM_regime_options\data\raw\spy_historical_options_2020-08-12.json.gz,337.44,True,,SPY200911C00337000,SPY200911P00337000,2020-09-11,30.0,337.0,6.88,6.92,6.9,0.005797101449275368,6.59,6.64,6.615,0.007558578987150389,0.04005156472261736
2020-08-13,C:\Users\avazq\OneDrive\Escritorio\cienciadatos\portafolio\quant-research-notes\HMM_regime_options\data\raw\spy_historical_options_2020-08-13.json.gz,336.83,True,,SPY200911C00337000,SPY200911P00337000,2020-09-11,29.0,337.0,6.41,6.46,6.4350000000000005,0.007770007770007741,6.81,6.86,6.835,0.0073152889539137836,0.039396728319923996
2020-08-14,C:\Users\avazq\OneDrive\Escritorio\cienciadatos\portafolio\quant-research-notes\HMM_regime_options\data\raw\spy_historical_options_2020-08-14.json.gz,336.84,True,,SPY200914C00337000,SPY200914P00337000,2020-09-14,31.0,337.0,6.44,6.49,6.465,0.007733952049497266,6.77,6.82,6.795,0.007358351729212761,0.039365871036693985
2020-08-17,C:\Users\avazq\OneDrive\Escritorio\cienciadatos\portafolio\quant-research-notes\HMM_regime_options\data\raw\spy_historical_options_2020-08-17.json.gz,337.91,True,,SPY200916C00338000,SPY200916P00338000,2020-09-16,30.0,338.0,6.38,6.42,6.4,0.0062500000000000056,6.56,6.6,6.58,0.0060790273556231055,0.03841259506969311
2020-08-18,C:\Users\avazq\OneDrive\Escritorio\cienciadatos\portafolio\quant-research-notes\HMM_regime_options\data\raw\spy_historical_options_2020-08-18.json.gz,338.64,True,,SPY200916C00339000,SPY200916P00339000,2020-09-16,29.0,339.0,6.15,6.19,6.17,0.006482982171799033,6.47,6.51,6.49,0.006163328197226508,0.037384833451452874
2020-08-19,C:\Users\avazq\OneDrive\Escritorio\cienciadatos\portafolio\quant-research-notes\HMM_regime_options\data\raw\spy_historical_options_2020-08-19.json.gz,337.23,True,,SPY200918C00337000,SPY200918P00337000,2020-09-18,30.0,337.0,6.78,6.81,6.795,0.0044150110375275,7.25,7.29,7.27,0.005502063273727653,0.041707440026094944
2020-08-20,C:\Users\avazq\OneDrive\Escritorio\cienciadatos\portafolio\quant-research-notes\HMM_regime_options\data\raw\spy_historical_options_2020-08-20.json.gz,338.28,True,,SPY200918C00338000,SPY200918P00338000,2020-09-18,29.0,338.0,6.45,6.46,6.455,0.0015491866769945448,7.05,7.07,7.0600000000000005,0.002832861189801765,0.039952110677545234
2020-08-21,C:\Users\avazq\OneDrive\Escritorio\cienciadatos\portafolio\quant-research-notes\HMM_regime_options\data\raw\spy_historical_options_2020-08-21.json.gz,339.48,True,,SPY200921C00339000,SPY200921P00339000,2020-09-21,31.0,339.0,6.57,6.64,6.605,0.01059803179409529,6.75,6.82,6.785,0.010316875460574838,0.03944267703546601
2020-08-24,C:\Users\avazq\OneDrive\Escritorio\cienciadatos\portafolio\quant-research-notes\HMM_regime_options\data\raw\spy_historical_options_2020-08-24.json.gz,342.92,True,,SPY200923C00343000,SPY200923P00343000,2020-09-23,30.0,343.0,5.93,6.03,5.98,0.016722408026755942,7.04,7.16,7.1,0.01690140845070424,0.038143007115362185
2020-08-25,C:\Users\avazq\OneDrive\Escritorio\cienciadatos\portafolio\quant-research-notes\HMM_regime_options\data\raw\spy_historical_options_2020-08-25.json.gz,344.12,True,,SPY200923C00344000,SPY200923P00344000,2020-09-23,29.0,344.0,6.01,6.06,6.035,0.008285004142502042,6.7,6.81,6.755,0.016284233900814127,0.0371672672323608
2020-08-26,C:\Users\avazq\OneDrive\Escritorio\cienciadatos\portafolio\quant-research-notes\HMM_regime_options\data\raw\spy_historical_options_2020-08-26.json.gz,347.57,True,,SPY200925C00348000,SPY200925P00348000,2020-09-25,30.0,348.0,6.28,6.34,6.3100000000000005,0.009508716323296293,7.65,7.69,7.67,0.005215123859191661,0.04022211353108727
2020-08-27,C:\Users\avazq\OneDrive\Escritorio\cienciadatos\portafolio\quant-research-notes\HMM_regime_options\data\raw\spy_historical_options_2020-08-27.json.gz,348.33,True,,SPY200925C00348000,SPY200925P00348000,2020-09-25,29.0,348.0,7.07,7.11,7.09,0.0056417489421720785,7.41,7.49,7.45,0.010738255033557057,0.041742026239485544
2020-08-28,C:\Users\avazq\OneDrive\Escritorio\cienciadatos\portafolio\quant-research-notes\HMM_regime_options\data\raw\spy_historical_options_2020-08-28.json.gz,350.58,True,,SPY200928C00350000,SPY200928P00350000,2020-09-28,31.0,350.0,6.63,6.71,6.67,0.01199400299850076,7.15,7.28,7.215,0.018018018018018004,0.039605796109304585
2020-08-31,C:\Users\avazq\OneDrive\Escritorio\cienciadatos\portafolio\quant-research-notes\HMM_regime_options\data\raw\spy_historical_options_2020-08-31.json.gz,349.31,True,,SPY200930C00349000,SPY200930P00349000,2020-09-30,30.0,349.0,7.63,7.7,7.665,0.009132420091324239,7.94,8.0,7.970000000000001,0.0075282308657465,0.04475966906186482
2020-09-01,C:\Users\avazq\OneDrive\Escritorio\cienciadatos\portafolio\quant-research-notes\HMM_regime_options\data\raw\spy_historical_options_2020-09-01.json.gz,352.6,True,,SPY200930C00353000,SPY200930P00353000,2020-09-30,29.0,353.0,6.74,6.79,6.765000000000001,0.007390983000739071,8.33,8.39,8.36,0.0071770334928230265,0.04289563244469654
2020-09-02,C:\Users\avazq\OneDrive\Escritorio\cienciadatos\portafolio\quant-research-notes\HMM_regime_options\data\raw\spy_historical_options_2020-09-02.json.gz,357.7,True,,SPY201002C00358000,SPY201002P00358000,2020-10-02,30.0,358.0,7.52,7.6,7.56,0.010582010582010592,8.84,8.93,8.885,0.010129431626336506,0.04597428012300811
2020-09-03,C:\Users\avazq\OneDrive\Escritorio\cienciadatos\portafolio\quant-research-notes\HMM_regime_options\data\raw\spy_historical_options_2020-09-03.json.gz,345.39,True,,SPY201002C00345000,SPY201002P00345000,2020-10-02,29.0,345.0,9.91,10.04,9.975,0.013032581453633986,9.63,9.76,9.695,0.013408973697782258,0.056950114363473185
2020-09-04,C:\Users\avazq\OneDrive\Escritorio\cienciadatos\portafolio\quant-research-notes\HMM_regime_options\data\raw\spy_historical_options_2020-09-04.json.gz,342.57,True,,SPY201005C00343000,SPY201005P00343000,2020-10-05,31.0,343.0,8.24,8.43,8.335,0.022795440911817573,10.01,10.28,10.145,0.026614095613602718,0.05394517908748577
2020-09-08,C:\Users\avazq\OneDrive\Escritorio\cienciadatos\portafolio\quant-research-notes\HMM_regime_options\data\raw\spy_historical_options_2020-09-08.json.gz,333.21,True,,SPY201009C00333000,SPY201009P00333000,2020-10-09,31.0,333.0,9.53,9.71,9.620000000000001,0.018711018711018865,10.22,10.33,10.275,0.010705596107055905,0.05970709162390086
2020-09-09,C:\Users\avazq\OneDrive\Escritorio\cienciadatos\portafolio\quant-research-notes\HMM_regime_options\data\raw\spy_historical_options_2020-09-09.json.gz,339.79,True,,SPY201009C00340000,SPY201009P00340000,2020-10-09,30.0,340.0,8.26,8.36,8.309999999999999,0.012033694344163617,9.85,10.03,9.94,0.018108651911468786,0.05370964419200094
2020-09-10,C:\Users\avazq\OneDrive\Escritorio\cienciadatos\portafolio\quant-research-notes\HMM_regime_options\data\raw\spy_historical_options_2020-09-10.json.gz,333.89,True,,SPY201009C00334000,SPY201009P00334000,2020-10-09,29.0,334.0,8.63,8.75,8.690000000000001,0.013808975834292197,9.73,9.85,9.79,0.012257405515832404,0.05534756955883675
2020-09-11,C:\Users\avazq\OneDrive\Escritorio\cienciadatos\portafolio\quant-research-notes\HMM_regime_options\data\raw\spy_historical_options_2020-09-11.json.gz,334.06,True,,SPY201012C00334000,SPY201012P00334000,2020-10-12,31.0,334.0,7.68,7.81,7.744999999999999,0.01678502259522271,9.49,9.65,9.57,0.016718913270637424,0.051832006226426384
2020-09-14,C:\Users\avazq\OneDrive\Escritorio\cienciadatos\portafolio\quant-research-notes\HMM_regime_options\data\raw\spy_historical_options_2020-09-14.json.gz,338.46,True,,SPY201014C00338000,SPY201014P00338000,2020-10-14,30.0,338.0,7.94,8.03,7.984999999999999,0.011271133375078143,8.48,8.55,8.515,0.008220786846741077,0.04875022159191633
2020-09-15,C:\Users\avazq\OneDrive\Escritorio\cienciadatos\portafolio\quant-research-notes\HMM_regime_options\data\raw\spy_historical_options_2020-09-15.json.gz,340.17,True,,SPY201014C00340000,SPY201014P00340000,2020-10-14,29.0,340.0,7.61,7.69,7.65,0.010457516339869289,8.26,8.37,8.315,0.013229104028863433,0.04693241614486874
2020-09-16,C:\Users\avazq\OneDrive\Escritorio\cienciadatos\portafolio\quant-research-notes\HMM_regime_options\data\raw\spy_historical_options_2020-09-16.json.gz,338.82,True,,SPY201016C00339000,SPY201016P00339000,2020-10-16,30.0,339.0,7.47,7.51,7.49,0.005340453938584784,8.92,8.99,8.955,0.007816862088218903,0.04853609586210968
2020-09-17,C:\Users\avazq\OneDrive\Escritorio\cienciadatos\portafolio\quant-research-notes\HMM_regime_options\data\raw\spy_historical_options_2020-09-17.json.gz,335.84,True,,SPY201016C00336000,SPY201016P00336000,2020-10-16,29.0,336.0,7.61,7.65,7.630000000000001,0.005242463958060293,8.71,8.75,8.73,0.004581901489117886,0.04871367317770367
2020-09-18,C:\Users\avazq\OneDrive\Escritorio\cienciadatos\portafolio\quant-research-notes\HMM_regime_options\data\raw\spy_historical_options_2020-09-18.json.gz,330.65,True,,SPY201019C00331000,SPY201019P00331000,2020-10-19,31.0,331.0,8.15,8.24,8.195,0.01098230628431969,8.36,8.45,8.405,0.010707911957168336,0.050204143353999704
2020-09-21,C:\Users\avazq\OneDrive\Escritorio\cienciadatos\portafolio\quant-research-notes\HMM_regime_options\data\raw\spy_historical_options_2020-09-21.json.gz,326.97,True,,SPY201021C00325000,SPY201021P00325000,2020-10-21,30.0,325.0,10.26,10.39,10.325,0.012590799031477074,7.78,7.86,7.82,0.010230179028133002,0.05549438786433006
2020-09-22,C:\Users\avazq\OneDrive\Escritorio\cienciadatos\portafolio\quant-research-notes\HMM_regime_options\data\raw\spy_historical_options_2020-09-22.json.gz,330.3,True,,SPY201021C00330000,SPY201021P00330000,2020-10-21,29.0,330.0,8.45,8.56,8.504999999999999,0.012933568489124189,8.33,8.38,8.355,0.005984440454817559,0.05104450499545867
2020-09-23,C:\Users\avazq\OneDrive\Escritorio\cienciadatos\portafolio\quant-research-notes\HMM_regime_options\data\raw\spy_historical_options_2020-09-23.json.gz,322.64,True,,SPY201023C00323000,SPY201023P00323000,2020-10-23,30.0,323.0,9.15,9.22,9.185,0.007621121393576514,9.36,9.42,9.39,0.006389776357827529,0.05757190676915449
2020-09-24,C:\Users\avazq\OneDrive\Escritorio\cienciadatos\portafolio\quant-research-notes\HMM_regime_options\data\raw\spy_historical_options_2020-09-24.json.gz,323.5,True,,SPY201023C00323000,SPY201023P00323000,2020-10-23,29.0,323.0,9.47,9.53,9.5,0.006315789473684076,8.59,8.64,8.615,0.0058038305281486605,0.05599690880989181
2020-09-25,C:\Users\avazq\OneDrive\Escritorio\cienciadatos\portafolio\quant-research-notes\HMM_regime_options\data\raw\spy_historical_options_2020-09-25.json.gz,328.73,True,,SPY201026C00329000,SPY201026P00329000,2020-10-26,31.0,329.0,8.25,8.41,8.33,0.019207683073229308,8.52,8.68,8.6,0.018604651162790715,0.051501232014114925
2020-09-28,C:\Users\avazq\OneDrive\Escritorio\cienciadatos\portafolio\quant-research-notes\HMM_regime_options\data\raw\spy_historical_options_2020-09-28.json.gz,334.19,True,,SPY201028C00334000,SPY201028P00334000,2020-10-28,30.0,334.0,8.72,8.83,8.775,0.01253561253561247,8.43,8.49,8.46,0.007092198581560342,0.051572458780933
2020-09-29,C:\Users\avazq\OneDrive\Escritorio\cienciadatos\portafolio\quant-research-notes\HMM_regime_options\data\raw\spy_historical_options_2020-09-29.json.gz,332.37,True,,SPY201028C00332000,SPY201028P00332000,2020-10-28,29.0,332.0,9.26,9.39,9.325,0.013941018766756116,8.13,8.19,8.16,0.007352941176470431,0.05260703432921142
2020-09-30,C:\Users\avazq\OneDrive\Escritorio\cienciadatos\portafolio\quant-research-notes\HMM_regime_options\data\raw\spy_historical_options_2020-09-30.json.gz,334.89,True,,SPY201030C00335000,SPY201030P00335000,2020-10-30,30.0,335.0,8.08,8.15,8.115,0.008626001232285924,9.34,9.42,9.379999999999999,0.008528784648187642,0.052241034369494455
2020-10-01,C:\Users\avazq\OneDrive\Escritorio\cienciadatos\portafolio\quant-research-notes\HMM_regime_options\data\raw\spy_historical_options_2020-10-01.json.gz,337.04,True,,SPY201030C00337000,SPY201030P00337000,2020-10-30,29.0,337.0,8.81,8.87,8.84,0.006787330316741937,8.7,8.75,8.725,0.005730659025788047,0.052115475907904094
2020-10-02,C:\Users\avazq\OneDrive\Escritorio\cienciadatos\portafolio\quant-research-notes\HMM_regime_options\data\raw\spy_historical_options_2020-10-02.json.gz,333.84,True,,SPY201102C00334000,SPY201102P00334000,2020-11-02,31.0,334.0,8.99,9.06,9.025,0.007756232686980641,9.1,9.18,9.14,0.008752735229759306,0.054412293314162474
2020-10-05,C:\Users\avazq\OneDrive\Escritorio\cienciadatos\portafolio\quant-research-notes\HMM_regime_options\data\raw\spy_historical_options_2020-10-05.json.gz,339.76,True,,SPY201104C00340000,SPY201104P00340000,2020-11-04,30.0,340.0,9.33,9.48,9.405000000000001,0.015948963317384407,9.86,10.0,9.93,0.014098690835851014,0.056907817282787855
2020-10-06,C:\Users\avazq\OneDrive\Escritorio\cienciadatos\portafolio\quant-research-notes\HMM_regime_options\data\raw\spy_historical_options_2020-10-06.json.gz,334.93,True,,SPY201104C00335000,SPY201104P00335000,2020-11-04,29.0,335.0,9.82,10.06,9.940000000000001,0.02414486921529177,9.63,9.87,9.75,0.024615384615384456,0.05878840354700982
2020-10-07,C:\Users\avazq\OneDrive\Escritorio\cienciadatos\portafolio\quant-research-notes\HMM_regime_options\data\raw\spy_historical_options_2020-10-07.json.gz,340.76,True,,SPY201106C00341000,SPY201106P00341000,2020-11-06,30.0,341.0,9.57,9.7,9.635,0.013492475350285315,9.92,10.06,9.99,0.014014014014014071,0.05759185350393239
2020-10-08,C:\Users\avazq\OneDrive\Escritorio\cienciadatos\portafolio\quant-research-notes\HMM_regime_options\data\raw\spy_historical_options_2020-10-08.json.gz,343.78,True,,SPY201106C00344000,SPY201106P00344000,2020-11-06,29.0,344.0,8.81,8.88,8.845,0.007914075749010771,9.17,9.25,9.21,0.008686210640608042,0.05251905288265752
2020-10-09,C:\Users\avazq\OneDrive\Escritorio\cienciadatos\portafolio\quant-research-notes\HMM_regime_options\data\raw\spy_historical_options_2020-10-09.json.gz,346.85,True,,SPY201109C00347000,SPY201109P00347000,2020-11-09,31.0,347.0,8.53,8.64,8.585,0.012813046010483541,8.55,8.67,8.61,0.013937282229965067,0.04957474412570275
2020-10-12,C:\Users\avazq\OneDrive\Escritorio\cienciadatos\portafolio\quant-research-notes\HMM_regime_options\data\raw\spy_historical_options_2020-10-12.json.gz,352.43,True,,SPY201111C00352000,SPY201111P00352000,2020-11-11,30.0,352.0,8.88,8.99,8.935,0.012311135982092828,8.35,8.44,8.395,0.010720667063728394,0.049172885395681404
2020-10-13,C:\Users\avazq\OneDrive\Escritorio\cienciadatos\portafolio\quant-research-notes\HMM_regime_options\data\raw\spy_historical_options_2020-10-13.json.gz,350.13,True,,SPY201111C00350000,SPY201111P00350000,2020-11-11,29.0,350.0,8.95,9.05,9.0,0.01111111111111127,8.72,8.8,8.760000000000002,0.009132420091324207,0.050724016793762323
2020-10-14,C:\Users\avazq\OneDrive\Escritorio\cienciadatos\portafolio\quant-research-notes\HMM_regime_options\data\raw\spy_historical_options_2020-10-14.json.gz,347.93,True,,SPY201113C00348000,SPY201113P00348000,2020-11-13,30.0,348.0,9.12,9.18,9.149999999999999,0.006557377049180383,9.16,9.21,9.185,0.005443658138268994,0.052697381657229904
2020-10-15,C:\Users\avazq\OneDrive\Escritorio\cienciadatos\portafolio\quant-research-notes\HMM_regime_options\data\raw\spy_historical_options_2020-10-15.json.gz,347.5,True,,SPY201113C00347500,SPY201113P00347500,2020-11-13,29.0,347.5,9.19,9.25,9.219999999999999,0.006507592190889425,9.1,9.17,9.135,0.007662835249042177,0.052820143884892076
2020-10-16,C:\Users\avazq\OneDrive\Escritorio\cienciadatos\portafolio\quant-research-notes\HMM_regime_options\data\raw\spy_historical_options_2020-10-16.json.gz,347.29,True,,SPY201116C00348000,SPY201116P00348000,2020-11-16,31.0,348.0,8.63,8.72,8.675,0.010374639769452432,9.96,10.05,10.005,0.008995502248875548,0.053787900601802524
2020-10-19,C:\Users\avazq\OneDrive\Escritorio\cienciadatos\portafolio\quant-research-notes\HMM_regime_options\data\raw\spy_historical_options_2020-10-19.json.gz,342.01,True,,SPY201118C00340000,SPY201118P00340000,2020-11-18,30.0,340.0,11.46,11.54,11.5,0.006956521739130287,9.1,9.18,9.14,0.008752735229759306,0.060349112599046816
2020-10-20,C:\Users\avazq\OneDrive\Escritorio\cienciadatos\portafolio\quant-research-notes\HMM_regime_options\data\raw\spy_historical_options_2020-10-20.json.gz,343.38,True,,SPY201118C00343000,SPY201118P00343000,2020-11-18,29.0,343.0,9.97,10.04,10.004999999999999,0.006996501749125289,9.99,10.06,10.025,0.0069825436408977835,0.05833187722057197
2020-10-21,C:\Users\avazq\OneDrive\Escritorio\cienciadatos\portafolio\quant-research-notes\HMM_regime_options\data\raw\spy_historical_options_2020-10-21.json.gz,342.73,True,,SPY201120C00342500,SPY201120P00342500,2020-11-20,30.0,342.5,10.44,10.48,10.46,0.0038240917782027648,9.72,9.75,9.735,0.0030816640986131858,0.058923934292300056
2020-10-22,C:\Users\avazq\OneDrive\Escritorio\cienciadatos\portafolio\quant-research-notes\HMM_regime_options\data\raw\spy_historical_options_2020-10-22.json.gz,344.61,True,,SPY201120C00345000,SPY201120P00345000,2020-11-20,29.0,345.0,9.32,9.34,9.33,0.002143622722400812,9.82,9.84,9.83,0.0020345879959307806,0.05559908302138649
2020-10-23,C:\Users\avazq\OneDrive\Escritorio\cienciadatos\portafolio\quant-research-notes\HMM_regime_options\data\raw\spy_historical_options_2020-10-23.json.gz,345.78,True,,SPY201123C00346000,SPY201123P00346000,2020-11-23,31.0,346.0,9.16,9.23,9.195,0.007612833061446469,9.87,9.94,9.905,0.0070671378091873086,0.055237434206721045
2020-10-26,C:\Users\avazq\OneDrive\Escritorio\cienciadatos\portafolio\quant-research-notes\HMM_regime_options\data\raw\spy_historical_options_2020-10-26.json.gz,339.39,True,,SPY201125C00340000,SPY201125P00340000,2020-11-25,30.0,340.0,10.84,10.96,10.9,0.011009174311926696,11.27,11.38,11.325,0.009713024282560814,0.06548513509531807
2020-10-27,C:\Users\avazq\OneDrive\Escritorio\cienciadatos\portafolio\quant-research-notes\HMM_regime_options\data\raw\spy_historical_options_2020-10-27.json.gz,338.22,True,,SPY201127C00338000,SPY201127P00338000,2020-11-27,31.0,338.0,11.46,11.54,11.5,0.006956521739130287,11.06,11.14,11.100000000000001,0.0072072072072072125,0.06682041274909822
2020-10-28,C:\Users\avazq\OneDrive\Escritorio\cienciadatos\portafolio\quant-research-notes\HMM_regime_options\data\raw\spy_historical_options_2020-10-28.json.gz,326.66,True,,SPY201127C00327000,SPY201127P00327000,2020-11-27,30.0,327.0,12.97,13.06,13.015,0.00691509796388781,13.47,13.59,13.530000000000001,0.008869179600886859,0.08126186248698954
2020-10-29,C:\Users\avazq\OneDrive\Escritorio\cienciadatos\portafolio\quant-research-notes\HMM_regime_options\data\raw\spy_historical_options_2020-10-29.json.gz,329.98,True,,SPY201127C00330000,SPY201127P00330000,2020-11-27,29.0,330.0,12.26,12.49,12.375,0.01858585858585862,11.53,11.78,11.655,0.02145002145002145,0.0728225953088066
2020-10-30,C:\Users\avazq\OneDrive\Escritorio\cienciadatos\portafolio\quant-research-notes\HMM_regime_options\data\raw\spy_historical_options_2020-10-30.json.gz,326.54,True,,SPY201130C00327000,SPY201130P00327000,2020-11-30,31.0,327.0,12.48,12.58,12.530000000000001,0.007980845969672756,12.25,12.37,12.309999999999999,0.009748172217709117,0.07607031297850186
2020-11-02,C:\Users\avazq\OneDrive\Escritorio\cienciadatos\portafolio\quant-research-notes\HMM_regime_options\data\raw\spy_historical_options_2020-11-02.json.gz,330.2,True,,SPY201202C00330000,SPY201202P00330000,2020-12-02,30.0,330.0,12.14,12.23,12.185,0.007386130488305281,11.56,11.65,11.605,0.00775527789745798,0.07204724409448819
2020-11-03,C:\Users\avazq\OneDrive\Escritorio\cienciadatos\portafolio\quant-research-notes\HMM_regime_options\data\raw\spy_historical_options_2020-11-03.json.gz,336.03,True,,SPY201202C00336000,SPY201202P00336000,2020-12-02,29.0,336.0,10.65,10.76,10.705,0.010275572162540816,11.41,11.52,11.465,0.009594417793283858,0.06597625212034641
2020-11-04,C:\Users\avazq\OneDrive\Escritorio\cienciadatos\portafolio\quant-research-notes\HMM_regime_options\data\raw\spy_historical_options_2020-11-04.json.gz,343.54,True,,SPY201204C00344000,SPY201204P00344000,2020-12-04,30.0,344.0,9.54,9.62,9.579999999999998,0.008350730688935291,9.87,9.96,9.915,0.009077155824508486,0.056747394772078935
2020-11-05,C:\Users\avazq\OneDrive\Escritorio\cienciadatos\portafolio\quant-research-notes\HMM_regime_options\data\raw\spy_historical_options_2020-11-05.json.gz,350.24,True,,SPY201204C00350000,SPY201204P00350000,2020-12-04,29.0,350.0,9.4,9.46,9.43,0.006362672322375451,8.96,9.01,8.985,0.005564830272676565,0.0525782320694381
2020-11-06,C:\Users\avazq\OneDrive\Escritorio\cienciadatos\portafolio\quant-research-notes\HMM_regime_options\data\raw\spy_historical_options_2020-11-06.json.gz,350.16,True,,SPY201207C00350000,SPY201207P00350000,2020-12-07,31.0,350.0,8.58,8.69,8.635,0.012738853503184648,8.31,8.42,8.365,0.013150029886431491,0.04854923463559515
2020-11-09,C:\Users\avazq\OneDrive\Escritorio\cienciadatos\portafolio\quant-research-notes\HMM_regime_options\data\raw\spy_historical_options_2020-11-09.json.gz,354.56,True,,SPY201209C00355000,SPY201209P00355000,2020-12-09,30.0,355.0,8.82,8.96,8.89,0.015748031496063054,8.18,8.31,8.245000000000001,0.015767131594906097,0.048327504512635386
2020-11-10,C:\Users\avazq\OneDrive\Escritorio\cienciadatos\portafolio\quant-research-notes\HMM_regime_options\data\raw\spy_historical_options_2020-11-10.json.gz,354.04,True,,SPY201209C00354000,SPY201209P00354000,2020-12-09,29.0,354.0,8.38,8.46,8.420000000000002,0.009501187648456064,7.7,7.78,7.74,0.010335917312661508,0.04564455993673032
2020-11-11,C:\Users\avazq\OneDrive\Escritorio\cienciadatos\portafolio\quant-research-notes\HMM_regime_options\data\raw\spy_historical_options_2020-11-11.json.gz,356.67,True,,SPY201211C00357000,SPY201211P00357000,2020-12-11,30.0,357.0,7.93,7.98,7.955,0.006285355122564514,7.65,7.7,7.675000000000001,0.006514657980456002,0.043822020354949955
2020-11-12,C:\Users\avazq\OneDrive\Escritorio\cienciadatos\portafolio\quant-research-notes\HMM_regime_options\data\raw\spy_historical_options_2020-11-12.json.gz,353.21,True,,SPY201211C00353000,SPY201211P00353000,2020-12-11,29.0,353.0,8.63,8.69,8.66,0.006928406466512554,7.85,7.91,7.88,0.007614213197969607,0.04682766626086464
2020-11-13,C:\Users\avazq\OneDrive\Escritorio\cienciadatos\portafolio\quant-research-notes\HMM_regime_options\data\raw\spy_historical_options_2020-11-13.json.gz,358.1,True,,SPY201214C00358000,SPY201214P00358000,2020-12-14,31.0,358.0,7.83,7.91,7.87,0.010165184243964431,7.53,7.62,7.575,0.011881188118811862,0.04313041049986037
2020-11-16,C:\Users\avazq\OneDrive\Escritorio\cienciadatos\portafolio\quant-research-notes\HMM_regime_options\data\raw\spy_historical_options_2020-11-16.json.gz,362.57,True,,SPY201216C00363000,SPY201216P00363000,2020-12-16,30.0,363.0,7.24,7.36,7.300000000000001,0.016438356164383574,7.65,7.78,7.715,0.016850291639662982,0.04141269272140553
2020-11-17,C:\Users\avazq\OneDrive\Escritorio\cienciadatos\portafolio\quant-research-notes\HMM_regime_options\data\raw\spy_historical_options_2020-11-17.json.gz,360.62,True,,SPY201216C00361000,SPY201216P00361000,2020-12-16,29.0,361.0,7.35,7.41,7.38,0.008130081300813075,7.55,7.6,7.574999999999999,0.006600660066006578,0.041470245687981806
2020-11-18,C:\Users\avazq\OneDrive\Escritorio\cienciadatos\portafolio\quant-research-notes\HMM_regime_options\data\raw\spy_historical_options_2020-11-18.json.gz,356.28,True,,SPY201218C00356000,SPY201218P00356000,2020-12-18,30.0,356.0,8.01,8.06,8.035,0.0062227753578096715,8.33,8.38,8.355,0.005984440454817559,0.04600314359492534
2020-11-19,C:\Users\avazq\OneDrive\Escritorio\cienciadatos\portafolio\quant-research-notes\HMM_regime_options\data\raw\spy_historical_options_2020-11-19.json.gz,357.78,True,,SPY201218C00358000,SPY201218P00358000,2020-12-18,29.0,358.0,7.3,7.33,7.3149999999999995,0.004101161995898872,8.13,8.17,8.15,0.004907975460122595,0.043224886801945334
2020-11-20,C:\Users\avazq\OneDrive\Escritorio\cienciadatos\portafolio\quant-research-notes\HMM_regime_options\data\raw\spy_historical_options_2020-11-20.json.gz,355.33,True,,SPY201221C00355000,SPY201221P00355000,2020-12-21,31.0,355.0,7.55,7.8,7.675,0.03257328990228013,8.4,8.51,8.455,0.013010053222944936,0.04539442208651113
2020-11-23,C:\Users\avazq\OneDrive\Escritorio\cienciadatos\portafolio\quant-research-notes\HMM_regime_options\data\raw\spy_historical_options_2020-11-23.json.gz,357.46,True,,SPY201223C00357000,SPY201223P00357000,2020-12-23,30.0,357.0,7.29,7.45,7.37,0.021709633649932177,7.83,7.92,7.875,0.011428571428571411,0.04264812846192582
2020-11-24,C:\Users\avazq\OneDrive\Escritorio\cienciadatos\portafolio\quant-research-notes\HMM_regime_options\data\raw\spy_historical_options_2020-11-24.json.gz,363.22,True,,SPY201224C00363000,SPY201224P00363000,2020-12-24,30.0,363.0,6.88,7.04,6.96,0.022988505747126457,7.67,7.72,7.695,0.006497725795971387,0.04034744782776279
2020-11-25,C:\Users\avazq\OneDrive\Escritorio\cienciadatos\portafolio\quant-research-notes\HMM_regime_options\data\raw\spy_historical_options_2020-11-25.json.gz,362.66,True,,SPY201224C00363000,SPY201224P00363000,2020-12-24,29.0,363.0,6.19,6.25,6.220000000000001,0.009646302250803795,7.75,7.8,7.775,0.006430868167202549,0.03858986378426074
2020-11-27,C:\Users\avazq\OneDrive\Escritorio\cienciadatos\portafolio\quant-research-notes\HMM_regime_options\data\raw\spy_historical_options_2020-11-27.json.gz,363.67,True,,SPY201228C00364000,SPY201228P00364000,2020-12-28,31.0,364.0,6.21,6.38,6.295,0.027005559968228742,7.71,7.84,7.775,0.016720257234726674,0.03868892127478208
2020-11-30,C:\Users\avazq\OneDrive\Escritorio\cienciadatos\portafolio\quant-research-notes\HMM_regime_options\data\raw\spy_historical_options_2020-11-30.json.gz,362.06,True,,SPY201230C00362000,SPY201230P00362000,2020-12-30,30.0,362.0,6.76,7.01,6.885,0.03631082062454612,7.17,7.25,7.21,0.011095700416088776,0.038930011600287244
2020-12-01,C:\Users\avazq\OneDrive\Escritorio\cienciadatos\portafolio\quant-research-notes\HMM_regime_options\data\raw\spy_historical_options_2020-12-01.json.gz,366.02,True,,SPY201231C00366000,SPY201231P00366000,2020-12-31,30.0,366.0,6.56,6.61,6.585,0.007593014426727519,7.74,7.79,7.765000000000001,0.006439150032195727,0.03920550789574341
2020-12-02,C:\Users\avazq\OneDrive\Escritorio\cienciadatos\portafolio\quant-research-notes\HMM_regime_options\data\raw\spy_historical_options_2020-12-02.json.gz,366.79,True,,SPY201231C00367000,SPY201231P00367000,2020-12-31,29.0,367.0,6.31,6.35,6.33,0.0063191153238546655,7.6,7.64,7.619999999999999,0.0052493438320210025,0.03803266174105073
2020-12-03,C:\Users\avazq\OneDrive\Escritorio\cienciadatos\portafolio\quant-research-notes\HMM_regime_options\data\raw\spy_historical_options_2020-12-03.json.gz,366.69,True,,SPY201231C00367000,SPY201231P00367000,2020-12-31,28.0,367.0,5.92,5.99,5.955,0.011754827875734725,7.61,7.68,7.645,0.009156311314584617,0.03708854891052388
2020-12-04,C:\Users\avazq\OneDrive\Escritorio\cienciadatos\portafolio\quant-research-notes\HMM_regime_options\data\raw\spy_historical_options_2020-12-04.json.gz,369.85,True,,SPY210104C00370000,SPY210104P00370000,2021-01-04,31.0,370.0,5.88,5.95,5.915,0.011834319526627267,7.6,7.66,7.63,0.007863695937090498,0.03662295525212924
2020-12-07,C:\Users\avazq\OneDrive\Escritorio\cienciadatos\portafolio\quant-research-notes\HMM_regime_options\data\raw\spy_historical_options_2020-12-07.json.gz,369.09,True,,SPY210106C00369000,SPY210106P00369000,2021-01-06,30.0,369.0,6.44,6.62,6.53,0.027565084226646202,7.93,8.1,8.015,0.021210230817217707,0.03940773253136092
2020-12-08,C:\Users\avazq\OneDrive\Escritorio\cienciadatos\portafolio\quant-research-notes\HMM_regime_options\data\raw\spy_historical_options_2020-12-08.json.gz,370.17,True,,SPY210106C00370000,SPY210106P00370000,2021-01-06,29.0,370.0,6.32,6.42,6.37,0.0156985871271585,7.3,7.39,7.345,0.012253233492171526,0.037050544344490365
2020-12-09,C:\Users\avazq\OneDrive\Escritorio\cienciadatos\portafolio\quant-research-notes\HMM_regime_options\data\raw\spy_historical_options_2020-12-09.json.gz,366.85,True,,SPY210108C00367000,SPY210108P00367000,2021-01-08,30.0,367.0,6.82,6.88,6.85,0.008759124087591184,8.34,8.41,8.375,0.008358208955223915,0.04150197628458498
2020-12-10,C:\Users\avazq\OneDrive\Escritorio\cienciadatos\portafolio\quant-research-notes\HMM_regime_options\data\raw\spy_historical_options_2020-12-10.json.gz,366.73,True,,SPY210108C00367000,SPY210108P00367000,2021-01-08,29.0,367.0,6.62,6.67,6.645,0.007524454477050388,8.22,8.3,8.260000000000002,0.009685230024213082,0.04064297984893518
2020-12-11,C:\Users\avazq\OneDrive\Escritorio\cienciadatos\portafolio\quant-research-notes\HMM_regime_options\data\raw\spy_historical_options_2020-12-11.json.gz,366.3,True,,SPY210111C00366000,SPY210111P00366000,2021-01-11,31.0,366.0,7.32,7.43,7.375,0.014915254237288058,8.26,8.35,8.305,0.01083684527393135,0.0428064428064428
2020-12-14,C:\Users\avazq\OneDrive\Escritorio\cienciadatos\portafolio\quant-research-notes\HMM_regime_options\data\raw\spy_historical_options_2020-12-14.json.gz,364.66,True,,SPY210113C00365000,SPY210113P00365000,2021-01-13,30.0,365.0,7.52,7.66,7.59,0.018445322793148956,8.61,8.73,8.67,0.013840830449827105,0.044589480612076994
2020-12-15,C:\Users\avazq\OneDrive\Escritorio\cienciadatos\portafolio\quant-research-notes\HMM_regime_options\data\raw\spy_historical_options_2020-12-15.json.gz,369.59,True,,SPY210113C00370000,SPY210113P00370000,2021-01-13,29.0,370.0,6.31,6.39,6.35,0.012598425196850406,8.17,8.24,8.205,0.008531383302864142,0.03938147677155767
2020-12-16,C:\Users\avazq\OneDrive\Escritorio\cienciadatos\portafolio\quant-research-notes\HMM_regime_options\data\raw\spy_historical_options_2020-12-16.json.gz,370.17,True,,SPY210115C00370000,SPY210115P00370000,2021-01-15,30.0,370.0,6.78,6.81,6.795,0.0044150110375275,7.86,7.88,7.87,0.0025412960609910514,0.039616932760623495
2020-12-17,C:\Users\avazq\OneDrive\Escritorio\cienciadatos\portafolio\quant-research-notes\HMM_regime_options\data\raw\spy_historical_options_2020-12-17.json.gz,372.24,True,,SPY210115C00372000,SPY210115P00372000,2021-01-15,29.0,372.0,6.57,6.59,6.58,0.0030395136778114855,7.38,7.4,7.390000000000001,0.0027063599458728633,0.037529550827423167
2020-12-18,C:\Users\avazq\OneDrive\Escritorio\cienciadatos\portafolio\quant-research-notes\HMM_regime_options\data\raw\spy_historical_options_2020-12-18.json.gz,369.18,True,,SPY210115C00369000,SPY210115P00369000,2021-01-15,28.0,369.0,7.89,7.92,7.904999999999999,0.003795066413662271,6.42,6.46,6.4399999999999995,0.006211180124223608,0.03885638441952435
2020-12-21,C:\Users\avazq\OneDrive\Escritorio\cienciadatos\portafolio\quant-research-notes\HMM_regime_options\data\raw\spy_historical_options_2020-12-21.json.gz,367.86,True,,SPY210120C00368000,SPY210120P00368000,2021-01-20,30.0,368.0,8.07,8.19,8.129999999999999,0.01476014760147592,8.13,8.25,8.190000000000001,0.014652014652014555,0.04436470396346436
2020-12-22,C:\Users\avazq\OneDrive\Escritorio\cienciadatos\portafolio\quant-research-notes\HMM_regime_options\data\raw\spy_historical_options_2020-12-22.json.gz,367.24,True,,SPY210122C00367000,SPY210122P00367000,2021-01-22,31.0,367.0,8.3,8.35,8.325,0.0060060060060058785,8.1,8.14,8.120000000000001,0.004926108374384349,0.04477998039429256
2020-12-23,C:\Users\avazq\OneDrive\Escritorio\cienciadatos\portafolio\quant-research-notes\HMM_regime_options\data\raw\spy_historical_options_2020-12-23.json.gz,367.57,True,,SPY210122C00367500,SPY210122P00367500,2021-01-22,30.0,367.5,7.55,7.6,7.574999999999999,0.006600660066006578,7.63,7.69,7.66,0.007832898172323825,0.04144788747721522
2020-12-24,C:\Users\avazq\OneDrive\Escritorio\cienciadatos\portafolio\quant-research-notes\HMM_regime_options\data\raw\spy_historical_options_2020-12-24.json.gz,369.0,True,,SPY210122C00369000,SPY210122P00369000,2021-01-22,29.0,369.0,6.87,6.94,6.905,0.010137581462708224,6.91,7.01,6.96,0.014367816091953972,0.03757452574525745
2020-12-28,C:\Users\avazq\OneDrive\Escritorio\cienciadatos\portafolio\quant-research-notes\HMM_regime_options\data\raw\spy_historical_options_2020-12-28.json.gz,372.17,True,,SPY210127C00372000,SPY210127P00372000,2021-01-27,30.0,372.0,7.29,7.39,7.34,0.013623978201634829,6.83,6.91,6.87,0.011644832605531306,0.038181476207109655
2020-12-29,C:\Users\avazq\OneDrive\Escritorio\cienciadatos\portafolio\quant-research-notes\HMM_regime_options\data\raw\spy_historical_options_2020-12-29.json.gz,371.46,True,,SPY210129C00371000,SPY210129P00371000,2021-01-29,31.0,371.0,8.23,8.28,8.254999999999999,0.00605693519079333,7.61,7.65,7.630000000000001,0.005242463958060293,0.04276368922629624
2020-12-30,C:\Users\avazq\OneDrive\Escritorio\cienciadatos\portafolio\quant-research-notes\HMM_regime_options\data\raw\spy_historical_options_2020-12-30.json.gz,371.99,True,,SPY210129C00372000,SPY210129P00372000,2021-01-29,30.0,372.0,7.52,7.57,7.545,0.00662690523525523,7.55,7.61,7.58,0.007915567282321965,0.04065969515309551
2020-12-31,C:\Users\avazq\OneDrive\Escritorio\cienciadatos\portafolio\quant-research-notes\HMM_regime_options\data\raw\spy_historical_options_2020-12-31.json.gz,373.88,True,,SPY210129C00374000,SPY210129P00374000,2021-01-29,29.0,374.0,7.54,7.62,7.58,0.010554089709762543,7.15,7.22,7.1850000000000005,0.009742519137091078,0.0394912806247994
2021-01-04,C:\Users\avazq\OneDrive\Escritorio\cienciadatos\portafolio\quant-research-notes\HMM_regime_options\data\raw\spy_historical_options_2021-01-04.json,368.79,True,,SPY210203C00368000,SPY210203P00368000,2021-02-03,30.0,368.0,9.4,9.53,9.465,0.013734812466983519,8.32,8.44,8.379999999999999,0.01431980906921232,0.04838797147428075
2021-01-05,C:\Users\avazq\OneDrive\Escritorio\cienciadatos\portafolio\quant-research-notes\HMM_regime_options\data\raw\spy_historical_options_2021-01-05.json,371.33,True,,SPY210205C00371000,SPY210205P00371000,2021-02-05,31.0,371.0,8.81,8.85,8.83,0.004530011325028216,8.41,8.46,8.435,0.005927682276230078,0.04649503137371072
2021-01-06,C:\Users\avazq\OneDrive\Escritorio\cienciadatos\portafolio\quant-research-notes\HMM_regime_options\data\raw\spy_historical_options_2021-01-06.json,373.55,True,,SPY210205C00374000,SPY210205P00374000,2021-02-05,30.0,374.0,8.34,8.41,8.375,0.008358208955223915,8.57,8.69,8.629999999999999,0.013904982618771638,0.045522687725873374
2021-01-07,C:\Users\avazq\OneDrive\Escritorio\cienciadatos\portafolio\quant-research-notes\HMM_regime_options\data\raw\spy_historical_options_2021-01-07.json,379.1,True,,SPY210205C00379000,SPY210205P00379000,2021-02-05,29.0,379.0,7.39,7.45,7.42,0.008086253369272304,7.38,7.43,7.404999999999999,0.0067521944632005166,0.03910577683988393
2021-01-08,C:\Users\avazq\OneDrive\Escritorio\cienciadatos\portafolio\quant-research-notes\HMM_regime_options\data\raw\spy_historical_options_2021-01-08.json,381.26,True,,SPY210208C00382000,SPY210208P00382000,2021-02-08,31.0,382.0,7.15,7.23,7.19,0.011126564673157173,7.49,7.58,7.535,0.011944260119442583,0.038621937785238425
2021-01-11,C:\Users\avazq\OneDrive\Escritorio\cienciadatos\portafolio\quant-research-notes\HMM_regime_options\data\raw\spy_historical_options_2021-01-11.json,378.69,True,,SPY210210C00378000,SPY210210P00378000,2021-02-10,30.0,378.0,8.98,9.09,9.035,0.012174875484227939,7.85,7.95,7.9,0.012658227848101333,0.04471995563653649
2021-01-12,C:\Users\avazq\OneDrive\Escritorio\cienciadatos\portafolio\quant-research-notes\HMM_regime_options\data\raw\spy_historical_options_2021-01-12.json,378.77,True,,SPY210212C00379000,SPY210212P00379000,2021-02-12,31.0,379.0,8.08,8.12,8.1,0.0049382716049381666,8.26,8.31,8.285,0.0060350030175015945,0.04325844179845288
2021-01-13,C:\Users\avazq\OneDrive\Escritorio\cienciadatos\portafolio\quant-research-notes\HMM_regime_options\data\raw\spy_historical_options_2021-01-13.json,379.79,True,,SPY210212C00380000,SPY210212P00380000,2021-02-12,30.0,380.0,7.68,7.71,7.695,0.0038986354775828783,7.51,7.55,7.529999999999999,0.005312084993359899,0.04008794333710734
2021-01-14,C:\Users\avazq\OneDrive\Escritorio\cienciadatos\portafolio\quant-research-notes\HMM_regime_options\data\raw\spy_historical_options_2021-01-14.json,378.46,True,,SPY210212C00378000,SPY210212P00378000,2021-02-12,29.0,378.0,8.27,8.33,8.3,0.007228915662650662,7.49,7.55,7.52,0.007978723404255268,0.041800982930824924
2021-01-15,C:\Users\avazq\OneDrive\Escritorio\cienciadatos\portafolio\quant-research-notes\HMM_regime_options\data\raw\spy_historical_options_2021-01-15.json,375.7,True,,SPY210212C00376000,SPY210212P00376000,2021-02-12,28.0,376.0,7.41,7.45,7.43,0.0053835800807537065,8.32,8.38,8.350000000000001,0.007185628742515028,0.04200159701889806
2021-01-19,C:\Users\avazq\OneDrive\Escritorio\cienciadatos\portafolio\quant-research-notes\HMM_regime_options\data\raw\spy_historical_options_2021-01-19.json,378.65,True,,SPY210219C00379000,SPY210219P00379000,2021-02-19,31.0,379.0,7.84,7.87,7.855,0.003819223424570369,8.09,8.11,8.1,0.0024691358024690833,0.042136537699722705
2021-01-20,C:\Users\avazq\OneDrive\Escritorio\cienciadatos\portafolio\quant-research-notes\HMM_regime_options\data\raw\spy_historical_options_2021-01-20.json,383.89,True,,SPY210219C00384000,SPY210219P00384000,2021-02-19,30.0,384.0,7.35,7.37,7.359999999999999,0.002717391304347889,7.41,7.42,7.415,0.0013486176668914074,0.038487587590195105
2021-01-21,C:\Users\avazq\OneDrive\Escritorio\cienciadatos\portafolio\quant-research-notes\HMM_regime_options\data\raw\spy_historical_options_2021-01-21.json,384.24,True,,SPY210219C00384000,SPY210219P00384000,2021-02-19,29.0,384.0,7.36,7.37,7.365,0.0013577732518669093,7.03,7.05,7.04,0.0028409090909090303,0.037489589839683535
2021-01-22,C:\Users\avazq\OneDrive\Escritorio\cienciadatos\portafolio\quant-research-notes\HMM_regime_options\data\raw\spy_historical_options_2021-01-22.json,382.88,True,,SPY210222C00385000,SPY210222P00385000,2021-02-22,31.0,385.0,6.21,6.27,6.24,0.009615384615384552,8.15,8.28,8.215,0.015824710894704688,0.037753343083994986
2021-01-25,C:\Users\avazq\OneDrive\Escritorio\cienciadatos\portafolio\quant-research-notes\HMM_regime_options\data\raw\spy_historical_options_2021-01-25.json,384.39,True,,SPY210224C00385000,SPY210224P00385000,2021-02-24,30.0,385.0,7.42,7.5,7.46,0.010723860589812341,7.92,8.03,7.975,0.01379310344827579,0.04015453055490517
2021-01-26,C:\Users\avazq\OneDrive\Escritorio\cienciadatos\portafolio\quant-research-notes\HMM_regime_options\data\raw\spy_historical_options_2021-01-26.json,383.79,True,,SPY210226C00384000,SPY210226P00384000,2021-02-26,31.0,384.0,8.47,8.52,8.495000000000001,0.005885815185403052,7.86,7.92,7.890000000000001,0.007604562737642535,0.04269261835899841
2021-01-27,C:\Users\avazq\OneDrive\Escritorio\cienciadatos\portafolio\quant-research-notes\HMM_regime_options\data\raw\spy_historical_options_2021-01-27.json,374.41,True,,SPY210226C00374000,SPY210226P00374000,2021-02-26,30.0,374.0,11.19,11.28,11.235,0.008010680907877158,11.07,11.21,11.14,0.012567324955116747,0.05976069015250661
2021-01-28,C:\Users\avazq\OneDrive\Escritorio\cienciadatos\portafolio\quant-research-notes\HMM_regime_options\data\raw\spy_historical_options_2021-01-28.json,377.63,True,,SPY210226C00377500,SPY210226P00377500,2021-02-26,29.0,377.5,10.05,10.13,10.09,0.007928642220019828,9.46,9.64,9.55,0.018848167539266984,0.05200857982681461
2021-01-29,C:\Users\avazq\OneDrive\Escritorio\cienciadatos\portafolio\quant-research-notes\HMM_regime_options\data\raw\spy_historical_options_2021-01-29.json,370.07,True,,SPY210301C00370000,SPY210301P00370000,2021-03-01,31.0,370.0,11.14,11.3,11.22,0.014260249554367213,11.58,11.83,11.705,0.021358393848782572,0.06194773961682925
2021-02-01,C:\Users\avazq\OneDrive\Escritorio\cienciadatos\portafolio\quant-research-notes\HMM_regime_options\data\raw\spy_historical_options_2021-02-01.json.gz,376.23,True,,SPY210303C00376000,SPY210303P00376000,2021-03-03,30.0,376.0,9.78,9.87,9.825,0.009160305343511437,10.0,10.13,10.065000000000001,0.012916045702931025,0.05286659756000319
2021-02-02,C:\Users\avazq\OneDrive\Escritorio\cienciadatos\portafolio\quant-research-notes\HMM_regime_options\data\raw\spy_historical_options_2021-02-02.json.gz,381.55,True,,SPY210303C00382000,SPY210303P00382000,2021-03-03,29.0,382.0,8.47,8.57,8.52,0.011737089201877894,8.12,8.23,8.175,0.013455657492354887,0.043755733193552616
2021-02-03,C:\Users\avazq\OneDrive\Escritorio\cienciadatos\portafolio\quant-research-notes\HMM_regime_options\data\raw\spy_historical_options_2021-02-03.json.gz,381.85,True,,SPY210305C00382000,SPY210305P00382000,2021-03-05,30.0,382.0,8.34,8.38,8.36,0.004784688995215422,7.77,7.82,7.795,0.006414368184733895,0.04230718868665707
2021-02-04,C:\Users\avazq\OneDrive\Escritorio\cienciadatos\portafolio\quant-research-notes\HMM_regime_options\data\raw\spy_historical_options_2021-02-04.json.gz,386.19,True,,SPY210305C00386000,SPY210305P00386000,2021-03-05,29.0,386.0,7.52,7.56,7.539999999999999,0.005305039787798413,7.24,7.27,7.255,0.004135079255685646,0.03831015821227893
2021-02-05,C:\Users\avazq\OneDrive\Escritorio\cienciadatos\portafolio\quant-research-notes\HMM_regime_options\data\raw\spy_historical_options_2021-02-05.json.gz,387.71,True,,SPY210308C00388000,SPY210308P00388000,2021-03-08,31.0,388.0,7.22,7.27,7.244999999999999,0.006901311249137313,7.32,7.38,7.35,0.008163265306122396,0.03764411544711253
2021-02-08,C:\Users\avazq\OneDrive\Escritorio\cienciadatos\portafolio\quant-research-notes\HMM_regime_options\data\raw\spy_historical_options_2021-02-08.json.gz,390.51,True,,SPY210310C00391000,SPY210310P00391000,2021-03-10,30.0,391.0,7.03,7.11,7.07,0.011315417256011324,7.48,7.56,7.52,0.010638297872340318,0.03736139919592328
2021-02-09,C:\Users\avazq\OneDrive\Escritorio\cienciadatos\portafolio\quant-research-notes\HMM_regime_options\data\raw\spy_historical_options_2021-02-09.json.gz,390.25,True,,SPY210310C00390000,SPY210310P00390000,2021-03-10,29.0,390.0,7.65,7.7,7.675000000000001,0.006514657980456002,6.96,7.0,6.98,0.005730659025787971,0.03755285073670724
2021-02-10,C:\Users\avazq\OneDrive\Escritorio\cienciadatos\portafolio\quant-research-notes\HMM_regime_options\data\raw\spy_historical_options_2021-02-10.json.gz,390.08,True,,SPY210312C00390000,SPY210312P00390000,2021-03-12,30.0,390.0,7.92,7.97,7.945,0.006293266205160456,7.55,7.59,7.57,0.0052840158520475605,0.039773892534864644
2021-02-11,C:\Users\avazq\OneDrive\Escritorio\cienciadatos\portafolio\quant-research-notes\HMM_regime_options\data\raw\spy_historical_options_2021-02-11.json.gz,390.71,True,,SPY210312C00391000,SPY210312P00391000,2021-03-12,29.0,391.0,7.04,7.09,7.0649999999999995,0.007077140835102594,7.43,7.49,7.46,0.008042895442359315,0.03717591052187044
2021-02-12,C:\Users\avazq\OneDrive\Escritorio\cienciadatos\portafolio\quant-research-notes\HMM_regime_options\data\raw\spy_historical_options_2021-02-12.json.gz,392.64,True,,SPY210315C00395000,SPY210315P00395000,2021-03-15,31.0,395.0,5.92,5.95,5.9350000000000005,0.005054759898904844,7.89,7.96,7.925,0.008832807570977954,0.03529951100244499
2021-02-16,C:\Users\avazq\OneDrive\Escritorio\cienciadatos\portafolio\quant-research-notes\HMM_regime_options\data\raw\spy_historical_options_2021-02-16.json.gz,392.3,True,,SPY210317C00392000,SPY210317P00392000,2021-03-17,29.0,392.0,7.44,7.49,7.465,0.006697923643670439,7.07,7.12,7.095000000000001,0.007047216349541905,0.03711445322457303
2021-02-17,C:\Users\avazq\OneDrive\Escritorio\cienciadatos\portafolio\quant-research-notes\HMM_regime_options\data\raw\spy_historical_options_2021-02-17.json.gz,392.39,True,,SPY210319C00392000,SPY210319P00392000,2021-03-19,30.0,392.0,7.4,7.42,7.41,0.00269905533063422,7.73,7.74,7.735,0.0012928248222365594,0.038596804199903155
2021-02-18,C:\Users\avazq\OneDrive\Escritorio\cienciadatos\portafolio\quant-research-notes\HMM_regime_options\data\raw\spy_historical_options_2021-02-18.json.gz,390.72,True,,SPY210319C00391000,SPY210319P00391000,2021-03-19,29.0,391.0,7.24,7.26,7.25,0.0027586206896551137,8.17,8.24,8.205,0.008531383302864142,0.03955518018018018
2021-02-19,C:\Users\avazq\OneDrive\Escritorio\cienciadatos\portafolio\quant-research-notes\HMM_regime_options\data\raw\spy_historical_options_2021-02-19.json.gz,390.03,True,,SPY210322C00390000,SPY210322P00390000,2021-03-22,31.0,390.0,7.17,7.23,7.2,0.008333333333333403,8.03,8.1,8.065,0.008679479231246161,0.0391380150244853
2021-02-22,C:\Users\avazq\OneDrive\Escritorio\cienciadatos\portafolio\quant-research-notes\HMM_regime_options\data\raw\spy_historical_options_2021-02-22.json.gz,387.03,True,,SPY210324C00387000,SPY210324P00387000,2021-03-24,30.0,387.0,7.77,7.89,7.83,0.015325670498084304,8.46,8.56,8.510000000000002,0.011750881316098664,0.04221894943544429
2021-02-23,C:\Users\avazq\OneDrive\Escritorio\cienciadatos\portafolio\quant-research-notes\HMM_regime_options\data\raw\spy_historical_options_2021-02-23.json.gz,387.5,True,,SPY210326C00387500,SPY210326P00387500,2021-03-26,31.0,387.5,7.74,7.8,7.77,0.007722007722007672,8.7,8.75,8.725,0.005730659025788047,0.04256774193548386
2021-02-24,C:\Users\avazq\OneDrive\Escritorio\cienciadatos\portafolio\quant-research-notes\HMM_regime_options\data\raw\spy_historical_options_2021-02-24.json.gz,391.77,True,,SPY210326C00392000,SPY210326P00392000,2021-03-26,30.0,392.0,6.98,7.04,7.01,0.008559201141226764,7.99,8.03,8.01,0.00499375780274646,0.03833882124716032
2021-02-25,C:\Users\avazq\OneDrive\Escritorio\cienciadatos\portafolio\quant-research-notes\HMM_regime_options\data\raw\spy_historical_options_2021-02-25.json.gz,382.33,True,,SPY210326C00382500,SPY210326P00382500,2021-03-26,29.0,382.5,9.78,9.88,9.83,0.010172939979654265,9.75,9.89,9.82,0.01425661914460291,0.051395391415792635
2021-02-26,C:\Users\avazq\OneDrive\Escritorio\cienciadatos\portafolio\quant-research-notes\HMM_regime_options\data\raw\spy_historical_options_2021-02-26.json.gz,380.36,True,,SPY210329C00380000,SPY210329P00380000,2021-03-29,31.0,380.0,9.49,9.61,9.55,0.012565445026177928,9.6,9.82,9.71,0.022657054582904287,0.050636239352192663
2021-03-01,C:\Users\avazq\OneDrive\Escritorio\cienciadatos\portafolio\quant-research-notes\HMM_regime_options\data\raw\spy_historical_options_2021-03-01.json.gz,389.58,True,,SPY210331C00390000,SPY210331P00390000,2021-03-31,30.0,390.0,6.87,6.92,6.895,0.007251631617113825,8.45,8.51,8.48,0.007075471698113266,0.03946557831510858
2021-03-02,C:\Users\avazq\OneDrive\Escritorio\cienciadatos\portafolio\quant-research-notes\HMM_regime_options\data\raw\spy_historical_options_2021-03-02.json.gz,386.54,True,,SPY210401C00387000,SPY210401P00387000,2021-04-01,30.0,387.0,7.5,7.56,7.529999999999999,0.00796812749003979,9.05,9.11,9.08,0.006607929515418361,0.04297097324985771
2021-03-03,C:\Users\avazq\OneDrive\Escritorio\cienciadatos\portafolio\quant-research-notes\HMM_regime_options\data\raw\spy_historical_options_2021-03-03.json.gz,381.42,True,,SPY210401C00381000,SPY210401P00381000,2021-04-01,29.0,381.0,8.72,8.81,8.765,0.010268111808328562,9.31,9.39,9.350000000000001,0.008556149732620328,0.047493576634680935
2021-03-04,C:\Users\avazq\OneDrive\Escritorio\cienciadatos\portafolio\quant-research-notes\HMM_regime_options\data\raw\spy_historical_options_2021-03-04.json.gz,376.7,True,,SPY210401C00377000,SPY210401P00377000,2021-04-01,28.0,377.0,8.99,9.09,9.04,0.011061946902654829,10.06,10.17,10.115,0.010874938210578293,0.05084948234669499
2021-03-05,C:\Users\avazq\OneDrive\Escritorio\cienciadatos\portafolio\quant-research-notes\HMM_regime_options\data\raw\spy_historical_options_2021-03-05.json.gz,383.63,True,,SPY210405C00385000,SPY210405P00385000,2021-04-05,31.0,385.0,6.95,7.05,7.0,0.014285714285714235,9.34,9.57,9.455,0.02432575356953997,0.04289289158824909
2021-03-08,C:\Users\avazq\OneDrive\Escritorio\cienciadatos\portafolio\quant-research-notes\HMM_regime_options\data\raw\spy_historical_options_2021-03-08.json.gz,381.72,True,,SPY210407C00380000,SPY210407P00380000,2021-04-07,30.0,380.0,9.53,9.69,9.61,0.016649323621227903,8.57,8.68,8.625,0.01275362318840573,0.04777061720632924
2021-03-09,C:\Users\avazq\OneDrive\Escritorio\cienciadatos\portafolio\quant-research-notes\HMM_regime_options\data\raw\spy_historical_options_2021-03-09.json.gz,387.17,True,,SPY210409C00387000,SPY210409P00387000,2021-04-09,31.0,387.0,8.0,8.06,8.030000000000001,0.007471980074719862,8.93,9.04,8.985,0.012242626599888642,0.04394710333961826
2021-03-10,C:\Users\avazq\OneDrive\Escritorio\cienciadatos\portafolio\quant-research-notes\HMM_regime_options\data\raw\spy_historical_options_2021-03-10.json.gz,389.58,True,,SPY210409C00390000,SPY210409P00390000,2021-04-09,30.0,390.0,7.24,7.3,7.27,0.008253094910591419,8.29,8.36,8.325,0.008408408408408443,0.04003028902921094
2021-03-11,C:\Users\avazq\OneDrive\Escritorio\cienciadatos\portafolio\quant-research-notes\HMM_regime_options\data\raw\spy_historical_options_2021-03-11.json.gz,393.53,True,,SPY210409C00394000,SPY210409P00394000,2021-04-09,29.0,394.0,6.41,6.46,6.4350000000000005,0.007770007770007741,8.27,8.33,8.3,0.007228915662650662,0.03744314283536199
2021-03-12,C:\Users\avazq\OneDrive\Escritorio\cienciadatos\portafolio\quant-research-notes\HMM_regime_options\data\raw\spy_historical_options_2021-03-12.json.gz,394.06,True,,SPY210412C00394000,SPY210412P00394000,2021-04-12,31.0,394.0,6.7,6.81,6.755,0.016284233900814127,7.49,7.66,7.575,0.022442244224422432,0.036365020555245396
2021-03-15,C:\Users\avazq\OneDrive\Escritorio\cienciadatos\portafolio\quant-research-notes\HMM_regime_options\data\raw\spy_historical_options_2021-03-15.json.gz,396.41,True,,SPY210414C00396000,SPY210414P00396000,2021-04-14,30.0,396.0,6.61,6.68,6.645,0.010534236267870489,7.07,7.28,7.175000000000001,0.02926829268292682,0.034862894477939506
2021-03-16,C:\Users\avazq\OneDrive\Escritorio\cienciadatos\portafolio\quant-research-notes\HMM_regime_options\data\raw\spy_historical_options_2021-03-16.json.gz,395.91,True,,SPY210414C00396000,SPY210414P00396000,2021-04-14,29.0,396.0,6.15,6.21,6.18,0.009708737864077607,7.29,7.35,7.32,0.008196721311475356,0.03409865878608775
2021-03-17,C:\Users\avazq\OneDrive\Escritorio\cienciadatos\portafolio\quant-research-notes\HMM_regime_options\data\raw\spy_historical_options_2021-03-17.json.gz,397.26,True,,SPY210416C00397000,SPY210416P00397000,2021-04-16,30.0,397.0,6.16,6.18,6.17,0.0032414910858994447,7.25,7.28,7.265000000000001,0.004129387474191362,0.03381916125459397
2021-03-18,C:\Users\avazq\OneDrive\Escritorio\cienciadatos\portafolio\quant-research-notes\HMM_regime_options\data\raw\spy_historical_options_2021-03-18.json.gz,391.48,True,,SPY210416C00391000,SPY210416P00391000,2021-04-16,29.0,391.0,7.32,7.33,7.325,0.0013651877133105512,7.29,7.32,7.305,0.004106776180698186,0.03737100235005619
2021-03-19,C:\Users\avazq\OneDrive\Escritorio\cienciadatos\portafolio\quant-research-notes\HMM_regime_options\data\raw\spy_historical_options_2021-03-19.json.gz,389.48,True,,SPY210419C00390000,SPY210419P00390000,2021-04-19,31.0,390.0,6.98,7.08,7.03,0.014224751066856278,7.46,7.58,7.52,0.015957446808510654,0.03735750231077334
2021-03-22,C:\Users\avazq\OneDrive\Escritorio\cienciadatos\portafolio\quant-research-notes\HMM_regime_options\data\raw\spy_historical_options_2021-03-22.json.gz,392.59,True,,SPY210421C00395000,SPY210421P00395000,2021-04-21,30.0,395.0,5.25,5.32,5.285,0.013245033112582835,7.34,7.42,7.38,0.010840108401084021,0.03226011869889707
2021-03-23,C:\Users\avazq\OneDrive\Escritorio\cienciadatos\portafolio\quant-research-notes\HMM_regime_options\data\raw\spy_historical_options_2021-03-23.json.gz,389.5,True,,SPY210421C00390000,SPY210421P00390000,2021-04-21,29.0,390.0,6.82,6.89,6.855,0.010211524434719094,6.9,7.0,6.95,0.014388489208633042,0.035442875481386395
2021-03-24,C:\Users\avazq\OneDrive\Escritorio\cienciadatos\portafolio\quant-research-notes\HMM_regime_options\data\raw\spy_historical_options_2021-03-24.json.gz,387.52,True,,SPY210423C00387500,SPY210423P00387500,2021-04-23,30.0,387.5,7.52,7.57,7.545,0.00662690523525523,7.22,7.27,7.244999999999999,0.006901311249137313,0.038165772089182495
2021-03-25,C:\Users\avazq\OneDrive\Escritorio\cienciadatos\portafolio\quant-research-notes\HMM_regime_options\data\raw\spy_historical_options_2021-03-25.json.gz,389.7,True,,SPY210423C00390000,SPY210423P00390000,2021-04-23,29.0,390.0,6.73,6.77,6.75,0.0059259259259258,6.75,6.79,6.77,0.005908419497784348,0.03469335386194509
2021-03-26,C:\Users\avazq\OneDrive\Escritorio\cienciadatos\portafolio\quant-research-notes\HMM_regime_options\data\raw\spy_historical_options_2021-03-26.json.gz,395.98,True,,SPY210426C00395000,SPY210426P00395000,2021-04-26,31.0,395.0,7.02,7.15,7.085,0.01834862385321112,6.1,6.22,6.16,0.019480519480519497,0.03344865902318299
2021-03-29,C:\Users\avazq\OneDrive\Escritorio\cienciadatos\portafolio\quant-research-notes\HMM_regime_options\data\raw\spy_historical_options_2021-03-29.json.gz,395.78,True,,SPY210428C00395000,SPY210428P00395000,2021-04-28,30.0,395.0,7.59,7.65,7.62,0.007874015748031562,6.81,6.87,6.84,0.008771929824561476,0.03653544898681086
2021-03-30,C:\Users\avazq\OneDrive\Escritorio\cienciadatos\portafolio\quant-research-notes\HMM_regime_options\data\raw\spy_historical_options_2021-03-30.json.gz,394.73,True,,SPY210428C00395000,SPY210428P00395000,2021-04-28,29.0,395.0,6.41,6.48,6.445,0.010861132660977546,6.87,6.94,6.905,0.010137581462708224,0.03382058622349454
2021-03-31,C:\Users\avazq\OneDrive\Escritorio\cienciadatos\portafolio\quant-research-notes\HMM_regime_options\data\raw\spy_historical_options_2021-03-31.json.gz,396.33,True,,SPY210430C00396000,SPY210430P00396000,2021-04-30,30.0,396.0,6.98,7.06,7.02,0.01139601139601128,6.73,6.82,6.775,0.013284132841328391,0.034806852875129315
2021-04-01,C:\Users\avazq\OneDrive\Escritorio\cienciadatos\portafolio\quant-research-notes\HMM_regime_options\data\raw\spy_historical_options_2021-04-01.json.gz,400.61,True,,SPY210430C00401000,SPY210430P00401000,2021-04-30,29.0,401.0,6.0,6.04,6.02,0.006644518272425255,6.11,6.15,6.130000000000001,0.006525285481239809,0.030328748658296097
2021-04-05,C:\Users\avazq\OneDrive\Escritorio\cienciadatos\portafolio\quant-research-notes\HMM_regime_options\data\raw\spy_historical_options_2021-04-05.json.gz,406.36,True,,SPY210505C00405000,SPY210505P00405000,2021-05-05,30.0,405.0,7.27,7.36,7.3149999999999995,0.012303485987696617,5.88,5.97,5.925,0.015189873417721496,0.03258194704203169
2021-04-06,C:\Users\avazq\OneDrive\Escritorio\cienciadatos\portafolio\quant-research-notes\HMM_regime_options\data\raw\spy_historical_options_2021-04-06.json.gz,406.12,True,,SPY210507C00406000,SPY210507P00406000,2021-05-07,31.0,406.0,6.75,6.79,6.77,0.005908419497784348,6.57,6.62,6.595000000000001,0.007581501137225143,0.03290899241603467
2021-04-07,C:\Users\avazq\OneDrive\Escritorio\cienciadatos\portafolio\quant-research-notes\HMM_regime_options\data\raw\spy_historical_options_2021-04-07.json.gz,406.59,True,,SPY210507C00406000,SPY210507P00406000,2021-05-07,30.0,406.0,6.8,6.85,6.824999999999999,0.007326007326007301,5.83,5.88,5.855,0.008539709649871873,0.031186207235790357
2021-04-08,C:\Users\avazq\OneDrive\Escritorio\cienciadatos\portafolio\quant-research-notes\HMM_regime_options\data\raw\spy_historical_options_2021-04-08.json.gz,408.52,True,,SPY210507C00409000,SPY210507P00409000,2021-05-07,29.0,409.0,6.03,6.08,6.055,0.008257638315441755,6.12,6.17,6.145,0.008136696501220475,0.029863898952315674
2021-04-09,C:\Users\avazq\OneDrive\Escritorio\cienciadatos\portafolio\quant-research-notes\HMM_regime_options\data\raw\spy_historical_options_2021-04-09.json.gz,411.49,True,,SPY210510C00411000,SPY210510P00411000,2021-05-10,31.0,411.0,6.2,6.29,6.245,0.01441152922337868,6.14,6.21,6.175,0.011336032388664014,0.030182993511385453
2021-04-12,C:\Users\avazq\OneDrive\Escritorio\cienciadatos\portafolio\quant-research-notes\HMM_regime_options\data\raw\spy_historical_options_2021-04-12.json.gz,411.64,True,,SPY210512C00412000,SPY210512P00412000,2021-05-12,30.0,412.0,6.05,6.13,6.09,0.013136288998357976,6.41,6.49,6.45,0.012403100775193809,0.030463511806432805
2021-04-13,C:\Users\avazq\OneDrive\Escritorio\cienciadatos\portafolio\quant-research-notes\HMM_regime_options\data\raw\spy_historical_options_2021-04-13.json.gz,412.86,True,,SPY210512C00413000,SPY210512P00413000,2021-05-12,29.0,413.0,6.01,6.06,6.035,0.008285004142502042,6.14,6.19,6.165,0.008110300081103116,0.02954996851232863
2021-04-14,C:\Users\avazq\OneDrive\Escritorio\cienciadatos\portafolio\quant-research-notes\HMM_regime_options\data\raw\spy_historical_options_2021-04-14.json.gz,411.45,True,,SPY210514C00411000,SPY210514P00411000,2021-05-14,30.0,411.0,6.9,6.94,6.92,0.0057803468208092535,6.02,6.07,6.045,0.008271298593879357,0.03151051160529834
2021-04-15,C:\Users\avazq\OneDrive\Escritorio\cienciadatos\portafolio\quant-research-notes\HMM_regime_options\data\raw\spy_historical_options_2021-04-15.json.gz,415.87,True,,SPY210514C00416000,SPY210514P00416000,2021-05-14,29.0,416.0,6.0,6.05,6.025,0.008298755186721962,6.07,6.12,6.095000000000001,0.008203445447087747,0.029143722797989758
2021-04-16,C:\Users\avazq\OneDrive\Escritorio\cienciadatos\portafolio\quant-research-notes\HMM_regime_options\data\raw\spy_historical_options_2021-04-16.json.gz,417.26,True,,SPY210517C00417000,SPY210517P00417000,2021-05-17,31.0,417.0,6.1,6.26,6.18,0.02588996763754048,5.98,6.15,6.065,0.02802967848309974,0.02934621099554235
2021-04-19,C:\Users\avazq\OneDrive\Escritorio\cienciadatos\portafolio\quant-research-notes\HMM_regime_options\data\raw\spy_historical_options_2021-04-19.json.gz,415.21,True,,SPY210519C00415000,SPY210519P00415000,2021-05-19,30.0,415.0,6.78,6.87,6.825,0.013186813186813166,6.47,6.56,6.515,0.013814274750575574,0.032128320608848536
2021-04-20,C:\Users\avazq\OneDrive\Escritorio\cienciadatos\portafolio\quant-research-notes\HMM_regime_options\data\raw\spy_historical_options_2021-04-20.json.gz,412.17,True,,SPY210519C00412000,SPY210519P00412000,2021-05-19,29.0,412.0,7.04,7.1,7.07,0.008486562942008431,7.08,7.14,7.109999999999999,0.00843881856540079,0.03440328019991751
2021-04-21,C:\Users\avazq\OneDrive\Escritorio\cienciadatos\portafolio\quant-research-notes\HMM_regime_options\data\raw\spy_historical_options_2021-04-21.json.gz,416.07,True,,SPY210521C00416000,SPY210521P00416000,2021-05-21,30.0,416.0,6.47,6.49,6.48,0.0030864197530864907,6.86,6.88,6.87,0.0029112081513827616,0.032085947076213144
2021-04-22,C:\Users\avazq\OneDrive\Escritorio\cienciadatos\portafolio\quant-research-notes\HMM_regime_options\data\raw\spy_historical_options_2021-04-22.json.gz,412.27,True,,SPY210521C00412000,SPY210521P00412000,2021-05-21,29.0,412.0,7.33,7.35,7.34,0.0027247956403269173,7.22,7.23,7.225,0.0013840830449827924,0.03532878938559682
2021-04-23,C:\Users\avazq\OneDrive\Escritorio\cienciadatos\portafolio\quant-research-notes\HMM_regime_options\data\raw\spy_historical_options_2021-04-23.json.gz,416.74,True,,SPY210524C00417000,SPY210524P00417000,2021-05-24,31.0,417.0,6.43,6.5,6.465,0.010827532869296254,6.85,6.92,6.885,0.010167029774872953,0.03203436195229639
2021-04-26,C:\Users\avazq\OneDrive\Escritorio\cienciadatos\portafolio\quant-research-notes\HMM_regime_options\data\raw\spy_historical_options_2021-04-26.json.gz,417.61,True,,SPY210526C00418000,SPY210526P00418000,2021-05-26,30.0,418.0,6.54,6.65,6.595000000000001,0.01667930250189542,6.8,6.93,6.865,0.01893663510560814,0.03223102895045617
2021-04-27,C:\Users\avazq\OneDrive\Escritorio\cienciadatos\portafolio\quant-research-notes\HMM_regime_options\data\raw\spy_historical_options_2021-04-27.json.gz,417.52,True,,SPY210528C00417500,SPY210528P00417500,2021-05-28,31.0,417.5,6.98,7.03,7.005000000000001,0.007137758743754435,6.88,6.92,6.9,0.005797101449275368,0.033303793830235684
2021-04-28,C:\Users\avazq\OneDrive\Escritorio\cienciadatos\portafolio\quant-research-notes\HMM_regime_options\data\raw\spy_historical_options_2021-04-28.json.gz,417.4,True,,SPY210528C00417500,SPY210528P00417500,2021-05-28,30.0,417.5,6.85,6.9,6.875,0.007272727272727376,6.46,6.5,6.48,0.006172839506172844,0.03199568758984188
2021-04-29,C:\Users\avazq\OneDrive\Escritorio\cienciadatos\portafolio\quant-research-notes\HMM_regime_options\data\raw\spy_historical_options_2021-04-29.json.gz,420.06,True,,SPY210528C00420000,SPY210528P00420000,2021-05-28,29.0,420.0,6.51,6.56,6.535,0.007651109410864548,6.51,6.55,6.529999999999999,0.0061255742725880614,0.03110269961434081
2021-04-30,C:\Users\avazq\OneDrive\Escritorio\cienciadatos\portafolio\quant-research-notes\HMM_regime_options\data\raw\spy_historical_options_2021-04-30.json.gz,417.3,True,,SPY210528C00417500,SPY210528P00417500,2021-05-28,28.0,417.5,6.82,6.86,6.84,0.005847953216374275,6.61,6.66,6.635,0.007535795026375256,0.032290917804936495
2021-05-03,C:\Users\avazq\OneDrive\Escritorio\cienciadatos\portafolio\quant-research-notes\HMM_regime_options\data\raw\spy_historical_options_2021-05-03.json.gz,418.2,True,,SPY210602C00418000,SPY210602P00418000,2021-06-02,30.0,418.0,6.82,6.89,6.855,0.010211524434719094,6.54,6.61,6.575,0.010646387832699663,0.03211382113821138
2021-05-04,C:\Users\avazq\OneDrive\Escritorio\cienciadatos\portafolio\quant-research-notes\HMM_regime_options\data\raw\spy_historical_options_2021-05-04.json.gz,415.62,True,,SPY210602C00416000,SPY210602P00416000,2021-06-02,29.0,416.0,6.8,6.86,6.83,0.008784773060029356,7.26,7.33,7.295,0.009595613433858846,0.033985371252586494
2021-05-05,C:\Users\avazq\OneDrive\Escritorio\cienciadatos\portafolio\quant-research-notes\HMM_regime_options\data\raw\spy_historical_options_2021-05-05.json.gz,415.75,True,,SPY210604C00416000,SPY210604P00416000,2021-06-04,30.0,416.0,7.02,7.06,7.039999999999999,0.005681818181818187,7.37,7.42,7.395,0.006761325219743046,0.03472038484666266
2021-05-06,C:\Users\avazq\OneDrive\Escritorio\cienciadatos\portafolio\quant-research-notes\HMM_regime_options\data\raw\spy_historical_options_2021-05-06.json.gz,419.07,True,,SPY210604C00419000,SPY210604P00419000,2021-06-04,29.0,419.0,6.71,6.76,6.734999999999999,0.007423904974016307,6.47,6.52,6.494999999999999,0.007698229407236309,0.03156990478917603
2021-05-07,C:\Users\avazq\OneDrive\Escritorio\cienciadatos\portafolio\quant-research-notes\HMM_regime_options\data\raw\spy_historical_options_2021-05-07.json.gz,422.12,True,,SPY210607C00422000,SPY210607P00422000,2021-06-07,31.0,422.0,6.37,6.44,6.405,0.010928961748633923,6.06,6.13,6.095,0.011484823625922935,0.029612432483653937
2021-05-10,C:\Users\avazq\OneDrive\Escritorio\cienciadatos\portafolio\quant-research-notes\HMM_regime_options\data\raw\spy_historical_options_2021-05-10.json.gz,417.94,True,,SPY210609C00420000,SPY210609P00420000,2021-06-09,30.0,420.0,5.89,5.98,5.9350000000000005,0.01516427969671453,8.13,8.22,8.175,0.011009174311926587,0.03376082691295402
2021-05-11,C:\Users\avazq\OneDrive\Escritorio\cienciadatos\portafolio\quant-research-notes\HMM_regime_options\data\raw\spy_historical_options_2021-05-11.json.gz,414.21,True,,SPY210611C00414000,SPY210611P00414000,2021-06-11,31.0,414.0,8.47,8.51,8.49,0.004711425206124752,8.24,8.29,8.265,0.0060496067755594594,0.04045049612515392
2021-05-12,C:\Users\avazq\OneDrive\Escritorio\cienciadatos\portafolio\quant-research-notes\HMM_regime_options\data\raw\spy_historical_options_2021-05-12.json.gz,405.41,True,,SPY210611C00405000,SPY210611P00405000,2021-06-11,30.0,405.0,10.65,10.7,10.675,0.00468384074941442,10.02,10.1,10.059999999999999,0.007952286282306171,0.051145753681458274
2021-05-13,C:\Users\avazq\OneDrive\Escritorio\cienciadatos\portafolio\quant-research-notes\HMM_regime_options\data\raw\spy_historical_options_2021-05-13.json.gz,410.28,True,,SPY210611C00410000,SPY210611P00410000,2021-06-11,29.0,410.0,8.77,8.81,8.79,0.004550625711035373,8.61,8.72,8.665,0.012694748990190562,0.04254411621331773
2021-05-14,C:\Users\avazq\OneDrive\Escritorio\cienciadatos\portafolio\quant-research-notes\HMM_regime_options\data\raw\spy_historical_options_2021-05-14.json.gz,416.58,True,,SPY210614C00417000,SPY210614P00417000,2021-06-14,31.0,417.0,7.13,7.21,7.17,0.011157601115760122,6.94,7.01,6.975,0.010035842293906723,0.03395506265303183
2021-05-17,C:\Users\avazq\OneDrive\Escritorio\cienciadatos\portafolio\quant-research-notes\HMM_regime_options\data\raw\spy_historical_options_2021-05-17.json.gz,415.52,True,,SPY210616C00416000,SPY210616P00416000,2021-06-16,30.0,416.0,7.28,7.36,7.32,0.010928961748633888,7.39,7.47,7.43,0.010767160161507413,0.035497689641894495
2021-05-18,C:\Users\avazq\OneDrive\Escritorio\cienciadatos\portafolio\quant-research-notes\HMM_regime_options\data\raw\spy_historical_options_2021-05-18.json.gz,411.94,True,,SPY210616C00412000,SPY210616P00412000,2021-06-16,29.0,412.0,7.88,7.92,7.9,0.005063291139240511,7.83,7.86,7.845000000000001,0.0038240917782027084,0.0382215856678157
2021-05-19,C:\Users\avazq\OneDrive\Escritorio\cienciadatos\portafolio\quant-research-notes\HMM_regime_options\data\raw\spy_historical_options_2021-05-19.json.gz,410.86,True,,SPY210618C00411000,SPY210618P00411000,2021-06-18,30.0,411.0,7.85,7.87,7.859999999999999,0.0025445292620865727,8.83,8.85,8.84,0.0022624434389139788,0.04064644891203816
2021-05-20,C:\Users\avazq\OneDrive\Escritorio\cienciadatos\portafolio\quant-research-notes\HMM_regime_options\data\raw\spy_historical_options_2021-05-20.json.gz,415.28,True,,SPY210618C00415000,SPY210618P00415000,2021-06-18,29.0,415.0,7.28,7.31,7.295,0.0041124057573679726,7.96,7.98,7.970000000000001,0.002509410288582241,0.036758331727990756
2021-05-21,C:\Users\avazq\OneDrive\Escritorio\cienciadatos\portafolio\quant-research-notes\HMM_regime_options\data\raw\spy_historical_options_2021-05-21.json.gz,414.94,True,,SPY210621C00415000,SPY210621P00415000,2021-06-21,31.0,415.0,7.19,7.25,7.220000000000001,0.00831024930747917,7.65,7.84,7.745,0.02453195610071007,0.036065455246541665
2021-05-24,C:\Users\avazq\OneDrive\Escritorio\cienciadatos\portafolio\quant-research-notes\HMM_regime_options\data\raw\spy_historical_options_2021-05-24.json.gz,419.17,True,,SPY210623C00419000,SPY210623P00419000,2021-06-23,30.0,419.0,6.31,6.37,6.34,0.009463722397476419,6.92,7.08,7.0,0.022857142857142878,0.03182479662189565
2021-05-25,C:\Users\avazq\OneDrive\Escritorio\cienciadatos\portafolio\quant-research-notes\HMM_regime_options\data\raw\spy_historical_options_2021-05-25.json.gz,418.24,True,,SPY210623C00418000,SPY210623P00418000,2021-06-23,29.0,418.0,6.38,6.43,6.404999999999999,0.007806401249024173,7.04,7.16,7.1,0.01690140845070424,0.0322900726855394
2021-05-26,C:\Users\avazq\OneDrive\Escritorio\cienciadatos\portafolio\quant-research-notes\HMM_regime_options\data\raw\spy_historical_options_2021-05-26.json.gz,419.07,True,,SPY210625C00419000,SPY210625P00419000,2021-06-25,30.0,419.0,5.89,5.92,5.904999999999999,0.005080440304826461,6.85,6.94,6.895,0.01305293691080504,0.030543823227623067
2021-05-27,C:\Users\avazq\OneDrive\Escritorio\cienciadatos\portafolio\quant-research-notes\HMM_regime_options\data\raw\spy_historical_options_2021-05-27.json.gz,419.29,True,,SPY210625C00419000,SPY210625P00419000,2021-06-25,29.0,419.0,6.07,6.1,6.085,0.0049301561216104125,6.07,6.13,6.1,0.009836065573770428,0.029061031744138897
2021-05-28,C:\Users\avazq\OneDrive\Escritorio\cienciadatos\portafolio\quant-research-notes\HMM_regime_options\data\raw\spy_historical_options_2021-05-28.json.gz,420.04,True,,SPY210628C00420000,SPY210628P00420000,2021-06-28,31.0,420.0,5.4,5.47,5.4350000000000005,0.012879484820607063,6.36,6.46,6.41,0.015600624024960943,0.02819969526711742
2021-06-01,C:\Users\avazq\OneDrive\Escritorio\cienciadatos\portafolio\quant-research-notes\HMM_regime_options\data\raw\spy_historical_options_2021-06-01.json.gz,419.67,True,,SPY210630C00420000,SPY210630P00420000,2021-06-30,29.0,420.0,5.48,5.54,5.51,0.01088929219600719,6.96,7.04,7.0,0.011428571428571439,0.029809135749517476
2021-06-02,C:\Users\avazq\OneDrive\Escritorio\cienciadatos\portafolio\quant-research-notes\HMM_regime_options\data\raw\spy_historical_options_2021-06-02.json.gz,420.33,True,,SPY210702C00420000,SPY210702P00420000,2021-07-02,30.0,420.0,5.79,5.83,5.8100000000000005,0.00688468158347677,6.66,6.77,6.715,0.016381236038719202,0.029798015844693458
2021-06-03,C:\Users\avazq\OneDrive\Escritorio\cienciadatos\portafolio\quant-research-notes\HMM_regime_options\data\raw\spy_historical_options_2021-06-03.json.gz,418.77,True,,SPY210702C00419000,SPY210702P00419000,2021-07-02,29.0,419.0,5.62,5.65,5.635,0.005323868677905989,7.08,7.17,7.125,0.012631578947368402,0.030470186498555294
2021-06-04,C:\Users\avazq\OneDrive\Escritorio\cienciadatos\portafolio\quant-research-notes\HMM_regime_options\data\raw\spy_historical_options_2021-06-04.json.gz,422.6,True,,SPY210702C00422500,SPY210702P00422500,2021-07-02,28.0,422.5,4.88,4.92,4.9,0.008163265306122455,6.35,6.41,6.38,0.009404388714733621,0.026691907240889733
2021-06-07,C:\Users\avazq\OneDrive\Escritorio\cienciadatos\portafolio\quant-research-notes\HMM_regime_options\data\raw\spy_historical_options_2021-06-07.json.gz,422.19,True,,SPY210707C00422000,SPY210707P00422000,2021-07-07,30.0,422.0,5.2,5.24,5.220000000000001,0.007662835249042151,6.15,6.21,6.18,0.009708737864077607,0.027002060683578483
2021-06-08,C:\Users\avazq\OneDrive\Escritorio\cienciadatos\portafolio\quant-research-notes\HMM_regime_options\data\raw\spy_historical_options_2021-06-08.json.gz,422.28,True,,SPY210709C00422500,SPY210709P00422500,2021-07-09,31.0,422.5,5.27,5.31,5.289999999999999,0.007561436672967872,6.75,6.8,6.775,0.007380073800737981,0.028571090271857537
2021-06-09,C:\Users\avazq\OneDrive\Escritorio\cienciadatos\portafolio\quant-research-notes\HMM_regime_options\data\raw\spy_historical_options_2021-06-09.json.gz,421.65,True,,SPY210709C00422000,SPY210709P00422000,2021-07-09,30.0,422.0,5.45,5.5,5.475,0.00913242009132417,6.92,7.03,6.975,0.015770609318996463,0.029526858769121308
2021-06-10,C:\Users\avazq\OneDrive\Escritorio\cienciadatos\portafolio\quant-research-notes\HMM_regime_options\data\raw\spy_historical_options_2021-06-10.json.gz,423.61,True,,SPY210709C00424000,SPY210709P00424000,2021-07-09,29.0,424.0,4.44,4.48,4.460000000000001,0.008968609865470859,6.1,6.15,6.125,0.008163265306122564,0.024987606524869574
2021-06-11,C:\Users\avazq\OneDrive\Escritorio\cienciadatos\portafolio\quant-research-notes\HMM_regime_options\data\raw\spy_historical_options_2021-06-11.json.gz,424.31,True,,SPY210712C00424000,SPY210712P00424000,2021-07-12,31.0,424.0,4.74,4.79,4.765000000000001,0.010493179433368272,5.74,5.83,5.785,0.01555747623163351,0.024863896679314653
2021-06-14,C:\Users\avazq\OneDrive\Escritorio\cienciadatos\portafolio\quant-research-notes\HMM_regime_options\data\raw\spy_historical_options_2021-06-14.json.gz,425.26,True,,SPY210714C00425000,SPY210714P00425000,2021-07-14,30.0,425.0,5.01,5.05,5.029999999999999,0.007952286282306171,5.92,6.09,6.005,0.028309741881765185,0.025948831303202746
2021-06-15,C:\Users\avazq\OneDrive\Escritorio\cienciadatos\portafolio\quant-research-notes\HMM_regime_options\data\raw\spy_historical_options_2021-06-15.json.gz,424.48,True,,SPY210714C00424000,SPY210714P00424000,2021-07-14,29.0,424.0,5.13,5.17,5.15,0.0077669902912621425,5.98,6.15,6.065,0.02802967848309974,0.026420561628345267
2021-06-16,C:\Users\avazq\OneDrive\Escritorio\cienciadatos\portafolio\quant-research-notes\HMM_regime_options\data\raw\spy_historical_options_2021-06-16.json.gz,422.11,True,,SPY210716C00422000,SPY210716P00422000,2021-07-16,30.0,422.0,5.67,5.72,5.695,0.008779631255487239,6.57,6.73,6.65,0.02406015037593987,0.029245931155386037
2021-06-17,C:\Users\avazq\OneDrive\Escritorio\cienciadatos\portafolio\quant-research-notes\HMM_regime_options\data\raw\spy_historical_options_2021-06-17.json.gz,421.97,True,,SPY210716C00422000,SPY210716P00422000,2021-07-16,29.0,422.0,5.23,5.25,5.24,0.0038167938931296893,6.33,6.38,6.355,0.00786782061368998,0.027478256748110056
2021-06-18,C:\Users\avazq\OneDrive\Escritorio\cienciadatos\portafolio\quant-research-notes\HMM_regime_options\data\raw\spy_historical_options_2021-06-18.json.gz,414.92,True,,SPY210719C00415000,SPY210719P00415000,2021-07-19,31.0,415.0,7.33,7.43,7.38,0.013550135501354966,7.37,7.53,7.45,0.021476510067114114,0.035741829750313314
2021-06-21,C:\Users\avazq\OneDrive\Escritorio\cienciadatos\portafolio\quant-research-notes\HMM_regime_options\data\raw\spy_historical_options_2021-06-21.json.gz,420.86,True,,SPY210721C00420000,SPY210721P00420000,2021-07-21,30.0,420.0,7.02,7.06,7.039999999999999,0.005681818181818187,5.68,5.72,5.699999999999999,0.00701754385964913,0.030271349142232565
2021-06-22,C:\Users\avazq\OneDrive\Escritorio\cienciadatos\portafolio\quant-research-notes\HMM_regime_options\data\raw\spy_historical_options_2021-06-22.json.gz,423.11,True,,SPY210723C00423000,SPY210723P00423000,2021-07-23,31.0,423.0,5.92,5.95,5.9350000000000005,0.005054759898904844,5.86,5.89,5.875,0.005106382978723296,0.027912363215239537
2021-06-23,C:\Users\avazq\OneDrive\Escritorio\cienciadatos\portafolio\quant-research-notes\HMM_regime_options\data\raw\spy_historical_options_2021-06-23.json.gz,422.6,True,,SPY210723C00422500,SPY210723P00422500,2021-07-23,30.0,422.5,5.9,5.93,5.915,0.005071851225697271,5.55,5.58,5.5649999999999995,0.00539083557951487,0.027165168007572172
2021-06-24,C:\Users\avazq\OneDrive\Escritorio\cienciadatos\portafolio\quant-research-notes\HMM_regime_options\data\raw\spy_historical_options_2021-06-24.json.gz,425.1,True,,SPY210723C00425000,SPY210723P00425000,2021-07-23,29.0,425.0,5.48,5.52,5.5,0.0072727272727271175,5.26,5.29,5.275,0.005687203791469241,0.025346977181839567
2021-06-25,C:\Users\avazq\OneDrive\Escritorio\cienciadatos\portafolio\quant-research-notes\HMM_regime_options\data\raw\spy_historical_options_2021-06-25.json.gz,426.61,True,,SPY210726C00426000,SPY210726P00426000,2021-07-26,31.0,426.0,5.57,5.62,5.595000000000001,0.008936550491510244,4.89,4.94,4.915,0.010172939979654265,0.02463608447997
2021-06-28,C:\Users\avazq\OneDrive\Escritorio\cienciadatos\portafolio\quant-research-notes\HMM_regime_options\data\raw\spy_historical_options_2021-06-28.json.gz,427.47,True,,SPY210728C00428000,SPY210728P00428000,2021-07-28,30.0,428.0,4.98,5.01,4.995,0.006006006006005878,5.53,5.56,5.545,0.005410279531108992,0.024656701055044795
2021-06-29,C:\Users\avazq\OneDrive\Escritorio\cienciadatos\portafolio\quant-research-notes\HMM_regime_options\data\raw\spy_historical_options_2021-06-29.json.gz,427.7,True,,SPY210730C00427500,SPY210730P00427500,2021-07-30,31.0,427.5,5.95,5.98,5.965,0.005029337803855867,5.44,5.46,5.45,0.0036697247706421235,0.02668926817862988
2021-06-30,C:\Users\avazq\OneDrive\Escritorio\cienciadatos\portafolio\quant-research-notes\HMM_regime_options\data\raw\spy_historical_options_2021-06-30.json.gz,428.06,True,,SPY210730C00428000,SPY210730P00428000,2021-07-30,30.0,428.0,5.88,5.91,5.895,0.005089058524173071,5.19,5.22,5.205,0.005763688760806794,0.025930944260150444
2021-07-01,C:\Users\avazq\OneDrive\Escritorio\cienciadatos\portafolio\quant-research-notes\HMM_regime_options\data\raw\spy_historical_options_2021-07-01.json.gz,430.43,True,,SPY210730C00430000,SPY210730P00430000,2021-07-30,29.0,430.0,5.57,5.6,5.585,0.005371530886302482,5.12,5.14,5.13,0.003898635477582763,0.024893710940222566
2021-07-02,C:\Users\avazq\OneDrive\Escritorio\cienciadatos\portafolio\quant-research-notes\HMM_regime_options\data\raw\spy_historical_options_2021-07-02.json.gz,433.72,True,,SPY210802C00434000,SPY210802P00434000,2021-08-02,31.0,434.0,4.99,5.04,5.015000000000001,0.009970089730807541,5.46,5.5,5.48,0.0072992700729927066,0.024197639029788803
2021-07-06,C:\Users\avazq\OneDrive\Escritorio\cienciadatos\portafolio\quant-research-notes\HMM_regime_options\data\raw\spy_historical_options_2021-07-06.json.gz,432.93,True,,SPY210804C00433000,SPY210804P00433000,2021-08-04,29.0,433.0,5.39,5.42,5.404999999999999,0.005550416281221138,5.74,5.77,5.755,0.00521285838401379,0.025777839373570786
2021-07-07,C:\Users\avazq\OneDrive\Escritorio\cienciadatos\portafolio\quant-research-notes\HMM_regime_options\data\raw\spy_historical_options_2021-07-07.json.gz,434.46,True,,SPY210806C00434000,SPY210806P00434000,2021-08-06,30.0,434.0,6.09,6.11,6.1,0.00327868852459024,5.72,5.75,5.734999999999999,0.005231037489102049,0.027240712608755695
2021-07-08,C:\Users\avazq\OneDrive\Escritorio\cienciadatos\portafolio\quant-research-notes\HMM_regime_options\data\raw\spy_historical_options_2021-07-08.json.gz,430.92,True,,SPY210806C00431000,SPY210806P00431000,2021-08-06,29.0,431.0,6.47,6.5,6.484999999999999,0.004626060138781843,6.78,6.81,6.795,0.0044150110375275,0.030817785203750114
2021-07-09,C:\Users\avazq\OneDrive\Escritorio\cienciadatos\portafolio\quant-research-notes\HMM_regime_options\data\raw\spy_historical_options_2021-07-09.json.gz,435.52,True,,SPY210809C00436000,SPY210809P00436000,2021-08-09,31.0,436.0,5.4,5.44,5.42,0.007380073800738014,5.85,5.89,5.869999999999999,0.006814310051107332,0.0259230345334313
2021-07-12,C:\Users\avazq\OneDrive\Escritorio\cienciadatos\portafolio\quant-research-notes\HMM_regime_options\data\raw\spy_historical_options_2021-07-12.json.gz,437.08,True,,SPY210811C00438000,SPY210811P00438000,2021-08-11,30.0,438.0,5.27,5.32,5.295,0.009442870632672467,6.03,6.08,6.055,0.008257638315441755,0.025967786217626063
2021-07-13,C:\Users\avazq\OneDrive\Escritorio\cienciadatos\portafolio\quant-research-notes\HMM_regime_options\data\raw\spy_historical_options_2021-07-13.json.gz,435.59,True,,SPY210811C00436000,SPY210811P00436000,2021-08-11,29.0,436.0,5.85,5.88,5.865,0.005115089514066538,6.28,6.32,6.300000000000001,0.006349206349206354,0.02792763837553663
2021-07-14,C:\Users\avazq\OneDrive\Escritorio\cienciadatos\portafolio\quant-research-notes\HMM_regime_options\data\raw\spy_historical_options_2021-07-14.json.gz,436.24,True,,SPY210813C00436000,SPY210813P00436000,2021-08-13,30.0,436.0,6.36,6.37,6.365,0.0015710919088766358,5.83,5.86,5.845000000000001,0.005132591958939306,0.02798918026774253
2021-07-15,C:\Users\avazq\OneDrive\Escritorio\cienciadatos\portafolio\quant-research-notes\HMM_regime_options\data\raw\spy_historical_options_2021-07-15.json.gz,434.75,True,,SPY210813C00435000,SPY210813P00435000,2021-08-13,29.0,435.0,5.9,5.93,5.915,0.005071851225697271,6.37,6.4,6.385,0.004698512137823062,0.028292121909143188
2021-07-16,C:\Users\avazq\OneDrive\Escritorio\cienciadatos\portafolio\quant-research-notes\HMM_regime_options\data\raw\spy_historical_options_2021-07-16.json.gz,431.34,True,,SPY210816C00431000,SPY210816P00431000,2021-08-16,31.0,431.0,7.12,7.17,7.145,0.006997900629811032,6.77,6.83,6.8,0.008823529411764779,0.032329484861130436
2021-07-19,C:\Users\avazq\OneDrive\Escritorio\cienciadatos\portafolio\quant-research-notes\HMM_regime_options\data\raw\spy_historical_options_2021-07-19.json.gz,424.97,True,,SPY210818C00425000,SPY210818P00425000,2021-08-18,30.0,425.0,8.21,8.34,8.275,0.015709969788519518,8.2,8.37,8.285,0.02051901025950512,0.038967456526343036
2021-07-20,C:\Users\avazq\OneDrive\Escritorio\cienciadatos\portafolio\quant-research-notes\HMM_regime_options\data\raw\spy_historical_options_2021-07-20.json.gz,431.06,True,,SPY210818C00431000,SPY210818P00431000,2021-08-18,29.0,431.0,7.15,7.18,7.165,0.004187020237264391,7.06,7.1,7.08,0.005649717514124299,0.03304644365053589
2021-07-21,C:\Users\avazq\OneDrive\Escritorio\cienciadatos\portafolio\quant-research-notes\HMM_regime_options\data\raw\spy_historical_options_2021-07-21.json.gz,434.55,True,,SPY210820C00435000,SPY210820P00435000,2021-08-20,30.0,435.0,6.45,6.46,6.455,0.0015491866769945448,6.6,6.61,6.605,0.0015140045420137282,0.030054078932228744
2021-07-22,C:\Users\avazq\OneDrive\Escritorio\cienciadatos\portafolio\quant-research-notes\HMM_regime_options\data\raw\spy_historical_options_2021-07-22.json.gz,435.46,True,,SPY210820C00435000,SPY210820P00435000,2021-08-20,29.0,435.0,6.9,6.92,6.91,0.00289435600578865,6.06,6.08,6.07,0.0032948929159803066,0.02980755982179764
2021-07-23,C:\Users\avazq\OneDrive\Escritorio\cienciadatos\portafolio\quant-research-notes\HMM_regime_options\data\raw\spy_historical_options_2021-07-23.json.gz,439.94,True,,SPY210823C00440000,SPY210823P00440000,2021-08-23,31.0,440.0,6.04,6.09,6.0649999999999995,0.008244023083264605,6.2,6.24,6.220000000000001,0.0064308681672025775,0.027924262399418105
2021-07-26,C:\Users\avazq\OneDrive\Escritorio\cienciadatos\portafolio\quant-research-notes\HMM_regime_options\data\raw\spy_historical_options_2021-07-26.json.gz,441.02,True,,SPY210825C00442000,SPY210825P00442000,2021-08-25,30.0,442.0,5.68,5.74,5.71,0.010507880910683099,6.6,6.67,6.635,0.010550113036925438,0.02799192780372772
2021-07-27,C:\Users\avazq\OneDrive\Escritorio\cienciadatos\portafolio\quant-research-notes\HMM_regime_options\data\raw\spy_historical_options_2021-07-27.json.gz,439.01,True,,SPY210825C00439000,SPY210825P00439000,2021-08-25,29.0,439.0,6.36,6.4,6.380000000000001,0.006269592476489033,6.92,6.96,6.9399999999999995,0.005763688760806922,0.03034099451037562
2021-07-28,C:\Users\avazq\OneDrive\Escritorio\cienciadatos\portafolio\quant-research-notes\HMM_regime_options\data\raw\spy_historical_options_2021-07-28.json.gz,438.83,True,,SPY210827C00439000,SPY210827P00439000,2021-08-27,30.0,439.0,6.58,6.62,6.6,0.006060606060606067,6.88,7.03,6.955,0.021567217828900122,0.030888954720506803
2021-07-29,C:\Users\avazq\OneDrive\Escritorio\cienciadatos\portafolio\quant-research-notes\HMM_regime_options\data\raw\spy_historical_options_2021-07-29.json.gz,440.65,True,,SPY210827C00441000,SPY210827P00441000,2021-08-27,29.0,441.0,5.96,5.99,5.975,0.005020920502092092,6.47,6.51,6.49,0.006163328197226508,0.02828775672302281
2021-07-30,C:\Users\avazq\OneDrive\Escritorio\cienciadatos\portafolio\quant-research-notes\HMM_regime_options\data\raw\spy_historical_options_2021-07-30.json.gz,438.51,True,,SPY210830C00439000,SPY210830P00439000,2021-08-30,31.0,439.0,6.67,6.7,6.6850000000000005,0.004487658937920755,6.56,6.61,6.585,0.007593014426727519,0.030261567581126997
2021-08-02,C:\Users\avazq\OneDrive\Escritorio\cienciadatos\portafolio\quant-research-notes\HMM_regime_options\data\raw\spy_historical_options_2021-08-02.json.gz,437.59,True,,SPY210901C00438000,SPY210901P00438000,2021-09-01,30.0,438.0,7.0,7.06,7.029999999999999,0.008534850640113743,7.24,7.3,7.27,0.008253094910591419,0.03267899175026852
2021-08-03,C:\Users\avazq\OneDrive\Escritorio\cienciadatos\portafolio\quant-research-notes\HMM_regime_options\data\raw\spy_historical_options_2021-08-03.json.gz,441.15,True,,SPY210901C00441000,SPY210901P00441000,2021-09-01,29.0,441.0,6.31,6.34,6.324999999999999,0.0047430830039526094,6.39,6.42,6.404999999999999,0.004683840749414559,0.028856398050549698
2021-08-04,C:\Users\avazq\OneDrive\Escritorio\cienciadatos\portafolio\quant-research-notes\HMM_regime_options\data\raw\spy_historical_options_2021-08-04.json.gz,438.98,True,,SPY210903C00439000,SPY210903P00439000,2021-09-03,30.0,439.0,6.88,6.91,6.895,0.004350978970268347,6.66,6.69,6.675000000000001,0.004494382022471947,0.030912570048749373
2021-08-05,C:\Users\avazq\OneDrive\Escritorio\cienciadatos\portafolio\quant-research-notes\HMM_regime_options\data\raw\spy_historical_options_2021-08-05.json.gz,441.76,True,,SPY210903C00442000,SPY210903P00442000,2021-09-03,29.0,442.0,6.05,6.07,6.0600000000000005,0.0033003300330033763,6.4,6.42,6.41,0.003120124804992133,0.028227997102499097
2021-08-06,C:\Users\avazq\OneDrive\Escritorio\cienciadatos\portafolio\quant-research-notes\HMM_regime_options\data\raw\spy_historical_options_2021-08-06.json.gz,442.49,True,,SPY210903C00442000,SPY210903P00442000,2021-09-03,28.0,442.0,6.13,6.15,6.140000000000001,0.0032573289902280878,5.56,5.59,5.574999999999999,0.005381165919282557,0.0264751745802165
2021-08-09,C:\Users\avazq\OneDrive\Escritorio\cienciadatos\portafolio\quant-research-notes\HMM_regime_options\data\raw\spy_historical_options_2021-08-09.json.gz,442.13,True,,SPY210908C00442000,SPY210908P00442000,2021-09-08,30.0,442.0,6.27,6.31,6.289999999999999,0.006359300476947542,5.81,5.86,5.835,0.008568980291345452,0.027424060796598287
2021-08-10,C:\Users\avazq\OneDrive\Escritorio\cienciadatos\portafolio\quant-research-notes\HMM_regime_options\data\raw\spy_historical_options_2021-08-10.json.gz,442.68,True,,SPY210910C00442500,SPY210910P00442500,2021-09-10,31.0,442.5,6.26,6.28,6.27,0.0031897926634769477,6.31,6.34,6.324999999999999,0.0047430830039526094,0.02845170326194994
2021-08-11,C:\Users\avazq\OneDrive\Escritorio\cienciadatos\portafolio\quant-research-notes\HMM_regime_options\data\raw\spy_historical_options_2021-08-11.json.gz,443.78,True,,SPY210910C00444000,SPY210910P00444000,2021-09-10,30.0,444.0,5.72,5.74,5.73,0.0034904013961606388,5.97,5.99,5.98,0.0033444816053512477,0.02638694848798955
2021-08-12,C:\Users\avazq\OneDrive\Escritorio\cienciadatos\portafolio\quant-research-notes\HMM_regime_options\data\raw\spy_historical_options_2021-08-12.json.gz,445.11,True,,SPY210910C00445000,SPY210910P00445000,2021-09-10,29.0,445.0,5.58,5.6,5.59,0.003577817531305827,5.48,5.5,5.49,0.003642987249544549,0.024892723147087237
2021-08-13,C:\Users\avazq\OneDrive\Escritorio\cienciadatos\portafolio\quant-research-notes\HMM_regime_options\data\raw\spy_historical_options_2021-08-13.json.gz,445.92,True,,SPY210913C00446000,SPY210913P00446000,2021-09-13,31.0,446.0,5.37,5.4,5.385,0.00557103064066857,5.53,5.56,5.545,0.005410279531108992,0.024511123071402942
2021-08-16,C:\Users\avazq\OneDrive\Escritorio\cienciadatos\portafolio\quant-research-notes\HMM_regime_options\data\raw\spy_historical_options_2021-08-16.json.gz,446.97,True,,SPY210915C00447000,SPY210915P00447000,2021-09-15,30.0,447.0,5.83,5.88,5.855,0.008539709649871873,5.66,5.71,5.6850000000000005,0.008795074758135412,0.02581828758082198
2021-08-17,C:\Users\avazq\OneDrive\Escritorio\cienciadatos\portafolio\quant-research-notes\HMM_regime_options\data\raw\spy_historical_options_2021-08-17.json.gz,444.04,True,,SPY210915C00444000,SPY210915P00444000,2021-09-15,29.0,444.0,6.09,6.12,6.105,0.004914004914004955,6.51,6.55,6.529999999999999,0.0061255742725880614,0.028454643725790468
2021-08-18,C:\Users\avazq\OneDrive\Escritorio\cienciadatos\portafolio\quant-research-notes\HMM_regime_options\data\raw\spy_historical_options_2021-08-18.json.gz,439.18,True,,SPY210917C00439000,SPY210917P00439000,2021-09-17,30.0,439.0,7.8,7.83,7.8149999999999995,0.003838771593090243,8.45,8.48,8.465,0.003544004725339768,0.037069083291588874
2021-08-19,C:\Users\avazq\OneDrive\Escritorio\cienciadatos\portafolio\quant-research-notes\HMM_regime_options\data\raw\spy_historical_options_2021-08-19.json.gz,439.86,True,,SPY210917C00440000,SPY210917P00440000,2021-09-17,29.0,440.0,7.52,7.56,7.539999999999999,0.005305039787798413,8.27,8.32,8.295,0.006027727546714975,0.03600009093802573
2021-08-20,C:\Users\avazq\OneDrive\Escritorio\cienciadatos\portafolio\quant-research-notes\HMM_regime_options\data\raw\spy_historical_options_2021-08-20.json.gz,443.36,True,,SPY210920C00443000,SPY210920P00443000,2021-09-20,31.0,443.0,6.45,6.49,6.470000000000001,0.006182380216383313,6.97,7.27,7.119999999999999,0.042134831460674135,0.030652291591483218
2021-08-23,C:\Users\avazq\OneDrive\Escritorio\cienciadatos\portafolio\quant-research-notes\HMM_regime_options\data\raw\spy_historical_options_2021-08-23.json.gz,447.26,True,,SPY210922C00448000,SPY210922P00448000,2021-09-22,30.0,448.0,5.23,5.29,5.26,0.011406844106463804,6.68,6.96,6.82,0.04105571847507335,0.02700889862719671
2021-08-24,C:\Users\avazq\OneDrive\Escritorio\cienciadatos\portafolio\quant-research-notes\HMM_regime_options\data\raw\spy_historical_options_2021-08-24.json.gz,447.97,True,,SPY210922C00448000,SPY210922P00448000,2021-09-22,29.0,448.0,5.41,5.44,5.425000000000001,0.005529953917050736,6.38,6.54,6.46,0.02476780185758516,0.026530794472844167
2021-08-25,C:\Users\avazq\OneDrive\Escritorio\cienciadatos\portafolio\quant-research-notes\HMM_regime_options\data\raw\spy_historical_options_2021-08-25.json.gz,448.91,True,,SPY210924C00449000,SPY210924P00449000,2021-09-24,30.0,449.0,5.35,5.36,5.355,0.0018674136321196403,6.47,6.51,6.49,0.006163328197226508,0.02638613530551781
2021-08-26,C:\Users\avazq\OneDrive\Escritorio\cienciadatos\portafolio\quant-research-notes\HMM_regime_options\data\raw\spy_historical_options_2021-08-26.json.gz,446.26,True,,SPY210924C00446000,SPY210924P00446000,2021-09-24,29.0,446.0,6.25,6.28,6.265000000000001,0.00478850758180371,6.81,7.0,6.904999999999999,0.027516292541636553,0.029511943709944876
2021-08-27,C:\Users\avazq\OneDrive\Escritorio\cienciadatos\portafolio\quant-research-notes\HMM_regime_options\data\raw\spy_historical_options_2021-08-27.json.gz,450.25,True,,SPY210927C00450000,SPY210927P00450000,2021-09-27,31.0,450.0,5.25,5.3,5.275,0.009478672985781957,6.14,6.19,6.165,0.008110300081103116,0.025408106607440313
2021-08-30,C:\Users\avazq\OneDrive\Escritorio\cienciadatos\portafolio\quant-research-notes\HMM_regime_options\data\raw\spy_historical_options_2021-08-30.json.gz,452.23,True,,SPY210929C00450000,SPY210929P00450000,2021-09-29,30.0,450.0,6.46,6.51,6.484999999999999,0.00771010023130298,5.45,5.6,5.525,0.027149321266968226,0.026557282798575943
2021-08-31,C:\Users\avazq\OneDrive\Escritorio\cienciadatos\portafolio\quant-research-notes\HMM_regime_options\data\raw\spy_historical_options_2021-08-31.json.gz,451.56,True,,SPY210930C00452000,SPY210930P00452000,2021-09-30,30.0,452.0,5.11,5.14,5.125,0.005853658536585241,6.39,6.44,6.415,0.007794232268121701,0.025555850828239877
2021-09-01,C:\Users\avazq\OneDrive\Escritorio\cienciadatos\portafolio\quant-research-notes\HMM_regime_options\data\raw\spy_historical_options_2021-09-01.json.gz,451.8,True,,SPY211001C00452000,SPY211001P00452000,2021-10-01,30.0,452.0,5.11,5.14,5.125,0.005853658536585241,6.31,6.46,6.385,0.02349256068911517,0.025475874280655154
2021-09-02,C:\Users\avazq\OneDrive\Escritorio\cienciadatos\portafolio\quant-research-notes\HMM_regime_options\data\raw\spy_historical_options_2021-09-02.json.gz,453.19,True,,SPY211001C00453000,SPY211001P00453000,2021-10-01,29.0,453.0,5.06,5.09,5.074999999999999,0.005911330049261134,6.19,6.23,6.210000000000001,0.0064412238325281855,0.024901255544032306
2021-09-03,C:\Users\avazq\OneDrive\Escritorio\cienciadatos\portafolio\quant-research-notes\HMM_regime_options\data\raw\spy_historical_options_2021-09-03.json.gz,453.08,True,,SPY211004C00455000,SPY211004P00455000,2021-10-04,31.0,455.0,3.72,3.76,3.74,0.010695187165775291,6.95,7.28,7.115,0.04638088545326775,0.023958241370177453
2021-09-07,C:\Users\avazq\OneDrive\Escritorio\cienciadatos\portafolio\quant-research-notes\HMM_regime_options\data\raw\spy_historical_options_2021-09-07.json.gz,451.46,True,,SPY211008C00451000,SPY211008P00451000,2021-10-08,31.0,451.0,5.98,6.01,5.995,0.005004170141784714,6.94,7.11,7.025,0.024199288256227747,0.028839764320205557
2021-09-08,C:\Users\avazq\OneDrive\Escritorio\cienciadatos\portafolio\quant-research-notes\HMM_regime_options\data\raw\spy_historical_options_2021-09-08.json.gz,450.91,True,,SPY211008C00451000,SPY211008P00451000,2021-10-08,30.0,451.0,5.53,5.55,5.54,0.0036101083032490204,7.02,7.19,7.105,0.02392681210415212,0.028043290235301943
2021-09-09,C:\Users\avazq\OneDrive\Escritorio\cienciadatos\portafolio\quant-research-notes\HMM_regime_options\data\raw\spy_historical_options_2021-09-09.json.gz,448.98,True,,SPY211008C00449000,SPY211008P00449000,2021-10-08,29.0,449.0,5.86,5.9,5.880000000000001,0.006802721088435379,7.43,7.65,7.54,0.02917771883289133,0.029889972827297433
2021-09-10,C:\Users\avazq\OneDrive\Escritorio\cienciadatos\portafolio\quant-research-notes\HMM_regime_options\data\raw\spy_historical_options_2021-09-10.json.gz,445.44,True,,SPY211011C00445000,SPY211011P00445000,2021-10-11,31.0,445.0,7.3,7.39,7.345,0.012253233492171526,7.7,8.15,7.925000000000001,0.05678233438485806,0.034280711206896554
2021-09-13,C:\Users\avazq\OneDrive\Escritorio\cienciadatos\portafolio\quant-research-notes\HMM_regime_options\data\raw\spy_historical_options_2021-09-13.json.gz,446.58,True,,SPY211013C00447000,SPY211013P00447000,2021-10-13,30.0,447.0,6.26,6.34,6.3,0.01269841269841271,7.47,7.91,7.6899999999999995,0.05721716514954492,0.031326973890456355
2021-09-14,C:\Users\avazq\OneDrive\Escritorio\cienciadatos\portafolio\quant-research-notes\HMM_regime_options\data\raw\spy_historical_options_2021-09-14.json.gz,444.17,True,,SPY211013C00444000,SPY211013P00444000,2021-10-13,29.0,444.0,6.66,6.69,6.675000000000001,0.004494382022471947,7.7,7.8,7.75,0.012903225806451568,0.03247630411779274
2021-09-15,C:\Users\avazq\OneDrive\Escritorio\cienciadatos\portafolio\quant-research-notes\HMM_regime_options\data\raw\spy_historical_options_2021-09-15.json.gz,447.88,True,,SPY211015C00448000,SPY211015P00448000,2021-10-15,30.0,448.0,5.85,5.87,5.859999999999999,0.0034129692832765295,7.31,7.33,7.32,0.002732240437158533,0.029427525229972315
2021-09-16,C:\Users\avazq\OneDrive\Escritorio\cienciadatos\portafolio\quant-research-notes\HMM_regime_options\data\raw\spy_historical_options_2021-09-16.json.gz,447.17,True,,SPY211015C00447000,SPY211015P00447000,2021-10-15,29.0,447.0,5.9,5.93,5.915,0.005071851225697271,7.34,7.43,7.385,0.012186865267433969,0.029742603484133552
2021-09-17,C:\Users\avazq\OneDrive\Escritorio\cienciadatos\portafolio\quant-research-notes\HMM_regime_options\data\raw\spy_historical_options_2021-09-17.json.gz,441.4,True,,SPY211018C00442000,SPY211018P00442000,2021-10-18,31.0,442.0,7.29,7.35,7.32,0.008196721311475356,8.24,8.31,8.275,0.008459214501510609,0.03533076574535569
2021-09-20,C:\Users\avazq\OneDrive\Escritorio\cienciadatos\portafolio\quant-research-notes\HMM_regime_options\data\raw\spy_historical_options_2021-09-20.json.gz,434.04,True,,SPY211020C00434000,SPY211020P00434000,2021-10-20,30.0,434.0,9.83,9.95,9.89,0.012133468149646028,9.72,9.83,9.775,0.011253196930946233,0.0453068841581421
2021-09-21,C:\Users\avazq\OneDrive\Escritorio\cienciadatos\portafolio\quant-research-notes\HMM_regime_options\data\raw\spy_historical_options_2021-09-21.json.gz,433.63,True,,SPY211020C00434000,SPY211020P00434000,2021-10-20,29.0,434.0,9.06,9.11,9.085,0.005503577325261302,9.53,9.59,9.559999999999999,0.0062761506276151156,0.04299748633627747
2021-09-22,C:\Users\avazq\OneDrive\Escritorio\cienciadatos\portafolio\quant-research-notes\HMM_regime_options\data\raw\spy_historical_options_2021-09-22.json.gz,437.86,True,,SPY211022C00438000,SPY211022P00438000,2021-10-22,30.0,438.0,8.29,8.34,8.315,0.00601322910402895,8.19,8.25,8.219999999999999,0.007299270072992762,0.037763211985566154
2021-09-23,C:\Users\avazq\OneDrive\Escritorio\cienciadatos\portafolio\quant-research-notes\HMM_regime_options\data\raw\spy_historical_options_2021-09-23.json.gz,443.18,True,,SPY211022C00443000,SPY211022P00443000,2021-10-22,29.0,443.0,7.2,7.23,7.215,0.004158004158004193,6.99,7.01,7.0,0.0028571428571427964,0.03207500338462927
2021-09-24,C:\Users\avazq\OneDrive\Escritorio\cienciadatos\portafolio\quant-research-notes\HMM_regime_options\data\raw\spy_historical_options_2021-09-24.json.gz,443.91,True,,SPY211025C00444000,SPY211025P00444000,2021-10-25,31.0,444.0,6.79,6.83,6.8100000000000005,0.005873715124816451,6.79,6.83,6.8100000000000005,0.005873715124816451,0.0306818949787119
2021-09-27,C:\Users\avazq\OneDrive\Escritorio\cienciadatos\portafolio\quant-research-notes\HMM_regime_options\data\raw\spy_historical_options_2021-09-27.json.gz,442.64,True,,SPY211027C00443000,SPY211027P00443000,2021-10-27,30.0,443.0,6.77,6.83,6.8,0.008823529411764779,7.31,7.37,7.34,0.008174386920980995,0.03194469546358215
2021-09-28,C:\Users\avazq\OneDrive\Escritorio\cienciadatos\portafolio\quant-research-notes\HMM_regime_options\data\raw\spy_historical_options_2021-09-28.json.gz,433.72,True,,SPY211027C00434000,SPY211027P00434000,2021-10-27,29.0,434.0,9.32,9.38,9.350000000000001,0.006417112299465293,8.94,9.01,8.975,0.007799442896935965,0.04225076085954072
2021-09-29,C:\Users\avazq\OneDrive\Escritorio\cienciadatos\portafolio\quant-research-notes\HMM_regime_options\data\raw\spy_historical_options_2021-09-29.json.gz,434.45,True,,SPY211029C00434000,SPY211029P00434000,2021-10-29,30.0,434.0,10.02,10.05,10.035,0.0029895366218237306,8.87,8.9,8.885,0.0033764772087789686,0.04354931522614801
2021-09-30,C:\Users\avazq\OneDrive\Escritorio\cienciadatos\portafolio\quant-research-notes\HMM_regime_options\data\raw\spy_historical_options_2021-09-30.json.gz,429.14,True,,SPY211029C00429000,SPY211029P00429000,2021-10-29,29.0,429.0,10.22,10.29,10.254999999999999,0.006825938566552756,9.17,9.25,9.21,0.008686210640608042,0.04535815817681876
2021-10-01,C:\Users\avazq\OneDrive\Escritorio\cienciadatos\portafolio\quant-research-notes\HMM_regime_options\data\raw\spy_historical_options_2021-10-01.json.gz,434.24,True,,SPY211101C00434000,SPY211101P00434000,2021-11-01,31.0,434.0,9.11,9.17,9.14,0.006564551422319529,8.42,8.47,8.445,0.005920663114268882,0.040496039056742816
2021-10-04,C:\Users\avazq\OneDrive\Escritorio\cienciadatos\portafolio\quant-research-notes\HMM_regime_options\data\raw\spy_historical_options_2021-10-04.json.gz,428.64,True,,SPY211103C00428000,SPY211103P00428000,2021-11-03,30.0,428.0,10.16,10.34,10.25,0.01756097560975607,9.15,9.31,9.23,0.017334777898158193,0.04544606196341919
2021-10-05,C:\Users\avazq\OneDrive\Escritorio\cienciadatos\portafolio\quant-research-notes\HMM_regime_options\data\raw\spy_historical_options_2021-10-05.json.gz,433.1,True,,SPY211103C00433000,SPY211103P00433000,2021-11-03,29.0,433.0,8.88,8.91,8.895,0.0033726812816188153,8.59,8.62,8.605,0.0034863451481695943,0.04040637266220272
2021-10-06,C:\Users\avazq\OneDrive\Escritorio\cienciadatos\portafolio\quant-research-notes\HMM_regime_options\data\raw\spy_historical_options_2021-10-06.json.gz,434.9,True,,SPY211105C00435000,SPY211105P00435000,2021-11-05,30.0,435.0,8.74,8.77,8.754999999999999,0.003426613363792046,8.92,8.95,8.934999999999999,0.003357582540570718,0.04067601747528167
2021-10-07,C:\Users\avazq\OneDrive\Escritorio\cienciadatos\portafolio\quant-research-notes\HMM_regime_options\data\raw\spy_historical_options_2021-10-07.json.gz,438.66,True,,SPY211105C00439000,SPY211105P00439000,2021-11-05,29.0,439.0,7.82,7.85,7.835,0.003828972559029912,7.97,8.0,7.984999999999999,0.003757044458359455,0.036064377878083254
2021-10-08,C:\Users\avazq\OneDrive\Escritorio\cienciadatos\portafolio\quant-research-notes\HMM_regime_options\data\raw\spy_historical_options_2021-10-08.json.gz,437.86,True,,SPY211108C00438000,SPY211108P00438000,2021-11-08,31.0,438.0,7.56,7.6,7.58,0.0052770448548812715,8.06,8.1,8.08,0.004950495049504845,0.03576485634677751
2021-10-11,C:\Users\avazq\OneDrive\Escritorio\cienciadatos\portafolio\quant-research-notes\HMM_regime_options\data\raw\spy_historical_options_2021-10-11.json.gz,434.69,True,,SPY211110C00435000,SPY211110P00435000,2021-11-10,30.0,435.0,8.04,8.11,8.075,0.008668730650154834,8.52,8.59,8.555,0.008182349503214528,0.03825714877268858
2021-10-12,C:\Users\avazq\OneDrive\Escritorio\cienciadatos\portafolio\quant-research-notes\HMM_regime_options\data\raw\spy_historical_options_2021-10-12.json.gz,433.62,True,,SPY211110C00434000,SPY211110P00434000,2021-11-10,29.0,434.0,7.36,7.41,7.385,0.006770480704129969,8.53,8.58,8.555,0.005844535359439008,0.03676029703426963
2021-10-13,C:\Users\avazq\OneDrive\Escritorio\cienciadatos\portafolio\quant-research-notes\HMM_regime_options\data\raw\spy_historical_options_2021-10-13.json.gz,435.18,True,,SPY211112C00435000,SPY211112P00435000,2021-11-12,30.0,435.0,7.83,7.86,7.845000000000001,0.0038240917782027084,7.55,7.58,7.5649999999999995,0.003965631196298777,0.03541063467990257
2021-10-14,C:\Users\avazq\OneDrive\Escritorio\cienciadatos\portafolio\quant-research-notes\HMM_regime_options\data\raw\spy_historical_options_2021-10-14.json.gz,442.5,True,,SPY211112C00442000,SPY211112P00442000,2021-11-12,29.0,442.0,6.88,6.91,6.895,0.004350978970268347,6.33,6.35,6.34,0.0031545741324920462,0.02990960451977401
2021-10-15,C:\Users\avazq\OneDrive\Escritorio\cienciadatos\portafolio\quant-research-notes\HMM_regime_options\data\raw\spy_historical_options_2021-10-15.json.gz,445.87,True,,SPY211115C00446000,SPY211115P00446000,2021-11-15,31.0,446.0,6.24,6.29,6.265000000000001,0.007980845969672756,6.39,6.43,6.41,0.006240249609984405,0.02842756857379954
2021-10-18,C:\Users\avazq\OneDrive\Escritorio\cienciadatos\portafolio\quant-research-notes\HMM_regime_options\data\raw\spy_historical_options_2021-10-18.json.gz,447.19,True,,SPY211117C00447000,SPY211117P00447000,2021-11-17,30.0,447.0,6.49,6.54,6.515000000000001,0.00767459708365308,6.27,6.33,6.3,0.009523809523809603,0.028656723093092425
2021-10-19,C:\Users\avazq\OneDrive\Escritorio\cienciadatos\portafolio\quant-research-notes\HMM_regime_options\data\raw\spy_historical_options_2021-10-19.json.gz,450.64,True,,SPY211117C00451000,SPY211117P00451000,2021-11-17,29.0,451.0,6.02,6.05,6.035,0.004971002485501284,5.93,5.96,5.945,0.005046257359125357,0.026584413278892244
2021-10-20,C:\Users\avazq\OneDrive\Escritorio\cienciadatos\portafolio\quant-research-notes\HMM_regime_options\data\raw\spy_historical_options_2021-10-20.json.gz,452.41,True,,SPY211119C00452500,SPY211119P00452500,2021-11-19,30.0,452.5,5.96,5.98,5.970000000000001,0.003350083752093879,6.33,6.34,6.335,0.0015785319652722631,0.02719877986781901
2021-10-21,C:\Users\avazq\OneDrive\Escritorio\cienciadatos\portafolio\quant-research-notes\HMM_regime_options\data\raw\spy_historical_options_2021-10-21.json.gz,453.59,True,,SPY211119C00454000,SPY211119P00454000,2021-11-19,29.0,454.0,5.63,5.65,5.640000000000001,0.0035460992907802233,6.01,6.02,6.015,0.0016625103906899065,0.025695010912939003
2021-10-22,C:\Users\avazq\OneDrive\Escritorio\cienciadatos\portafolio\quant-research-notes\HMM_regime_options\data\raw\spy_historical_options_2021-10-22.json.gz,453.12,True,,SPY211122C00453000,SPY211122P00453000,2021-11-22,31.0,453.0,6.12,6.26,6.1899999999999995,0.022617124394184118,6.21,6.34,6.275,0.02071713147410357,0.027509269067796608
2021-10-25,C:\Users\avazq\OneDrive\Escritorio\cienciadatos\portafolio\quant-research-notes\HMM_regime_options\data\raw\spy_historical_options_2021-10-25.json.gz,455.55,True,,SPY211124C00456000,SPY211124P00456000,2021-11-24,30.0,456.0,5.55,5.65,5.6,0.017857142857142953,6.59,6.69,6.640000000000001,0.015060240963855501,0.026868620349028646
2021-10-26,C:\Users\avazq\OneDrive\Escritorio\cienciadatos\portafolio\quant-research-notes\HMM_regime_options\data\raw\spy_historical_options_2021-10-26.json.gz,455.96,True,,SPY211124C00456000,SPY211124P00456000,2021-11-24,29.0,456.0,6.47,6.5,6.484999999999999,0.004626060138781843,6.22,6.26,6.24,0.006410256410256416,0.02790814983770506
2021-10-27,C:\Users\avazq\OneDrive\Escritorio\cienciadatos\portafolio\quant-research-notes\HMM_regime_options\data\raw\spy_historical_options_2021-10-27.json.gz,453.94,True,,SPY211126C00454000,SPY211126P00454000,2021-11-26,30.0,454.0,6.96,6.98,6.970000000000001,0.0028694404591105395,6.74,6.77,6.755,0.004441154700221963,0.03023527338414769
2021-10-28,C:\Users\avazq\OneDrive\Escritorio\cienciadatos\portafolio\quant-research-notes\HMM_regime_options\data\raw\spy_historical_options_2021-10-28.json.gz,458.32,True,,SPY211126C00458000,SPY211126P00458000,2021-11-26,29.0,458.0,6.36,6.38,6.37,0.003139717425431644,6.37,6.39,6.38,0.003134796238244447,0.027818991097922848
2021-10-29,C:\Users\avazq\OneDrive\Escritorio\cienciadatos\portafolio\quant-research-notes\HMM_regime_options\data\raw\spy_historical_options_2021-10-29.json.gz,459.25,True,,SPY211129C00459000,SPY211129P00459000,2021-11-29,31.0,459.0,6.63,6.67,6.65,0.006015037593984967,6.25,6.29,6.27,0.006379585326953754,0.02813282525857376
2021-11-01,C:\Users\avazq\OneDrive\Escritorio\cienciadatos\portafolio\quant-research-notes\HMM_regime_options\data\raw\spy_historical_options_2021-11-01.json.gz,460.04,True,,SPY211201C00460000,SPY211201P00460000,2021-12-01,30.0,460.0,6.51,6.56,6.535,0.007651109410864548,6.48,6.53,6.505000000000001,0.00768639508070712,0.02834536127293279
2021-11-02,C:\Users\avazq\OneDrive\Escritorio\cienciadatos\portafolio\quant-research-notes\HMM_regime_options\data\raw\spy_historical_options_2021-11-02.json.gz,461.9,True,,SPY211201C00462000,SPY211201P00462000,2021-12-01,29.0,462.0,5.99,6.02,6.005,0.0049958368026643395,6.38,6.41,6.395,0.00469116497263491,0.026845637583892617
2021-11-03,C:\Users\avazq\OneDrive\Escritorio\cienciadatos\portafolio\quant-research-notes\HMM_regime_options\data\raw\spy_historical_options_2021-11-03.json.gz,464.72,True,,SPY211203C00465000,SPY211203P00465000,2021-12-03,30.0,465.0,5.91,5.99,5.95,0.013445378151260515,6.27,6.32,6.295,0.00794281175536151,0.02634919951798933
2021-11-04,C:\Users\avazq\OneDrive\Escritorio\cienciadatos\portafolio\quant-research-notes\HMM_regime_options\data\raw\spy_historical_options_2021-11-04.json.gz,466.91,True,,SPY211203C00467000,SPY211203P00467000,2021-12-03,29.0,467.0,5.78,5.81,5.795,0.0051768766177738325,6.09,6.12,6.105,0.004914004914004955,0.025486710500953073
2021-11-05,C:\Users\avazq\OneDrive\Escritorio\cienciadatos\portafolio\quant-research-notes\HMM_regime_options\data\raw\spy_historical_options_2021-11-05.json.gz,468.53,True,,SPY211206C00469000,SPY211206P00469000,2021-12-06,31.0,469.0,5.98,6.02,6.0,0.006666666666666525,6.57,6.62,6.595000000000001,0.007581501137225143,0.02688194992849978
2021-11-08,C:\Users\avazq\OneDrive\Escritorio\cienciadatos\portafolio\quant-research-notes\HMM_regime_options\data\raw\spy_historical_options_2021-11-08.json.gz,468.93,True,,SPY211208C00469000,SPY211208P00469000,2021-12-08,30.0,469.0,6.41,6.49,6.45,0.012403100775193809,6.69,6.79,6.74,0.014836795252225466,0.028127865566289215
2021-11-09,C:\Users\avazq\OneDrive\Escritorio\cienciadatos\portafolio\quant-research-notes\HMM_regime_options\data\raw\spy_historical_options_2021-11-09.json.gz,467.38,True,,SPY211208C00467000,SPY211208P00467000,2021-12-08,29.0,467.0,6.9,6.93,6.915,0.004338394793926155,6.76,6.79,6.775,0.004428044280442841,0.029290940990200697
2021-11-10,C:\Users\avazq\OneDrive\Escritorio\cienciadatos\portafolio\quant-research-notes\HMM_regime_options\data\raw\spy_historical_options_2021-11-10.json.gz,463.62,True,,SPY211210C00464000,SPY211210P00464000,2021-12-10,30.0,464.0,7.35,7.39,7.369999999999999,0.005427408412483045,7.68,7.72,7.699999999999999,0.0051948051948052,0.032505068806350026
2021-11-11,C:\Users\avazq\OneDrive\Escritorio\cienciadatos\portafolio\quant-research-notes\HMM_regime_options\data\raw\spy_historical_options_2021-11-11.json.gz,463.77,True,,SPY211210C00464000,SPY211210P00464000,2021-12-10,29.0,464.0,7.15,7.18,7.165,0.004187020237264391,6.99,7.01,7.0,0.0028571428571427964,0.030543157168424002
2021-11-12,C:\Users\avazq\OneDrive\Escritorio\cienciadatos\portafolio\quant-research-notes\HMM_regime_options\data\raw\spy_historical_options_2021-11-12.json.gz,467.27,True,,SPY211213C00468000,SPY211213P00468000,2021-12-13,31.0,468.0,6.42,6.46,6.4399999999999995,0.006211180124223608,6.74,6.78,6.76,0.0059171597633136145,0.02824919211590729
2021-11-15,C:\Users\avazq\OneDrive\Escritorio\cienciadatos\portafolio\quant-research-notes\HMM_regime_options\data\raw\spy_historical_options_2021-11-15.json.gz,467.43,True,,SPY211215C00467000,SPY211215P00467000,2021-12-15,30.0,467.0,7.11,7.16,7.135,0.0070077084793272355,6.59,6.64,6.615,0.007558578987150389,0.02941616926598635
2021-11-16,C:\Users\avazq\OneDrive\Escritorio\cienciadatos\portafolio\quant-research-notes\HMM_regime_options\data\raw\spy_historical_options_2021-11-16.json.gz,469.28,True,,SPY211215C00469000,SPY211215P00469000,2021-12-15,29.0,469.0,6.89,6.92,6.904999999999999,0.004344677769732115,6.42,6.45,6.4350000000000005,0.0046620046620047,0.028426525741561542
2021-11-17,C:\Users\avazq\OneDrive\Escritorio\cienciadatos\portafolio\quant-research-notes\HMM_regime_options\data\raw\spy_historical_options_2021-11-17.json.gz,468.14,True,,SPY211217C00468000,SPY211217P00468000,2021-12-17,30.0,468.0,6.87,6.89,6.88,0.0029069767441859845,7.73,7.75,7.74,0.0025839793281653197,0.031229973939419835
2021-11-18,C:\Users\avazq\OneDrive\Escritorio\cienciadatos\portafolio\quant-research-notes\HMM_regime_options\data\raw\spy_historical_options_2021-11-18.json.gz,469.73,True,,SPY211217C00470000,SPY211217P00470000,2021-12-17,29.0,470.0,6.63,6.65,6.640000000000001,0.0030120481927711534,7.7,7.72,7.71,0.0025940337224383365,0.03054946458603879
2021-11-19,C:\Users\avazq\OneDrive\Escritorio\cienciadatos\portafolio\quant-research-notes\HMM_regime_options\data\raw\spy_historical_options_2021-11-19.json.gz,468.89,True,,SPY211220C00469000,SPY211220P00469000,2021-12-20,31.0,469.0,6.82,6.88,6.85,0.008759124087591184,7.63,7.8,7.715,0.02203499675955929,0.03106272260018341
2021-11-22,C:\Users\avazq\OneDrive\Escritorio\cienciadatos\portafolio\quant-research-notes\HMM_regime_options\data\raw\spy_historical_options_2021-11-22.json.gz,467.57,True,,SPY211222C00468000,SPY211222P00468000,2021-12-22,30.0,468.0,6.91,7.0,6.955,0.012940330697340022,8.42,8.65,8.535,0.02694786174575283,0.03312872938811301
2021-11-23,C:\Users\avazq\OneDrive\Escritorio\cienciadatos\portafolio\quant-research-notes\HMM_regime_options\data\raw\spy_historical_options_2021-11-23.json.gz,468.19,True,,SPY211223C00468000,SPY211223P00468000,2021-12-23,30.0,468.0,7.05,7.09,7.07,0.005657708628005662,8.32,8.49,8.405000000000001,0.020226055919095765,0.03305282043614772
2021-11-24,C:\Users\avazq\OneDrive\Escritorio\cienciadatos\portafolio\quant-research-notes\HMM_regime_options\data\raw\spy_historical_options_2021-11-24.json.gz,469.44,True,,SPY211223C00469000,SPY211223P00469000,2021-12-23,29.0,469.0,7.08,7.12,7.1,0.005633802816901414,7.65,7.71,7.68,0.00781249999999995,0.03148432174505794
2021-11-26,C:\Users\avazq\OneDrive\Escritorio\cienciadatos\portafolio\quant-research-notes\HMM_regime_options\data\raw\spy_historical_options_2021-11-26.json,458.97,False,no_pair_passing_relative_spread_10pct,,,,,,,,,,,,,,
2021-11-29,C:\Users\avazq\OneDrive\Escritorio\cienciadatos\portafolio\quant-research-notes\HMM_regime_options\data\raw\spy_historical_options_2021-11-29.json.gz,464.6,True,,SPY211229C00465000,SPY211229P00465000,2021-12-29,30.0,465.0,7.98,8.07,8.025,0.01121495327102802,9.44,9.83,9.635,0.040477426050856316,0.03801119242359018
2021-11-30,C:\Users\avazq\OneDrive\Escritorio\cienciadatos\portafolio\quant-research-notes\HMM_regime_options\data\raw\spy_historical_options_2021-11-30.json.gz,455.56,True,,SPY211229C00456000,SPY211229P00456000,2021-12-29,29.0,456.0,10.75,10.83,10.79,0.007414272474513445,10.03,10.63,10.33,0.05808325266214922,0.04636052331196768
2021-12-01,C:\Users\avazq\OneDrive\Escritorio\cienciadatos\portafolio\quant-research-notes\HMM_regime_options\data\raw\spy_historical_options_2021-12-01.json.gz,450.5,True,,SPY211231C00450000,SPY211231P00450000,2021-12-31,30.0,450.0,12.17,12.23,12.2,0.004918032786885287,12.33,13.35,12.84,0.07943925233644857,0.0555826859045505
2021-12-02,C:\Users\avazq\OneDrive\Escritorio\cienciadatos\portafolio\quant-research-notes\HMM_regime_options\data\raw\spy_historical_options_2021-12-02.json.gz,457.4,True,,SPY211231C00457000,SPY211231P00457000,2021-12-31,29.0,457.0,10.25,10.3,10.275,0.004866180048661869,11.21,11.4,11.305,0.016806722689075588,0.047179711412330565
2021-12-03,C:\Users\avazq\OneDrive\Escritorio\cienciadatos\portafolio\quant-research-notes\HMM_regime_options\data\raw\spy_historical_options_2021-12-03.json.gz,453.42,True,,SPY220103C00453000,SPY220103P00453000,2022-01-03,31.0,453.0,11.24,11.43,11.335,0.01676224084693423,11.82,12.36,12.09,0.04466501240694782,0.0516629173834414
2021-12-06,C:\Users\avazq\OneDrive\Escritorio\cienciadatos\portafolio\quant-research-notes\HMM_regime_options\data\raw\spy_historical_options_2021-12-06.json.gz,458.79,True,,SPY220105C00459000,SPY220105P00459000,2022-01-05,30.0,459.0,9.48,9.62,9.55,0.014659685863874217,10.91,11.17,11.04,0.023550724637681143,0.04487892063907234
2021-12-07,C:\Users\avazq\OneDrive\Escritorio\cienciadatos\portafolio\quant-research-notes\HMM_regime_options\data\raw\spy_historical_options_2021-12-07.json.gz,468.28,True,,SPY220105C00468000,SPY220105P00468000,2022-01-05,29.0,468.0,7.95,8.01,7.98,0.007518796992481154,8.81,8.89,8.850000000000001,0.009039548022598877,0.035940035875971645
2021-12-08,C:\Users\avazq\OneDrive\Escritorio\cienciadatos\portafolio\quant-research-notes\HMM_regime_options\data\raw\spy_historical_options_2021-12-08.json.gz,469.52,True,,SPY220107C00470000,SPY220107P00470000,2022-01-07,30.0,470.0,7.06,7.1,7.08,0.005649717514124299,8.86,8.93,8.895,0.007869589657110768,0.034024109729085025
2021-12-09,C:\Users\avazq\OneDrive\Escritorio\cienciadatos\portafolio\quant-research-notes\HMM_regime_options\data\raw\spy_historical_options_2021-12-09.json.gz,466.35,True,,SPY220107C00466000,SPY220107P00466000,2022-01-07,29.0,466.0,7.91,7.96,7.9350000000000005,0.006301197227473197,8.8,9.06,8.93,0.02911534154535272,0.03616382545298596
2021-12-10,C:\Users\avazq\OneDrive\Escritorio\cienciadatos\portafolio\quant-research-notes\HMM_regime_options\data\raw\spy_historical_options_2021-12-10.json.gz,470.74,True,,SPY220110C00470000,SPY220110P00470000,2022-01-10,31.0,470.0,7.2,7.27,7.234999999999999,0.009675190048375868,7.63,7.82,7.725,0.02459546925566348,0.03177975103029273
2021-12-13,C:\Users\avazq\OneDrive\Escritorio\cienciadatos\portafolio\quant-research-notes\HMM_regime_options\data\raw\spy_historical_options_2021-12-13.json.gz,466.57,True,,SPY220112C00466000,SPY220112P00466000,2022-01-12,30.0,466.0,7.9,7.98,7.94,0.010075566750629731,8.68,8.89,8.785,0.02390438247011962,0.03584671110444307
2021-12-14,C:\Users\avazq\OneDrive\Escritorio\cienciadatos\portafolio\quant-research-notes\HMM_regime_options\data\raw\spy_historical_options_2021-12-14.json.gz,463.36,True,,SPY220114C00463000,SPY220114P00463000,2022-01-14,31.0,463.0,8.86,8.91,8.885,0.0056274620146314815,9.84,9.91,9.875,0.007088607594936737,0.040486878453038666
2021-12-15,C:\Users\avazq\OneDrive\Escritorio\cienciadatos\portafolio\quant-research-notes\HMM_regime_options\data\raw\spy_historical_options_2021-12-15.json.gz,470.6,True,,SPY220114C00471000,SPY220114P00471000,2022-01-14,30.0,471.0,7.17,7.21,7.1899999999999995,0.005563282336578586,8.4,8.65,8.525,0.029325513196480937,0.03339354016149596
2021-12-16,C:\Users\avazq\OneDrive\Escritorio\cienciadatos\portafolio\quant-research-notes\HMM_regime_options\data\raw\spy_historical_options_2021-12-16.json.gz,466.45,True,,SPY220114C00466000,SPY220114P00466000,2022-01-14,29.0,466.0,8.22,8.3,8.260000000000002,0.009685230024213082,8.42,8.86,8.64,0.05092592592592587,0.03623110729981778
2021-12-17,C:\Users\avazq\OneDrive\Escritorio\cienciadatos\portafolio\quant-research-notes\HMM_regime_options\data\raw\spy_historical_options_2021-12-17.json.gz,459.87,True,,SPY220114C00460000,SPY220114P00460000,2022-01-14,28.0,460.0,9.62,9.67,9.645,0.005184033177812412,8.85,8.9,8.875,0.0056338028169014885,0.04027225085350208
2021-12-20,C:\Users\avazq\OneDrive\Escritorio\cienciadatos\portafolio\quant-research-notes\HMM_regime_options\data\raw\spy_historical_options_2021-12-20.json.gz,454.98,True,,SPY220119C00455000,SPY220119P00455000,2022-01-19,30.0,455.0,10.42,10.53,10.475,0.01050119331742238,9.62,9.73,9.675,0.011369509043927773,0.04428766099608773
2021-12-21,C:\Users\avazq\OneDrive\Escritorio\cienciadatos\portafolio\quant-research-notes\HMM_regime_options\data\raw\spy_historical_options_2021-12-21.json.gz,463.06,True,,SPY220121C00463000,SPY220121P00463000,2022-01-21,31.0,463.0,9.36,9.39,9.375,0.003200000000000121,9.09,9.11,9.1,0.002197802197802151,0.03989763745518939
2021-12-22,C:\Users\avazq\OneDrive\Escritorio\cienciadatos\portafolio\quant-research-notes\HMM_regime_options\data\raw\spy_historical_options_2021-12-22.json.gz,467.69,True,,SPY220121C00468000,SPY220121P00468000,2022-01-21,30.0,468.0,7.81,7.83,7.82,0.002557544757033307,7.86,7.87,7.865,0.0012714558169103353,0.03353717205841476
2021-12-23,C:\Users\avazq\OneDrive\Escritorio\cienciadatos\portafolio\quant-research-notes\HMM_regime_options\data\raw\spy_historical_options_2021-12-23.json.gz,470.6,True,,SPY220121C00471000,SPY220121P00471000,2022-01-21,29.0,471.0,7.24,7.25,7.245,0.0013802622498274378,7.1,7.12,7.109999999999999,0.0028129395218003464,0.030503612409689757
2021-12-27,C:\Users\avazq\OneDrive\Escritorio\cienciadatos\portafolio\quant-research-notes\HMM_regime_options\data\raw\spy_historical_options_2021-12-27.json.gz,477.26,True,,SPY220126C00478000,SPY220126P00478000,2022-01-26,30.0,478.0,6.76,6.83,6.795,0.01030169242089776,7.22,7.29,7.255,0.009648518263266752,0.02943888027490257
2021-12-28,C:\Users\avazq\OneDrive\Escritorio\cienciadatos\portafolio\quant-research-notes\HMM_regime_options\data\raw\spy_historical_options_2021-12-28.json.gz,476.87,True,,SPY220128C00477000,SPY220128P00477000,2022-01-28,31.0,477.0,7.66,7.68,7.67,0.0026075619295957723,6.96,7.0,6.98,0.005730659025787971,0.030721160903390863
2021-12-29,C:\Users\avazq\OneDrive\Escritorio\cienciadatos\portafolio\quant-research-notes\HMM_regime_options\data\raw\spy_historical_options_2021-12-29.json.gz,477.48,True,,SPY220128C00477000,SPY220128P00477000,2022-01-28,30.0,477.0,7.43,7.46,7.445,0.004029550033579617,6.47,6.5,6.484999999999999,0.004626060138781843,0.02917399681662059
2021-12-30,C:\Users\avazq\OneDrive\Escritorio\cienciadatos\portafolio\quant-research-notes\HMM_regime_options\data\raw\spy_historical_options_2021-12-30.json.gz,476.16,True,,SPY220128C00476000,SPY220128P00476000,2022-01-28,29.0,476.0,7.08,7.12,7.1,0.005633802816901414,6.84,6.88,6.859999999999999,0.0058309037900874695,0.02931787634408602
2021-12-31,C:\Users\avazq\OneDrive\Escritorio\cienciadatos\portafolio\quant-research-notes\HMM_regime_options\data\raw\spy_historical_options_2021-12-31.json.gz,474.96,True,,SPY220131C00475000,SPY220131P00475000,2022-01-31,31.0,475.0,7.2,7.24,7.220000000000001,0.005540166204986154,6.76,6.8,6.779999999999999,0.0058997050147492685,0.029476166414013814
2022-01-03,C:\Users\avazq\OneDrive\Escritorio\cienciadatos\portafolio\quant-research-notes\HMM_regime_options\data\raw\spy_historical_options_2022-01-03.json.gz,477.71,True,,SPY220202C00478000,SPY220202P00478000,2022-02-02,30.0,478.0,6.6,6.68,6.64,0.012048192771084348,6.7,6.78,6.74,0.011869436201780426,0.028008624479286596
2022-01-04,C:\Users\avazq\OneDrive\Escritorio\cienciadatos\portafolio\quant-research-notes\HMM_regime_options\data\raw\spy_historical_options_2022-01-04.json.gz,477.55,True,,SPY220202C00478000,SPY220202P00478000,2022-02-02,29.0,478.0,6.41,6.45,6.43,0.006220839813374812,6.86,6.9,6.880000000000001,0.005813953488372097,0.02787142707569888
2022-01-05,C:\Users\avazq\OneDrive\Escritorio\cienciadatos\portafolio\quant-research-notes\HMM_regime_options\data\raw\spy_historical_options_2022-01-05.json.gz,468.38,True,,SPY220204C00468000,SPY220204P00468000,2022-02-04,30.0,468.0,9.02,9.06,9.04,0.004424778761062049,8.24,8.28,8.26,0.0048426150121064345,0.036935821341645664
2022-01-06,C:\Users\avazq\OneDrive\Escritorio\cienciadatos\portafolio\quant-research-notes\HMM_regime_options\data\raw\spy_historical_options_2022-01-06.json.gz,467.94,True,,SPY220204C00468000,SPY220204P00468000,2022-02-04,29.0,468.0,8.52,8.56,8.54,0.004683840749414628,8.22,8.26,8.24,0.004854368932038731,0.035859298200624015
2022-01-07,C:\Users\avazq\OneDrive\Escritorio\cienciadatos\portafolio\quant-research-notes\HMM_regime_options\data\raw\spy_historical_options_2022-01-07.json.gz,466.09,True,,SPY220207C00466000,SPY220207P00466000,2022-02-07,31.0,466.0,8.56,8.6,8.58,0.004662004662004562,7.74,7.79,7.765000000000001,0.006439150032195727,0.035068334441846
2022-01-10,C:\Users\avazq\OneDrive\Escritorio\cienciadatos\portafolio\quant-research-notes\HMM_regime_options\data\raw\spy_historical_options_2022-01-10.json.gz,465.51,True,,SPY220209C00466000,SPY220209P00466000,2022-02-09,30.0,466.0,7.96,8.04,8.0,0.009999999999999898,8.32,8.41,8.365,0.010759115361625805,0.03515499129986467
2022-01-11,C:\Users\avazq\OneDrive\Escritorio\cienciadatos\portafolio\quant-research-notes\HMM_regime_options\data\raw\spy_historical_options_2022-01-11.json.gz,469.75,True,,SPY220209C00470000,SPY220209P00470000,2022-02-09,29.0,470.0,7.62,7.66,7.640000000000001,0.005235602094240842,7.72,7.76,7.74,0.005167958656330754,0.03274081958488558
2022-01-12,C:\Users\avazq\OneDrive\Escritorio\cienciadatos\portafolio\quant-research-notes\HMM_regime_options\data\raw\spy_historical_options_2022-01-12.json.gz,471.02,True,,SPY220211C00471000,SPY220211P00471000,2022-02-11,30.0,471.0,8.03,8.06,8.045,0.0037290242386576926,7.49,7.52,7.505,0.003997335109926631,0.03301346015031209
2022-01-13,C:\Users\avazq\OneDrive\Escritorio\cienciadatos\portafolio\quant-research-notes\HMM_regime_options\data\raw\spy_historical_options_2022-01-13.json.gz,464.53,True,,SPY220211C00465000,SPY220211P00465000,2022-02-11,29.0,465.0,8.57,8.61,8.59,0.004656577415599435,8.99,9.02,9.004999999999999,0.0033314825097167534,0.03787699395087508
2022-01-14,C:\Users\avazq\OneDrive\Escritorio\cienciadatos\portafolio\quant-research-notes\HMM_regime_options\data\raw\spy_historical_options_2022-01-14.json.gz,464.72,True,,SPY220214C00465000,SPY220214P00465000,2022-02-14,31.0,465.0,8.6,8.66,8.629999999999999,0.006952491309385921,8.49,8.55,8.52,0.00704225352112682,0.03690394215871922
2022-01-18,C:\Users\avazq\OneDrive\Escritorio\cienciadatos\portafolio\quant-research-notes\HMM_regime_options\data\raw\spy_historical_options_2022-01-18.json.gz,456.49,True,,SPY220216C00456000,SPY220216P00456000,2022-02-16,29.0,456.0,10.43,10.47,10.45,0.0038277511961723374,10.02,10.06,10.04,0.003984063745020013,0.0448859777870271
2022-01-19,C:\Users\avazq\OneDrive\Escritorio\cienciadatos\portafolio\quant-research-notes\HMM_regime_options\data\raw\spy_historical_options_2022-01-19.json.gz,451.75,True,,SPY220218C00452000,SPY220218P00452000,2022-02-18,30.0,452.0,10.73,10.76,10.745000000000001,0.002791996277338237,10.54,10.57,10.555,0.002842254855518819,0.04714997232982845
2022-01-20,C:\Users\avazq\OneDrive\Escritorio\cienciadatos\portafolio\quant-research-notes\HMM_regime_options\data\raw\spy_historical_options_2022-01-20.json.gz,446.75,True,,SPY220218C00447000,SPY220218P00447000,2022-02-18,29.0,447.0,10.75,10.81,10.780000000000001,0.005565862708719897,11.22,11.28,11.25,0.0053333333333332195,0.04931169557918299
2022-01-21,C:\Users\avazq\OneDrive\Escritorio\cienciadatos\portafolio\quant-research-notes\HMM_regime_options\data\raw\spy_historical_options_2022-01-21.json.gz,437.98,True,,SPY220218C00438000,SPY220218P00438000,2022-02-18,28.0,438.0,12.33,12.37,12.35,0.0032388663967610645,11.93,11.97,11.95,0.003347280334728111,0.05548198547878898
2022-01-24,C:\Users\avazq\OneDrive\Escritorio\cienciadatos\portafolio\quant-research-notes\HMM_regime_options\data\raw\spy_historical_options_2022-01-24.json.gz,439.84,True,,SPY220223C00440000,SPY220223P00440000,2022-02-23,30.0,440.0,11.88,12.12,12.0,0.01999999999999987,13.05,13.21,13.13,0.012185833968012197,0.05713441251364133
2022-01-25,C:\Users\avazq\OneDrive\Escritorio\cienciadatos\portafolio\quant-research-notes\HMM_regime_options\data\raw\spy_historical_options_2022-01-25.json.gz,434.47,True,,SPY220225C00434000,SPY220225P00434000,2022-02-25,31.0,434.0,12.7,12.81,12.754999999999999,0.008624068992552036,13.72,13.81,13.765,0.006538321830730102,0.06103988767924137
2022-01-26,C:\Users\avazq\OneDrive\Escritorio\cienciadatos\portafolio\quant-research-notes\HMM_regime_options\data\raw\spy_historical_options_2022-01-26.json.gz,433.38,True,,SPY220225C00434000,SPY220225P00434000,2022-02-25,30.0,434.0,12.41,12.55,12.48,0.011217948717948763,13.34,13.62,13.48,0.020771513353115677,0.05990124140477179
2022-01-27,C:\Users\avazq\OneDrive\Escritorio\cienciadatos\portafolio\quant-research-notes\HMM_regime_options\data\raw\spy_historical_options_2022-01-27.json.gz,431.24,True,,SPY220225C00431000,SPY220225P00431000,2022-02-25,29.0,431.0,13.22,13.34,13.280000000000001,0.009036144578313194,12.25,12.31,12.280000000000001,0.00488599348534206,0.0592709396159911
2022-01-28,C:\Users\avazq\OneDrive\Escritorio\cienciadatos\portafolio\quant-research-notes\HMM_regime_options\data\raw\spy_historical_options_2022-01-28.json.gz,441.95,True,,SPY220228C00442000,SPY220228P00442000,2022-02-28,31.0,442.0,11.34,11.57,11.455,0.020078568310781357,11.56,11.62,11.59,0.0051768766177738325,0.05214390768186447
2022-01-31,C:\Users\avazq\OneDrive\Escritorio\cienciadatos\portafolio\quant-research-notes\HMM_regime_options\data\raw\spy_historical_options_2022-01-31.json.gz,449.91,True,,SPY220302C00450000,SPY220302P00450000,2022-03-02,30.0,450.0,9.86,9.95,9.905,0.00908632004038363,10.73,10.87,10.8,0.01296296296296285,0.04602031517414593
2022-02-01,C:\Users\avazq\OneDrive\Escritorio\cienciadatos\portafolio\quant-research-notes\HMM_regime_options\data\raw\spy_historical_options_2022-02-01.json.gz,452.95,True,,SPY220302C00453000,SPY220302P00453000,2022-03-02,29.0,453.0,9.14,9.31,9.225000000000001,0.018428184281842806,8.88,8.96,8.920000000000002,0.008968609865470859,0.04005960922839166
2022-02-02,C:\Users\avazq\OneDrive\Escritorio\cienciadatos\portafolio\quant-research-notes\HMM_regime_options\data\raw\spy_historical_options_2022-02-02.json.gz,457.35,True,,SPY220304C00457000,SPY220304P00457000,2022-03-04,30.0,457.0,8.09,8.29,8.19,0.024420024420024333,9.72,9.99,9.855,0.02739726027397256,0.03945555919973762
2022-02-03,C:\Users\avazq\OneDrive\Escritorio\cienciadatos\portafolio\quant-research-notes\HMM_regime_options\data\raw\spy_historical_options_2022-02-03.json.gz,446.6,True,,SPY220304C00447000,SPY220304P00447000,2022-03-04,29.0,447.0,12.03,12.28,12.155,0.020567667626491155,9.21,9.34,9.275,0.014016172506738436,0.04798477384684281
2022-02-04,C:\Users\avazq\OneDrive\Escritorio\cienciadatos\portafolio\quant-research-notes\HMM_regime_options\data\raw\spy_historical_options_2022-02-04.json.gz,448.7,True,,SPY220307C00448000,SPY220307P00448000,2022-03-07,31.0,448.0,10.08,10.31,10.195,0.022560078469838197,10.09,10.18,10.135,0.008880118401578674,0.04530866948963672
2022-02-07,C:\Users\avazq\OneDrive\Escritorio\cienciadatos\portafolio\quant-research-notes\HMM_regime_options\data\raw\spy_historical_options_2022-02-07.json.gz,447.26,True,,SPY220309C00447000,SPY220309P00447000,2022-03-09,30.0,447.0,10.41,10.48,10.445,0.006701771182383943,9.61,9.69,9.649999999999999,0.008290155440414516,0.044929123999463395
2022-02-08,C:\Users\avazq\OneDrive\Escritorio\cienciadatos\portafolio\quant-research-notes\HMM_regime_options\data\raw\spy_historical_options_2022-02-08.json.gz,450.94,True,,SPY220309C00451000,SPY220309P00451000,2022-03-09,29.0,451.0,9.25,9.3,9.275,0.005390835579514901,8.83,8.88,8.855,0.005646527385657901,0.040204905308910285
2022-02-09,C:\Users\avazq\OneDrive\Escritorio\cienciadatos\portafolio\quant-research-notes\HMM_regime_options\data\raw\spy_historical_options_2022-02-09.json.gz,457.54,True,,SPY220311C00458000,SPY220311P00458000,2022-03-11,30.0,458.0,8.33,8.36,8.344999999999999,0.0035949670461353344,8.87,8.91,8.89,0.004499437570303816,0.03766883769725051
2022-02-10,C:\Users\avazq\OneDrive\Escritorio\cienciadatos\portafolio\quant-research-notes\HMM_regime_options\data\raw\spy_historical_options_2022-02-10.json.gz,449.32,True,,SPY220311C00449000,SPY220311P00449000,2022-03-11,29.0,449.0,10.24,10.29,10.265,0.004870920603994051,10.1,10.16,10.129999999999999,0.005923000987166881,0.04539081278376213
2022-02-11,C:\Users\avazq\OneDrive\Escritorio\cienciadatos\portafolio\quant-research-notes\HMM_regime_options\data\raw\spy_historical_options_2022-02-11.json.gz,440.46,True,,SPY220314C00440000,SPY220314P00440000,2022-03-14,31.0,440.0,12.15,12.29,12.219999999999999,0.011456628477904976,11.43,11.57,11.5,0.012173913043478311,0.05385279026472324
2022-02-14,C:\Users\avazq\OneDrive\Escritorio\cienciadatos\portafolio\quant-research-notes\HMM_regime_options\data\raw\spy_historical_options_2022-02-14.json.gz,439.02,True,,SPY220316C00439000,SPY220316P00439000,2022-03-16,30.0,439.0,12.2,12.31,12.254999999999999,0.008975928192574558,11.88,12.0,11.940000000000001,0.010050251256281341,0.05511138444717781
2022-02-15,C:\Users\avazq\OneDrive\Escritorio\cienciadatos\portafolio\quant-research-notes\HMM_regime_options\data\raw\spy_historical_options_2022-02-15.json.gz,446.1,True,,SPY220316C00446000,SPY220316P00446000,2022-03-16,29.0,446.0,10.0,10.26,10.129999999999999,0.02566633761105625,10.95,11.22,11.085,0.02435723951285533,0.04755660165882089
2022-02-16,C:\Users\avazq\OneDrive\Escritorio\cienciadatos\portafolio\quant-research-notes\HMM_regime_options\data\raw\spy_historical_options_2022-02-16.json.gz,446.6,True,,SPY220318C00447000,SPY220318P00447000,2022-03-18,30.0,447.0,9.67,9.71,9.690000000000001,0.004127966976264285,11.26,11.29,11.274999999999999,0.002660753880266019,0.0469435736677116
2022-02-17,C:\Users\avazq\OneDrive\Escritorio\cienciadatos\portafolio\quant-research-notes\HMM_regime_options\data\raw\spy_historical_options_2022-02-17.json.gz,437.06,True,,SPY220318C00437000,SPY220318P00437000,2022-03-18,29.0,437.0,11.57,11.61,11.59,0.0034512510785158885,12.41,12.44,12.425,0.0024144869215291234,0.05494668924175171
2022-02-18,C:\Users\avazq\OneDrive\Escritorio\cienciadatos\portafolio\quant-research-notes\HMM_regime_options\data\raw\spy_historical_options_2022-02-18.json.gz,434.23,True,,SPY220321C00434000,SPY220321P00434000,2022-03-21,31.0,434.0,12.02,12.13,12.075,0.009109730848861384,12.25,12.34,12.295,0.007320048800325324,0.05612233148331529
2022-02-22,C:\Users\avazq\OneDrive\Escritorio\cienciadatos\portafolio\quant-research-notes\HMM_regime_options\data\raw\spy_historical_options_2022-02-22.json.gz,429.57,True,,SPY220323C00430000,SPY220323P00430000,2022-03-23,29.0,430.0,12.19,12.32,12.254999999999999,0.010607915136678971,12.23,12.35,12.29,0.009764035801464543,0.05713853388271992
2022-02-23,C:\Users\avazq\OneDrive\Escritorio\cienciadatos\portafolio\quant-research-notes\HMM_regime_options\data\raw\spy_historical_options_2022-02-23.json.gz,421.95,True,,SPY220325C00422000,SPY220325P00422000,2022-03-25,30.0,422.0,12.73,12.79,12.76,0.004702194357366671,13.48,13.54,13.51,0.004441154700221963,0.06225856144092902
2022-02-24,C:\Users\avazq\OneDrive\Escritorio\cienciadatos\portafolio\quant-research-notes\HMM_regime_options\data\raw\spy_historical_options_2022-02-24.json.gz,428.3,True,,SPY220325C00428000,SPY220325P00428000,2022-03-25,29.0,428.0,11.2,11.27,11.235,0.006230529595015602,13.12,13.19,13.155,0.005321170657544682,0.05694606584169974
2022-02-25,C:\Users\avazq\OneDrive\Escritorio\cienciadatos\portafolio\quant-research-notes\HMM_regime_options\data\raw\spy_historical_options_2022-02-25.json.gz,437.75,True,,SPY220328C00438000,SPY220328P00438000,2022-03-28,31.0,438.0,10.76,10.85,10.805,0.008329477093937979,12.24,12.32,12.280000000000001,0.0065146579804560316,0.05273557966876071
2022-02-28,C:\Users\avazq\OneDrive\Escritorio\cienciadatos\portafolio\quant-research-notes\HMM_regime_options\data\raw\spy_historical_options_2022-02-28.json.gz,436.63,True,,SPY220330C00437000,SPY220330P00437000,2022-03-30,30.0,437.0,11.39,11.56,11.475000000000001,0.014814814814814807,12.9,13.05,12.975000000000001,0.011560693641618523,0.05599706845612991
2022-03-01,C:\Users\avazq\OneDrive\Escritorio\cienciadatos\portafolio\quant-research-notes\HMM_regime_options\data\raw\spy_historical_options_2022-03-01.json.gz,429.98,True,,SPY220331C00430000,SPY220331P00430000,2022-03-31,30.0,430.0,13.69,13.77,13.73,0.005826656955571745,14.2,14.27,14.235,0.0049174569722515125,0.06503790873994139
2022-03-02,C:\Users\avazq\OneDrive\Escritorio\cienciadatos\portafolio\quant-research-notes\HMM_regime_options\data\raw\spy_historical_options_2022-03-02.json.gz,437.89,True,,SPY220401C00438000,SPY220401P00438000,2022-04-01,30.0,438.0,11.9,11.97,11.935,0.005865102639296211,13.32,13.76,13.54,0.03249630723781385,0.05817671104615315
2022-03-03,C:\Users\avazq\OneDrive\Escritorio\cienciadatos\portafolio\quant-research-notes\HMM_regime_options\data\raw\spy_historical_options_2022-03-03.json.gz,435.71,True,,SPY220401C00436000,SPY220401P00436000,2022-04-01,29.0,436.0,12.0,12.08,12.04,0.006644518272425255,13.29,13.37,13.329999999999998,0.00600150037509378,0.05822680223084161
2022-03-04,C:\Users\avazq\OneDrive\Escritorio\cienciadatos\portafolio\quant-research-notes\HMM_regime_options\data\raw\spy_historical_options_2022-03-04.json.gz,432.17,True,,SPY220404C00430000,SPY220404P00430000,2022-04-04,31.0,430.0,13.65,13.77,13.71,0.008752735229759242,13.15,13.25,13.2,0.007575757575757549,0.06226716338477913
2022-03-07,C:\Users\avazq\OneDrive\Escritorio\cienciadatos\portafolio\quant-research-notes\HMM_regime_options\data\raw\spy_historical_options_2022-03-07.json.gz,419.43,True,,SPY220406C00420000,SPY220406P00420000,2022-04-06,30.0,420.0,13.14,13.28,13.21,0.01059803179409529,15.94,16.07,16.005,0.008122461730709202,0.06965405431180412
2022-03-08,C:\Users\avazq\OneDrive\Escritorio\cienciadatos\portafolio\quant-research-notes\HMM_regime_options\data\raw\spy_historical_options_2022-03-08.json.gz,416.25,True,,SPY220406C00416000,SPY220406P00416000,2022-04-06,29.0,416.0,12.97,13.08,13.025,0.008445297504798421,14.87,14.97,14.92,0.006702412868632803,0.06713513513513514
2022-03-09,C:\Users\avazq\OneDrive\Escritorio\cienciadatos\portafolio\quant-research-notes\HMM_regime_options\data\raw\spy_historical_options_2022-03-09.json.gz,427.41,True,,SPY220408C00427000,SPY220408P00427000,2022-04-08,30.0,427.0,13.05,13.12,13.085,0.0053496369889184945,13.61,13.68,13.645,0.005130084279956049,0.06253948199620972
2022-03-10,C:\Users\avazq\OneDrive\Escritorio\cienciadatos\portafolio\quant-research-notes\HMM_regime_options\data\raw\spy_historical_options_2022-03-10.json.gz,425.48,True,,SPY220408C00425000,SPY220408P00425000,2022-04-08,29.0,425.0,12.0,12.06,12.030000000000001,0.004987531172069866,12.93,13.24,13.085,0.023691249522353876,0.05902745134906459
2022-03-11,C:\Users\avazq\OneDrive\Escritorio\cienciadatos\portafolio\quant-research-notes\HMM_regime_options\data\raw\spy_historical_options_2022-03-11.json.gz,420.07,True,,SPY220411C00420000,SPY220411P00420000,2022-04-11,31.0,420.0,12.31,12.43,12.370000000000001,0.00970088924818102,13.16,13.59,13.375,0.03214953271028035,0.061287404480205684
2022-03-14,C:\Users\avazq\OneDrive\Escritorio\cienciadatos\portafolio\quant-research-notes\HMM_regime_options\data\raw\spy_historical_options_2022-03-14.json.gz,417.0,True,,SPY220413C00416000,SPY220413P00416000,2022-04-13,30.0,416.0,13.29,13.7,13.495,0.03038162282326789,12.95,13.39,13.17,0.033409263477600704,0.06394484412470024
2022-03-15,C:\Users\avazq\OneDrive\Escritorio\cienciadatos\portafolio\quant-research-notes\HMM_regime_options\data\raw\spy_historical_options_2022-03-15.json.gz,426.17,True,,SPY220414C00426000,SPY220414P00426000,2022-04-14,30.0,426.0,11.72,11.77,11.745000000000001,0.004257130693912212,13.36,13.41,13.385,0.003735524841240247,0.05896707886524157
2022-03-16,C:\Users\avazq\OneDrive\Escritorio\cienciadatos\portafolio\quant-research-notes\HMM_regime_options\data\raw\spy_historical_options_2022-03-16.json.gz,435.62,True,,SPY220414C00436000,SPY220414P00436000,2022-04-14,29.0,436.0,9.82,9.87,9.844999999999999,0.005078720162518938,11.87,11.94,11.905,0.005879882402351977,0.04992883705982278
2022-03-17,C:\Users\avazq\OneDrive\Escritorio\cienciadatos\portafolio\quant-research-notes\HMM_regime_options\data\raw\spy_historical_options_2022-03-17.json.gz,441.07,True,,SPY220414C00441000,SPY220414P00441000,2022-04-14,28.0,441.0,9.12,9.16,9.14,0.00437636761487975,11.1,11.16,11.129999999999999,0.00539083557951487,0.04595642415036162
2022-03-18,C:\Users\avazq\OneDrive\Escritorio\cienciadatos\portafolio\quant-research-notes\HMM_regime_options\data\raw\spy_historical_options_2022-03-18.json.gz,444.52,True,,SPY220418C00445000,SPY220418P00445000,2022-04-18,31.0,445.0,9.73,9.82,9.775,0.009207161125319678,9.93,10.01,9.969999999999999,0.008024072216649959,0.04441869882120039
2022-03-21,C:\Users\avazq\OneDrive\Escritorio\cienciadatos\portafolio\quant-research-notes\HMM_regime_options\data\raw\spy_historical_options_2022-03-21.json.gz,444.39,True,,SPY220420C00444000,SPY220420P00444000,2022-04-20,30.0,444.0,10.21,10.29,10.25,0.007804878048780321,9.42,9.5,9.46,0.008456659619450324,0.044352933234321205
2022-03-22,C:\Users\avazq\OneDrive\Escritorio\cienciadatos\portafolio\quant-research-notes\HMM_regime_options\data\raw\spy_historical_options_2022-03-22.json.gz,449.59,True,,SPY220420C00450000,SPY220420P00450000,2022-04-20,29.0,450.0,8.86,9.08,8.969999999999999,0.024526198439241993,9.17,9.4,9.285,0.024771136241249374,0.04060366111345893
2022-03-23,C:\Users\avazq\OneDrive\Escritorio\cienciadatos\portafolio\quant-research-notes\HMM_regime_options\data\raw\spy_historical_options_2022-03-23.json.gz,443.8,True,,SPY220422C00444000,SPY220422P00444000,2022-04-22,30.0,444.0,9.76,9.8,9.780000000000001,0.0040899795501023435,9.88,9.92,9.9,0.0040404040404039545,0.04434429923388914
2022-03-24,C:\Users\avazq\OneDrive\Escritorio\cienciadatos\portafolio\quant-research-notes\HMM_regime_options\data\raw\spy_historical_options_2022-03-24.json.gz,450.49,True,,SPY220422C00450000,SPY220422P00450000,2022-04-22,29.0,450.0,9.25,9.3,9.275,0.005390835579514901,8.76,8.79,8.774999999999999,0.0034188034188033464,0.0400674820750738
2022-03-25,C:\Users\avazq\OneDrive\Escritorio\cienciadatos\portafolio\quant-research-notes\HMM_regime_options\data\raw\spy_historical_options_2022-03-25.json.gz,452.69,True,,SPY220425C00453000,SPY220425P00453000,2022-04-25,31.0,453.0,8.45,8.51,8.48,0.007075471698113266,8.83,8.9,8.865,0.00789622109419067,0.03831540347699308
2022-03-28,C:\Users\avazq\OneDrive\Escritorio\cienciadatos\portafolio\quant-research-notes\HMM_regime_options\data\raw\spy_historical_options_2022-03-28.json.gz,455.91,True,,SPY220427C00456000,SPY220427P00456000,2022-04-27,30.0,456.0,8.13,8.21,8.170000000000002,0.009791921664626689,8.1,8.18,8.14,0.009828009828009836,0.03577460463688009
2022-03-29,C:\Users\avazq\OneDrive\Escritorio\cienciadatos\portafolio\quant-research-notes\HMM_regime_options\data\raw\spy_historical_options_2022-03-29.json.gz,461.55,True,,SPY220427C00462000,SPY220427P00462000,2022-04-27,29.0,462.0,7.22,7.27,7.244999999999999,0.006901311249137313,8.1,8.16,8.129999999999999,0.00738007380073807,0.03331166720831979
2022-03-30,C:\Users\avazq\OneDrive\Escritorio\cienciadatos\portafolio\quant-research-notes\HMM_regime_options\data\raw\spy_historical_options_2022-03-30.json.gz,458.7,True,,SPY220429C00459000,SPY220429P00459000,2022-04-29,30.0,459.0,8.45,8.48,8.465,0.003544004725339768,8.32,8.35,8.335,0.0035992801439711287,0.03662524525833879
2022-03-31,C:\Users\avazq\OneDrive\Escritorio\cienciadatos\portafolio\quant-research-notes\HMM_regime_options\data\raw\spy_historical_options_2022-03-31.json.gz,451.64,True,,SPY220429C00452000,SPY220429P00452000,2022-04-29,29.0,452.0,8.98,9.02,9.0,0.00444444444444435,8.79,8.85,8.82,0.00680272108843543,0.03945620405632805
2022-04-01,C:\Users\avazq\OneDrive\Escritorio\cienciadatos\portafolio\quant-research-notes\HMM_regime_options\data\raw\spy_historical_options_2022-04-01.json.gz,452.92,True,,SPY220502C00453000,SPY220502P00453000,2022-05-02,31.0,453.0,8.0,8.06,8.030000000000001,0.007471980074719862,8.24,8.3,8.27,0.007255139056831983,0.03598869557537755
2022-04-04,C:\Users\avazq\OneDrive\Escritorio\cienciadatos\portafolio\quant-research-notes\HMM_regime_options\data\raw\spy_historical_options_2022-04-04.json.gz,456.8,True,,SPY220504C00457000,SPY220504P00457000,2022-05-04,30.0,457.0,7.58,7.65,7.615,0.00919238345370982,7.79,7.85,7.82,0.007672634271099694,0.03378940455341506
2022-04-05,C:\Users\avazq\OneDrive\Escritorio\cienciadatos\portafolio\quant-research-notes\HMM_regime_options\data\raw\spy_historical_options_2022-04-05.json.gz,451.03,True,,SPY220504C00451000,SPY220504P00451000,2022-05-04,29.0,451.0,8.91,8.95,8.93,0.0044792833146695575,8.4,8.45,8.425,0.00593471810089008,0.03847859344167794
2022-04-06,C:\Users\avazq\OneDrive\Escritorio\cienciadatos\portafolio\quant-research-notes\HMM_regime_options\data\raw\spy_historical_options_2022-04-06.json.gz,446.52,True,,SPY220506C00447000,SPY220506P00447000,2022-05-06,30.0,447.0,9.18,9.22,9.2,0.004347826086956622,9.45,9.5,9.475,0.005277044854881342,0.04182343456060198
2022-04-07,C:\Users\avazq\OneDrive\Escritorio\cienciadatos\portafolio\quant-research-notes\HMM_regime_options\data\raw\spy_historical_options_2022-04-07.json.gz,448.77,True,,SPY220506C00449000,SPY220506P00449000,2022-05-06,29.0,449.0,8.94,8.97,8.955,0.0033500837520939295,9.07,9.1,9.085,0.003302146395156781,0.04019876551462887
2022-04-08,C:\Users\avazq\OneDrive\Escritorio\cienciadatos\portafolio\quant-research-notes\HMM_regime_options\data\raw\spy_historical_options_2022-04-08.json.gz,447.57,True,,SPY220509C00448000,SPY220509P00448000,2022-05-09,31.0,448.0,8.89,8.94,8.915,0.005608524957935943,9.09,9.15,9.120000000000001,0.006578947368421106,0.04029537279084836
2022-04-11,C:\Users\avazq\OneDrive\Escritorio\cienciadatos\portafolio\quant-research-notes\HMM_regime_options\data\raw\spy_historical_options_2022-04-11.json.gz,439.92,True,,SPY220511C00440000,SPY220511P00440000,2022-05-11,30.0,440.0,10.3,10.39,10.345,0.008699855002416611,10.35,10.43,10.39,0.0076997112608277254,0.04713356973995272
2022-04-12,C:\Users\avazq\OneDrive\Escritorio\cienciadatos\portafolio\quant-research-notes\HMM_regime_options\data\raw\spy_historical_options_2022-04-12.json.gz,438.29,True,,SPY220511C00438000,SPY220511P00438000,2022-05-11,29.0,438.0,10.49,10.54,10.515,0.004755111745125909,9.98,10.02,10.0,0.003999999999999915,0.04680690866777704
2022-04-13,C:\Users\avazq\OneDrive\Escritorio\cienciadatos\portafolio\quant-research-notes\HMM_regime_options\data\raw\spy_historical_options_2022-04-13.json.gz,443.31,True,,SPY220513C00443000,SPY220513P00443000,2022-05-13,30.0,443.0,9.48,9.53,9.504999999999999,0.0052603892688057804,9.25,9.3,9.275,0.005390835579514901,0.04236313189415985
2022-04-14,C:\Users\avazq\OneDrive\Escritorio\cienciadatos\portafolio\quant-research-notes\HMM_regime_options\data\raw\spy_historical_options_2022-04-14.json.gz,437.79,True,,SPY220513C00438000,SPY220513P00438000,2022-05-13,29.0,438.0,9.64,9.69,9.665,0.005173305742369265,9.69,9.74,9.715,0.005146680391147783,0.04426779962995957
2022-04-18,C:\Users\avazq\OneDrive\Escritorio\cienciadatos\portafolio\quant-research-notes\HMM_regime_options\data\raw\spy_historical_options_2022-04-18.json.gz,437.97,True,,SPY220518C00438000,SPY220518P00438000,2022-05-18,30.0,438.0,10.46,10.55,10.505,0.008567348881484993,9.05,9.14,9.095,0.009895547003848253,0.04475192364773843
2022-04-19,C:\Users\avazq\OneDrive\Escritorio\cienciadatos\portafolio\quant-research-notes\HMM_regime_options\data\raw\spy_historical_options_2022-04-19.json.gz,445.04,True,,SPY220518C00445000,SPY220518P00445000,2022-05-18,29.0,445.0,8.15,8.2,8.175,0.0061162079510702055,9.76,9.8,9.780000000000001,0.0040899795501023435,0.04034468811792199
2022-04-20,C:\Users\avazq\OneDrive\Escritorio\cienciadatos\portafolio\quant-research-notes\HMM_regime_options\data\raw\spy_historical_options_2022-04-20.json.gz,444.71,True,,SPY220520C00445000,SPY220520P00445000,2022-05-20,30.0,445.0,9.59,9.64,9.615,0.005200208008320406,8.66,8.7,8.68,0.004608294930875478,0.041139169346315584
2022-04-21,C:\Users\avazq\OneDrive\Escritorio\cienciadatos\portafolio\quant-research-notes\HMM_regime_options\data\raw\spy_historical_options_2022-04-21.json.gz,438.06,True,,SPY220520C00438000,SPY220520P00438000,2022-05-20,29.0,438.0,9.82,9.84,9.83,0.0020345879959307806,9.95,9.97,9.96,0.0020080321285141918,0.04517645984568324
2022-04-22,C:\Users\avazq\OneDrive\Escritorio\cienciadatos\portafolio\quant-research-notes\HMM_regime_options\data\raw\spy_historical_options_2022-04-22.json.gz,426.04,True,,SPY220523C00426000,SPY220523P00426000,2022-05-23,31.0,426.0,11.42,11.5,11.46,0.006980802792321122,12.11,12.2,12.155,0.0074043603455368045,0.05542906769317435
2022-04-25,C:\Users\avazq\OneDrive\Escritorio\cienciadatos\portafolio\quant-research-notes\HMM_regime_options\data\raw\spy_historical_options_2022-04-25.json.gz,428.51,True,,SPY220525C00428000,SPY220525P00428000,2022-05-25,30.0,428.0,11.88,11.98,11.93,0.008382229673093013,11.1,11.2,11.149999999999999,0.00896860986547082,0.053861053417656526
2022-04-26,C:\Users\avazq\OneDrive\Escritorio\cienciadatos\portafolio\quant-research-notes\HMM_regime_options\data\raw\spy_historical_options_2022-04-26.json.gz,416.1,True,,SPY220525C00416000,SPY220525P00416000,2022-05-25,29.0,416.0,12.7,12.77,12.735,0.005496662740479018,13.6,13.67,13.635,0.0051338467180051545,0.06337418889689977
2022-04-27,C:\Users\avazq\OneDrive\Escritorio\cienciadatos\portafolio\quant-research-notes\HMM_regime_options\data\raw\spy_historical_options_2022-04-27.json.gz,417.27,True,,SPY220527C00417000,SPY220527P00417000,2022-05-27,30.0,417.0,13.72,13.78,13.75,0.004363636363636271,12.18,12.24,12.21,0.004914004914004955,0.062213914252162876
2022-04-28,C:\Users\avazq\OneDrive\Escritorio\cienciadatos\portafolio\quant-research-notes\HMM_regime_options\data\raw\spy_historical_options_2022-04-28.json.gz,427.81,True,,SPY220527C00428000,SPY220527P00428000,2022-05-27,29.0,428.0,10.82,10.88,10.850000000000001,0.005529953917050736,12.73,12.8,12.765,0.005483744614179419,0.05519973820153807
2022-04-29,C:\Users\avazq\OneDrive\Escritorio\cienciadatos\portafolio\quant-research-notes\HMM_regime_options\data\raw\spy_historical_options_2022-04-29.json.gz,412.0,True,,SPY220527C00412000,SPY220527P00412000,2022-05-27,28.0,412.0,13.78,13.84,13.809999999999999,0.004344677769732115,12.47,12.54,12.504999999999999,0.0055977608956416245,0.06387135922330096
2022-05-02,C:\Users\avazq\OneDrive\Escritorio\cienciadatos\portafolio\quant-research-notes\HMM_regime_options\data\raw\spy_historical_options_2022-05-02.json.gz,414.48,True,,SPY220601C00414000,SPY220601P00414000,2022-06-01,30.0,414.0,13.45,13.55,13.5,0.007407407407407513,12.33,12.42,12.375,0.0072727272727272614,0.06242762015055008
2022-05-03,C:\Users\avazq\OneDrive\Escritorio\cienciadatos\portafolio\quant-research-notes\HMM_regime_options\data\raw\spy_historical_options_2022-05-03.json.gz,416.38,True,,SPY220601C00416000,SPY220601P00416000,2022-06-01,29.0,416.0,12.69,12.75,12.719999999999999,0.004716981132075511,11.23,11.28,11.254999999999999,0.004442470013327315,0.05757961477496517
2022-05-04,C:\Users\avazq\OneDrive\Escritorio\cienciadatos\portafolio\quant-research-notes\HMM_regime_options\data\raw\spy_historical_options_2022-05-04.json.gz,429.06,True,,SPY220603C00429000,SPY220603P00429000,2022-06-03,30.0,429.0,10.9,10.96,10.93,0.0054894784995425895,10.81,10.87,10.84,0.005535055350553387,0.05073882440684287
2022-05-05,C:\Users\avazq\OneDrive\Escritorio\cienciadatos\portafolio\quant-research-notes\HMM_regime_options\data\raw\spy_historical_options_2022-05-05.json.gz,413.81,True,,SPY220603C00414000,SPY220603P00414000,2022-06-03,29.0,414.0,12.92,12.98,12.95,0.004633204633204672,12.74,12.8,12.77,0.004698512137823062,0.062154128706411155
2022-05-06,C:\Users\avazq\OneDrive\Escritorio\cienciadatos\portafolio\quant-research-notes\HMM_regime_options\data\raw\spy_historical_options_2022-05-06.json.gz,411.34,True,,SPY220606C00412000,SPY220606P00412000,2022-06-06,31.0,412.0,11.7,11.8,11.75,0.008510638297872462,13.04,13.14,13.09,0.007639419404125395,0.06038800019448631
2022-05-09,C:\Users\avazq\OneDrive\Escritorio\cienciadatos\portafolio\quant-research-notes\HMM_regime_options\data\raw\spy_historical_options_2022-05-09.json.gz,398.17,True,,SPY220608C00400000,SPY220608P00400000,2022-06-08,30.0,400.0,13.52,13.65,13.585,0.009569377990430679,13.93,14.06,13.995000000000001,0.009289031797070437,0.06926689604942612
2022-05-10,C:\Users\avazq\OneDrive\Escritorio\cienciadatos\portafolio\quant-research-notes\HMM_regime_options\data\raw\spy_historical_options_2022-05-10.json.gz,399.09,True,,SPY220608C00400000,SPY220608P00400000,2022-06-08,29.0,400.0,12.86,12.93,12.895,0.0054284606436603555,13.25,13.32,13.285,0.005269100489273639,0.06559923826705756
2022-05-11,C:\Users\avazq\OneDrive\Escritorio\cienciadatos\portafolio\quant-research-notes\HMM_regime_options\data\raw\spy_historical_options_2022-05-11.json.gz,392.75,True,,SPY220610C00392000,SPY220610P00392000,2022-06-10,30.0,392.0,14.28,14.34,14.309999999999999,0.004192872117400454,12.52,12.59,12.555,0.005575467941059361,0.06840229153405473
2022-05-12,C:\Users\avazq\OneDrive\Escritorio\cienciadatos\portafolio\quant-research-notes\HMM_regime_options\data\raw\spy_historical_options_2022-05-12.json.gz,392.34,True,,SPY220610C00392000,SPY220610P00392000,2022-06-10,29.0,392.0,13.29,13.35,13.32,0.004504504504504542,12.65,12.71,12.68,0.0047318611987382094,0.06626905235255136
2022-05-13,C:\Users\avazq\OneDrive\Escritorio\cienciadatos\portafolio\quant-research-notes\HMM_regime_options\data\raw\spy_historical_options_2022-05-13.json.gz,401.72,True,,SPY220613C00402000,SPY220613P00402000,2022-06-13,31.0,402.0,11.6,11.71,11.655000000000001,0.00943800943800954,12.38,12.5,12.440000000000001,0.009646302250803795,0.05997958777257792
2022-05-16,C:\Users\avazq\OneDrive\Escritorio\cienciadatos\portafolio\quant-research-notes\HMM_regime_options\data\raw\spy_historical_options_2022-05-16.json.gz,400.09,True,,SPY220615C00400000,SPY220615P00400000,2022-06-15,30.0,400.0,11.76,11.85,11.805,0.007623888182973305,11.71,11.81,11.760000000000002,0.008503401360544185,0.05889924766927442
2022-05-17,C:\Users\avazq\OneDrive\Escritorio\cienciadatos\portafolio\quant-research-notes\HMM_regime_options\data\raw\spy_historical_options_2022-05-17.json.gz,408.32,True,,SPY220615C00408000,SPY220615P00408000,2022-06-15,29.0,408.0,11.45,11.51,11.48,0.005226480836236977,10.87,10.93,10.899999999999999,0.005504587155963349,0.05480995297805642
2022-05-18,C:\Users\avazq\OneDrive\Escritorio\cienciadatos\portafolio\quant-research-notes\HMM_regime_options\data\raw\spy_historical_options_2022-05-18.json.gz,391.86,True,,SPY220617C00392000,SPY220617P00392000,2022-06-17,30.0,392.0,11.95,12.0,11.975,0.0041753653444677,13.67,13.71,13.690000000000001,0.002921840759678665,0.06549532996478334
2022-05-19,C:\Users\avazq\OneDrive\Escritorio\cienciadatos\portafolio\quant-research-notes\HMM_regime_options\data\raw\spy_historical_options_2022-05-19.json.gz,389.46,True,,SPY220617C00389000,SPY220617P00389000,2022-06-17,29.0,389.0,11.85,11.89,11.870000000000001,0.003369839932603279,12.38,12.41,12.395,0.0024203307785396824,0.06230421609407898
2022-05-20,C:\Users\avazq\OneDrive\Escritorio\cienciadatos\portafolio\quant-research-notes\HMM_regime_options\data\raw\spy_historical_options_2022-05-20.json.gz,389.63,True,,SPY220617C00390000,SPY220617P00390000,2022-06-17,28.0,390.0,11.22,11.28,11.25,0.0053333333333332195,12.55,12.61,12.58,0.00476947535771055,0.06116058825039139
2022-05-23,C:\Users\avazq\OneDrive\Escritorio\cienciadatos\portafolio\quant-research-notes\HMM_regime_options\data\raw\spy_historical_options_2022-05-23.json.gz,396.92,True,,SPY220622C00397000,SPY220622P00397000,2022-06-22,30.0,397.0,11.49,11.61,11.55,0.010389610389610322,12.05,12.15,12.100000000000001,0.008264462809917324,0.059583795223218786
2022-05-24,C:\Users\avazq\OneDrive\Escritorio\cienciadatos\portafolio\quant-research-notes\HMM_regime_options\data\raw\spy_historical_options_2022-05-24.json.gz,393.89,True,,SPY220622C00394000,SPY220622P00394000,2022-06-22,29.0,394.0,11.66,11.73,11.695,0.0059854638734502166,12.14,12.2,12.17,0.0049301561216104125,0.06058798141613141
2022-05-25,C:\Users\avazq\OneDrive\Escritorio\cienciadatos\portafolio\quant-research-notes\HMM_regime_options\data\raw\spy_historical_options_2022-05-25.json.gz,397.37,True,,SPY220624C00397000,SPY220624P00397000,2022-06-24,30.0,397.0,11.56,11.61,11.585,0.0043159257660767315,12.33,12.39,12.36,0.004854368932038875,0.06025870095880414
2022-05-26,C:\Users\avazq\OneDrive\Escritorio\cienciadatos\portafolio\quant-research-notes\HMM_regime_options\data\raw\spy_historical_options_2022-05-26.json.gz,405.31,True,,SPY220624C00405000,SPY220624P00405000,2022-06-24,29.0,405.0,10.66,10.72,10.690000000000001,0.005612722170252618,12.07,12.13,12.100000000000001,0.004958677685950453,0.05622856578914905
2022-05-27,C:\Users\avazq\OneDrive\Escritorio\cienciadatos\portafolio\quant-research-notes\HMM_regime_options\data\raw\spy_historical_options_2022-05-27.json.gz,415.26,True,,SPY220627C00415000,SPY220627P00415000,2022-06-27,31.0,415.0,10.71,10.79,10.75,0.007441860465116121,11.39,11.47,11.43,0.006999125109361336,0.05341231999229398
2022-05-31,C:\Users\avazq\OneDrive\Escritorio\cienciadatos\portafolio\quant-research-notes\HMM_regime_options\data\raw\spy_historical_options_2022-05-31.json.gz,412.93,True,,SPY220630C00413000,SPY220630P00413000,2022-06-30,30.0,413.0,10.53,10.57,10.55,0.0037914691943128835,12.2,12.25,12.225,0.004089979550102308,0.055154626692175426
2022-06-01,C:\Users\avazq\OneDrive\Escritorio\cienciadatos\portafolio\quant-research-notes\HMM_regime_options\data\raw\spy_historical_options_2022-06-01.json.gz,409.59,True,,SPY220701C00410000,SPY220701P00410000,2022-07-01,30.0,410.0,10.14,10.19,10.165,0.004918839153959561,11.98,12.02,12.0,0.0033333333333332624,0.05411509070045656
2022-06-02,C:\Users\avazq\OneDrive\Escritorio\cienciadatos\portafolio\quant-research-notes\HMM_regime_options\data\raw\spy_historical_options_2022-06-02.json.gz,417.39,True,,SPY220701C00417000,SPY220701P00417000,2022-07-01,29.0,417.0,10.05,10.1,10.075,0.004962779156327438,10.89,10.93,10.91,0.003666361136571874,0.0502767196147488
2022-06-03,C:\Users\avazq\OneDrive\Escritorio\cienciadatos\portafolio\quant-research-notes\HMM_regime_options\data\raw\spy_historical_options_2022-06-03.json.gz,410.54,True,,SPY220701C00411000,SPY220701P00411000,2022-07-01,28.0,411.0,9.58,9.63,9.605,0.005205622071837658,11.23,11.28,11.254999999999999,0.004442470013327315,0.05081112680859356
2022-06-06,C:\Users\avazq\OneDrive\Escritorio\cienciadatos\portafolio\quant-research-notes\HMM_regime_options\data\raw\spy_historical_options_2022-06-06.json.gz,411.79,True,,SPY220706C00412000,SPY220706P00412000,2022-07-06,30.0,412.0,9.65,9.75,9.7,0.010309278350515427,11.32,11.41,11.365,0.007919049714034303,0.051154714781806256
2022-06-07,C:\Users\avazq\OneDrive\Escritorio\cienciadatos\portafolio\quant-research-notes\HMM_regime_options\data\raw\spy_historical_options_2022-06-07.json.gz,415.74,True,,SPY220706C00416000,SPY220706P00416000,2022-07-06,29.0,416.0,9.03,9.08,9.055,0.00552181115405861,10.99,11.05,11.02,0.0054446460980036755,0.04828739115793525
2022-06-08,C:\Users\avazq\OneDrive\Escritorio\cienciadatos\portafolio\quant-research-notes\HMM_regime_options\data\raw\spy_historical_options_2022-06-08.json.gz,411.22,True,,SPY220708C00411000,SPY220708P00411000,2022-07-08,30.0,411.0,9.83,9.87,9.85,0.00406091370558367,10.83,10.87,10.85,0.0036866359447003823,0.05033801857886289
2022-06-09,C:\Users\avazq\OneDrive\Escritorio\cienciadatos\portafolio\quant-research-notes\HMM_regime_options\data\raw\spy_historical_options_2022-06-09.json.gz,401.44,True,,SPY220708C00401000,SPY220708P00401000,2022-07-08,29.0,401.0,10.66,10.72,10.690000000000001,0.005612722170252618,11.22,11.27,11.245000000000001,0.004446420631391635,0.054640793144679164
2022-06-10,C:\Users\avazq\OneDrive\Escritorio\cienciadatos\portafolio\quant-research-notes\HMM_regime_options\data\raw\spy_historical_options_2022-06-10.json.gz,389.8,True,,SPY220711C00390000,SPY220711P00390000,2022-07-11,31.0,390.0,11.02,11.13,11.075,0.009932279909706656,11.85,11.95,11.899999999999999,0.008403361344537787,0.05894048229861467
2022-06-13,C:\Users\avazq\OneDrive\Escritorio\cienciadatos\portafolio\quant-research-notes\HMM_regime_options\data\raw\spy_historical_options_2022-06-13.json,375.0,True,,SPY220713C00375000,SPY220713P00375000,2022-07-13,30.0,375.0,12.55,12.72,12.635000000000002,0.013454689354966355,13.59,13.75,13.67,0.011704462326261898,0.07014666666666666
2022-06-14,C:\Users\avazq\OneDrive\Escritorio\cienciadatos\portafolio\quant-research-notes\HMM_regime_options\data\raw\spy_historical_options_2022-06-14.json.gz,373.87,True,,SPY220713C00374000,SPY220713P00374000,2022-07-13,29.0,374.0,11.16,11.23,11.195,0.006252791424743214,13.08,13.15,13.115,0.005337399923751451,0.06502260143900286
2022-06-15,C:\Users\avazq\OneDrive\Escritorio\cienciadatos\portafolio\quant-research-notes\HMM_regime_options\data\raw\spy_historical_options_2022-06-15.json.gz,379.2,True,,SPY220715C00379000,SPY220715P00379000,2022-07-15,30.0,379.0,11.24,11.3,11.27,0.005323868677905989,12.16,12.21,12.185,0.004103405826836332,0.0618539029535865
2022-06-16,C:\Users\avazq\OneDrive\Escritorio\cienciadatos\portafolio\quant-research-notes\HMM_regime_options\data\raw\spy_historical_options_2022-06-16.json.gz,366.65,True,,SPY220715C00366000,SPY220715P00366000,2022-07-15,29.0,366.0,12.12,12.16,12.14,0.0032948929159803066,11.94,11.99,11.965,0.004178854993731777,0.0657438974498841
2022-06-17,C:\Users\avazq\OneDrive\Escritorio\cienciadatos\portafolio\quant-research-notes\HMM_regime_options\data\raw\spy_historical_options_2022-06-17.json.gz,365.86,True,,SPY220718C00366000,SPY220718P00366000,2022-07-18,31.0,366.0,12.16,12.26,12.21,0.00819000819000816,11.03,11.12,11.075,0.008126410835214435,0.06364456349423277
2022-06-21,C:\Users\avazq\OneDrive\Escritorio\cienciadatos\portafolio\quant-research-notes\HMM_regime_options\data\raw\spy_historical_options_2022-06-21.json.gz,375.07,True,,SPY220720C00375000,SPY220720P00375000,2022-07-20,29.0,375.0,11.5,11.56,11.530000000000001,0.005203816131830051,11.07,11.13,11.100000000000001,0.00540540540540545,0.0603354040579092
2022-06-22,C:\Users\avazq\OneDrive\Escritorio\cienciadatos\portafolio\quant-research-notes\HMM_regime_options\data\raw\spy_historical_options_2022-06-22.json.gz,374.39,True,,SPY220722C00374000,SPY220722P00374000,2022-07-22,30.0,374.0,12.01,12.06,12.035,0.004154549231408451,10.72,10.77,10.745000000000001,0.004653327128897062,0.06084564224471808
2022-06-23,C:\Users\avazq\OneDrive\Escritorio\cienciadatos\portafolio\quant-research-notes\HMM_regime_options\data\raw\spy_historical_options_2022-06-23.json.gz,378.06,True,,SPY220722C00378000,SPY220722P00378000,2022-07-22,29.0,378.0,10.9,10.95,10.925,0.004576659038901504,11.3,11.35,11.325,0.0044150110375275,0.058853092101782786
2022-06-24,C:\Users\avazq\OneDrive\Escritorio\cienciadatos\portafolio\quant-research-notes\HMM_regime_options\data\raw\spy_historical_options_2022-06-24.json.gz,390.08,True,,SPY220725C00390000,SPY220725P00390000,2022-07-25,31.0,390.0,10.48,10.55,10.515,0.006657156443176442,11.0,11.08,11.04,0.00724637681159421,0.055257895816242825
2022-06-27,C:\Users\avazq\OneDrive\Escritorio\cienciadatos\portafolio\quant-research-notes\HMM_regime_options\data\raw\spy_historical_options_2022-06-27.json.gz,388.59,True,,SPY220727C00388000,SPY220727P00388000,2022-07-27,30.0,388.0,11.57,11.77,11.67,0.017137960582690598,10.07,10.26,10.165,0.018691588785046682,0.056190329138680876
2022-06-28,C:\Users\avazq\OneDrive\Escritorio\cienciadatos\portafolio\quant-research-notes\HMM_regime_options\data\raw\spy_historical_options_2022-06-28.json.gz,380.65,True,,SPY220729C00381000,SPY220729P00381000,2022-07-29,31.0,381.0,11.48,11.54,11.51,0.00521285838401379,11.51,11.55,11.530000000000001,0.003469210754553419,0.06052804413503218
2022-06-29,C:\Users\avazq\OneDrive\Escritorio\cienciadatos\portafolio\quant-research-notes\HMM_regime_options\data\raw\spy_historical_options_2022-06-29.json.gz,380.34,True,,SPY220729C00380000,SPY220729P00380000,2022-07-29,30.0,380.0,11.92,11.99,11.955,0.0058552906733584514,10.82,10.87,10.844999999999999,0.004610419548178786,0.05994636377977599
2022-06-30,C:\Users\avazq\OneDrive\Escritorio\cienciadatos\portafolio\quant-research-notes\HMM_regime_options\data\raw\spy_historical_options_2022-06-30.json.gz,377.25,True,,SPY220729C00377000,SPY220729P00377000,2022-07-29,29.0,377.0,11.12,11.17,11.145,0.004486316733961482,11.27,11.3,11.285,0.0026583961010191526,0.059456593770709075
2022-07-01,C:\Users\avazq\OneDrive\Escritorio\cienciadatos\portafolio\quant-research-notes\HMM_regime_options\data\raw\spy_historical_options_2022-07-01.json.gz,381.24,True,,SPY220801C00381000,SPY220801P00381000,2022-08-01,31.0,381.0,11.09,11.15,11.120000000000001,0.005395683453237455,10.7,10.75,10.725,0.004662004662004729,0.05729986360297975
2022-07-05,C:\Users\avazq\OneDrive\Escritorio\cienciadatos\portafolio\quant-research-notes\HMM_regime_options\data\raw\spy_historical_options_2022-07-05.json.gz,381.96,True,,SPY220803C00382000,SPY220803P00382000,2022-08-03,29.0,382.0,10.88,10.93,10.905000000000001,0.004585052728106275,11.08,11.13,11.105,0.004502476361999163,0.05762383495653996
2022-07-06,C:\Users\avazq\OneDrive\Escritorio\cienciadatos\portafolio\quant-research-notes\HMM_regime_options\data\raw\spy_historical_options_2022-07-06.json.gz,383.25,True,,SPY220805C00383000,SPY220805P00383000,2022-08-05,30.0,383.0,11.61,11.65,11.629999999999999,0.0034393809114360214,10.62,10.65,10.635,0.0028208744710861437,0.058095238095238096
2022-07-07,C:\Users\avazq\OneDrive\Escritorio\cienciadatos\portafolio\quant-research-notes\HMM_regime_options\data\raw\spy_historical_options_2022-07-07.json.gz,388.99,True,,SPY220805C00389000,SPY220805P00389000,2022-08-05,29.0,389.0,10.59,10.63,10.61,0.003770028275212151,10.52,10.56,10.54,0.003795066413662327,0.054371577675518645
2022-07-08,C:\Users\avazq\OneDrive\Escritorio\cienciadatos\portafolio\quant-research-notes\HMM_regime_options\data\raw\spy_historical_options_2022-07-08.json.gz,388.67,True,,SPY220808C00388000,SPY220808P00388000,2022-08-08,31.0,388.0,10.91,10.97,10.940000000000001,0.0054844606946983995,9.54,9.6,9.57,0.00626959247648908,0.052769701803586595
2022-07-11,C:\Users\avazq\OneDrive\Escritorio\cienciadatos\portafolio\quant-research-notes\HMM_regime_options\data\raw\spy_historical_options_2022-07-11.json.gz,384.23,True,,SPY220810C00384000,SPY220810P00384000,2022-08-10,30.0,384.0,11.24,11.4,11.32,0.01413427561837457,10.06,10.14,10.100000000000001,0.007920792079207926,0.05574785935507379
2022-07-12,C:\Users\avazq\OneDrive\Escritorio\cienciadatos\portafolio\quant-research-notes\HMM_regime_options\data\raw\spy_historical_options_2022-07-12.json.gz,380.83,True,,SPY220810C00381000,SPY220810P00381000,2022-08-10,29.0,381.0,10.74,10.79,10.765,0.004644681839293909,10.64,10.69,10.665,0.004688232536333703,0.056271827324528005
2022-07-13,C:\Users\avazq\OneDrive\Escritorio\cienciadatos\portafolio\quant-research-notes\HMM_regime_options\data\raw\spy_historical_options_2022-07-13.json.gz,378.83,True,,SPY220812C00379000,SPY220812P00379000,2022-08-12,30.0,379.0,10.91,10.95,10.93,0.0036596523330282844,10.73,10.77,10.75,0.0037209302325580604,0.05722883615341974
2022-07-14,C:\Users\avazq\OneDrive\Escritorio\cienciadatos\portafolio\quant-research-notes\HMM_regime_options\data\raw\spy_historical_options_2022-07-14.json.gz,377.91,True,,SPY220812C00378000,SPY220812P00378000,2022-08-12,29.0,378.0,10.81,10.86,10.835,0.004614674665435988,10.1,10.14,10.120000000000001,0.003952569169960565,0.05544971024847186
2022-07-15,C:\Users\avazq\OneDrive\Escritorio\cienciadatos\portafolio\quant-research-notes\HMM_regime_options\data\raw\spy_historical_options_2022-07-15.json.gz,385.13,True,,SPY220815C00385000,SPY220815P00385000,2022-08-15,31.0,385.0,10.12,10.16,10.14,0.003944773175542498,9.6,9.64,9.620000000000001,0.004158004158004254,0.051307350764676865
2022-07-18,C:\Users\avazq\OneDrive\Escritorio\cienciadatos\portafolio\quant-research-notes\HMM_regime_options\data\raw\spy_historical_options_2022-07-18.json.gz,381.95,True,,SPY220817C00382000,SPY220817P00382000,2022-08-17,30.0,382.0,10.62,10.7,10.66,0.007504690431519707,9.92,10.0,9.96,0.008032128514056231,0.05398612383819872
2022-07-19,C:\Users\avazq\OneDrive\Escritorio\cienciadatos\portafolio\quant-research-notes\HMM_regime_options\data\raw\spy_historical_options_2022-07-19.json.gz,392.27,True,,SPY220817C00392000,SPY220817P00392000,2022-08-17,29.0,392.0,10.62,10.68,10.649999999999999,0.005633802816901456,9.3,9.35,9.325,0.005361930294906053,0.05092155913019094
2022-07-20,C:\Users\avazq\OneDrive\Escritorio\cienciadatos\portafolio\quant-research-notes\HMM_regime_options\data\raw\spy_historical_options_2022-07-20.json.gz,394.77,True,,SPY220819C00395000,SPY220819P00395000,2022-08-19,30.0,395.0,10.39,10.4,10.395,0.0009620009620009415,9.65,9.66,9.655000000000001,0.0010357327809424946,0.050789067051701
2022-07-21,C:\Users\avazq\OneDrive\Escritorio\cienciadatos\portafolio\quant-research-notes\HMM_regime_options\data\raw\spy_historical_options_2022-07-21.json.gz,398.79,True,,SPY220819C00399000,SPY220819P00399000,2022-08-19,29.0,399.0,9.35,9.36,9.355,0.0010689470871191647,9.24,9.26,9.25,0.0021621621621621162,0.0466536272223476
2022-07-22,C:\Users\avazq\OneDrive\Escritorio\cienciadatos\portafolio\quant-research-notes\HMM_regime_options\data\raw\spy_historical_options_2022-07-22.json.gz,395.09,True,,SPY220822C00395000,SPY220822P00395000,2022-08-22,31.0,395.0,9.49,9.55,9.52,0.0063025210084034135,9.25,9.31,9.280000000000001,0.006465517241379363,0.04758409476321851
2022-07-25,C:\Users\avazq\OneDrive\Escritorio\cienciadatos\portafolio\quant-research-notes\HMM_regime_options\data\raw\spy_historical_options_2022-07-25.json.gz,395.57,True,,SPY220824C00396000,SPY220824P00396000,2022-08-24,30.0,396.0,9.7,9.78,9.739999999999998,0.008213552361396313,9.05,9.13,9.09,0.008800880088008809,0.04760219430189347
2022-07-26,C:\Users\avazq\OneDrive\Escritorio\cienciadatos\portafolio\quant-research-notes\HMM_regime_options\data\raw\spy_historical_options_2022-07-26.json.gz,390.89,True,,SPY220824C00391000,SPY220824P00391000,2022-08-24,29.0,391.0,10.5,10.58,10.54,0.007590132827324485,9.04,9.12,9.079999999999998,0.008810572687224679,0.05019314896774028
2022-07-27,C:\Users\avazq\OneDrive\Escritorio\cienciadatos\portafolio\quant-research-notes\HMM_regime_options\data\raw\spy_historical_options_2022-07-27.json.gz,401.04,True,,SPY220826C00401000,SPY220826P00401000,2022-08-26,30.0,401.0,9.5,9.56,9.530000000000001,0.006295907660021038,9.54,9.6,9.57,0.00626959247648908,0.0476261719529224
2022-07-28,C:\Users\avazq\OneDrive\Escritorio\cienciadatos\portafolio\quant-research-notes\HMM_regime_options\data\raw\spy_historical_options_2022-07-28.json.gz,406.07,True,,SPY220826C00406000,SPY220826P00406000,2022-08-26,29.0,406.0,10.03,10.09,10.059999999999999,0.005964214711729672,8.22,8.28,8.25,0.0072727272727271175,0.04509074790060827
2022-07-29,C:\Users\avazq\OneDrive\Escritorio\cienciadatos\portafolio\quant-research-notes\HMM_regime_options\data\raw\spy_historical_options_2022-07-29.json.gz,411.99,True,,SPY220829C00412000,SPY220829P00412000,2022-08-29,31.0,412.0,9.2,9.28,9.239999999999998,0.008658008658008667,8.58,8.64,8.61,0.0069686411149826365,0.04332629432753222
2022-08-01,C:\Users\avazq\OneDrive\Escritorio\cienciadatos\portafolio\quant-research-notes\HMM_regime_options\data\raw\spy_historical_options_2022-08-01.json.gz,410.77,True,,SPY220831C00411000,SPY220831P00411000,2022-08-31,30.0,411.0,9.73,9.77,9.75,0.004102564102564015,9.18,9.22,9.2,0.004347826086956622,0.04613287241035129
2022-08-02,C:\Users\avazq\OneDrive\Escritorio\cienciadatos\portafolio\quant-research-notes\HMM_regime_options\data\raw\spy_historical_options_2022-08-02.json.gz,408.06,True,,SPY220831C00408000,SPY220831P00408000,2022-08-31,29.0,408.0,10.04,10.09,10.065,0.004967709885742744,9.57,9.61,9.59,0.004171011470281454,0.048166936234867425
2022-08-03,C:\Users\avazq\OneDrive\Escritorio\cienciadatos\portafolio\quant-research-notes\HMM_regime_options\data\raw\spy_historical_options_2022-08-03.json.gz,414.45,True,,SPY220902C00414000,SPY220902P00414000,2022-09-02,30.0,414.0,9.77,9.81,9.79,0.004085801838610922,8.95,8.99,8.969999999999999,0.004459308807134997,0.04526480878272409
2022-08-04,C:\Users\avazq\OneDrive\Escritorio\cienciadatos\portafolio\quant-research-notes\HMM_regime_options\data\raw\spy_historical_options_2022-08-04.json.gz,414.17,True,,SPY220902C00414000,SPY220902P00414000,2022-09-02,29.0,414.0,9.53,9.57,9.55,0.004188481675392767,8.52,8.55,8.535,0.003514938488576583,0.04366564454209624
2022-08-05,C:\Users\avazq\OneDrive\Escritorio\cienciadatos\portafolio\quant-research-notes\HMM_regime_options\data\raw\spy_historical_options_2022-08-05.json.gz,413.47,True,,SPY220902C00413000,SPY220902P00413000,2022-09-02,28.0,413.0,8.95,9.0,8.975,0.0055710306406686035,8.27,8.31,8.29,0.0048250904704464324,0.04175635475367016
2022-08-08,C:\Users\avazq\OneDrive\Escritorio\cienciadatos\portafolio\quant-research-notes\HMM_regime_options\data\raw\spy_historical_options_2022-08-08.json.gz,412.99,True,,SPY220907C00412000,SPY220907P00412000,2022-09-07,30.0,412.0,9.78,9.83,9.805,0.005099439061703286,7.94,7.99,7.965,0.0062774639045825266,0.04302767621492046
2022-08-09,C:\Users\avazq\OneDrive\Escritorio\cienciadatos\portafolio\quant-research-notes\HMM_regime_options\data\raw\spy_historical_options_2022-08-09.json.gz,411.35,True,,SPY220909C00411000,SPY220909P00411000,2022-09-09,31.0,411.0,10.05,10.09,10.07,0.003972194637537154,8.63,8.66,8.645,0.0034702139965297123,0.04549653579676674
2022-08-10,C:\Users\avazq\OneDrive\Escritorio\cienciadatos\portafolio\quant-research-notes\HMM_regime_options\data\raw\spy_historical_options_2022-08-10.json.gz,419.99,True,,SPY220909C00420000,SPY220909P00420000,2022-09-09,30.0,420.0,8.53,8.56,8.545,0.003510825043885446,8.09,8.14,8.115,0.006161429451632866,0.039667611133598416
2022-08-11,C:\Users\avazq\OneDrive\Escritorio\cienciadatos\portafolio\quant-research-notes\HMM_regime_options\data\raw\spy_historical_options_2022-08-11.json.gz,419.99,True,,SPY220909C00420000,SPY220909P00420000,2022-09-09,29.0,420.0,8.93,8.97,8.95,0.0044692737430168635,7.75,7.77,7.76,0.0025773195876288113,0.039786661587180645
2022-08-12,C:\Users\avazq\OneDrive\Escritorio\cienciadatos\portafolio\quant-research-notes\HMM_regime_options\data\raw\spy_historical_options_2022-08-12.json.gz,427.1,True,,SPY220912C00427000,SPY220912P00427000,2022-09-12,31.0,427.0,8.37,8.45,8.41,0.009512485136741982,7.91,7.99,7.95,0.010062893081761014,0.03830484664013111
2022-08-15,C:\Users\avazq\OneDrive\Escritorio\cienciadatos\portafolio\quant-research-notes\HMM_regime_options\data\raw\spy_historical_options_2022-08-15.json.gz,428.86,True,,SPY220914C00428000,SPY220914P00428000,2022-09-14,30.0,428.0,9.3,9.34,9.32,0.00429184549356214,7.88,7.93,7.904999999999999,0.006325110689437043,0.040164622487525066
2022-08-16,C:\Users\avazq\OneDrive\Escritorio\cienciadatos\portafolio\quant-research-notes\HMM_regime_options\data\raw\spy_historical_options_2022-08-16.json.gz,429.7,True,,SPY220914C00430000,SPY220914P00430000,2022-09-14,29.0,430.0,8.31,8.36,8.335,0.005998800239951881,8.21,8.26,8.235,0.006071645415907582,0.038561787293460555
2022-08-17,C:\Users\avazq\OneDrive\Escritorio\cienciadatos\portafolio\quant-research-notes\HMM_regime_options\data\raw\spy_historical_options_2022-08-17.json.gz,426.65,True,,SPY220916C00427000,SPY220916P00427000,2022-09-16,30.0,427.0,8.93,8.96,8.945,0.0033538289547234363,9.25,9.29,9.27,0.004314994606256651,0.042693073948201106
2022-08-18,C:\Users\avazq\OneDrive\Escritorio\cienciadatos\portafolio\quant-research-notes\HMM_regime_options\data\raw\spy_historical_options_2022-08-18.json.gz,427.89,True,,SPY220916C00428000,SPY220916P00428000,2022-09-16,29.0,428.0,8.32,8.35,8.335,0.0035992801439711287,8.79,8.82,8.805,0.003407155025553792,0.04005702400149572
2022-08-19,C:\Users\avazq\OneDrive\Escritorio\cienciadatos\portafolio\quant-research-notes\HMM_regime_options\data\raw\spy_historical_options_2022-08-19.json.gz,422.14,True,,SPY220919C00422000,SPY220919P00422000,2022-09-19,31.0,422.0,8.82,8.9,8.86,0.009029345372460505,8.97,9.1,9.035,0.014388489208632983,0.042391149855498175
2022-08-22,C:\Users\avazq\OneDrive\Escritorio\cienciadatos\portafolio\quant-research-notes\HMM_regime_options\data\raw\spy_historical_options_2022-08-22.json.gz,413.35,True,,SPY220921C00414000,SPY220921P00414000,2022-09-21,30.0,414.0,9.57,9.7,9.635,0.013492475350285315,10.48,10.68,10.58,0.018903591682419594,0.04890528607717431
2022-08-23,C:\Users\avazq\OneDrive\Escritorio\cienciadatos\portafolio\quant-research-notes\HMM_regime_options\data\raw\spy_historical_options_2022-08-23.json.gz,412.35,True,,SPY220923C00412500,SPY220923P00412500,2022-09-23,31.0,412.5,9.9,9.96,9.93,0.006042296072507603,10.9,10.96,10.93,0.0054894784995425895,0.050588092639747784
2022-08-24,C:\Users\avazq\OneDrive\Escritorio\cienciadatos\portafolio\quant-research-notes\HMM_regime_options\data\raw\spy_historical_options_2022-08-24.json.gz,413.67,True,,SPY220923C00414000,SPY220923P00414000,2022-09-23,30.0,414.0,9.37,9.43,9.399999999999999,0.006382978723404309,10.22,10.29,10.254999999999999,0.006825938566552756,0.04751371866463606
2022-08-25,C:\Users\avazq\OneDrive\Escritorio\cienciadatos\portafolio\quant-research-notes\HMM_regime_options\data\raw\spy_historical_options_2022-08-25.json.gz,419.51,True,,SPY220923C00420000,SPY220923P00420000,2022-09-23,29.0,420.0,8.43,8.49,8.46,0.007092198581560342,10.05,10.12,10.085,0.006941001487357313,0.04420633596338586
2022-08-26,C:\Users\avazq\OneDrive\Escritorio\cienciadatos\portafolio\quant-research-notes\HMM_regime_options\data\raw\spy_historical_options_2022-08-26.json.gz,405.31,True,,SPY220926C00405000,SPY220926P00405000,2022-09-26,31.0,405.0,10.04,10.36,10.2,0.03137254901960787,10.71,11.17,10.940000000000001,0.0420475319926873,0.052157607757025486
2022-08-29,C:\Users\avazq\OneDrive\Escritorio\cienciadatos\portafolio\quant-research-notes\HMM_regime_options\data\raw\spy_historical_options_2022-08-29.json.gz,402.63,True,,SPY220928C00403000,SPY220928P00403000,2022-09-28,30.0,403.0,9.96,10.24,10.100000000000001,0.027722772277227657,11.14,11.45,11.295,0.027445772465692672,0.05313811688150412
2022-08-30,C:\Users\avazq\OneDrive\Escritorio\cienciadatos\portafolio\quant-research-notes\HMM_regime_options\data\raw\spy_historical_options_2022-08-30.json.gz,398.21,True,,SPY220928C00398000,SPY220928P00398000,2022-09-28,29.0,398.0,10.22,10.35,10.285,0.01263976665046174,10.72,11.07,10.895,0.03212482790270763,0.053188016373270385
2022-08-31,C:\Users\avazq\OneDrive\Escritorio\cienciadatos\portafolio\quant-research-notes\HMM_regime_options\data\raw\spy_historical_options_2022-08-31.json.gz,395.18,True,,SPY220930C00395000,SPY220930P00395000,2022-09-30,30.0,395.0,10.44,10.5,10.469999999999999,0.005730659025788014,10.85,10.91,10.879999999999999,0.0055147058823529875,0.05402601346221974
2022-09-01,C:\Users\avazq\OneDrive\Escritorio\cienciadatos\portafolio\quant-research-notes\HMM_regime_options\data\raw\spy_historical_options_2022-09-01.json.gz,396.42,True,,SPY220930C00396000,SPY220930P00396000,2022-09-30,29.0,396.0,9.95,10.01,9.98,0.006012024048096242,10.37,10.44,10.405,0.00672753483901973,0.051422733464507334
2022-09-02,C:\Users\avazq\OneDrive\Escritorio\cienciadatos\portafolio\quant-research-notes\HMM_regime_options\data\raw\spy_historical_options_2022-09-02.json.gz,392.24,True,,SPY221003C00392000,SPY221003P00392000,2022-10-03,31.0,392.0,10.23,10.35,10.29,0.011661807580174852,10.27,10.63,10.45,0.034449760765550355,0.05287579033244952
2022-09-06,C:\Users\avazq\OneDrive\Escritorio\cienciadatos\portafolio\quant-research-notes\HMM_regime_options\data\raw\spy_historical_options_2022-09-06.json.gz,390.76,True,,SPY221007C00391000,SPY221007P00391000,2022-10-07,31.0,391.0,10.27,10.34,10.305,0.0067928190198932835,11.63,11.9,11.765,0.022949426264343355,0.05647968062237691
2022-09-07,C:\Users\avazq\OneDrive\Escritorio\cienciadatos\portafolio\quant-research-notes\HMM_regime_options\data\raw\spy_historical_options_2022-09-07.json.gz,397.78,True,,SPY221007C00398000,SPY221007P00398000,2022-10-07,30.0,398.0,9.41,9.51,9.46,0.010570824524312858,10.72,10.92,10.82,0.018484288354898272,0.05098295540248379
2022-09-08,C:\Users\avazq\OneDrive\Escritorio\cienciadatos\portafolio\quant-research-notes\HMM_regime_options\data\raw\spy_historical_options_2022-09-08.json.gz,400.38,True,,SPY221007C00400000,SPY221007P00400000,2022-10-07,29.0,400.0,9.58,9.64,9.61,0.00624349635796051,9.66,9.81,9.735,0.015408320493066292,0.048316599230730804
2022-09-09,C:\Users\avazq\OneDrive\Escritorio\cienciadatos\portafolio\quant-research-notes\HMM_regime_options\data\raw\spy_historical_options_2022-09-09.json.gz,406.6,True,,SPY221010C00406000,SPY221010P00406000,2022-10-10,31.0,406.0,9.07,9.19,9.129999999999999,0.013143483023001012,9.72,9.98,9.850000000000001,0.026395939086294392,0.04667978357107722
2022-09-12,C:\Users\avazq\OneDrive\Escritorio\cienciadatos\portafolio\quant-research-notes\HMM_regime_options\data\raw\spy_historical_options_2022-09-12.json.gz,410.97,True,,SPY221012C00410000,SPY221012P00410000,2022-10-12,30.0,410.0,9.99,10.31,10.15,0.03152709359605914,9.79,9.92,9.855,0.013191273465246147,0.04867751904031925
2022-09-13,C:\Users\avazq\OneDrive\Escritorio\cienciadatos\portafolio\quant-research-notes\HMM_regime_options\data\raw\spy_historical_options_2022-09-13.json.gz,393.1,True,,SPY221014C00393000,SPY221014P00393000,2022-10-14,31.0,393.0,10.94,11.31,11.125,0.03325842696629223,10.87,11.33,11.1,0.04144144144144152,0.05653777664716357
2022-09-14,C:\Users\avazq\OneDrive\Escritorio\cienciadatos\portafolio\quant-research-notes\HMM_regime_options\data\raw\spy_historical_options_2022-09-14.json.gz,394.6,True,,SPY221014C00395000,SPY221014P00395000,2022-10-14,30.0,395.0,10.13,10.22,10.175,0.00884520884520883,11.24,11.43,11.335,0.01676224084693423,0.05451089711099848
2022-09-15,C:\Users\avazq\OneDrive\Escritorio\cienciadatos\portafolio\quant-research-notes\HMM_regime_options\data\raw\spy_historical_options_2022-09-15.json.gz,390.12,True,,SPY221014C00390000,SPY221014P00390000,2022-10-14,29.0,390.0,10.64,10.79,10.715,0.013999066728884608,10.51,10.56,10.535,0.004746084480303817,0.05447041935814621
2022-09-16,C:\Users\avazq\OneDrive\Escritorio\cienciadatos\portafolio\quant-research-notes\HMM_regime_options\data\raw\spy_historical_options_2022-09-16.json.gz,385.56,True,,SPY221017C00386000,SPY221017P00386000,2022-10-17,31.0,386.0,11.32,11.38,11.350000000000001,0.005286343612334845,10.38,10.43,10.405000000000001,0.004805382027871113,0.056424421620500056
2022-09-19,C:\Users\avazq\OneDrive\Escritorio\cienciadatos\portafolio\quant-research-notes\HMM_regime_options\data\raw\spy_historical_options_2022-09-19.json.gz,388.55,True,,SPY221019C00388000,SPY221019P00388000,2022-10-19,30.0,388.0,11.59,11.64,11.615,0.004304778303917409,10.07,10.11,10.09,0.003964321110009827,0.05586153648179127
2022-09-20,C:\Users\avazq\OneDrive\Escritorio\cienciadatos\portafolio\quant-research-notes\HMM_regime_options\data\raw\spy_historical_options_2022-09-20.json.gz,384.09,True,,SPY221019C00384000,SPY221019P00384000,2022-10-19,29.0,384.0,11.84,11.88,11.86,0.003372681281618965,10.39,10.43,10.41,0.0038424591738711955,0.05798120232237236
2022-09-21,C:\Users\avazq\OneDrive\Escritorio\cienciadatos\portafolio\quant-research-notes\HMM_regime_options\data\raw\spy_historical_options_2022-09-21.json.gz,377.39,True,,SPY221021C00377000,SPY221021P00377000,2022-10-21,30.0,377.0,12.23,12.26,12.245000000000001,0.0024499795835034185,10.89,10.92,10.905000000000001,0.002751031636863765,0.0613423779114444
2022-09-22,C:\Users\avazq\OneDrive\Escritorio\cienciadatos\portafolio\quant-research-notes\HMM_regime_options\data\raw\spy_historical_options_2022-09-22.json.gz,374.22,True,,SPY221021C00374000,SPY221021P00374000,2022-10-21,29.0,374.0,11.67,11.69,11.68,0.0017123287671232511,10.22,10.24,10.23,0.0019550342130986876,0.05854844743733632
2022-09-23,C:\Users\avazq\OneDrive\Escritorio\cienciadatos\portafolio\quant-research-notes\HMM_regime_options\data\raw\spy_historical_options_2022-09-23.json.gz,367.95,True,,SPY221024C00368000,SPY221024P00368000,2022-10-24,31.0,368.0,11.53,11.96,11.745000000000001,0.03661132396764593,11.06,11.46,11.260000000000002,0.035523978685612814,0.06252208180459302
2022-09-26,C:\Users\avazq\OneDrive\Escritorio\cienciadatos\portafolio\quant-research-notes\HMM_regime_options\data\raw\spy_historical_options_2022-09-26.json.gz,364.31,True,,SPY221026C00364000,SPY221026P00364000,2022-10-26,30.0,364.0,12.45,12.51,12.48,0.004807692307692347,11.97,12.03,12.0,0.004999999999999893,0.06719552029864675
2022-09-27,C:\Users\avazq\OneDrive\Escritorio\cienciadatos\portafolio\quant-research-notes\HMM_regime_options\data\raw\spy_historical_options_2022-09-27.json.gz,363.38,True,,SPY221026C00364000,SPY221026P00364000,2022-10-26,29.0,364.0,12.12,12.17,12.145,0.00411692054343357,12.02,12.08,12.05,0.004979253112033236,0.06658319114976058
2022-09-28,C:\Users\avazq\OneDrive\Escritorio\cienciadatos\portafolio\quant-research-notes\HMM_regime_options\data\raw\spy_historical_options_2022-09-28.json.gz,370.53,True,,SPY221028C00370000,SPY221028P00370000,2022-10-28,30.0,370.0,12.45,12.49,12.469999999999999,0.0032076984763432983,11.03,11.07,11.05,0.003619909502262527,0.06347664156748442
2022-09-29,C:\Users\avazq\OneDrive\Escritorio\cienciadatos\portafolio\quant-research-notes\HMM_regime_options\data\raw\spy_historical_options_2022-09-29.json.gz,362.79,True,,SPY221028C00363000,SPY221028P00363000,2022-10-28,29.0,363.0,12.13,12.17,12.15,0.0032921810699587774,11.36,11.4,11.379999999999999,0.0035149384885765312,0.0648584580611373
2022-09-30,C:\Users\avazq\OneDrive\Escritorio\cienciadatos\portafolio\quant-research-notes\HMM_regime_options\data\raw\spy_historical_options_2022-09-30.json.gz,357.18,True,,SPY221031C00357000,SPY221031P00357000,2022-10-31,31.0,357.0,12.59,12.63,12.61,0.0031720856463125237,10.61,10.64,10.625,0.0028235294117648128,0.06505123467159415
2022-10-03,C:\Users\avazq\OneDrive\Escritorio\cienciadatos\portafolio\quant-research-notes\HMM_regime_options\data\raw\spy_historical_options_2022-10-03.json.gz,366.61,True,,SPY221102C00367000,SPY221102P00367000,2022-11-02,30.0,367.0,11.82,11.87,11.844999999999999,0.004221190375685854,10.85,10.9,10.875,0.004597701149425352,0.06197321404217015
2022-10-04,C:\Users\avazq\OneDrive\Escritorio\cienciadatos\portafolio\quant-research-notes\HMM_regime_options\data\raw\spy_historical_options_2022-10-04.json.gz,377.97,True,,SPY221102C00378000,SPY221102P00378000,2022-11-02,29.0,378.0,11.4,11.45,11.425,0.004376367614879556,10.63,10.69,10.66,0.005628517823639655,0.05843056327221737
2022-10-05,C:\Users\avazq\OneDrive\Escritorio\cienciadatos\portafolio\quant-research-notes\HMM_regime_options\data\raw\spy_historical_options_2022-10-05.json.gz,377.09,True,,SPY221104C00377000,SPY221104P00377000,2022-11-04,30.0,377.0,12.12,12.16,12.14,0.0032948929159803066,10.52,10.56,10.54,0.003795066413662327,0.0601447930202339
2022-10-06,C:\Users\avazq\OneDrive\Escritorio\cienciadatos\portafolio\quant-research-notes\HMM_regime_options\data\raw\spy_historical_options_2022-10-06.json.gz,373.2,True,,SPY221104C00373000,SPY221104P00373000,2022-11-04,29.0,373.0,12.29,12.34,12.315,0.004060089321965141,10.98,11.02,11.0,0.0036363636363635587,0.06247320471596998
2022-10-07,C:\Users\avazq\OneDrive\Escritorio\cienciadatos\portafolio\quant-research-notes\HMM_regime_options\data\raw\spy_historical_options_2022-10-07.json.gz,362.79,True,,SPY221107C00363000,SPY221107P00363000,2022-11-07,31.0,363.0,11.85,11.91,11.879999999999999,0.005050505050505093,11.51,11.57,11.54,0.0051993067590988306,0.06455525234984426
2022-10-10,C:\Users\avazq\OneDrive\Escritorio\cienciadatos\portafolio\quant-research-notes\HMM_regime_options\data\raw\spy_historical_options_2022-10-10.json.gz,360.02,True,,SPY221109C00360000,SPY221109P00360000,2022-11-09,30.0,360.0,12.8,12.85,12.825,0.003898635477582763,11.56,11.61,11.585,0.0043159257660767315,0.0678017887895117
2022-10-11,C:\Users\avazq\OneDrive\Escritorio\cienciadatos\portafolio\quant-research-notes\HMM_regime_options\data\raw\spy_historical_options_2022-10-11.json.gz,357.74,True,,SPY221109C00358000,SPY221109P00358000,2022-11-09,29.0,358.0,12.64,12.71,12.675,0.005522682445759391,11.82,11.88,11.850000000000001,0.005063291139240548,0.06855537541231062
2022-10-12,C:\Users\avazq\OneDrive\Escritorio\cienciadatos\portafolio\quant-research-notes\HMM_regime_options\data\raw\spy_historical_options_2022-10-12.json.gz,356.56,True,,SPY221111C00357000,SPY221111P00357000,2022-11-11,30.0,357.0,12.99,13.03,13.01,0.003074558032282794,12.33,12.36,12.344999999999999,0.002430133657351103,0.07111005160421807
2022-10-13,C:\Users\avazq\OneDrive\Escritorio\cienciadatos\portafolio\quant-research-notes\HMM_regime_options\data\raw\spy_historical_options_2022-10-13.json.gz,365.97,True,,SPY221111C00366000,SPY221111P00366000,2022-11-11,29.0,366.0,12.82,12.88,12.850000000000001,0.004669260700389143,11.76,11.81,11.785,0.004242681374628825,0.06731426073175396
2022-10-14,C:\Users\avazq\OneDrive\Escritorio\cienciadatos\portafolio\quant-research-notes\HMM_regime_options\data\raw\spy_historical_options_2022-10-14.json.gz,357.63,True,,SPY221114C00358000,SPY221114P00358000,2022-11-14,31.0,358.0,12.36,12.42,12.39,0.004842615012106578,11.72,11.78,11.75,0.005106382978723296,0.06749993009534995
2022-10-17,C:\Users\avazq\OneDrive\Escritorio\cienciadatos\portafolio\quant-research-notes\HMM_regime_options\data\raw\spy_historical_options_2022-10-17.json.gz,366.82,True,,SPY221116C00366000,SPY221116P00366000,2022-11-16,30.0,366.0,13.39,13.44,13.415,0.0037271710771523622,11.12,11.16,11.14,0.0035906642728905673,0.0669401886483834
2022-10-18,C:\Users\avazq\OneDrive\Escritorio\cienciadatos\portafolio\quant-research-notes\HMM_regime_options\data\raw\spy_historical_options_2022-10-18.json.gz,371.13,True,,SPY221118C00371000,SPY221118P00371000,2022-11-18,31.0,371.0,13.4,13.45,13.425,0.0037243947858472204,11.2,11.24,11.219999999999999,0.003565062388591883,0.06640530272411284
2022-10-19,C:\Users\avazq\OneDrive\Escritorio\cienciadatos\portafolio\quant-research-notes\HMM_regime_options\data\raw\spy_historical_options_2022-10-19.json.gz,368.5,True,,SPY221118C00368000,SPY221118P00368000,2022-11-18,30.0,368.0,12.79,12.84,12.815,0.0039016777214202665,11.47,11.51,11.49,0.0034812880765882634,0.06595658073270014
2022-10-20,C:\Users\avazq\OneDrive\Escritorio\cienciadatos\portafolio\quant-research-notes\HMM_regime_options\data\raw\spy_historical_options_2022-10-20.json.gz,365.41,True,,SPY221118C00365000,SPY221118P00365000,2022-11-18,29.0,365.0,12.6,12.63,12.615,0.0023781212841855835,10.86,10.89,10.875,0.002758620689655277,0.06428395500944145
2022-10-21,C:\Users\avazq\OneDrive\Escritorio\cienciadatos\portafolio\quant-research-notes\HMM_regime_options\data\raw\spy_historical_options_2022-10-21.json.gz,374.29,True,,SPY221121C00374000,SPY221121P00374000,2022-11-21,31.0,374.0,12.62,12.67,12.645,0.003954132068011128,11.3,11.34,11.32,0.003533568904593564,0.06402789281038766
2022-10-24,C:\Users\avazq\OneDrive\Escritorio\cienciadatos\portafolio\quant-research-notes\HMM_regime_options\data\raw\spy_historical_options_2022-10-24.json.gz,378.87,True,,SPY221123C00378000,SPY221123P00378000,2022-11-23,30.0,378.0,13.19,13.24,13.215,0.003783579265985676,11.37,11.41,11.39,0.003511852502194989,0.06494312033151213
2022-10-25,C:\Users\avazq\OneDrive\Escritorio\cienciadatos\portafolio\quant-research-notes\HMM_regime_options\data\raw\spy_historical_options_2022-10-25.json.gz,384.92,True,,SPY221123C00385000,SPY221123P00385000,2022-11-23,29.0,385.0,11.18,11.5,11.34,0.028218694885361578,11.83,12.11,11.969999999999999,0.023391812865497026,0.060558038033877166
2022-10-26,C:\Users\avazq\OneDrive\Escritorio\cienciadatos\portafolio\quant-research-notes\HMM_regime_options\data\raw\spy_historical_options_2022-10-26.json.gz,382.02,True,,SPY221125C00382000,SPY221125P00382000,2022-11-25,30.0,382.0,12.28,12.33,12.305,0.004063388866314564,10.37,10.41,10.39,0.003849855630413948,0.05940788440395791
2022-10-27,C:\Users\avazq\OneDrive\Escritorio\cienciadatos\portafolio\quant-research-notes\HMM_regime_options\data\raw\spy_historical_options_2022-10-27.json.gz,379.98,True,,SPY221125C00380000,SPY221125P00380000,2022-11-25,29.0,380.0,9.56,9.6,9.58,0.004175365344467552,12.38,12.41,12.395,0.0024203307785396824,0.05783199115742934
2022-10-28,C:\Users\avazq\OneDrive\Escritorio\cienciadatos\portafolio\quant-research-notes\HMM_regime_options\data\raw\spy_historical_options_2022-10-28.json.gz,389.02,True,,SPY221128C00390000,SPY221128P00390000,2022-11-28,31.0,390.0,11.06,11.1,11.08,0.0036101083032490204,10.82,10.86,10.84,0.003690036900368925,0.05634671739242199
2022-10-31,C:\Users\avazq\OneDrive\Escritorio\cienciadatos\portafolio\quant-research-notes\HMM_regime_options\data\raw\spy_historical_options_2022-10-31.json.gz,386.21,True,,SPY221130C00386000,SPY221130P00386000,2022-11-30,30.0,386.0,11.49,11.52,11.504999999999999,0.0026075619295957727,10.03,10.06,10.045,0.0029865604778497898,0.05579865876077781
2022-11-01,C:\Users\avazq\OneDrive\Escritorio\cienciadatos\portafolio\quant-research-notes\HMM_regime_options\data\raw\spy_historical_options_2022-11-01.json.gz,384.52,True,,SPY221130C00385000,SPY221130P00385000,2022-11-30,29.0,385.0,10.69,10.72,10.705,0.002802428771602161,10.37,10.4,10.385,0.0028887818969668883,0.05484760220534693
2022-11-02,C:\Users\avazq\OneDrive\Escritorio\cienciadatos\portafolio\quant-research-notes\HMM_regime_options\data\raw\spy_historical_options_2022-11-02.json.gz,374.87,True,,SPY221202C00375000,SPY221202P00375000,2022-12-02,30.0,375.0,11.01,11.06,11.035,0.004531037607612208,10.21,10.26,10.235,0.0048851978505128416,0.056739669752180755
2022-11-03,C:\Users\avazq\OneDrive\Escritorio\cienciadatos\portafolio\quant-research-notes\HMM_regime_options\data\raw\spy_historical_options_2022-11-03.json.gz,371.01,True,,SPY221202C00371000,SPY221202P00371000,2022-12-02,29.0,371.0,10.72,10.76,10.74,0.0037243947858472204,9.7,9.73,9.715,0.003088008234688743,0.05513328481712083
2022-11-04,C:\Users\avazq\OneDrive\Escritorio\cienciadatos\portafolio\quant-research-notes\HMM_regime_options\data\raw\spy_historical_options_2022-11-04.json.gz,376.35,True,,SPY221205C00376000,SPY221205P00376000,2022-12-05,31.0,376.0,10.84,10.88,10.86,0.003683241252302111,9.5,9.54,9.52,0.004201680672268818,0.05415172047296399
2022-11-07,C:\Users\avazq\OneDrive\Escritorio\cienciadatos\portafolio\quant-research-notes\HMM_regime_options\data\raw\spy_historical_options_2022-11-07.json.gz,379.95,True,,SPY221207C00380000,SPY221207P00380000,2022-12-07,30.0,380.0,10.54,10.58,10.559999999999999,0.003787878787878876,9.52,9.56,9.54,0.004192872117400517,0.05290169759178839
2022-11-08,C:\Users\avazq\OneDrive\Escritorio\cienciadatos\portafolio\quant-research-notes\HMM_regime_options\data\raw\spy_historical_options_2022-11-08.json.gz,382.0,True,,SPY221207C00382000,SPY221207P00382000,2022-12-07,29.0,382.0,10.42,10.46,10.440000000000001,0.0038314176245211606,10.09,10.13,10.11,0.003956478733926897,0.05379581151832461
2022-11-09,C:\Users\avazq\OneDrive\Escritorio\cienciadatos\portafolio\quant-research-notes\HMM_regime_options\data\raw\spy_historical_options_2022-11-09.json.gz,374.13,True,,SPY221209C00374000,SPY221209P00374000,2022-12-09,30.0,374.0,11.24,11.28,11.26,0.003552397868561203,9.79,9.83,9.809999999999999,0.004077471967380319,0.056317322855691875
2022-11-10,C:\Users\avazq\OneDrive\Escritorio\cienciadatos\portafolio\quant-research-notes\HMM_regime_options\data\raw\spy_historical_options_2022-11-10.json.gz,394.69,True,,SPY221209C00395000,SPY221209P00395000,2022-12-09,29.0,395.0,10.48,10.52,10.5,0.0038095238095237284,9.32,9.35,9.335,0.003213711837171865,0.050254630216118985
2022-11-11,C:\Users\avazq\OneDrive\Escritorio\cienciadatos\portafolio\quant-research-notes\HMM_regime_options\data\raw\spy_historical_options_2022-11-11.json.gz,398.51,True,,SPY221212C00398000,SPY221212P00398000,2022-12-12,31.0,398.0,10.04,10.09,10.065,0.004967709885742744,8.6,8.65,8.625,0.005797101449275445,0.046899701387669065
2022-11-14,C:\Users\avazq\OneDrive\Escritorio\cienciadatos\portafolio\quant-research-notes\HMM_regime_options\data\raw\spy_historical_options_2022-11-14.json.gz,395.12,True,,SPY221214C00395000,SPY221214P00395000,2022-12-14,30.0,395.0,11.27,11.31,11.29,0.0035429583702392318,9.27,9.31,9.29,0.004305705059203545,0.0520854423972464
2022-11-15,C:\Users\avazq\OneDrive\Escritorio\cienciadatos\portafolio\quant-research-notes\HMM_regime_options\data\raw\spy_historical_options_2022-11-15.json.gz,398.49,True,,SPY221214C00398000,SPY221214P00398000,2022-12-14,29.0,398.0,11.15,11.2,11.175,0.004474272930648674,9.2,9.25,9.225,0.005420054200542083,0.051193254535872916
2022-11-16,C:\Users\avazq\OneDrive\Escritorio\cienciadatos\portafolio\quant-research-notes\HMM_regime_options\data\raw\spy_historical_options_2022-11-16.json.gz,395.45,True,,SPY221216C00395000,SPY221216P00395000,2022-12-16,30.0,395.0,11.09,11.17,11.129999999999999,0.00718778077268644,10.04,10.07,10.055,0.0029835902536052847,0.05357188013655329
2022-11-17,C:\Users\avazq\OneDrive\Escritorio\cienciadatos\portafolio\quant-research-notes\HMM_regime_options\data\raw\spy_historical_options_2022-11-17.json.gz,394.24,True,,SPY221216C00394000,SPY221216P00394000,2022-12-16,29.0,394.0,10.64,10.67,10.655000000000001,0.002815579540121948,10.09,10.12,10.105,0.002968827313211218,0.052658279220779224
2022-11-18,C:\Users\avazq\OneDrive\Escritorio\cienciadatos\portafolio\quant-research-notes\HMM_regime_options\data\raw\spy_historical_options_2022-11-18.json.gz,396.03,True,,SPY221216C00396000,SPY221216P00396000,2022-12-16,28.0,396.0,9.78,9.81,9.795,0.0030627871362941435,10.0,10.02,10.01,0.0019980019980019555,0.05000883771431457
2022-11-21,C:\Users\avazq\OneDrive\Escritorio\cienciadatos\portafolio\quant-research-notes\HMM_regime_options\data\raw\spy_historical_options_2022-11-21.json.gz,394.59,True,,SPY221223C00395000,SPY221223P00395000,2022-12-23,32.0,395.0,9.73,9.82,9.775,0.009207161125319678,10.11,10.14,10.125,0.002962962962963075,0.05043209407232824
2022-11-22,C:\Users\avazq\OneDrive\Escritorio\cienciadatos\portafolio\quant-research-notes\HMM_regime_options\data\raw\spy_historical_options_2022-11-22.json.gz,399.9,True,,SPY221223C00400000,SPY221223P00400000,2022-12-23,31.0,400.0,9.16,9.25,9.205,0.009777294948397594,9.58,9.62,9.6,0.004166666666666578,0.04702425606401601
2022-11-23,C:\Users\avazq\OneDrive\Escritorio\cienciadatos\portafolio\quant-research-notes\HMM_regime_options\data\raw\spy_historical_options_2022-11-23.json.gz,402.42,True,,SPY221223C00402000,SPY221223P00402000,2022-12-23,30.0,402.0,8.95,9.03,8.989999999999998,0.0088987764182425,8.84,8.88,8.86,0.004514672686230353,0.04435664231400029
2022-11-25,C:\Users\avazq\OneDrive\Escritorio\cienciadatos\portafolio\quant-research-notes\HMM_regime_options\data\raw\spy_historical_options_2022-11-25.json.gz,402.33,True,,SPY221223C00402000,SPY221223P00402000,2022-12-23,28.0,402.0,8.57,8.65,8.61,0.009291521486643447,8.54,8.62,8.579999999999998,0.009324009324009334,0.042726120348967264
2022-11-28,C:\Users\avazq\OneDrive\Escritorio\cienciadatos\portafolio\quant-research-notes\HMM_regime_options\data\raw\spy_historical_options_2022-11-28.json.gz,395.91,True,,SPY221230C00396000,SPY221230P00396000,2022-12-30,32.0,396.0,9.58,9.66,9.620000000000001,0.008316008316008322,9.74,9.76,9.75,0.0020512820512820075,0.048925260791594045
2022-11-29,C:\Users\avazq\OneDrive\Escritorio\cienciadatos\portafolio\quant-research-notes\HMM_regime_options\data\raw\spy_historical_options_2022-11-29.json.gz,395.23,True,,SPY221230C00395000,SPY221230P00395000,2022-12-30,31.0,395.0,9.36,9.46,9.41,0.010626992561105358,9.47,9.51,9.49,0.0042149631190726185,0.0478202565594717
2022-11-30,C:\Users\avazq\OneDrive\Escritorio\cienciadatos\portafolio\quant-research-notes\HMM_regime_options\data\raw\spy_historical_options_2022-11-30.json.gz,407.68,True,,SPY221230C00408000,SPY221230P00408000,2022-12-30,30.0,408.0,8.6,8.72,8.66,0.01385681293302552,9.22,9.27,9.245000000000001,0.005408328826392529,0.04391925039246468
2022-12-01,C:\Users\avazq\OneDrive\Escritorio\cienciadatos\portafolio\quant-research-notes\HMM_regime_options\data\raw\spy_historical_options_2022-12-01.json.gz,407.38,True,,SPY221230C00407000,SPY221230P00407000,2022-12-30,29.0,407.0,8.3,8.4,8.350000000000001,0.011976047904191572,8.75,8.79,8.77,0.0045610034207524686,0.042024645294319804
2022-12-02,C:\Users\avazq\OneDrive\Escritorio\cienciadatos\portafolio\quant-research-notes\HMM_regime_options\data\raw\spy_historical_options_2022-12-02.json.gz,406.91,True,,SPY221230C00407000,SPY221230P00407000,2022-12-30,28.0,407.0,7.4,7.49,7.445,0.012088650100738731,8.52,8.56,8.54,0.004683840749414628,0.03928387112629328
2022-12-05,C:\Users\avazq\OneDrive\Escritorio\cienciadatos\portafolio\quant-research-notes\HMM_regime_options\data\raw\spy_historical_options_2022-12-05.json.gz,399.59,True,,SPY230106C00400000,SPY230106P00400000,2023-01-06,32.0,400.0,8.76,8.85,8.805,0.010221465076660972,9.46,9.5,9.48,0.004219409282700331,0.04575940338847319
2022-12-06,C:\Users\avazq\OneDrive\Escritorio\cienciadatos\portafolio\quant-research-notes\HMM_regime_options\data\raw\spy_historical_options_2022-12-06.json.gz,393.83,True,,SPY230106C00394000,SPY230106P00394000,2023-01-06,31.0,394.0,9.32,9.42,9.370000000000001,0.010672358591248626,9.77,9.82,9.795,0.005104645227156785,0.048663128761140595
2022-12-07,C:\Users\avazq\OneDrive\Escritorio\cienciadatos\portafolio\quant-research-notes\HMM_regime_options\data\raw\spy_historical_options_2022-12-07.json.gz,393.16,True,,SPY230106C00393000,SPY230106P00393000,2023-01-06,30.0,393.0,9.46,9.57,9.515,0.011560693641618436,9.73,9.77,9.75,0.004102564102564015,0.04900040695899888
2022-12-08,C:\Users\avazq\OneDrive\Escritorio\cienciadatos\portafolio\quant-research-notes\HMM_regime_options\data\raw\spy_historical_options_2022-12-08.json.gz,396.24,True,,SPY230106C00396000,SPY230106P00396000,2023-01-06,29.0,396.0,9.02,9.11,9.065,0.009928295642581342,9.36,9.4,9.379999999999999,0.004264392324093915,0.046550070664243895
2022-12-09,C:\Users\avazq\OneDrive\Escritorio\cienciadatos\portafolio\quant-research-notes\HMM_regime_options\data\raw\spy_historical_options_2022-12-09.json.gz,393.28,True,,SPY230106C00393000,SPY230106P00393000,2023-01-06,28.0,393.0,8.97,9.11,9.04,0.015486725663716682,9.21,9.25,9.23,0.004333694474539453,0.04645545158665582
2022-12-12,C:\Users\avazq\OneDrive\Escritorio\cienciadatos\portafolio\quant-research-notes\HMM_regime_options\data\raw\spy_historical_options_2022-12-12.json.gz,398.95,True,,SPY230113C00399000,SPY230113P00399000,2023-01-13,32.0,399.0,10.6,10.66,10.629999999999999,0.00564440263405461,11.3,11.35,11.325,0.0044150110375275,0.05503195889209174
2022-12-13,C:\Users\avazq\OneDrive\Escritorio\cienciadatos\portafolio\quant-research-notes\HMM_regime_options\data\raw\spy_historical_options_2022-12-13.json.gz,401.97,True,,SPY230113C00402000,SPY230113P00402000,2023-01-13,31.0,402.0,9.76,9.83,9.795,0.007146503318019427,9.85,9.91,9.879999999999999,0.006072874493927177,0.04894643878896434
2022-12-14,C:\Users\avazq\OneDrive\Escritorio\cienciadatos\portafolio\quant-research-notes\HMM_regime_options\data\raw\spy_historical_options_2022-12-14.json.gz,399.4,True,,SPY230113C00399000,SPY230113P00399000,2023-01-13,30.0,399.0,9.46,9.55,9.505,0.009468700683850589,8.58,8.67,8.625,0.010434782608695636,0.04539308963445168
2022-12-15,C:\Users\avazq\OneDrive\Escritorio\cienciadatos\portafolio\quant-research-notes\HMM_regime_options\data\raw\spy_historical_options_2022-12-15.json.gz,389.63,True,,SPY230113C00390000,SPY230113P00390000,2023-01-13,29.0,390.0,8.8,8.88,8.84,0.009049773755656116,9.45,9.46,9.455,0.0010576414595453794,0.046954803274901834
2022-12-16,C:\Users\avazq\OneDrive\Escritorio\cienciadatos\portafolio\quant-research-notes\HMM_regime_options\data\raw\spy_historical_options_2022-12-16.json.gz,383.27,True,,SPY230113C00383000,SPY230113P00383000,2023-01-13,28.0,383.0,9.8,9.84,9.82,0.0040733197556007275,8.28,8.31,8.295,0.00361663652802907,0.04726433062853864
2022-12-19,C:\Users\avazq\OneDrive\Escritorio\cienciadatos\portafolio\quant-research-notes\HMM_regime_options\data\raw\spy_historical_options_2022-12-19.json.gz,380.02,True,,SPY230120C00380000,SPY230120P00380000,2023-01-20,32.0,380.0,10.12,10.15,10.135,0.002960039467193008,8.81,8.83,8.82,0.002267573696145076,0.04987895373927688
2022-12-20,C:\Users\avazq\OneDrive\Escritorio\cienciadatos\portafolio\quant-research-notes\HMM_regime_options\data\raw\spy_historical_options_2022-12-20.json.gz,380.54,True,,SPY230120C00381000,SPY230120P00381000,2023-01-20,31.0,381.0,9.65,9.67,9.66,0.0020703933747411567,8.47,8.5,8.485,0.003535651149086548,0.047682241025910545
2022-12-21,C:\Users\avazq\OneDrive\Escritorio\cienciadatos\portafolio\quant-research-notes\HMM_regime_options\data\raw\spy_historical_options_2022-12-21.json.gz,386.23,True,,SPY230120C00386000,SPY230120P00386000,2023-01-20,30.0,386.0,9.4,9.43,9.415,0.0031864046733934533,7.7,7.73,7.715,0.0038885288399222616,0.04435181109701473
2022-12-22,C:\Users\avazq\OneDrive\Escritorio\cienciadatos\portafolio\quant-research-notes\HMM_regime_options\data\raw\spy_historical_options_2022-12-22.json.gz,380.72,True,,SPY230120C00381000,SPY230120P00381000,2023-01-20,29.0,381.0,9.47,9.49,9.48,0.0021097046413501657,8.43,8.46,8.445,0.0035523978685614134,0.047081844925404494
2022-12-23,C:\Users\avazq\OneDrive\Escritorio\cienciadatos\portafolio\quant-research-notes\HMM_regime_options\data\raw\spy_historical_options_2022-12-23.json.gz,382.91,True,,SPY230120C00383000,SPY230120P00383000,2023-01-20,28.0,383.0,9.02,9.05,9.035,0.003320420586607763,8.0,8.02,8.01,0.00249687890137323,0.04451437674649396
2022-12-27,C:\Users\avazq\OneDrive\Escritorio\cienciadatos\portafolio\quant-research-notes\HMM_regime_options\data\raw\spy_historical_options_2022-12-27.json.gz,381.4,True,,SPY230127C00381000,SPY230127P00381000,2023-01-27,31.0,381.0,10.31,10.34,10.325,0.0029055690072638607,8.34,8.37,8.355,0.003590664272890408,0.04897745149449397
2022-12-28,C:\Users\avazq\OneDrive\Escritorio\cienciadatos\portafolio\quant-research-notes\HMM_regime_options\data\raw\spy_historical_options_2022-12-28.json.gz,376.66,True,,SPY230127C00377000,SPY230127P00377000,2023-01-27,30.0,377.0,9.88,9.92,9.9,0.0040404040404039545,8.7,8.74,8.719999999999999,0.004587155963302859,0.049434503265544515
2022-12-29,C:\Users\avazq\OneDrive\Escritorio\cienciadatos\portafolio\quant-research-notes\HMM_regime_options\data\raw\spy_historical_options_2022-12-29.json.gz,383.44,True,,SPY230127C00383000,SPY230127P00383000,2023-01-27,29.0,383.0,9.69,9.73,9.71,0.004119464469619044,8.11,8.13,8.120000000000001,0.0024630541871922844,0.04650010431879825
2022-12-30,C:\Users\avazq\OneDrive\Escritorio\cienciadatos\portafolio\quant-research-notes\HMM_regime_options\data\raw\spy_historical_options_2022-12-30.json.gz,382.43,True,,SPY230127C00382500,SPY230127P00382500,2023-01-27,28.0,382.5,9.42,9.46,9.440000000000001,0.0042372881355933175,8.0,8.04,8.02,0.0049875311720697195,0.045655414062704285
2023-01-03,C:\Users\avazq\OneDrive\Escritorio\cienciadatos\portafolio\quant-research-notes\HMM_regime_options\data\raw\spy_historical_options_2023-01-03.json,380.82,True,,SPY230203C00381000,SPY230203P00381000,2023-02-03,31.0,381.0,10.26,10.3,10.280000000000001,0.003891050583657677,9.45,9.49,9.469999999999999,0.004223864836325335,0.0518617719657581
2023-01-04,C:\Users\avazq\OneDrive\Escritorio\cienciadatos\portafolio\quant-research-notes\HMM_regime_options\data\raw\spy_historical_options_2023-01-04.json,383.76,True,,SPY230203C00384000,SPY230203P00384000,2023-02-03,30.0,384.0,10.0,10.04,10.02,0.003992015968063787,8.76,8.79,8.774999999999999,0.0034188034188033464,0.048975922451532206
2023-01-05,C:\Users\avazq\OneDrive\Escritorio\cienciadatos\portafolio\quant-research-notes\HMM_regime_options\data\raw\spy_historical_options_2023-01-05.json,379.38,True,,SPY230203C00379000,SPY230203P00379000,2023-02-03,29.0,379.0,10.25,10.29,10.27,0.00389483933787723,8.56,8.59,8.575,0.003498542274052404,0.049673150930465496
2023-01-06,C:\Users\avazq\OneDrive\Escritorio\cienciadatos\portafolio\quant-research-notes\HMM_regime_options\data\raw\spy_historical_options_2023-01-06.json,388.08,True,,SPY230203C00388000,SPY230203P00388000,2023-02-03,28.0,388.0,9.3,9.33,9.315000000000001,0.003220611916264021,8.17,8.21,8.190000000000001,0.004884004884004996,0.04510667903525047
2023-01-09,C:\Users\avazq\OneDrive\Escritorio\cienciadatos\portafolio\quant-research-notes\HMM_regime_options\data\raw\spy_historical_options_2023-01-09.json,387.86,True,,SPY230210C00388000,SPY230210P00388000,2023-02-10,32.0,388.0,10.08,10.11,10.094999999999999,0.0029717682020801747,9.01,9.04,9.024999999999999,0.0033240997229916193,0.04929613778167379
2023-01-10,C:\Users\avazq\OneDrive\Escritorio\cienciadatos\portafolio\quant-research-notes\HMM_regime_options\data\raw\spy_historical_options_2023-01-10.json,390.58,True,,SPY230210C00391000,SPY230210P00391000,2023-02-10,31.0,391.0,9.45,9.48,9.465,0.003169572107765572,8.52,8.55,8.535,0.003514938488576583,0.04608530902759998
2023-01-11,C:\Users\avazq\OneDrive\Escritorio\cienciadatos\portafolio\quant-research-notes\HMM_regime_options\data\raw\spy_historical_options_2023-01-11.json,395.52,True,,SPY230210C00396000,SPY230210P00396000,2023-02-10,30.0,396.0,9.51,9.55,9.530000000000001,0.004197271773347421,8.72,8.75,8.735,0.0034344590726959772,0.046179712783171525
2023-01-12,C:\Users\avazq\OneDrive\Escritorio\cienciadatos\portafolio\quant-research-notes\HMM_regime_options\data\raw\spy_historical_options_2023-01-12.json,396.96,True,,SPY230210C00397000,SPY230210P00397000,2023-02-10,29.0,397.0,8.56,8.6,8.58,0.004662004662004562,7.3,7.33,7.3149999999999995,0.004101161995898872,0.04004181781539702
2023-01-13,C:\Users\avazq\OneDrive\Escritorio\cienciadatos\portafolio\quant-research-notes\HMM_regime_options\data\raw\spy_historical_options_2023-01-13.json,398.5,True,,SPY230210C00398000,SPY230210P00398000,2023-02-10,28.0,398.0,8.1,8.13,8.115,0.0036968576709798073,6.71,6.73,6.720000000000001,0.0029761904761905445,0.03722710163111669
2023-01-17,C:\Users\avazq\OneDrive\Escritorio\cienciadatos\portafolio\quant-research-notes\HMM_regime_options\data\raw\spy_historical_options_2023-01-17.json,397.77,True,,SPY230217C00398000,SPY230217P00398000,2023-02-17,31.0,398.0,8.99,9.02,9.004999999999999,0.0033314825097167534,7.7,7.73,7.715,0.0038885288399222616,0.04203434145360384
2023-01-18,C:\Users\avazq\OneDrive\Escritorio\cienciadatos\portafolio\quant-research-notes\HMM_regime_options\data\raw\spy_historical_options_2023-01-18.json,391.49,True,,SPY230217C00391000,SPY230217P00391000,2023-02-17,30.0,391.0,9.54,9.56,9.55,0.0020942408376964762,7.7,7.73,7.715,0.0038885288399222616,0.044100743314005465
2023-01-19,C:\Users\avazq\OneDrive\Escritorio\cienciadatos\portafolio\quant-research-notes\HMM_regime_options\data\raw\spy_historical_options_2023-01-19.json,388.64,True,,SPY230217C00389000,SPY230217P00389000,2023-02-17,29.0,389.0,9.01,9.04,9.024999999999999,0.0033240997229916193,7.87,7.89,7.88,0.0025380710659897937,0.04349783861671469
2023-01-20,C:\Users\avazq\OneDrive\Escritorio\cienciadatos\portafolio\quant-research-notes\HMM_regime_options\data\raw\spy_historical_options_2023-01-20.json,395.88,True,,SPY230217C00396000,SPY230217P00396000,2023-02-17,28.0,396.0,8.56,8.59,8.575,0.003498542274052404,7.64,7.66,7.65,0.0026143790849673804,0.040984641810649695
2023-01-23,C:\Users\avazq\OneDrive\Escritorio\cienciadatos\portafolio\quant-research-notes\HMM_regime_options\data\raw\spy_historical_options_2023-01-23.json,400.63,True,,SPY230224C00401000,SPY230224P00401000,2023-02-24,32.0,401.0,8.88,8.91,8.895,0.0033726812816188153,8.04,8.07,8.055,0.003724394785847441,0.04230836432618625
2023-01-24,C:\Users\avazq\OneDrive\Escritorio\cienciadatos\portafolio\quant-research-notes\HMM_regime_options\data\raw\spy_historical_options_2023-01-24.json,400.2,True,,SPY230224C00400000,SPY230224P00400000,2023-02-24,31.0,400.0,9.67,9.7,9.684999999999999,0.0030975735673721594,6.95,6.98,6.965,0.004307250538406353,0.041604197901049474
2023-01-25,C:\Users\avazq\OneDrive\Escritorio\cienciadatos\portafolio\quant-research-notes\HMM_regime_options\data\raw\spy_historical_options_2023-01-25.json,400.35,True,,SPY230224C00400000,SPY230224P00400000,2023-02-24,30.0,400.0,8.83,9.03,8.93,0.022396416573348184,7.23,7.38,7.305,0.020533880903490686,0.040552016985138
2023-01-26,C:\Users\avazq\OneDrive\Escritorio\cienciadatos\portafolio\quant-research-notes\HMM_regime_options\data\raw\spy_historical_options_2023-01-26.json,404.75,True,,SPY230224C00405000,SPY230224P00405000,2023-02-24,29.0,405.0,8.23,8.26,8.245000000000001,0.003638568829593615,7.42,7.45,7.4350000000000005,0.004034969737727,0.03873996294008648
2023-01-27,C:\Users\avazq\OneDrive\Escritorio\cienciadatos\portafolio\quant-research-notes\HMM_regime_options\data\raw\spy_historical_options_2023-01-27.json,405.68,True,,SPY230224C00406000,SPY230224P00406000,2023-02-24,28.0,406.0,8.02,8.06,8.04,0.004975124378109568,7.22,7.25,7.234999999999999,0.004146510020732585,0.037652829816604214
2023-01-30,C:\Users\avazq\OneDrive\Escritorio\cienciadatos\portafolio\quant-research-notes\HMM_regime_options\data\raw\spy_historical_options_2023-01-30.json,400.59,True,,SPY230303C00401000,SPY230303P00401000,2023-03-03,32.0,401.0,9.64,9.67,9.655000000000001,0.003107198342827484,7.83,7.85,7.84,0.002551020408163211,0.04367308220374948
2023-01-31,C:\Users\avazq\OneDrive\Escritorio\cienciadatos\portafolio\quant-research-notes\HMM_regime_options\data\raw\spy_historical_options_2023-01-31.json,406.48,True,,SPY230303C00406000,SPY230303P00406000,2023-03-03,31.0,406.0,9.24,9.27,9.254999999999999,0.003241491085899445,7.48,7.5,7.49,0.002670226969292333,0.041195138752214124
2023-02-01,C:\Users\avazq\OneDrive\Escritorio\cienciadatos\portafolio\quant-research-notes\HMM_regime_options\data\raw\spy_historical_options_2023-02-01.json.gz,410.8,True,,SPY230303C00411000,SPY230303P00411000,2023-03-03,30.0,411.0,8.73,8.78,8.754999999999999,0.005711022272986744,6.68,6.73,6.705,0.007457121551081389,0.03763388510223953
2023-02-02,C:\Users\avazq\OneDrive\Escritorio\cienciadatos\portafolio\quant-research-notes\HMM_regime_options\data\raw\spy_historical_options_2023-02-02.json.gz,416.78,True,,SPY230303C00417000,SPY230303P00417000,2023-03-03,29.0,417.0,7.35,7.48,7.415,0.017532029669588778,7.56,7.79,7.675,0.029967426710097778,0.03620615192667594
2023-02-03,C:\Users\avazq\OneDrive\Escritorio\cienciadatos\portafolio\quant-research-notes\HMM_regime_options\data\raw\spy_historical_options_2023-02-03.json.gz,412.35,True,,SPY230303C00412000,SPY230303P00412000,2023-03-03,28.0,412.0,8.32,8.35,8.335,0.0035992801439711287,6.77,6.8,6.785,0.0044215180545320925,0.03666787922881048
2023-02-06,C:\Users\avazq\OneDrive\Escritorio\cienciadatos\portafolio\quant-research-notes\HMM_regime_options\data\raw\spy_historical_options_2023-02-06.json.gz,409.83,True,,SPY230310C00410000,SPY230310P00410000,2023-03-10,32.0,410.0,9.33,9.35,9.34,0.002141327623126293,7.83,7.86,7.845000000000001,0.0038240917782027084,0.041932020593904794
2023-02-07,C:\Users\avazq\OneDrive\Escritorio\cienciadatos\portafolio\quant-research-notes\HMM_regime_options\data\raw\spy_historical_options_2023-02-07.json.gz,415.19,True,,SPY230310C00415000,SPY230310P00415000,2023-03-10,31.0,415.0,8.65,8.69,8.67,0.004613610149942231,7.63,7.66,7.645,0.003924133420536331,0.03929526240998097
2023-02-08,C:\Users\avazq\OneDrive\Escritorio\cienciadatos\portafolio\quant-research-notes\HMM_regime_options\data\raw\spy_historical_options_2023-02-08.json.gz,410.65,True,,SPY230310C00411000,SPY230310P00411000,2023-03-10,30.0,411.0,9.06,9.09,9.075,0.003305785123966872,7.75,7.78,7.765000000000001,0.003863490019317482,0.04100815779861196
2023-02-09,C:\Users\avazq\OneDrive\Escritorio\cienciadatos\portafolio\quant-research-notes\HMM_regime_options\data\raw\spy_historical_options_2023-02-09.json.gz,407.09,True,,SPY230310C00407000,SPY230310P00407000,2023-03-10,29.0,407.0,9.65,9.68,9.665,0.0031039834454215584,7.88,7.91,7.895,0.0037998733375554463,0.04313542459898303
2023-02-10,C:\Users\avazq\OneDrive\Escritorio\cienciadatos\portafolio\quant-research-notes\HMM_regime_options\data\raw\spy_historical_options_2023-02-10.json.gz,408.04,True,,SPY230310C00408000,SPY230310P00408000,2023-03-10,28.0,408.0,9.15,9.18,9.165,0.003273322422258523,7.93,7.95,7.9399999999999995,0.002518891687657489,0.041919909812763445
2023-02-13,C:\Users\avazq\OneDrive\Escritorio\cienciadatos\portafolio\quant-research-notes\HMM_regime_options\data\raw\spy_historical_options_2023-02-13.json.gz,412.83,True,,SPY230317C00413000,SPY230317P00413000,2023-03-17,32.0,413.0,9.79,9.82,9.805,0.0030596634370220438,8.99,9.01,9.0,0.002222222222222175,0.045551437637768574
2023-02-14,C:\Users\avazq\OneDrive\Escritorio\cienciadatos\portafolio\quant-research-notes\HMM_regime_options\data\raw\spy_historical_options_2023-02-14.json.gz,412.64,True,,SPY230317C00413000,SPY230317P00413000,2023-03-17,31.0,413.0,8.42,8.46,8.440000000000001,0.004739336492891104,8.56,8.59,8.575,0.003498542274052404,0.04123449011244669
2023-02-15,C:\Users\avazq\OneDrive\Escritorio\cienciadatos\portafolio\quant-research-notes\HMM_regime_options\data\raw\spy_historical_options_2023-02-15.json.gz,413.98,True,,SPY230317C00414000,SPY230317P00414000,2023-03-17,30.0,414.0,8.57,8.6,8.585,0.0034944670937681254,7.7,7.71,7.705,0.0012978585334198296,0.03934972703995362
2023-02-16,C:\Users\avazq\OneDrive\Escritorio\cienciadatos\portafolio\quant-research-notes\HMM_regime_options\data\raw\spy_historical_options_2023-02-16.json.gz,408.28,True,,SPY230317C00408000,SPY230317P00408000,2023-03-17,29.0,408.0,8.92,8.96,8.940000000000001,0.004474272930648872,8.16,8.19,8.175,0.003669724770642123,0.04191976094836877
2023-02-17,C:\Users\avazq\OneDrive\Escritorio\cienciadatos\portafolio\quant-research-notes\HMM_regime_options\data\raw\spy_historical_options_2023-02-17.json.gz,407.26,True,,SPY230317C00407000,SPY230317P00407000,2023-03-17,28.0,407.0,8.67,8.7,8.684999999999999,0.003454231433505972,7.93,7.96,7.945,0.0037759597230963182,0.040833865344006286
2023-02-21,C:\Users\avazq\OneDrive\Escritorio\cienciadatos\portafolio\quant-research-notes\HMM_regime_options\data\raw\spy_historical_options_2023-02-21.json.gz,399.09,True,,SPY230324C00399000,SPY230324P00399000,2023-03-24,31.0,399.0,10.16,10.19,10.175,0.0029484029484028854,9.46,9.49,9.475000000000001,0.003166226912928692,0.04923701420732166
2023-02-22,C:\Users\avazq\OneDrive\Escritorio\cienciadatos\portafolio\quant-research-notes\HMM_regime_options\data\raw\spy_historical_options_2023-02-22.json.gz,398.54,True,,SPY230324C00399000,SPY230324P00399000,2023-03-24,30.0,399.0,9.38,9.42,9.4,0.004255319148936079,9.37,9.4,9.385,0.0031965903036762,0.047134541074923465
2023-02-23,C:\Users\avazq\OneDrive\Escritorio\cienciadatos\portafolio\quant-research-notes\HMM_regime_options\data\raw\spy_historical_options_2023-02-23.json.gz,400.66,True,,SPY230324C00401000,SPY230324P00401000,2023-03-24,29.0,401.0,8.56,8.59,8.575,0.003498542274052404,9.01,9.04,9.024999999999999,0.0033240997229916193,0.04392751959267208
2023-02-24,C:\Users\avazq\OneDrive\Escritorio\cienciadatos\portafolio\quant-research-notes\HMM_regime_options\data\raw\spy_historical_options_2023-02-24.json.gz,396.38,True,,SPY230324C00396000,SPY230324P00396000,2023-03-24,28.0,396.0,9.02,9.06,9.04,0.004424778761062049,8.86,8.89,8.875,0.003380281690140973,0.045196528583682324
2023-02-27,C:\Users\avazq\OneDrive\Escritorio\cienciadatos\portafolio\quant-research-notes\HMM_regime_options\data\raw\spy_historical_options_2023-02-27.json.gz,397.73,True,,SPY230331C00398000,SPY230331P00398000,2023-03-31,32.0,398.0,9.08,9.11,9.094999999999999,0.003298515667949353,9.08,9.1,9.09,0.0022002200220021533,0.04572197219219068
2023-02-28,C:\Users\avazq\OneDrive\Escritorio\cienciadatos\portafolio\quant-research-notes\HMM_regime_options\data\raw\spy_historical_options_2023-02-28.json.gz,396.26,True,,SPY230331C00396000,SPY230331P00396000,2023-03-31,31.0,396.0,8.8,8.88,8.84,0.009049773755656116,8.81,8.88,8.845,0.007914075749010771,0.04462978852268713
2023-03-01,C:\Users\avazq\OneDrive\Escritorio\cienciadatos\portafolio\quant-research-notes\HMM_regime_options\data\raw\spy_historical_options_2023-03-01.json.gz,394.74,True,,SPY230331C00395000,SPY230331P00395000,2023-03-31,30.0,395.0,8.65,8.68,8.665,0.0034622042700518598,8.96,8.99,8.975000000000001,0.0033426183844010426,0.04468764249886001
2023-03-02,C:\Users\avazq\OneDrive\Escritorio\cienciadatos\portafolio\quant-research-notes\HMM_regime_options\data\raw\spy_historical_options_2023-03-02.json.gz,397.81,True,,SPY230331C00398000,SPY230331P00398000,2023-03-31,29.0,398.0,8.16,8.19,8.175,0.003669724770642123,8.55,8.58,8.565000000000001,0.0035026269702275958,0.04208039013599457
2023-03-03,C:\Users\avazq\OneDrive\Escritorio\cienciadatos\portafolio\quant-research-notes\HMM_regime_options\data\raw\spy_historical_options_2023-03-03.json.gz,404.19,True,,SPY230331C00404000,SPY230331P00404000,2023-03-31,28.0,404.0,7.83,7.87,7.85,0.00509554140127389,7.7,7.73,7.715,0.0038885288399222616,0.03850911699943096
2023-03-06,C:\Users\avazq\OneDrive\Escritorio\cienciadatos\portafolio\quant-research-notes\HMM_regime_options\data\raw\spy_historical_options_2023-03-06.json.gz,404.47,True,,SPY230406C00404000,SPY230406P00404000,2023-04-06,31.0,404.0,8.38,8.43,8.405000000000001,0.005948839976204512,7.84,7.88,7.859999999999999,0.005089058524173033,0.04021311840185922
2023-03-07,C:\Users\avazq\OneDrive\Escritorio\cienciadatos\portafolio\quant-research-notes\HMM_regime_options\data\raw\spy_historical_options_2023-03-07.json.gz,398.27,True,,SPY230406C00398000,SPY230406P00398000,2023-04-06,30.0,398.0,8.56,8.6,8.58,0.004662004662004562,8.21,8.25,8.23,0.004860267314702205,0.0422075476435584
2023-03-08,C:\Users\avazq\OneDrive\Escritorio\cienciadatos\portafolio\quant-research-notes\HMM_regime_options\data\raw\spy_historical_options_2023-03-08.json.gz,398.92,True,,SPY230406C00399000,SPY230406P00399000,2023-04-06,29.0,399.0,7.92,7.97,7.945,0.006293266205160456,8.09,8.13,8.11,0.004932182490752272,0.040246164644540255
2023-03-09,C:\Users\avazq\OneDrive\Escritorio\cienciadatos\portafolio\quant-research-notes\HMM_regime_options\data\raw\spy_historical_options_2023-03-09.json.gz,391.56,True,,SPY230406C00392000,SPY230406P00392000,2023-04-06,28.0,392.0,8.54,8.6,8.57,0.007001166861143581,9.47,9.53,9.5,0.006315789473684076,0.04614873837981408
2023-03-10,C:\Users\avazq\OneDrive\Escritorio\cienciadatos\portafolio\quant-research-notes\HMM_regime_options\data\raw\spy_historical_options_2023-03-10.json.gz,385.91,True,,SPY230406C00386000,SPY230406P00386000,2023-04-06,27.0,386.0,9.14,9.21,9.175,0.007629427792915562,9.48,9.55,9.515,0.007356805044666345,0.048430981316887355
2023-03-13,C:\Users\avazq\OneDrive\Escritorio\cienciadatos\portafolio\quant-research-notes\HMM_regime_options\data\raw\spy_historical_options_2023-03-13.json.gz,385.36,True,,SPY230414C00385000,SPY230414P00385000,2023-04-14,32.0,385.0,11.37,11.44,11.405,0.006137658921525672,10.44,10.49,10.465,0.004777830864787455,0.05675212788042349
2023-03-14,C:\Users\avazq\OneDrive\Escritorio\cienciadatos\portafolio\quant-research-notes\HMM_regime_options\data\raw\spy_historical_options_2023-03-14.json.gz,391.73,True,,SPY230414C00392000,SPY230414P00392000,2023-04-14,31.0,392.0,9.22,9.28,9.25,0.006486486486486348,9.77,9.81,9.79,0.004085801838610922,0.04860490644066066
2023-03-15,C:\Users\avazq\OneDrive\Escritorio\cienciadatos\portafolio\quant-research-notes\HMM_regime_options\data\raw\spy_historical_options_2023-03-15.json.gz,389.28,True,,SPY230414C00389000,SPY230414P00389000,2023-04-14,30.0,389.0,10.03,10.1,10.065,0.00695479384003977,9.98,10.05,10.015,0.006989515726410413,0.05158240854911632
2023-03-16,C:\Users\avazq\OneDrive\Escritorio\cienciadatos\portafolio\quant-research-notes\HMM_regime_options\data\raw\spy_historical_options_2023-03-16.json.gz,396.11,True,,SPY230414C00396000,SPY230414P00396000,2023-04-14,29.0,396.0,8.79,8.82,8.805,0.003407155025553792,8.97,9.01,8.99,0.004449388209121151,0.044924389689732655
2023-03-17,C:\Users\avazq\OneDrive\Escritorio\cienciadatos\portafolio\quant-research-notes\HMM_regime_options\data\raw\spy_historical_options_2023-03-17.json.gz,389.99,True,,SPY230414C00390000,SPY230414P00390000,2023-04-14,28.0,390.0,10.81,10.85,10.83,0.0036934441366573544,8.94,8.98,8.96,0.004464285714285817,0.05074489089463832
2023-03-20,C:\Users\avazq\OneDrive\Escritorio\cienciadatos\portafolio\quant-research-notes\HMM_regime_options\data\raw\spy_historical_options_2023-03-20.json.gz,393.74,True,,SPY230421C00394000,SPY230421P00394000,2023-04-21,32.0,394.0,10.62,10.64,10.629999999999999,0.0018814675446849813,9.3,9.32,9.31,0.0021482277121374405,0.05064255600142225
2023-03-21,C:\Users\avazq\OneDrive\Escritorio\cienciadatos\portafolio\quant-research-notes\HMM_regime_options\data\raw\spy_historical_options_2023-03-21.json.gz,398.91,True,,SPY230421C00399000,SPY230421P00399000,2023-04-21,31.0,399.0,9.75,9.77,9.76,0.0020491803278688088,8.21,8.23,8.22,0.0024330900243308483,0.04507282344388459
2023-03-22,C:\Users\avazq\OneDrive\Escritorio\cienciadatos\portafolio\quant-research-notes\HMM_regime_options\data\raw\spy_historical_options_2023-03-22.json.gz,392.11,True,,SPY230421C00392000,SPY230421P00392000,2023-04-21,30.0,392.0,10.02,10.05,10.035,0.0029895366218237306,8.5,8.53,8.515,0.003523194362888944,0.047308153324322255
2023-03-23,C:\Users\avazq\OneDrive\Escritorio\cienciadatos\portafolio\quant-research-notes\HMM_regime_options\data\raw\spy_historical_options_2023-03-23.json.gz,393.17,True,,SPY230421C00393000,SPY230421P00393000,2023-04-21,29.0,393.0,9.97,10.0,9.985,0.0030045067601401462,8.51,8.54,8.524999999999999,0.003519061583577638,0.04707887173487295
2023-03-24,C:\Users\avazq\OneDrive\Escritorio\cienciadatos\portafolio\quant-research-notes\HMM_regime_options\data\raw\spy_historical_options_2023-03-24.json.gz,395.75,True,,SPY230421C00396000,SPY230421P00396000,2023-04-21,28.0,396.0,9.22,9.24,9.23,0.0021668472372697264,8.14,8.17,8.155000000000001,0.003678724708767548,0.043929248262792174
2023-03-27,C:\Users\avazq\OneDrive\Escritorio\cienciadatos\portafolio\quant-research-notes\HMM_regime_options\data\raw\spy_historical_options_2023-03-27.json.gz,396.49,True,,SPY230428C00396000,SPY230428P00396000,2023-04-28,32.0,396.0,10.15,10.18,10.165,0.0029513034923757367,7.83,7.85,7.84,0.002551020408163211,0.04541098136144669
2023-03-28,C:\Users\avazq\OneDrive\Escritorio\cienciadatos\portafolio\quant-research-notes\HMM_regime_options\data\raw\spy_historical_options_2023-03-28.json.gz,395.6,True,,SPY230428C00396000,SPY230428P00396000,2023-04-28,31.0,396.0,9.39,9.41,9.4,0.0021276595744680396,7.71,7.73,7.720000000000001,0.002590673575129593,0.04327603640040445
2023-03-29,C:\Users\avazq\OneDrive\Escritorio\cienciadatos\portafolio\quant-research-notes\HMM_regime_options\data\raw\spy_historical_options_2023-03-29.json.gz,401.35,True,,SPY230428C00401000,SPY230428P00401000,2023-04-28,30.0,401.0,9.05,9.08,9.065000000000001,0.0033094318808603814,7.21,7.23,7.220000000000001,0.0027700831024931385,0.040575557493459584
2023-03-30,C:\Users\avazq\OneDrive\Escritorio\cienciadatos\portafolio\quant-research-notes\HMM_regime_options\data\raw\spy_historical_options_2023-03-30.json.gz,403.7,True,,SPY230428C00404000,SPY230428P00404000,2023-04-28,29.0,404.0,8.3,8.32,8.31,0.00240673886883268,7.17,7.18,7.175,0.001393728222996486,0.03835769135496656
2023-03-31,C:\Users\avazq\OneDrive\Escritorio\cienciadatos\portafolio\quant-research-notes\HMM_regime_options\data\raw\spy_historical_options_2023-03-31.json.gz,409.39,True,,SPY230428C00409000,SPY230428P00409000,2023-04-28,28.0,409.0,8.49,8.51,8.5,0.002352941176470538,6.64,6.66,6.65,0.0030075187969925503,0.037006277632575295
2023-04-03,C:\Users\avazq\OneDrive\Escritorio\cienciadatos\portafolio\quant-research-notes\HMM_regime_options\data\raw\spy_historical_options_2023-04-03.json.gz,410.95,True,,SPY230505C00411000,SPY230505P00411000,2023-05-05,32.0,411.0,9.13,9.16,9.145,0.0032804811372333913,7.45,7.48,7.465,0.004018754186202311,0.040418542401752036
2023-04-04,C:\Users\avazq\OneDrive\Escritorio\cienciadatos\portafolio\quant-research-notes\HMM_regime_options\data\raw\spy_historical_options_2023-04-04.json.gz,408.67,True,,SPY230505C00409000,SPY230505P00409000,2023-05-05,31.0,409.0,8.97,9.0,8.985,0.003338898163605939,7.52,7.55,7.535,0.003981420039814233,0.04042381383512369
2023-04-05,C:\Users\avazq\OneDrive\Escritorio\cienciadatos\portafolio\quant-research-notes\HMM_regime_options\data\raw\spy_historical_options_2023-04-05.json.gz,407.6,True,,SPY230505C00407500,SPY230505P00407500,2023-05-05,30.0,407.5,8.97,9.0,8.985,0.003338898163605939,7.39,7.41,7.4,0.002702702702702765,0.04019872423945044
2023-04-06,C:\Users\avazq\OneDrive\Escritorio\cienciadatos\portafolio\quant-research-notes\HMM_regime_options\data\raw\spy_historical_options_2023-04-06.json.gz,409.19,True,,SPY230505C00409000,SPY230505P00409000,2023-05-05,29.0,409.0,8.56,8.58,8.57,0.0023337222870477917,7.02,7.04,7.029999999999999,0.002844950213371332,0.03812409882939466
2023-04-10,C:\Users\avazq\OneDrive\Escritorio\cienciadatos\portafolio\quant-research-notes\HMM_regime_options\data\raw\spy_historical_options_2023-04-10.json.gz,409.61,True,,SPY230512C00410000,SPY230512P00410000,2023-05-12,32.0,410.0,9.24,9.26,9.25,0.0021621621621621162,7.55,7.57,7.5600000000000005,0.0026455026455027065,0.041039037132882504
2023-04-11,C:\Users\avazq\OneDrive\Escritorio\cienciadatos\portafolio\quant-research-notes\HMM_regime_options\data\raw\spy_historical_options_2023-04-11.json.gz,409.72,True,,SPY230512C00410000,SPY230512P00410000,2023-05-12,31.0,410.0,9.1,9.13,9.115,0.0032912781130006734,7.44,7.47,7.455,0.004024144869215206,0.040442253246119296
2023-04-12,C:\Users\avazq\OneDrive\Escritorio\cienciadatos\portafolio\quant-research-notes\HMM_regime_options\data\raw\spy_historical_options_2023-04-12.json.gz,408.05,True,,SPY230512C00408000,SPY230512P00408000,2023-05-12,30.0,408.0,8.84,8.89,8.865,0.005640157924421964,7.29,7.32,7.305,0.004106776180698186,0.039627496630314916
2023-04-13,C:\Users\avazq\OneDrive\Escritorio\cienciadatos\portafolio\quant-research-notes\HMM_regime_options\data\raw\spy_historical_options_2023-04-13.json.gz,413.47,True,,SPY230512C00413000,SPY230512P00413000,2023-05-12,29.0,413.0,8.44,8.47,8.455,0.00354819633353059,6.52,6.55,6.535,0.004590665646518783,0.03625414177570319
2023-04-14,C:\Users\avazq\OneDrive\Escritorio\cienciadatos\portafolio\quant-research-notes\HMM_regime_options\data\raw\spy_historical_options_2023-04-14.json.gz,412.46,True,,SPY230512C00412500,SPY230512P00412500,2023-05-12,28.0,412.5,7.78,7.8,7.79,0.0025673940949935267,6.18,6.2,6.1899999999999995,0.003231017770597813,0.03389419580080493
2023-04-17,C:\Users\avazq\OneDrive\Escritorio\cienciadatos\portafolio\quant-research-notes\HMM_regime_options\data\raw\spy_historical_options_2023-04-17.json.gz,413.94,True,,SPY230519C00414000,SPY230519P00414000,2023-05-19,32.0,414.0,8.26,8.28,8.27,0.0024183796856105896,6.44,6.45,6.445,0.00155159038013961,0.03554863023626612
2023-04-18,C:\Users\avazq\OneDrive\Escritorio\cienciadatos\portafolio\quant-research-notes\HMM_regime_options\data\raw\spy_historical_options_2023-04-18.json.gz,414.21,True,,SPY230519C00414000,SPY230519P00414000,2023-05-19,31.0,414.0,7.98,8.0,7.99,0.0025031289111388704,6.27,6.3,6.285,0.004773269689737509,0.03446319499770648
2023-04-19,C:\Users\avazq\OneDrive\Escritorio\cienciadatos\portafolio\quant-research-notes\HMM_regime_options\data\raw\spy_historical_options_2023-04-19.json.gz,414.14,True,,SPY230519C00414000,SPY230519P00414000,2023-05-19,30.0,414.0,7.75,7.78,7.765000000000001,0.003863490019317482,6.13,6.15,6.140000000000001,0.0032573289902280878,0.033575602453276676
2023-04-20,C:\Users\avazq\OneDrive\Escritorio\cienciadatos\portafolio\quant-research-notes\HMM_regime_options\data\raw\spy_historical_options_2023-04-20.json.gz,411.88,True,,SPY230519C00412000,SPY230519P00412000,2023-05-19,29.0,412.0,7.92,7.94,7.93,0.002522068095838646,6.2,6.22,6.21,0.0032206119162640216,0.034330387491502384
2023-04-21,C:\Users\avazq\OneDrive\Escritorio\cienciadatos\portafolio\quant-research-notes\HMM_regime_options\data\raw\spy_historical_options_2023-04-21.json.gz,412.2,True,,SPY230519C00412000,SPY230519P00412000,2023-05-19,28.0,412.0,7.56,7.58,7.57,0.002642007926023839,5.97,5.99,5.98,0.0033444816053512477,0.03287239204269772
2023-04-24,C:\Users\avazq\OneDrive\Escritorio\cienciadatos\portafolio\quant-research-notes\HMM_regime_options\data\raw\spy_historical_options_2023-04-24.json.gz,412.63,True,,SPY230526C00412500,SPY230526P00412500,2023-05-26,32.0,412.5,8.26,8.28,8.27,0.0024183796856105896,6.33,6.35,6.34,0.0031545741324920462,0.03540702324116036
2023-04-25,C:\Users\avazq\OneDrive\Escritorio\cienciadatos\portafolio\quant-research-notes\HMM_regime_options\data\raw\spy_historical_options_2023-04-25.json.gz,406.08,True,,SPY230526C00406000,SPY230526P00406000,2023-05-26,31.0,406.0,9.76,9.8,9.780000000000001,0.0040899795501023435,6.77,6.8,6.785,0.0044215180545320925,0.040792454688731286
2023-04-26,C:\Users\avazq\OneDrive\Escritorio\cienciadatos\portafolio\quant-research-notes\HMM_regime_options\data\raw\spy_historical_options_2023-04-26.json.gz,404.36,True,,SPY230526C00404000,SPY230526P00404000,2023-05-26,30.0,404.0,9.17,9.24,9.205,0.007604562737642617,6.99,7.06,7.025,0.009964412811387813,0.04013750123652191
2023-04-27,C:\Users\avazq\OneDrive\Escritorio\cienciadatos\portafolio\quant-research-notes\HMM_regime_options\data\raw\spy_historical_options_2023-04-27.json.gz,412.41,True,,SPY230526C00412500,SPY230526P00412500,2023-05-26,29.0,412.5,8.1,8.13,8.115,0.0036968576709798073,5.86,5.89,5.875,0.005106382978723296,0.03392255279939865
2023-04-28,C:\Users\avazq\OneDrive\Escritorio\cienciadatos\portafolio\quant-research-notes\HMM_regime_options\data\raw\spy_historical_options_2023-04-28.json.gz,415.93,True,,SPY230526C00416000,SPY230526P00416000,2023-05-26,28.0,416.0,7.05,7.07,7.0600000000000005,0.002832861189801765,5.47,5.49,5.48,0.0036496350364964344,0.030149303969417934
2023-05-01,C:\Users\avazq\OneDrive\Escritorio\cienciadatos\portafolio\quant-research-notes\HMM_regime_options\data\raw\spy_historical_options_2023-05-01.json.gz,415.51,True,,SPY230602C00416000,SPY230602P00416000,2023-06-02,32.0,416.0,7.51,7.54,7.525,0.003986710963455182,6.12,6.14,6.13,0.0032626427406198324,0.032863228321821376
2023-05-02,C:\Users\avazq\OneDrive\Escritorio\cienciadatos\portafolio\quant-research-notes\HMM_regime_options\data\raw\spy_historical_options_2023-05-02.json.gz,410.84,True,,SPY230602C00411000,SPY230602P00411000,2023-06-02,31.0,411.0,8.32,8.35,8.335,0.0035992801439711287,6.64,6.67,6.654999999999999,0.0045078888054095045,0.03648622334728849
2023-05-03,C:\Users\avazq\OneDrive\Escritorio\cienciadatos\portafolio\quant-research-notes\HMM_regime_options\data\raw\spy_historical_options_2023-05-03.json.gz,408.02,True,,SPY230602C00408000,SPY230602P00408000,2023-06-02,30.0,408.0,8.92,8.97,8.945,0.005589714924538928,6.59,6.63,6.609999999999999,0.006051437216338887,0.03812313121905789
2023-05-04,C:\Users\avazq\OneDrive\Escritorio\cienciadatos\portafolio\quant-research-notes\HMM_regime_options\data\raw\spy_historical_options_2023-05-04.json.gz,405.13,True,,SPY230602C00405000,SPY230602P00405000,2023-06-02,29.0,405.0,8.81,8.84,8.825,0.0033994334277619677,7.52,7.54,7.529999999999999,0.0026560424966800083,0.04036975785550317
2023-05-05,C:\Users\avazq\OneDrive\Escritorio\cienciadatos\portafolio\quant-research-notes\HMM_regime_options\data\raw\spy_historical_options_2023-05-05.json.gz,412.63,True,,SPY230602C00412500,SPY230602P00412500,2023-06-02,28.0,412.5,7.37,7.39,7.38,0.002710027100270945,6.11,6.13,6.12,0.0032679738562090806,0.032716961927150234
2023-05-08,C:\Users\avazq\OneDrive\Escritorio\cienciadatos\portafolio\quant-research-notes\HMM_regime_options\data\raw\spy_historical_options_2023-05-08.json.gz,412.74,True,,SPY230609C00412500,SPY230609P00412500,2023-06-09,32.0,412.5,8.35,8.37,8.36,0.0023923444976076047,6.33,6.35,6.34,0.0031545741324920462,0.03561564180840238
2023-05-09,C:\Users\avazq\OneDrive\Escritorio\cienciadatos\portafolio\quant-research-notes\HMM_regime_options\data\raw\spy_historical_options_2023-05-09.json.gz,410.93,True,,SPY230609C00411000,SPY230609P00411000,2023-06-09,31.0,411.0,8.53,8.55,8.54,0.0023419203747074182,6.52,6.54,6.529999999999999,0.0030627871362940984,0.03667291266152386
2023-05-10,C:\Users\avazq\OneDrive\Escritorio\cienciadatos\portafolio\quant-research-notes\HMM_regime_options\data\raw\spy_historical_options_2023-05-10.json.gz,412.85,True,,SPY230609C00413000,SPY230609P00413000,2023-06-09,30.0,413.0,7.82,7.85,7.835,0.003828972559029912,5.99,6.01,6.0,0.0033333333333332624,0.03351096039723871
2023-05-11,C:\Users\avazq\OneDrive\Escritorio\cienciadatos\portafolio\quant-research-notes\HMM_regime_options\data\raw\spy_historical_options_2023-05-11.json.gz,412.13,True,,SPY230609C00412000,SPY230609P00412000,2023-06-09,29.0,412.0,7.56,7.58,7.57,0.002642007926023839,5.86,5.87,5.865,0.001705029838022129,0.03259893722854439
2023-05-12,C:\Users\avazq\OneDrive\Escritorio\cienciadatos\portafolio\quant-research-notes\HMM_regime_options\data\raw\spy_historical_options_2023-05-12.json.gz,411.59,True,,SPY230609C00412000,SPY230609P00412000,2023-06-09,28.0,412.0,6.77,6.78,6.775,0.001476014760147701,6.01,6.04,6.025,0.004979253112033236,0.031098909108578928
2023-05-15,C:\Users\avazq\OneDrive\Escritorio\cienciadatos\portafolio\quant-research-notes\HMM_regime_options\data\raw\spy_historical_options_2023-05-15.json.gz,413.01,True,,SPY230616C00413000,SPY230616P00413000,2023-06-16,32.0,413.0,7.85,7.87,7.859999999999999,0.0025445292620865727,6.7,6.71,6.705,0.0014914243102162248,0.0352654899397109
2023-05-16,C:\Users\avazq\OneDrive\Escritorio\cienciadatos\portafolio\quant-research-notes\HMM_regime_options\data\raw\spy_historical_options_2023-05-16.json.gz,410.25,True,,SPY230616C00410000,SPY230616P00410000,2023-06-16,31.0,410.0,8.39,8.42,8.405000000000001,0.0035693039857227077,6.9,6.92,6.91,0.00289435600578865,0.0373308957952468
2023-05-17,C:\Users\avazq\OneDrive\Escritorio\cienciadatos\portafolio\quant-research-notes\HMM_regime_options\data\raw\spy_historical_options_2023-05-17.json.gz,415.23,True,,SPY230616C00415000,SPY230616P00415000,2023-06-16,30.0,415.0,7.46,7.49,7.475,0.004013377926421438,6.39,6.41,6.4,0.003125000000000072,0.03341521566360812
2023-05-18,C:\Users\avazq\OneDrive\Escritorio\cienciadatos\portafolio\quant-research-notes\HMM_regime_options\data\raw\spy_historical_options_2023-05-18.json.gz,419.23,True,,SPY230616C00419000,SPY230616P00419000,2023-06-16,29.0,419.0,7.08,7.11,7.095000000000001,0.0042283298097251934,5.94,5.96,5.95,0.0033613445378150543,0.031116570856093317
2023-05-19,C:\Users\avazq\OneDrive\Escritorio\cienciadatos\portafolio\quant-research-notes\HMM_regime_options\data\raw\spy_historical_options_2023-05-19.json.gz,418.62,True,,SPY230616C00419000,SPY230616P00419000,2023-06-16,28.0,419.0,6.75,6.77,6.76,0.0029585798816567418,6.41,6.43,6.42,0.0031152647975077217,0.03148440112751421
2023-05-22,C:\Users\avazq\OneDrive\Escritorio\cienciadatos\portafolio\quant-research-notes\HMM_regime_options\data\raw\spy_historical_options_2023-05-22.json.gz,418.79,True,,SPY230623C00419000,SPY230623P00419000,2023-06-23,32.0,419.0,7.29,7.32,7.305,0.004106776180698186,6.66,6.69,6.675000000000001,0.004494382022471947,0.03338188590940567
2023-05-23,C:\Users\avazq\OneDrive\Escritorio\cienciadatos\portafolio\quant-research-notes\HMM_regime_options\data\raw\spy_historical_options_2023-05-23.json.gz,414.09,True,,SPY230623C00414000,SPY230623P00414000,2023-06-23,31.0,414.0,7.82,7.86,7.84,0.005102040816326535,7.13,7.16,7.145,0.004198740377886669,0.03618778526407303
2023-05-24,C:\Users\avazq\OneDrive\Escritorio\cienciadatos\portafolio\quant-research-notes\HMM_regime_options\data\raw\spy_historical_options_2023-05-24.json.gz,411.09,True,,SPY230623C00411000,SPY230623P00411000,2023-06-23,30.0,411.0,8.34,8.38,8.36,0.004784688995215422,7.54,7.57,7.555,0.003970880211780311,0.03871415018609064
2023-05-25,C:\Users\avazq\OneDrive\Escritorio\cienciadatos\portafolio\quant-research-notes\HMM_regime_options\data\raw\spy_historical_options_2023-05-25.json.gz,414.65,True,,SPY230623C00415000,SPY230623P00415000,2023-06-23,29.0,415.0,7.23,7.26,7.245,0.0041407867494823135,7.28,7.31,7.295,0.0041124057573679726,0.03506571807548535
2023-05-26,C:\Users\avazq\OneDrive\Escritorio\cienciadatos\portafolio\quant-research-notes\HMM_regime_options\data\raw\spy_historical_options_2023-05-26.json.gz,420.02,True,,SPY230623C00420000,SPY230623P00420000,2023-06-23,28.0,420.0,6.89,6.93,6.91,0.005788712011577429,6.44,6.47,6.455,0.004647560030983634,0.03181991333746012
2023-05-30,C:\Users\avazq\OneDrive\Escritorio\cienciadatos\portafolio\quant-research-notes\HMM_regime_options\data\raw\spy_historical_options_2023-05-30.json.gz,420.18,True,,SPY230630C00420000,SPY230630P00420000,2023-06-30,31.0,420.0,7.29,7.32,7.305,0.004106776180698186,6.6,6.62,6.609999999999999,0.0030257186081695106,0.03311675948403065
2023-05-31,C:\Users\avazq\OneDrive\Escritorio\cienciadatos\portafolio\quant-research-notes\HMM_regime_options\data\raw\spy_historical_options_2023-05-31.json.gz,417.85,True,,SPY230630C00418000,SPY230630P00418000,2023-06-30,30.0,418.0,6.75,6.78,6.765000000000001,0.004434589800443495,6.75,6.78,6.765000000000001,0.004434589800443495,0.03238004068445614
2023-06-01,C:\Users\avazq\OneDrive\Escritorio\cienciadatos\portafolio\quant-research-notes\HMM_regime_options\data\raw\spy_historical_options_2023-06-01.json.gz,421.82,True,,SPY230630C00422000,SPY230630P00422000,2023-06-30,29.0,422.0,6.0,6.02,6.01,0.003327787021630545,5.91,5.93,5.92,0.0033783783783783066,0.02828220568014793
2023-06-02,C:\Users\avazq\OneDrive\Escritorio\cienciadatos\portafolio\quant-research-notes\HMM_regime_options\data\raw\spy_historical_options_2023-06-02.json.gz,427.92,True,,SPY230630C00428000,SPY230630P00428000,2023-06-30,28.0,428.0,5.57,5.59,5.58,0.0035842293906809273,5.6,5.62,5.609999999999999,0.003565062388591883,0.02614974761637689
2023-06-05,C:\Users\avazq\OneDrive\Escritorio\cienciadatos\portafolio\quant-research-notes\HMM_regime_options\data\raw\spy_historical_options_2023-06-05.json.gz,427.1,True,,SPY230707C00427000,SPY230707P00427000,2023-07-07,32.0,427.0,6.28,6.32,6.300000000000001,0.006349206349206354,5.91,5.94,5.925000000000001,0.005063291139240548,0.028623273238117537
2023-06-06,C:\Users\avazq\OneDrive\Escritorio\cienciadatos\portafolio\quant-research-notes\HMM_regime_options\data\raw\spy_historical_options_2023-06-06.json.gz,428.03,True,,SPY230707C00428000,SPY230707P00428000,2023-07-07,31.0,428.0,5.91,5.95,5.93,0.006745362563237781,5.42,5.45,5.4350000000000005,0.005519779208831692,0.02655187720486882
2023-06-07,C:\Users\avazq\OneDrive\Escritorio\cienciadatos\portafolio\quant-research-notes\HMM_regime_options\data\raw\spy_historical_options_2023-06-07.json.gz,426.55,True,,SPY230707C00427000,SPY230707P00427000,2023-07-07,30.0,427.0,5.35,5.38,5.365,0.005591798695247017,5.6,5.63,5.615,0.005342831700801469,0.02574141366779979
2023-06-08,C:\Users\avazq\OneDrive\Escritorio\cienciadatos\portafolio\quant-research-notes\HMM_regime_options\data\raw\spy_historical_options_2023-06-08.json.gz,429.13,True,,SPY230707C00429000,SPY230707P00429000,2023-07-07,29.0,429.0,5.18,5.21,5.195,0.005774783445620837,5.25,5.27,5.26,0.003802281368821212,0.024363246568638874
2023-06-09,C:\Users\avazq\OneDrive\Escritorio\cienciadatos\portafolio\quant-research-notes\HMM_regime_options\data\raw\spy_historical_options_2023-06-09.json.gz,429.9,True,,SPY230707C00430000,SPY230707P00430000,2023-07-07,28.0,430.0,5.21,5.24,5.225,0.005741626794258421,5.14,5.16,5.15,0.0038834951456311576,0.02413351942312166
2023-06-12,C:\Users\avazq\OneDrive\Escritorio\cienciadatos\portafolio\quant-research-notes\HMM_regime_options\data\raw\spy_historical_options_2023-06-12.json.gz,433.8,True,,SPY230714C00434000,SPY230714P00434000,2023-07-14,32.0,434.0,5.97,5.99,5.98,0.0033444816053512477,6.25,6.29,6.27,0.006379585326953754,0.028238819732595666
2023-06-13,C:\Users\avazq\OneDrive\Escritorio\cienciadatos\portafolio\quant-research-notes\HMM_regime_options\data\raw\spy_historical_options_2023-06-13.json.gz,436.66,True,,SPY230714C00437000,SPY230714P00437000,2023-07-14,31.0,437.0,5.82,5.85,5.835,0.005141388174807088,5.99,6.01,6.0,0.0033333333333332624,0.027103467228507306
2023-06-14,C:\Users\avazq\OneDrive\Escritorio\cienciadatos\portafolio\quant-research-notes\HMM_regime_options\data\raw\spy_historical_options_2023-06-14.json.gz,437.18,True,,SPY230714C00437000,SPY230714P00437000,2023-07-14,30.0,437.0,5.99,6.05,6.02,0.009966777408637809,5.41,5.45,5.43,0.007366482504604059,0.02619058511368315
2023-06-15,C:\Users\avazq\OneDrive\Escritorio\cienciadatos\portafolio\quant-research-notes\HMM_regime_options\data\raw\spy_historical_options_2023-06-15.json.gz,442.6,True,,SPY230714C00443000,SPY230714P00443000,2023-07-14,29.0,443.0,5.35,5.41,5.38,0.011152416356877417,6.36,6.4,6.380000000000001,0.006269592476489033,0.02657026660641663
2023-06-16,C:\Users\avazq\OneDrive\Escritorio\cienciadatos\portafolio\quant-research-notes\HMM_regime_options\data\raw\spy_historical_options_2023-06-16.json.gz,439.46,True,,SPY230714C00439000,SPY230714P00439000,2023-07-14,28.0,439.0,6.96,6.99,6.975,0.00430107526881724,4.47,4.5,4.484999999999999,0.006688963210702397,0.026077458699312793
2023-06-20,C:\Users\avazq\OneDrive\Escritorio\cienciadatos\portafolio\quant-research-notes\HMM_regime_options\data\raw\spy_historical_options_2023-06-20.json.gz,437.18,True,,SPY230721C00437000,SPY230721P00437000,2023-07-21,31.0,437.0,7.05,7.07,7.0600000000000005,0.002832861189801765,5.33,5.35,5.34,0.0037453183520598453,0.028363603092547693
2023-06-21,C:\Users\avazq\OneDrive\Escritorio\cienciadatos\portafolio\quant-research-notes\HMM_regime_options\data\raw\spy_historical_options_2023-06-21.json.gz,434.94,True,,SPY230721C00435000,SPY230721P00435000,2023-07-21,30.0,435.0,6.86,6.88,6.87,0.0029112081513827616,4.85,4.87,4.859999999999999,0.004115226337448655,0.02696923713615671
2023-06-22,C:\Users\avazq\OneDrive\Escritorio\cienciadatos\portafolio\quant-research-notes\HMM_regime_options\data\raw\spy_historical_options_2023-06-22.json.gz,436.51,True,,SPY230721C00437000,SPY230721P00437000,2023-07-21,29.0,437.0,5.95,5.97,5.96,0.0033557046979865056,4.91,4.92,4.915,0.0020345879959307806,0.02491351859063939
2023-06-23,C:\Users\avazq\OneDrive\Escritorio\cienciadatos\portafolio\quant-research-notes\HMM_regime_options\data\raw\spy_historical_options_2023-06-23.json.gz,433.21,True,,SPY230721C00433000,SPY230721P00433000,2023-07-21,28.0,433.0,6.48,6.5,6.49,0.0030816640986131853,4.57,4.58,4.575,0.002185792349726729,0.025541884998037907
2023-06-26,C:\Users\avazq\OneDrive\Escritorio\cienciadatos\portafolio\quant-research-notes\HMM_regime_options\data\raw\spy_historical_options_2023-06-26.json.gz,431.44,True,,SPY230728C00431000,SPY230728P00431000,2023-07-28,32.0,431.0,7.75,7.77,7.76,0.0025773195876288113,5.05,5.07,5.0600000000000005,0.003952569169960565,0.029714444650472835
2023-06-27,C:\Users\avazq\OneDrive\Escritorio\cienciadatos\portafolio\quant-research-notes\HMM_regime_options\data\raw\spy_historical_options_2023-06-27.json.gz,436.17,True,,SPY230728C00436000,SPY230728P00436000,2023-07-28,31.0,436.0,6.97,7.0,6.984999999999999,0.004294917680744488,5.06,5.08,5.07,0.003944773175542498,0.027638306165027396
2023-06-28,C:\Users\avazq\OneDrive\Escritorio\cienciadatos\portafolio\quant-research-notes\HMM_regime_options\data\raw\spy_historical_options_2023-06-28.json.gz,436.39,True,,SPY230728C00436000,SPY230728P00436000,2023-07-28,30.0,436.0,7.32,7.34,7.33,0.002728512960436504,4.59,4.61,4.6,0.004347826086956622,0.027337931666628474
2023-06-29,C:\Users\avazq\OneDrive\Escritorio\cienciadatos\portafolio\quant-research-notes\HMM_regime_options\data\raw\spy_historical_options_2023-06-29.json.gz,438.11,True,,SPY230728C00438000,SPY230728P00438000,2023-07-28,29.0,438.0,6.67,6.69,6.68,0.0029940119760479733,4.77,4.79,4.779999999999999,0.004184100418410139,0.026157814247563395
2023-06-30,C:\Users\avazq\OneDrive\Escritorio\cienciadatos\portafolio\quant-research-notes\HMM_regime_options\data\raw\spy_historical_options_2023-06-30.json.gz,443.28,True,,SPY230728C00443000,SPY230728P00443000,2023-07-28,28.0,443.0,6.37,6.39,6.38,0.003134796238244447,4.54,4.57,4.555,0.006586169045005544,0.024668381158635625
2023-07-03,C:\Users\avazq\OneDrive\Escritorio\cienciadatos\portafolio\quant-research-notes\HMM_regime_options\data\raw\spy_historical_options_2023-07-03.json.gz,443.79,True,,SPY230804C00444000,SPY230804P00444000,2023-08-04,32.0,444.0,6.96,7.04,7.0,0.011428571428571439,5.1,5.16,5.13,0.011695906432748635,0.02733274747065053
2023-07-05,C:\Users\avazq\OneDrive\Escritorio\cienciadatos\portafolio\quant-research-notes\HMM_regime_options\data\raw\spy_historical_options_2023-07-05.json.gz,443.13,True,,SPY230804C00443000,SPY230804P00443000,2023-08-04,30.0,443.0,7.21,7.24,7.225,0.004152249134948132,5.14,5.16,5.15,0.0038834951456311576,0.02792634215692912
2023-07-06,C:\Users\avazq\OneDrive\Escritorio\cienciadatos\portafolio\quant-research-notes\HMM_regime_options\data\raw\spy_historical_options_2023-07-06.json.gz,439.66,True,,SPY230804C00440000,SPY230804P00440000,2023-08-04,29.0,440.0,7.17,7.19,7.18,0.0027855153203343265,5.63,5.66,5.645,0.005314437555358769,0.029170267934312873
2023-07-07,C:\Users\avazq\OneDrive\Escritorio\cienciadatos\portafolio\quant-research-notes\HMM_regime_options\data\raw\spy_historical_options_2023-07-07.json.gz,438.55,True,,SPY230804C00439000,SPY230804P00439000,2023-08-04,28.0,439.0,6.88,6.9,6.890000000000001,0.0029027576197388186,5.2,5.22,5.21,0.0038387715930901295,0.027590924638011632
2023-07-10,C:\Users\avazq\OneDrive\Escritorio\cienciadatos\portafolio\quant-research-notes\HMM_regime_options\data\raw\spy_historical_options_2023-07-10.json.gz,439.66,True,,SPY230811C00440000,SPY230811P00440000,2023-08-11,32.0,440.0,7.64,7.66,7.65,0.0026143790849673804,5.77,5.79,5.779999999999999,0.0034602076124568277,0.03054633125597052
2023-07-11,C:\Users\avazq\OneDrive\Escritorio\cienciadatos\portafolio\quant-research-notes\HMM_regime_options\data\raw\spy_historical_options_2023-07-11.json.gz,442.46,True,,SPY230811C00442500,SPY230811P00442500,2023-08-11,31.0,442.5,7.39,7.41,7.4,0.002702702702702765,5.61,5.63,5.62,0.0035587188612098883,0.029426388826108575
2023-07-12,C:\Users\avazq\OneDrive\Escritorio\cienciadatos\portafolio\quant-research-notes\HMM_regime_options\data\raw\spy_historical_options_2023-07-12.json.gz,446.02,True,,SPY230811C00446000,SPY230811P00446000,2023-08-11,30.0,446.0,7.04,7.06,7.05,0.002836879432624053,4.8,4.82,4.8100000000000005,0.004158004158004254,0.026590735841442087
2023-07-13,C:\Users\avazq\OneDrive\Escritorio\cienciadatos\portafolio\quant-research-notes\HMM_regime_options\data\raw\spy_historical_options_2023-07-13.json.gz,449.56,True,,SPY230811C00450000,SPY230811P00450000,2023-08-11,29.0,450.0,6.38,6.4,6.390000000000001,0.003129890453834188,5.19,5.2,5.195,0.0019249278152068886,0.025769641427173237
2023-07-14,C:\Users\avazq\OneDrive\Escritorio\cienciadatos\portafolio\quant-research-notes\HMM_regime_options\data\raw\spy_historical_options_2023-07-14.json.gz,449.28,True,,SPY230811C00449000,SPY230811P00449000,2023-08-11,28.0,449.0,6.46,6.48,6.470000000000001,0.003091190108191725,4.82,4.84,4.83,0.0041407867494823135,0.02515135327635328
2023-07-17,C:\Users\avazq\OneDrive\Escritorio\cienciadatos\portafolio\quant-research-notes\HMM_regime_options\data\raw\spy_historical_options_2023-07-17.json.gz,450.84,True,,SPY230818C00450000,SPY230818P00450000,2023-08-18,32.0,450.0,7.55,7.56,7.555,0.0013236267372600645,5.05,5.06,5.055,0.0019782393669633604,0.027970011534025375
2023-07-18,C:\Users\avazq\OneDrive\Escritorio\cienciadatos\portafolio\quant-research-notes\HMM_regime_options\data\raw\spy_historical_options_2023-07-18.json.gz,454.19,True,,SPY230818C00454000,SPY230818P00454000,2023-08-18,31.0,454.0,7.16,7.18,7.17,0.0027894002789399684,5.14,5.15,5.145,0.0019436345966959525,0.02711420330698606
2023-07-19,C:\Users\avazq\OneDrive\Escritorio\cienciadatos\portafolio\quant-research-notes\HMM_regime_options\data\raw\spy_historical_options_2023-07-19.json.gz,455.2,True,,SPY230818C00455000,SPY230818P00455000,2023-08-18,30.0,455.0,7.23,7.25,7.24,0.0027624309392264602,5.18,5.2,5.1899999999999995,0.003853564547206255,0.027306678383128294
2023-07-20,C:\Users\avazq\OneDrive\Escritorio\cienciadatos\portafolio\quant-research-notes\HMM_regime_options\data\raw\spy_historical_options_2023-07-20.json.gz,452.18,True,,SPY230818C00452000,SPY230818P00452000,2023-08-18,29.0,452.0,7.28,7.29,7.285,0.0013726835964309933,4.99,5.0,4.995,0.0020020020020019595,0.027157326728294046
2023-07-21,C:\Users\avazq\OneDrive\Escritorio\cienciadatos\portafolio\quant-research-notes\HMM_regime_options\data\raw\spy_historical_options_2023-07-21.json.gz,452.18,True,,SPY230818C00452000,SPY230818P00452000,2023-08-18,28.0,452.0,6.78,6.8,6.79,0.0029455081001472125,4.84,4.85,4.845,0.002063983488132051,0.025730903622451236
2023-07-24,C:\Users\avazq\OneDrive\Escritorio\cienciadatos\portafolio\quant-research-notes\HMM_regime_options\data\raw\spy_historical_options_2023-07-24.json.gz,454.2,True,,SPY230825C00454000,SPY230825P00454000,2023-08-25,32.0,454.0,7.69,7.71,7.7,0.002597402597402542,5.15,5.17,5.16,0.003875968992247979,0.028313518273888155
2023-07-25,C:\Users\avazq\OneDrive\Escritorio\cienciadatos\portafolio\quant-research-notes\HMM_regime_options\data\raw\spy_historical_options_2023-07-25.json.gz,455.44,True,,SPY230825C00455000,SPY230825P00455000,2023-08-25,31.0,455.0,7.93,7.96,7.945,0.0037759597230963182,4.94,4.97,4.955,0.006054490413723383,0.028324257860530475
2023-07-26,C:\Users\avazq\OneDrive\Escritorio\cienciadatos\portafolio\quant-research-notes\HMM_regime_options\data\raw\spy_historical_options_2023-07-26.json.gz,455.51,True,,SPY230825C00456000,SPY230825P00456000,2023-08-25,30.0,456.0,6.94,6.96,6.95,0.002877697841726557,4.84,4.87,4.855,0.006179196704428475,0.02591600623476982
2023-07-27,C:\Users\avazq\OneDrive\Escritorio\cienciadatos\portafolio\quant-research-notes\HMM_regime_options\data\raw\spy_historical_options_2023-07-27.json.gz,452.49,True,,SPY230825C00452000,SPY230825P00452000,2023-08-25,29.0,452.0,7.68,7.71,7.695,0.0038986354775828783,4.9,4.92,4.91,0.0040733197556007275,0.02785696921478928
2023-07-28,C:\Users\avazq\OneDrive\Escritorio\cienciadatos\portafolio\quant-research-notes\HMM_regime_options\data\raw\spy_historical_options_2023-07-28.json.gz,456.92,True,,SPY230825C00457000,SPY230825P00457000,2023-08-25,28.0,457.0,6.59,6.61,6.6,0.0030303030303031006,4.91,4.92,4.915,0.0020345879959307806,0.025201348157226647
2023-07-31,C:\Users\avazq\OneDrive\Escritorio\cienciadatos\portafolio\quant-research-notes\HMM_regime_options\data\raw\spy_historical_options_2023-07-31.json.gz,457.79,True,,SPY230901C00458000,SPY230901P00458000,2023-09-01,32.0,458.0,7.45,7.47,7.46,0.002680965147453026,5.4,5.42,5.41,0.0036968576709795883,0.0281133270713646
2023-08-01,C:\Users\avazq\OneDrive\Escritorio\cienciadatos\portafolio\quant-research-notes\HMM_regime_options\data\raw\spy_historical_options_2023-08-01.json.gz,456.48,True,,SPY230901C00456000,SPY230901P00456000,2023-09-01,31.0,456.0,7.75,7.78,7.765000000000001,0.003863490019317482,5.25,5.27,5.26,0.003802281368821212,0.028533561163687347
2023-08-02,C:\Users\avazq\OneDrive\Escritorio\cienciadatos\portafolio\quant-research-notes\HMM_regime_options\data\raw\spy_historical_options_2023-08-02.json.gz,450.13,True,,SPY230901C00450000,SPY230901P00450000,2023-09-01,30.0,450.0,8.32,8.34,8.33,0.00240096038415361,6.0,6.02,6.01,0.003327787021630545,0.031857463399462375
2023-08-03,C:\Users\avazq\OneDrive\Escritorio\cienciadatos\portafolio\quant-research-notes\HMM_regime_options\data\raw\spy_historical_options_2023-08-03.json.gz,448.84,True,,SPY230901C00449000,SPY230901P00449000,2023-09-01,29.0,449.0,8.54,8.56,8.55,0.0023391812865498655,5.58,5.6,5.59,0.003577817531305827,0.03150343106674985
2023-08-04,C:\Users\avazq\OneDrive\Escritorio\cienciadatos\portafolio\quant-research-notes\HMM_regime_options\data\raw\spy_historical_options_2023-08-04.json.gz,446.81,True,,SPY230901C00447000,SPY230901P00447000,2023-09-01,28.0,447.0,7.88,7.91,7.895,0.0037998733375554463,6.3,6.33,6.3149999999999995,0.004750593824228069,0.03180322732257559
2023-08-07,C:\Users\avazq\OneDrive\Escritorio\cienciadatos\portafolio\quant-research-notes\HMM_regime_options\data\raw\spy_historical_options_2023-08-07.json.gz,450.71,True,,SPY230908C00451000,SPY230908P00451000,2023-09-08,32.0,451.0,8.05,8.07,8.06,0.002481389578163719,6.02,6.04,6.029999999999999,0.0033167495854063787,0.0312617869583546
2023-08-08,C:\Users\avazq\OneDrive\Escritorio\cienciadatos\portafolio\quant-research-notes\HMM_regime_options\data\raw\spy_historical_options_2023-08-08.json.gz,448.75,True,,SPY230908C00449000,SPY230908P00449000,2023-09-08,31.0,449.0,8.02,8.04,8.03,0.0024906600249065473,6.21,6.23,6.220000000000001,0.0032154340836013603,0.03175487465181059
2023-08-09,C:\Users\avazq\OneDrive\Escritorio\cienciadatos\portafolio\quant-research-notes\HMM_regime_options\data\raw\spy_historical_options_2023-08-09.json.gz,445.75,True,,SPY230908C00446000,SPY230908P00446000,2023-09-08,30.0,446.0,8.37,8.39,8.379999999999999,0.0023866348448688965,6.07,6.09,6.08,0.0032894736842104563,0.032439708356702186
2023-08-10,C:\Users\avazq\OneDrive\Escritorio\cienciadatos\portafolio\quant-research-notes\HMM_regime_options\data\raw\spy_historical_options_2023-08-10.json.gz,445.91,True,,SPY230908C00446000,SPY230908P00446000,2023-09-08,29.0,446.0,7.78,7.81,7.795,0.0038486209108402002,6.13,6.15,6.140000000000001,0.0032573289902280878,0.03125070081406562
2023-08-11,C:\Users\avazq\OneDrive\Escritorio\cienciadatos\portafolio\quant-research-notes\HMM_regime_options\data\raw\spy_historical_options_2023-08-11.json.gz,445.65,True,,SPY230908C00446000,SPY230908P00446000,2023-09-08,28.0,446.0,7.22,7.24,7.23,0.0027662517289073945,5.67,5.69,5.68,0.003521126760563462,0.028968921799618536
2023-08-14,C:\Users\avazq\OneDrive\Escritorio\cienciadatos\portafolio\quant-research-notes\HMM_regime_options\data\raw\spy_historical_options_2023-08-14.json.gz,448.11,True,,SPY230915C00448000,SPY230915P00448000,2023-09-15,32.0,448.0,7.89,7.91,7.9,0.0025316455696203113,6.25,6.26,6.255,0.0015987210231814208,0.03158822610519739
2023-08-15,C:\Users\avazq\OneDrive\Escritorio\cienciadatos\portafolio\quant-research-notes\HMM_regime_options\data\raw\spy_historical_options_2023-08-15.json.gz,442.89,True,,SPY230915C00443000,SPY230915P00443000,2023-09-15,31.0,443.0,8.22,8.24,8.23,0.0024301336573511025,6.96,6.98,6.970000000000001,0.0028694404591105395,0.034320034320034325
2023-08-16,C:\Users\avazq\OneDrive\Escritorio\cienciadatos\portafolio\quant-research-notes\HMM_regime_options\data\raw\spy_historical_options_2023-08-16.json.gz,439.64,True,,SPY230915C00440000,SPY230915P00440000,2023-09-15,30.0,440.0,8.23,8.29,8.26,0.007263922518159651,7.04,7.1,7.07,0.008486562942008431,0.03486943863160768
2023-08-17,C:\Users\avazq\OneDrive\Escritorio\cienciadatos\portafolio\quant-research-notes\HMM_regime_options\data\raw\spy_historical_options_2023-08-17.json.gz,436.29,True,,SPY230915C00436000,SPY230915P00436000,2023-09-15,29.0,436.0,8.58,8.6,8.59,0.0023282887077997177,7.28,7.3,7.29,0.002743484224965648,0.03639780879690114
2023-08-18,C:\Users\avazq\OneDrive\Escritorio\cienciadatos\portafolio\quant-research-notes\HMM_regime_options\data\raw\spy_historical_options_2023-08-18.json.gz,436.5,True,,SPY230915C00436000,SPY230915P00436000,2023-09-15,28.0,436.0,8.3,8.33,8.315000000000001,0.0036079374624172406,6.73,6.74,6.735,0.0014847809948032348,0.03447880870561283
2023-08-21,C:\Users\avazq\OneDrive\Escritorio\cienciadatos\portafolio\quant-research-notes\HMM_regime_options\data\raw\spy_historical_options_2023-08-21.json.gz,439.34,True,,SPY230922C00439000,SPY230922P00439000,2023-09-22,32.0,439.0,8.15,8.18,8.165,0.003674219228413884,7.4,7.42,7.41,0.00269905533063422,0.03545090362816953
2023-08-22,C:\Users\avazq\OneDrive\Escritorio\cienciadatos\portafolio\quant-research-notes\HMM_regime_options\data\raw\spy_historical_options_2023-08-22.json.gz,438.15,True,,SPY230922C00438000,SPY230922P00438000,2023-09-22,31.0,438.0,8.02,8.05,8.035,0.003733665214685891,7.22,7.23,7.225,0.0013840830449827924,0.034828255163756705
2023-08-23,C:\Users\avazq\OneDrive\Escritorio\cienciadatos\portafolio\quant-research-notes\HMM_regime_options\data\raw\spy_historical_options_2023-08-23.json.gz,443.03,True,,SPY230922C00443000,SPY230922P00443000,2023-09-22,30.0,443.0,7.37,7.4,7.385,0.00406228842247803,6.74,6.76,6.75,0.0029629629629629,0.03190528858090874
2023-08-24,C:\Users\avazq\OneDrive\Escritorio\cienciadatos\portafolio\quant-research-notes\HMM_regime_options\data\raw\spy_historical_options_2023-08-24.json.gz,436.89,True,,SPY230922C00437000,SPY230922P00437000,2023-09-22,29.0,437.0,7.51,7.54,7.525,0.003986710963455182,7.24,7.26,7.25,0.0027586206896551137,0.033818581336263136
2023-08-25,C:\Users\avazq\OneDrive\Escritorio\cienciadatos\portafolio\quant-research-notes\HMM_regime_options\data\raw\spy_historical_options_2023-08-25.json.gz,439.97,True,,SPY230922C00440000,SPY230922P00440000,2023-09-22,28.0,440.0,6.79,6.88,6.835,0.013167520117044602,6.46,6.53,6.495,0.010777521170130913,0.030297520285474007
2023-08-28,C:\Users\avazq\OneDrive\Escritorio\cienciadatos\portafolio\quant-research-notes\HMM_regime_options\data\raw\spy_historical_options_2023-08-28.json.gz,442.76,True,,SPY230929C00443000,SPY230929P00443000,2023-09-29,32.0,443.0,7.1,7.13,7.115,0.004216444132115285,6.7,6.72,6.71,0.0029806259314455403,0.031224591200650464
2023-08-29,C:\Users\avazq\OneDrive\Escritorio\cienciadatos\portafolio\quant-research-notes\HMM_regime_options\data\raw\spy_historical_options_2023-08-29.json.gz,449.16,True,,SPY230929C00449000,SPY230929P00449000,2023-09-29,31.0,449.0,6.85,6.87,6.859999999999999,0.0029154518950437994,6.15,6.16,6.155,0.0016246953696181618,0.02897631133671743
2023-08-30,C:\Users\avazq\OneDrive\Escritorio\cienciadatos\portafolio\quant-research-notes\HMM_regime_options\data\raw\spy_historical_options_2023-08-30.json.gz,451.01,True,,SPY230929C00451000,SPY230929P00451000,2023-09-29,30.0,451.0,6.27,6.3,6.285,0.004773269689737509,5.88,5.89,5.885,0.001699235344095121,0.0269838806234895
2023-08-31,C:\Users\avazq\OneDrive\Escritorio\cienciadatos\portafolio\quant-research-notes\HMM_regime_options\data\raw\spy_historical_options_2023-08-31.json.gz,450.35,True,,SPY230929C00450000,SPY230929P00450000,2023-09-29,29.0,450.0,6.33,6.36,6.345000000000001,0.004728132387706895,5.41,5.42,5.415,0.0018467220683286772,0.026113023204174534
2023-09-01,C:\Users\avazq\OneDrive\Escritorio\cienciadatos\portafolio\quant-research-notes\HMM_regime_options\data\raw\spy_historical_options_2023-09-01.json.gz,451.19,True,,SPY230929C00451000,SPY230929P00451000,2023-09-29,28.0,451.0,5.5,5.52,5.51,0.003629764065335676,5.41,5.42,5.415,0.0018467220683286772,0.024213745872027306
2023-09-05,C:\Users\avazq\OneDrive\Escritorio\cienciadatos\portafolio\quant-research-notes\HMM_regime_options\data\raw\spy_historical_options_2023-09-05.json.gz,449.24,True,,SPY231006C00449000,SPY231006P00449000,2023-10-06,31.0,449.0,6.61,6.64,6.625,0.004528301886792356,5.96,5.98,5.970000000000001,0.003350083752093879,0.028036238981390793
2023-09-06,C:\Users\avazq\OneDrive\Escritorio\cienciadatos\portafolio\quant-research-notes\HMM_regime_options\data\raw\spy_historical_options_2023-09-06.json.gz,446.22,True,,SPY231006C00446000,SPY231006P00446000,2023-10-06,30.0,446.0,6.58,6.63,6.605,0.0075700227100681024,6.13,6.18,6.154999999999999,0.008123476848090954,0.02859575993904352
2023-09-07,C:\Users\avazq\OneDrive\Escritorio\cienciadatos\portafolio\quant-research-notes\HMM_regime_options\data\raw\spy_historical_options_2023-09-07.json.gz,444.85,True,,SPY231006C00445000,SPY231006P00445000,2023-10-06,29.0,445.0,6.26,6.29,6.275,0.004780876494023944,6.27,6.3,6.285,0.004773269689737509,0.028234236259413285
2023-09-08,C:\Users\avazq\OneDrive\Escritorio\cienciadatos\portafolio\quant-research-notes\HMM_regime_options\data\raw\spy_historical_options_2023-09-08.json.gz,445.52,True,,SPY231006C00446000,SPY231006P00446000,2023-10-06,28.0,446.0,5.81,5.84,5.824999999999999,0.005150214592274722,5.82,5.85,5.835,0.005141388174807088,0.0261716645717364
2023-09-11,C:\Users\avazq\OneDrive\Escritorio\cienciadatos\portafolio\quant-research-notes\HMM_regime_options\data\raw\spy_historical_options_2023-09-11.json.gz,448.45,True,,SPY231013C00448000,SPY231013P00448000,2023-10-13,32.0,448.0,6.78,6.81,6.795,0.0044150110375275,5.86,5.88,5.87,0.00340715502555359,0.028241721485115397
2023-09-12,C:\Users\avazq\OneDrive\Escritorio\cienciadatos\portafolio\quant-research-notes\HMM_regime_options\data\raw\spy_historical_options_2023-09-12.json.gz,445.99,True,,SPY231013C00446000,SPY231013P00446000,2023-10-13,31.0,446.0,6.67,6.7,6.6850000000000005,0.004487658937920755,6.08,6.1,6.09,0.003284072249589421,0.028644140003139085
2023-09-13,C:\Users\avazq\OneDrive\Escritorio\cienciadatos\portafolio\quant-research-notes\HMM_regime_options\data\raw\spy_historical_options_2023-09-13.json.gz,446.51,True,,SPY231013C00447000,SPY231013P00447000,2023-10-13,30.0,447.0,5.93,5.95,5.9399999999999995,0.003367003367003445,5.81,5.83,5.82,0.0034364261168385673,0.026337596022485497
2023-09-14,C:\Users\avazq\OneDrive\Escritorio\cienciadatos\portafolio\quant-research-notes\HMM_regime_options\data\raw\spy_historical_options_2023-09-14.json.gz,450.36,True,,SPY231013C00450000,SPY231013P00450000,2023-10-13,29.0,450.0,5.8,5.83,5.8149999999999995,0.005159071367153955,5.0,5.02,5.01,0.003992015968063787,0.024036326494360064
2023-09-15,C:\Users\avazq\OneDrive\Escritorio\cienciadatos\portafolio\quant-research-notes\HMM_regime_options\data\raw\spy_historical_options_2023-09-15.json.gz,443.37,True,,SPY231013C00443000,SPY231013P00443000,2023-10-13,28.0,443.0,6.97,6.99,6.98,0.0028653295128940486,4.85,4.87,4.859999999999999,0.004115226337448655,0.026704558269616797
2023-09-18,C:\Users\avazq\OneDrive\Escritorio\cienciadatos\portafolio\quant-research-notes\HMM_regime_options\data\raw\spy_historical_options_2023-09-18.json.gz,443.63,True,,SPY231020C00444000,SPY231020P00444000,2023-10-20,32.0,444.0,7.39,7.41,7.4,0.002702702702702765,5.58,5.59,5.585,0.0017905102954341606,0.029269887068052204
2023-09-19,C:\Users\avazq\OneDrive\Escritorio\cienciadatos\portafolio\quant-research-notes\HMM_regime_options\data\raw\spy_historical_options_2023-09-19.json.gz,442.71,True,,SPY231020C00443000,SPY231020P00443000,2023-10-20,31.0,443.0,7.42,7.43,7.425,0.001346801346801318,5.56,5.57,5.5649999999999995,0.0017969451931717298,0.02934200718303178
2023-09-20,C:\Users\avazq\OneDrive\Escritorio\cienciadatos\portafolio\quant-research-notes\HMM_regime_options\data\raw\spy_historical_options_2023-09-20.json.gz,438.64,True,,SPY231020C00439000,SPY231020P00439000,2023-10-20,30.0,439.0,7.35,7.37,7.359999999999999,0.002717391304347889,6.1,6.12,6.109999999999999,0.0032733224222586685,0.030708553711471822
2023-09-21,C:\Users\avazq\OneDrive\Escritorio\cienciadatos\portafolio\quant-research-notes\HMM_regime_options\data\raw\spy_historical_options_2023-09-21.json.gz,431.39,True,,SPY231020C00431000,SPY231020P00431000,2023-10-20,29.0,431.0,8.57,8.59,8.58,0.002331002331002281,6.53,6.54,6.535,0.0015302218821728825,0.035037900739470086
2023-09-22,C:\Users\avazq\OneDrive\Escritorio\cienciadatos\portafolio\quant-research-notes\HMM_regime_options\data\raw\spy_historical_options_2023-09-22.json.gz,430.42,True,,SPY231020C00430000,SPY231020P00430000,2023-10-20,28.0,430.0,8.46,8.47,8.465,0.0011813349084465194,6.31,6.33,6.32,0.0031645569620253893,0.0343501696017843
2023-09-25,C:\Users\avazq\OneDrive\Escritorio\cienciadatos\portafolio\quant-research-notes\HMM_regime_options\data\raw\spy_historical_options_2023-09-25.json.gz,432.23,True,,SPY231027C00432000,SPY231027P00432000,2023-10-27,32.0,432.0,8.96,8.99,8.975000000000001,0.0033426183844010426,6.68,6.7,6.6899999999999995,0.0029895366218236864,0.03624227841658376
2023-09-26,C:\Users\avazq\OneDrive\Escritorio\cienciadatos\portafolio\quant-research-notes\HMM_regime_options\data\raw\spy_historical_options_2023-09-26.json.gz,425.88,True,,SPY231027C00426000,SPY231027P00426000,2023-10-27,31.0,426.0,9.51,9.53,9.52,0.002100840336134409,7.36,7.39,7.375,0.004067796610169405,0.0396707992861839
2023-09-27,C:\Users\avazq\OneDrive\Escritorio\cienciadatos\portafolio\quant-research-notes\HMM_regime_options\data\raw\spy_historical_options_2023-09-27.json.gz,426.05,True,,SPY231027C00426000,SPY231027P00426000,2023-10-27,30.0,426.0,9.16,9.18,9.17,0.0021810250817883943,6.92,6.95,6.9350000000000005,0.004325883201153604,0.037800727614129795
2023-09-28,C:\Users\avazq\OneDrive\Escritorio\cienciadatos\portafolio\quant-research-notes\HMM_regime_options\data\raw\spy_historical_options_2023-09-28.json.gz,428.52,True,,SPY231027C00429000,SPY231027P00429000,2023-10-27,29.0,429.0,8.0,8.02,8.01,0.00249687890137323,6.98,7.01,6.995,0.004288777698355877,0.03501586857089517
2023-09-29,C:\Users\avazq\OneDrive\Escritorio\cienciadatos\portafolio\quant-research-notes\HMM_regime_options\data\raw\spy_historical_options_2023-09-29.json.gz,427.48,True,,SPY231027C00427000,SPY231027P00427000,2023-10-27,28.0,427.0,8.79,8.82,8.805,0.003407155025553792,6.43,6.46,6.445,0.0046547711404189675,0.03567418358753626
2023-10-02,C:\Users\avazq\OneDrive\Escritorio\cienciadatos\portafolio\quant-research-notes\HMM_regime_options\data\raw\spy_historical_options_2023-10-02.json.gz,427.31,True,,SPY231103C00427000,SPY231103P00427000,2023-11-03,32.0,427.0,9.57,9.59,9.58,0.002087682672233776,7.01,7.03,7.02,0.002849002849002915,0.038847674990054065
2023-10-03,C:\Users\avazq\OneDrive\Escritorio\cienciadatos\portafolio\quant-research-notes\HMM_regime_options\data\raw\spy_historical_options_2023-10-03.json.gz,421.59,True,,SPY231103C00422000,SPY231103P00422000,2023-11-03,31.0,422.0,9.77,9.8,9.785,0.00306591722023517,7.87,7.9,7.885,0.0038046924540266645,0.04191275884152851
2023-10-04,C:\Users\avazq\OneDrive\Escritorio\cienciadatos\portafolio\quant-research-notes\HMM_regime_options\data\raw\spy_historical_options_2023-10-04.json.gz,424.66,True,,SPY231103C00425000,SPY231103P00425000,2023-11-03,30.0,425.0,8.93,8.95,8.94,0.002237136465324337,7.53,7.55,7.54,0.0026525198938991477,0.038807516601516504
2023-10-05,C:\Users\avazq\OneDrive\Escritorio\cienciadatos\portafolio\quant-research-notes\HMM_regime_options\data\raw\spy_historical_options_2023-10-05.json.gz,424.5,True,,SPY231103C00424000,SPY231103P00424000,2023-11-03,29.0,424.0,9.02,9.05,9.035,0.003320420586607763,7.12,7.14,7.13,0.0028050490883589864,0.03808009422850412
2023-10-06,C:\Users\avazq\OneDrive\Escritorio\cienciadatos\portafolio\quant-research-notes\HMM_regime_options\data\raw\spy_historical_options_2023-10-06.json.gz,429.54,True,,SPY231103C00430000,SPY231103P00430000,2023-11-03,28.0,430.0,8.29,8.32,8.305,0.0036122817579772593,6.71,6.74,6.725,0.004460966542750967,0.03499092051962564
2023-10-09,C:\Users\avazq\OneDrive\Escritorio\cienciadatos\portafolio\quant-research-notes\HMM_regime_options\data\raw\spy_historical_options_2023-10-09.json.gz,432.29,True,,SPY231110C00432500,SPY231110P00432500,2023-11-10,32.0,432.5,9.15,9.18,9.165,0.003273322422258523,7.08,7.11,7.095000000000001,0.0042283298097251934,0.037613638992343094
2023-10-10,C:\Users\avazq\OneDrive\Escritorio\cienciadatos\portafolio\quant-research-notes\HMM_regime_options\data\raw\spy_historical_options_2023-10-10.json.gz,434.54,True,,SPY231110C00435000,SPY231110P00435000,2023-11-10,31.0,435.0,8.38,8.4,8.39,0.0023837902264600207,6.89,6.91,6.9,0.002898550724637748,0.03518663414185115
2023-10-11,C:\Users\avazq\OneDrive\Escritorio\cienciadatos\portafolio\quant-research-notes\HMM_regime_options\data\raw\spy_historical_options_2023-10-11.json.gz,436.32,True,,SPY231110C00436000,SPY231110P00436000,2023-11-10,30.0,436.0,8.72,8.75,8.735,0.0034344590726959772,5.84,5.87,5.855,0.005123825789923184,0.033438760542720936
2023-10-12,C:\Users\avazq\OneDrive\Escritorio\cienciadatos\portafolio\quant-research-notes\HMM_regime_options\data\raw\spy_historical_options_2023-10-12.json.gz,433.66,True,,SPY231110C00434000,SPY231110P00434000,2023-11-10,29.0,434.0,8.01,8.03,8.02,0.0024937655860348597,6.33,6.36,6.345000000000001,0.004728132387706895,0.03312502882442466
2023-10-13,C:\Users\avazq\OneDrive\Escritorio\cienciadatos\portafolio\quant-research-notes\HMM_regime_options\data\raw\spy_historical_options_2023-10-13.json.gz,431.5,True,,SPY231110C00431000,SPY231110P00431000,2023-11-10,28.0,431.0,8.68,8.72,8.7,0.004597701149425394,6.96,6.99,6.975,0.00430107526881724,0.03632676709154113
2023-10-16,C:\Users\avazq\OneDrive\Escritorio\cienciadatos\portafolio\quant-research-notes\HMM_regime_options\data\raw\spy_historical_options_2023-10-16.json.gz,436.04,True,,SPY231117C00436000,SPY231117P00436000,2023-11-17,32.0,436.0,8.95,8.97,8.96,0.0022321428571430075,6.73,6.75,6.74,0.0029673590504450406,0.036005871021007246
2023-10-17,C:\Users\avazq\OneDrive\Escritorio\cienciadatos\portafolio\quant-research-notes\HMM_regime_options\data\raw\spy_historical_options_2023-10-17.json.gz,436.02,True,,SPY231117C00436000,SPY231117P00436000,2023-11-17,31.0,436.0,8.74,8.76,8.75,0.002285714285714237,7.02,7.03,7.025,0.0014234875444840817,0.03617953304894271
2023-10-18,C:\Users\avazq\OneDrive\Escritorio\cienciadatos\portafolio\quant-research-notes\HMM_regime_options\data\raw\spy_historical_options_2023-10-18.json.gz,430.21,True,,SPY231117C00430000,SPY231117P00430000,2023-11-17,30.0,430.0,9.78,9.8,9.79,0.0020429009193055517,7.16,7.18,7.17,0.0027894002789399684,0.03942260756374794
2023-10-19,C:\Users\avazq\OneDrive\Escritorio\cienciadatos\portafolio\quant-research-notes\HMM_regime_options\data\raw\spy_historical_options_2023-10-19.json.gz,426.43,True,,SPY231117C00426000,SPY231117P00426000,2023-11-17,29.0,426.0,9.69,9.72,9.705,0.003091190108191771,8.25,8.27,8.26,0.0024213075060532173,0.04212883708932298
2023-10-20,C:\Users\avazq\OneDrive\Escritorio\cienciadatos\portafolio\quant-research-notes\HMM_regime_options\data\raw\spy_historical_options_2023-10-20.json.gz,421.19,True,,SPY231117C00421000,SPY231117P00421000,2023-11-17,28.0,421.0,9.85,9.86,9.855,0.001014713343480445,7.9,7.93,7.915,0.0037902716361338422,0.042189985517225005
2023-10-23,C:\Users\avazq\OneDrive\Escritorio\cienciadatos\portafolio\quant-research-notes\HMM_regime_options\data\raw\spy_historical_options_2023-10-23.json.gz,420.46,True,,SPY231124C00420000,SPY231124P00420000,2023-11-24,32.0,420.0,10.77,10.81,10.79,0.003707136237256805,7.48,7.51,7.495,0.004002668445630335,0.04348808447890406
2023-10-24,C:\Users\avazq\OneDrive\Escritorio\cienciadatos\portafolio\quant-research-notes\HMM_regime_options\data\raw\spy_historical_options_2023-10-24.json.gz,423.63,True,,SPY231124C00424000,SPY231124P00424000,2023-11-24,31.0,424.0,9.27,9.31,9.29,0.004305705059203545,7.35,7.4,7.375,0.006779661016949249,0.03933857375539976
2023-10-25,C:\Users\avazq\OneDrive\Escritorio\cienciadatos\portafolio\quant-research-notes\HMM_regime_options\data\raw\spy_historical_options_2023-10-25.json.gz,417.55,True,,SPY231124C00417500,SPY231124P00417500,2023-11-24,30.0,417.5,9.85,9.91,9.879999999999999,0.006072874493927177,7.66,7.71,7.6850000000000005,0.006506180871828213,0.042066818345108364
2023-10-26,C:\Users\avazq\OneDrive\Escritorio\cienciadatos\portafolio\quant-research-notes\HMM_regime_options\data\raw\spy_historical_options_2023-10-26.json.gz,412.55,True,,SPY231124C00412500,SPY231124P00412500,2023-11-24,29.0,412.5,9.73,9.77,9.75,0.004102564102564015,7.67,7.71,7.6899999999999995,0.0052015604681404475,0.04227366379832747
2023-10-27,C:\Users\avazq\OneDrive\Escritorio\cienciadatos\portafolio\quant-research-notes\HMM_regime_options\data\raw\spy_historical_options_2023-10-27.json,410.68,True,,SPY231124C00411000,SPY231124P00411000,2023-11-24,28.0,411.0,9.26,9.3,9.280000000000001,0.004310344827586306,7.97,8.01,7.99,0.005006257822277852,0.04205220609720464
2023-10-30,C:\Users\avazq\OneDrive\Escritorio\cienciadatos\portafolio\quant-research-notes\HMM_regime_options\data\raw\spy_historical_options_2023-10-30.json.gz,415.59,True,,SPY231201C00416000,SPY231201P00416000,2023-12-01,32.0,416.0,9.46,9.49,9.475000000000001,0.003166226912928692,8.07,8.09,8.08,0.0024752475247524224,0.04224115113453163
2023-10-31,C:\Users\avazq\OneDrive\Escritorio\cienciadatos\portafolio\quant-research-notes\HMM_regime_options\data\raw\spy_historical_options_2023-10-31.json.gz,418.2,True,,SPY231201C00418000,SPY231201P00418000,2023-12-01,31.0,418.0,8.97,8.99,8.98,0.0022271714922048524,7.16,7.18,7.17,0.0027894002789399684,0.038617886178861784
2023-11-01,C:\Users\avazq\OneDrive\Escritorio\cienciadatos\portafolio\quant-research-notes\HMM_regime_options\data\raw\spy_historical_options_2023-11-01.json.gz,422.66,True,,SPY231201C00422500,SPY231201P00422500,2023-12-01,30.0,422.5,8.46,8.5,8.48,0.004716981132075371,6.41,6.44,6.425000000000001,0.004669260700389143,0.03526475180996546
2023-11-02,C:\Users\avazq\OneDrive\Escritorio\cienciadatos\portafolio\quant-research-notes\HMM_regime_options\data\raw\spy_historical_options_2023-11-02.json.gz,430.76,True,,SPY231201C00431000,SPY231201P00431000,2023-12-01,29.0,431.0,7.33,7.35,7.34,0.0027247956403269173,6.09,6.1,6.095,0.0016406890894175206,0.031189061194168446
2023-11-03,C:\Users\avazq\OneDrive\Escritorio\cienciadatos\portafolio\quant-research-notes\HMM_regime_options\data\raw\spy_historical_options_2023-11-03.json.gz,434.69,True,,SPY231201C00435000,SPY231201P00435000,2023-12-01,28.0,435.0,7.14,7.16,7.15,0.002797202797202862,5.43,5.45,5.4399999999999995,0.0036764705882353795,0.02896316915503002
2023-11-06,C:\Users\avazq\OneDrive\Escritorio\cienciadatos\portafolio\quant-research-notes\HMM_regime_options\data\raw\spy_historical_options_2023-11-06.json.gz,435.69,True,,SPY231208C00436000,SPY231208P00436000,2023-12-08,32.0,436.0,7.52,7.55,7.535,0.003981420039814233,6.02,6.06,6.039999999999999,0.006622516556291398,0.0311574743510294
2023-11-07,C:\Users\avazq\OneDrive\Escritorio\cienciadatos\portafolio\quant-research-notes\HMM_regime_options\data\raw\spy_historical_options_2023-11-07.json.gz,436.93,True,,SPY231208C00437000,SPY231208P00437000,2023-12-08,31.0,437.0,7.63,7.65,7.640000000000001,0.0026178010471204793,5.71,5.73,5.720000000000001,0.0034965034965035767,0.030576980294326324
2023-11-08,C:\Users\avazq\OneDrive\Escritorio\cienciadatos\portafolio\quant-research-notes\HMM_regime_options\data\raw\spy_historical_options_2023-11-08.json.gz,437.25,True,,SPY231208C00437000,SPY231208P00437000,2023-12-08,30.0,437.0,7.37,7.39,7.38,0.002710027100270945,5.4,5.42,5.41,0.0036968576709795883,0.029251000571755288
2023-11-09,C:\Users\avazq\OneDrive\Escritorio\cienciadatos\portafolio\quant-research-notes\HMM_regime_options\data\raw\spy_historical_options_2023-11-09.json.gz,433.84,True,,SPY231208C00434000,SPY231208P00434000,2023-12-08,29.0,434.0,7.45,7.47,7.46,0.002680965147453026,5.67,5.69,5.68,0.003521126760563462,0.030287663654803617
2023-11-10,C:\Users\avazq\OneDrive\Escritorio\cienciadatos\portafolio\quant-research-notes\HMM_regime_options\data\raw\spy_historical_options_2023-11-10.json.gz,440.61,True,,SPY231208C00441000,SPY231208P00441000,2023-12-08,28.0,441.0,6.72,6.75,6.734999999999999,0.004454342984409837,5.13,5.15,5.140000000000001,0.003891050583657677,0.02695127210004312
2023-11-13,C:\Users\avazq\OneDrive\Escritorio\cienciadatos\portafolio\quant-research-notes\HMM_regime_options\data\raw\spy_historical_options_2023-11-13.json.gz,440.19,True,,SPY231215C00440000,SPY231215P00440000,2023-12-15,32.0,440.0,7.94,7.96,7.95,0.002515723270440198,6.27,6.29,6.279999999999999,0.0031847133757962522,0.03232694972625457
2023-11-14,C:\Users\avazq\OneDrive\Escritorio\cienciadatos\portafolio\quant-research-notes\HMM_regime_options\data\raw\spy_historical_options_2023-11-14.json.gz,448.73,True,,SPY231215C00449000,SPY231215P00449000,2023-12-15,31.0,449.0,7.26,7.28,7.27,0.0027510316368638877,5.97,5.99,5.98,0.0033444816053512477,0.02952777839680877
2023-11-15,C:\Users\avazq\OneDrive\Escritorio\cienciadatos\portafolio\quant-research-notes\HMM_regime_options\data\raw\spy_historical_options_2023-11-15.json.gz,449.68,True,,SPY231215C00450000,SPY231215P00450000,2023-12-15,30.0,450.0,6.57,6.59,6.58,0.0030395136778114855,6.22,6.25,6.234999999999999,0.004811547714514876,0.028498043052837572
2023-11-16,C:\Users\avazq\OneDrive\Escritorio\cienciadatos\portafolio\quant-research-notes\HMM_regime_options\data\raw\spy_historical_options_2023-11-16.json.gz,450.23,True,,SPY231215C00450000,SPY231215P00450000,2023-12-15,29.0,450.0,6.82,6.84,6.83,0.002928257686676365,5.63,5.65,5.640000000000001,0.0035460992907802233,0.02769695488972303
2023-11-17,C:\Users\avazq\OneDrive\Escritorio\cienciadatos\portafolio\quant-research-notes\HMM_regime_options\data\raw\spy_historical_options_2023-11-17.json.gz,450.79,True,,SPY231215C00451000,SPY231215P00451000,2023-12-15,28.0,451.0,6.2,6.23,6.215,0.0048270313757039825,5.71,5.73,5.720000000000001,0.0034965034965035767,0.026475742585239246
2023-11-20,C:\Users\avazq\OneDrive\Escritorio\cienciadatos\portafolio\quant-research-notes\HMM_regime_options\data\raw\spy_historical_options_2023-11-20.json.gz,454.26,True,,SPY231222C00454000,SPY231222P00454000,2023-12-22,32.0,454.0,6.59,6.62,6.605,0.004542013626040915,5.78,5.81,5.795,0.0051768766177738325,0.02729714260555629
2023-11-21,C:\Users\avazq\OneDrive\Escritorio\cienciadatos\portafolio\quant-research-notes\HMM_regime_options\data\raw\spy_historical_options_2023-11-21.json.gz,453.27,True,,SPY231222C00453000,SPY231222P00453000,2023-12-22,31.0,453.0,6.21,6.24,6.225,0.004819277108433775,5.85,5.87,5.859999999999999,0.0034129692832765295,0.026661813047411033
2023-11-22,C:\Users\avazq\OneDrive\Escritorio\cienciadatos\portafolio\quant-research-notes\HMM_regime_options\data\raw\spy_historical_options_2023-11-22.json.gz,455.02,True,,SPY231222C00455000,SPY231222P00455000,2023-12-22,30.0,455.0,5.95,5.99,5.970000000000001,0.00670016750418761,5.56,5.59,5.574999999999999,0.005381165919282557,0.025372511098413257
2023-11-24,C:\Users\avazq\OneDrive\Escritorio\cienciadatos\portafolio\quant-research-notes\HMM_regime_options\data\raw\spy_historical_options_2023-11-24.json.gz,455.3,True,,SPY231222C00455000,SPY231222P00455000,2023-12-22,28.0,455.0,5.69,5.72,5.705,0.005258545135845638,5.11,5.13,5.12,0.0039062499999999167,0.023775532615857672
2023-11-27,C:\Users\avazq\OneDrive\Escritorio\cienciadatos\portafolio\quant-research-notes\HMM_regime_options\data\raw\spy_historical_options_2023-11-27.json.gz,454.48,True,,SPY231229C00454000,SPY231229P00454000,2023-12-29,32.0,454.0,6.33,6.36,6.345000000000001,0.004728132387706895,5.31,5.33,5.32,0.003759398496240688,0.02566669600422461
2023-11-28,C:\Users\avazq\OneDrive\Escritorio\cienciadatos\portafolio\quant-research-notes\HMM_regime_options\data\raw\spy_historical_options_2023-11-28.json.gz,454.93,True,,SPY231229C00455000,SPY231229P00455000,2023-12-29,31.0,455.0,5.81,5.84,5.824999999999999,0.005150214592274722,5.49,5.51,5.5,0.0036363636363635587,0.024893939726990964
2023-11-29,C:\Users\avazq\OneDrive\Escritorio\cienciadatos\portafolio\quant-research-notes\HMM_regime_options\data\raw\spy_historical_options_2023-11-29.json.gz,454.61,True,,SPY231229C00455000,SPY231229P00455000,2023-12-29,30.0,455.0,5.94,5.96,5.95,0.0033613445378150543,5.54,5.56,5.55,0.003603603603603527,0.025296407910076767
2023-11-30,C:\Users\avazq\OneDrive\Escritorio\cienciadatos\portafolio\quant-research-notes\HMM_regime_options\data\raw\spy_historical_options_2023-11-30.json.gz,456.4,True,,SPY231229C00456000,SPY231229P00456000,2023-12-29,29.0,456.0,5.8,5.83,5.8149999999999995,0.005159071367153955,5.51,5.53,5.52,0.003623188405797185,0.02483567046450482
2023-12-01,C:\Users\avazq\OneDrive\Escritorio\cienciadatos\portafolio\quant-research-notes\HMM_regime_options\data\raw\spy_historical_options_2023-12-01.json.gz,459.1,True,,SPY231229C00459000,SPY231229P00459000,2023-12-29,28.0,459.0,5.68,5.7,5.6899999999999995,0.0035149384885765312,5.46,5.47,5.465,0.0018298261665141422,0.02429753866260074
2023-12-04,C:\Users\avazq\OneDrive\Escritorio\cienciadatos\portafolio\quant-research-notes\HMM_regime_options\data\raw\spy_historical_options_2023-12-04.json.gz,456.69,True,,SPY240105C00457000,SPY240105P00457000,2024-01-05,32.0,457.0,6.0,6.03,6.015000000000001,0.004987531172069866,6.28,6.3,6.29,0.0031796502384737,0.026943878779916355
2023-12-05,C:\Users\avazq\OneDrive\Escritorio\cienciadatos\portafolio\quant-research-notes\HMM_regime_options\data\raw\spy_historical_options_2023-12-05.json.gz,456.6,True,,SPY240105C00457000,SPY240105P00457000,2024-01-05,31.0,457.0,5.97,6.0,5.984999999999999,0.005012531328320844,6.02,6.05,6.035,0.004971002485501284,0.02632501095050372
2023-12-06,C:\Users\avazq\OneDrive\Escritorio\cienciadatos\portafolio\quant-research-notes\HMM_regime_options\data\raw\spy_historical_options_2023-12-06.json.gz,454.76,True,,SPY240105C00455000,SPY240105P00455000,2024-01-05,30.0,455.0,6.0,6.03,6.015000000000001,0.004987531172069866,5.88,5.9,5.890000000000001,0.003395585738539976,0.026178643680182957
2023-12-07,C:\Users\avazq\OneDrive\Escritorio\cienciadatos\portafolio\quant-research-notes\HMM_regime_options\data\raw\spy_historical_options_2023-12-07.json.gz,458.23,True,,SPY240105C00458000,SPY240105P00458000,2024-01-05,29.0,458.0,6.02,6.05,6.035,0.004971002485501284,5.8,5.82,5.8100000000000005,0.003442340791738461,0.025849464242847477
2023-12-08,C:\Users\avazq\OneDrive\Escritorio\cienciadatos\portafolio\quant-research-notes\HMM_regime_options\data\raw\spy_historical_options_2023-12-08.json.gz,460.2,True,,SPY240105C00460000,SPY240105P00460000,2024-01-05,28.0,460.0,5.46,5.49,5.475,0.0054794520547945666,5.42,5.45,5.4350000000000005,0.005519779208831692,0.023707083876575403
2023-12-11,C:\Users\avazq\OneDrive\Escritorio\cienciadatos\portafolio\quant-research-notes\HMM_regime_options\data\raw\spy_historical_options_2023-12-11.json.gz,461.99,True,,SPY240112C00462000,SPY240112P00462000,2024-01-12,32.0,462.0,6.31,6.34,6.324999999999999,0.0047430830039526094,5.92,5.94,5.93,0.003372681281618965,0.026526548193683844
2023-12-12,C:\Users\avazq\OneDrive\Escritorio\cienciadatos\portafolio\quant-research-notes\HMM_regime_options\data\raw\spy_historical_options_2023-12-12.json.gz,464.1,True,,SPY240112C00464000,SPY240112P00464000,2024-01-12,31.0,464.0,6.05,6.07,6.0600000000000005,0.0033003300330033763,5.24,5.26,5.25,0.0038095238095237284,0.024369747899159664
2023-12-13,C:\Users\avazq\OneDrive\Escritorio\cienciadatos\portafolio\quant-research-notes\HMM_regime_options\data\raw\spy_historical_options_2023-12-13.json.gz,470.5,True,,SPY240112C00470000,SPY240112P00470000,2024-01-12,30.0,470.0,6.0,6.05,6.025,0.008298755186721962,5.15,5.18,5.165,0.005808325266214784,0.023783209351753456
2023-12-14,C:\Users\avazq\OneDrive\Escritorio\cienciadatos\portafolio\quant-research-notes\HMM_regime_options\data\raw\spy_historical_options_2023-12-14.json.gz,472.01,True,,SPY240112C00472000,SPY240112P00472000,2024-01-12,29.0,472.0,5.37,5.41,5.390000000000001,0.007421150278293142,5.42,5.48,5.45,0.011009174311926696,0.02296561513527256
2023-12-15,C:\Users\avazq\OneDrive\Escritorio\cienciadatos\portafolio\quant-research-notes\HMM_regime_options\data\raw\spy_historical_options_2023-12-15.json.gz,469.33,True,,SPY240112C00469000,SPY240112P00469000,2024-01-12,28.0,469.0,6.84,6.88,6.859999999999999,0.0058309037900874695,4.21,4.24,4.225,0.007100591715976391,0.02361877570153197
2023-12-18,C:\Users\avazq\OneDrive\Escritorio\cienciadatos\portafolio\quant-research-notes\HMM_regime_options\data\raw\spy_historical_options_2023-12-18.json.gz,471.97,True,,SPY240119C00472000,SPY240119P00472000,2024-01-19,32.0,472.0,7.21,7.22,7.215,0.0013860013860013565,5.08,5.09,5.085,0.0019665683382497122,0.026060978452020257
2023-12-19,C:\Users\avazq\OneDrive\Escritorio\cienciadatos\portafolio\quant-research-notes\HMM_regime_options\data\raw\spy_historical_options_2023-12-19.json.gz,474.84,True,,SPY240119C00475000,SPY240119P00475000,2024-01-19,31.0,475.0,7.01,7.03,7.02,0.002849002849002915,5.12,5.14,5.13,0.003898635477582763,0.02558756633813495
2023-12-20,C:\Users\avazq\OneDrive\Escritorio\cienciadatos\portafolio\quant-research-notes\HMM_regime_options\data\raw\spy_historical_options_2023-12-20.json.gz,468.26,True,,SPY240119C00468000,SPY240119P00468000,2024-01-19,30.0,468.0,7.39,7.45,7.42,0.008086253369272304,5.25,5.28,5.265000000000001,0.005698005698005744,0.027089651048562764
2023-12-21,C:\Users\avazq\OneDrive\Escritorio\cienciadatos\portafolio\quant-research-notes\HMM_regime_options\data\raw\spy_historical_options_2023-12-21.json.gz,472.7,True,,SPY240119C00473000,SPY240119P00473000,2024-01-19,29.0,473.0,7.2,7.22,7.21,0.0027739251040221325,5.3,5.32,5.3100000000000005,0.0037664783427496158,0.02648614343135181
2023-12-22,C:\Users\avazq\OneDrive\Escritorio\cienciadatos\portafolio\quant-research-notes\HMM_regime_options\data\raw\spy_historical_options_2023-12-22.json.gz,473.65,True,,SPY240119C00474000,SPY240119P00474000,2024-01-19,28.0,474.0,6.6,6.63,6.615,0.004535147392290287,5.27,5.29,5.279999999999999,0.003787878787878876,0.02511348041803019
2023-12-26,C:\Users\avazq\OneDrive\Escritorio\cienciadatos\portafolio\quant-research-notes\HMM_regime_options\data\raw\spy_historical_options_2023-12-26.json.gz,475.65,True,,SPY240126C00476000,SPY240126P00476000,2024-01-26,31.0,476.0,7.37,7.41,7.390000000000001,0.005412719891745607,5.36,5.39,5.375,0.005581395348837091,0.026836959949542733
2023-12-27,C:\Users\avazq\OneDrive\Escritorio\cienciadatos\portafolio\quant-research-notes\HMM_regime_options\data\raw\spy_historical_options_2023-12-27.json.gz,476.51,True,,SPY240126C00477000,SPY240126P00477000,2024-01-26,30.0,477.0,7.02,7.05,7.035,0.004264392324093852,4.94,4.97,4.955,0.006054490413723383,0.02516211622001637
2023-12-28,C:\Users\avazq\OneDrive\Escritorio\cienciadatos\portafolio\quant-research-notes\HMM_regime_options\data\raw\spy_historical_options_2023-12-28.json.gz,476.69,True,,SPY240126C00477000,SPY240126P00477000,2024-01-26,29.0,477.0,6.84,6.86,6.85,0.0029197080291971478,4.85,4.87,4.859999999999999,0.004115226337448655,0.024565231072604835
2023-12-29,C:\Users\avazq\OneDrive\Escritorio\cienciadatos\portafolio\quant-research-notes\HMM_regime_options\data\raw\spy_historical_options_2023-12-29.json.gz,475.31,True,,SPY240126C00475000,SPY240126P00475000,2024-01-26,28.0,475.0,6.77,6.8,6.785,0.0044215180545320925,4.6,4.63,4.615,0.006500541711809371,0.023984347057709705
2024-01-02,C:\Users\avazq\OneDrive\Escritorio\cienciadatos\portafolio\quant-research-notes\HMM_regime_options\data\raw\spy_historical_options_2024-01-02.json.gz,472.65,True,,SPY240202C00472500,SPY240202P00472500,2024-02-02,31.0,472.5,7.91,7.94,7.925000000000001,0.003785488958990567,5.29,5.32,5.305,0.005655042412818143,0.027991113932085053
2024-01-03,C:\Users\avazq\OneDrive\Escritorio\cienciadatos\portafolio\quant-research-notes\HMM_regime_options\data\raw\spy_historical_options_2024-01-03.json.gz,468.79,True,,SPY240202C00469000,SPY240202P00469000,2024-02-02,30.0,469.0,7.73,7.76,7.745,0.003873466752743623,5.78,5.81,5.795,0.0051768766177738325,0.028882868661874183
2024-01-04,C:\Users\avazq\OneDrive\Escritorio\cienciadatos\portafolio\quant-research-notes\HMM_regime_options\data\raw\spy_historical_options_2024-01-04.json.gz,467.28,True,,SPY240202C00467500,SPY240202P00467500,2024-02-02,29.0,467.5,7.69,7.72,7.705,0.0038935756002594886,5.62,5.65,5.635,0.005323868677905989,0.028548193802431093
2024-01-05,C:\Users\avazq\OneDrive\Escritorio\cienciadatos\portafolio\quant-research-notes\HMM_regime_options\data\raw\spy_historical_options_2024-01-05.json.gz,467.92,True,,SPY240202C00468000,SPY240202P00468000,2024-02-02,28.0,468.0,7.33,7.35,7.34,0.0027247956403269173,5.17,5.2,5.1850000000000005,0.005785920925747395,0.02676739613609164
2024-01-08,C:\Users\avazq\OneDrive\Escritorio\cienciadatos\portafolio\quant-research-notes\HMM_regime_options\data\raw\spy_historical_options_2024-01-08.json.gz,474.6,True,,SPY240209C00475000,SPY240209P00475000,2024-02-09,32.0,475.0,7.37,7.4,7.385,0.00406228842247803,5.64,5.66,5.65,0.003539823008849639,0.027465233881163082
2024-01-09,C:\Users\avazq\OneDrive\Escritorio\cienciadatos\portafolio\quant-research-notes\HMM_regime_options\data\raw\spy_historical_options_2024-01-09.json.gz,473.88,True,,SPY240209C00474000,SPY240209P00474000,2024-02-09,31.0,474.0,7.26,7.28,7.27,0.0027510316368638877,5.25,5.28,5.265000000000001,0.005698005698005744,0.02645184434878028
2024-01-10,C:\Users\avazq\OneDrive\Escritorio\cienciadatos\portafolio\quant-research-notes\HMM_regime_options\data\raw\spy_historical_options_2024-01-10.json.gz,476.56,True,,SPY240209C00477000,SPY240209P00477000,2024-02-09,30.0,477.0,6.92,6.95,6.9350000000000005,0.004325883201153604,5.25,5.27,5.26,0.003802281368821212,0.025589642437468526
2024-01-11,C:\Users\avazq\OneDrive\Escritorio\cienciadatos\portafolio\quant-research-notes\HMM_regime_options\data\raw\spy_historical_options_2024-01-11.json.gz,476.35,True,,SPY240209C00476000,SPY240209P00476000,2024-02-09,29.0,476.0,6.98,7.0,6.99,0.0028612303290414267,4.8,4.82,4.8100000000000005,0.004158004158004254,0.0247717014800042
2024-01-12,C:\Users\avazq\OneDrive\Escritorio\cienciadatos\portafolio\quant-research-notes\HMM_regime_options\data\raw\spy_historical_options_2024-01-12.json.gz,476.68,True,,SPY240209C00477000,SPY240209P00477000,2024-02-09,28.0,477.0,6.32,6.35,6.335,0.004735595895816789,5.14,5.16,5.15,0.0038834951456311576,0.0240937316438701
2024-01-16,C:\Users\avazq\OneDrive\Escritorio\cienciadatos\portafolio\quant-research-notes\HMM_regime_options\data\raw\spy_historical_options_2024-01-16.json.gz,474.93,True,,SPY240216C00475000,SPY240216P00475000,2024-02-16,31.0,475.0,7.86,7.88,7.87,0.0025412960609910514,5.59,5.61,5.6,0.003571428571428654,0.028362074410965825
2024-01-17,C:\Users\avazq\OneDrive\Escritorio\cienciadatos\portafolio\quant-research-notes\HMM_regime_options\data\raw\spy_historical_options_2024-01-17.json.gz,472.29,True,,SPY240216C00472000,SPY240216P00472000,2024-02-16,30.0,472.0,8.16,8.18,8.17,0.0024479804161566185,5.8,5.81,5.805,0.0017226528854435465,0.029589870630333057
2024-01-18,C:\Users\avazq\OneDrive\Escritorio\cienciadatos\portafolio\quant-research-notes\HMM_regime_options\data\raw\spy_historical_options_2024-01-18.json.gz,476.49,True,,SPY240216C00476000,SPY240216P00476000,2024-02-16,29.0,476.0,7.73,7.75,7.74,0.0025839793281653197,5.58,5.6,5.59,0.003577817531305827,0.027975403471216603
2024-01-19,C:\Users\avazq\OneDrive\Escritorio\cienciadatos\portafolio\quant-research-notes\HMM_regime_options\data\raw\spy_historical_options_2024-01-19.json.gz,482.43,True,,SPY240216C00482000,SPY240216P00482000,2024-02-16,28.0,482.0,7.55,7.57,7.5600000000000005,0.0026455026455027065,4.92,4.94,4.93,0.004056795131845935,0.025889766390979
2024-01-22,C:\Users\avazq\OneDrive\Escritorio\cienciadatos\portafolio\quant-research-notes\HMM_regime_options\data\raw\spy_historical_options_2024-01-22.json.gz,483.45,True,,SPY240223C00483000,SPY240223P00483000,2024-02-23,32.0,483.0,7.92,7.96,7.9399999999999995,0.0050377833753148665,5.17,5.2,5.1850000000000005,0.005785920925747395,0.027148619298789946
2024-01-23,C:\Users\avazq\OneDrive\Escritorio\cienciadatos\portafolio\quant-research-notes\HMM_regime_options\data\raw\spy_historical_options_2024-01-23.json.gz,484.86,True,,SPY240223C00485000,SPY240223P00485000,2024-02-23,31.0,485.0,7.24,7.28,7.26,0.005509641873278242,4.98,5.01,4.995,0.006006006006005878,0.025275337210741242
2024-01-24,C:\Users\avazq\OneDrive\Escritorio\cienciadatos\portafolio\quant-research-notes\HMM_regime_options\data\raw\spy_historical_options_2024-01-24.json.gz,485.39,True,,SPY240223C00485000,SPY240223P00485000,2024-02-23,30.0,485.0,7.14,7.18,7.16,0.005586592178770954,5.23,5.26,5.245,0.005719733079122853,0.025556768783864526
2024-01-25,C:\Users\avazq\OneDrive\Escritorio\cienciadatos\portafolio\quant-research-notes\HMM_regime_options\data\raw\spy_historical_options_2024-01-25.json.gz,488.03,True,,SPY240223C00488000,SPY240223P00488000,2024-02-23,29.0,488.0,7.12,7.15,7.135,0.004204625087596391,5.3,5.32,5.3100000000000005,0.0037664783427496158,0.025500481527774933
2024-01-26,C:\Users\avazq\OneDrive\Escritorio\cienciadatos\portafolio\quant-research-notes\HMM_regime_options\data\raw\spy_historical_options_2024-01-26.json.gz,487.41,True,,SPY240223C00487000,SPY240223P00487000,2024-02-23,28.0,487.0,7.18,7.22,7.199999999999999,0.005555555555555561,4.95,4.98,4.965,0.006042296072507603,0.024958453868406474
2024-01-29,C:\Users\avazq\OneDrive\Escritorio\cienciadatos\portafolio\quant-research-notes\HMM_regime_options\data\raw\spy_historical_options_2024-01-29.json.gz,491.27,True,,SPY240229C00491000,SPY240229P00491000,2024-02-29,31.0,491.0,7.64,7.67,7.654999999999999,0.003919007184846539,5.52,5.54,5.529999999999999,0.003616636528029017,0.026838601990758645
2024-01-30,C:\Users\avazq\OneDrive\Escritorio\cienciadatos\portafolio\quant-research-notes\HMM_regime_options\data\raw\spy_historical_options_2024-01-30.json.gz,490.89,True,,SPY240229C00491000,SPY240229P00491000,2024-02-29,30.0,491.0,6.93,6.98,6.955,0.0071890726096334595,5.66,5.68,5.67,0.0035273368606701188,0.02571859276008882
2024-01-31,C:\Users\avazq\OneDrive\Escritorio\cienciadatos\portafolio\quant-research-notes\HMM_regime_options\data\raw\spy_historical_options_2024-01-31.json.gz,482.88,True,,SPY240301C00483000,SPY240301P00483000,2024-03-01,30.0,483.0,8.17,8.23,8.2,0.0073170731707317685,5.58,5.63,5.605,0.008920606601248852,0.02858888336646786
2024-02-01,C:\Users\avazq\OneDrive\Escritorio\cienciadatos\portafolio\quant-research-notes\HMM_regime_options\data\raw\spy_historical_options_2024-02-01.json.gz,489.2,True,,SPY240301C00489000,SPY240301P00489000,2024-03-01,29.0,489.0,8.11,8.15,8.129999999999999,0.0049200492004921196,4.95,4.98,4.965,0.006042296072507603,0.0267681929681112
2024-02-02,C:\Users\avazq\OneDrive\Escritorio\cienciadatos\portafolio\quant-research-notes\HMM_regime_options\data\raw\spy_historical_options_2024-02-02.json.gz,494.35,True,,SPY240301C00494000,SPY240301P00494000,2024-03-01,28.0,494.0,7.3,7.34,7.32,0.005464480874316944,5.16,5.18,5.17,0.003868471953578254,0.02526550015171437
2024-02-05,C:\Users\avazq\OneDrive\Escritorio\cienciadatos\portafolio\quant-research-notes\HMM_regime_options\data\raw\spy_historical_options_2024-02-05.json.gz,492.55,True,,SPY240308C00492500,SPY240308P00492500,2024-03-08,32.0,492.5,7.96,7.99,7.975,0.003761755485893448,5.48,5.51,5.495,0.005459508644221903,0.02734747741346056
2024-02-06,C:\Users\avazq\OneDrive\Escritorio\cienciadatos\portafolio\quant-research-notes\HMM_regime_options\data\raw\spy_historical_options_2024-02-06.json.gz,493.98,True,,SPY240308C00494000,SPY240308P00494000,2024-03-08,31.0,494.0,7.32,7.35,7.335,0.004089979550102162,5.46,5.49,5.475,0.0054794520547945666,0.025932223976679214
2024-02-07,C:\Users\avazq\OneDrive\Escritorio\cienciadatos\portafolio\quant-research-notes\HMM_regime_options\data\raw\spy_historical_options_2024-02-07.json.gz,498.1,True,,SPY240308C00498000,SPY240308P00498000,2024-03-08,30.0,498.0,7.31,7.34,7.324999999999999,0.004095563139931775,5.22,5.25,5.234999999999999,0.005730659025788014,0.025215820116442477
2024-02-08,C:\Users\avazq\OneDrive\Escritorio\cienciadatos\portafolio\quant-research-notes\HMM_regime_options\data\raw\spy_historical_options_2024-02-08.json.gz,498.32,True,,SPY240308C00498000,SPY240308P00498000,2024-03-08,29.0,498.0,7.36,7.39,7.375,0.004067796610169405,4.93,4.96,4.945,0.006066734074823103,0.024723069513565583
2024-02-09,C:\Users\avazq\OneDrive\Escritorio\cienciadatos\portafolio\quant-research-notes\HMM_regime_options\data\raw\spy_historical_options_2024-02-09.json.gz,501.2,True,,SPY240308C00501000,SPY240308P00501000,2024-03-08,28.0,501.0,7.06,7.08,7.07,0.002828854314002894,5.03,5.05,5.04,0.003968253968253884,0.024162011173184356
2024-02-12,C:\Users\avazq\OneDrive\Escritorio\cienciadatos\portafolio\quant-research-notes\HMM_regime_options\data\raw\spy_historical_options_2024-02-12.json.gz,500.98,True,,SPY240315C00501000,SPY240315P00501000,2024-03-15,32.0,501.0,7.72,7.75,7.734999999999999,0.0038784744667097935,6.37,6.38,6.375,0.0015686274509803587,0.028164796997884146
2024-02-13,C:\Users\avazq\OneDrive\Escritorio\cienciadatos\portafolio\quant-research-notes\HMM_regime_options\data\raw\spy_historical_options_2024-02-13.json.gz,494.08,True,,SPY240315C00494000,SPY240315P00494000,2024-03-15,31.0,494.0,8.18,8.21,8.195,0.003660768761440041,6.48,6.5,6.49,0.0030816640986131853,0.02972190738341969
2024-02-14,C:\Users\avazq\OneDrive\Escritorio\cienciadatos\portafolio\quant-research-notes\HMM_regime_options\data\raw\spy_historical_options_2024-02-14.json.gz,498.57,True,,SPY240315C00499000,SPY240315P00499000,2024-03-15,30.0,499.0,7.59,7.62,7.605,0.003944773175542439,6.07,6.1,6.085,0.0049301561216104125,0.02745853139980344
2024-02-15,C:\Users\avazq\OneDrive\Escritorio\cienciadatos\portafolio\quant-research-notes\HMM_regime_options\data\raw\spy_historical_options_2024-02-15.json.gz,502.01,True,,SPY240315C00502000,SPY240315P00502000,2024-03-15,29.0,502.0,7.57,7.6,7.585,0.00395517468688192,5.94,5.95,5.945,0.0016820857863750693,0.026951654349514954
2024-02-16,C:\Users\avazq\OneDrive\Escritorio\cienciadatos\portafolio\quant-research-notes\HMM_regime_options\data\raw\spy_historical_options_2024-02-16.json.gz,499.51,True,,SPY240315C00500000,SPY240315P00500000,2024-03-15,28.0,500.0,6.69,6.72,6.705,0.004474272930648674,6.58,6.6,6.59,0.00303490136570555,0.026616083762086844
2024-02-20,C:\Users\avazq\OneDrive\Escritorio\cienciadatos\portafolio\quant-research-notes\HMM_regime_options\data\raw\spy_historical_options_2024-02-20.json.gz,496.76,True,,SPY240322C00497000,SPY240322P00497000,2024-03-22,31.0,497.0,7.64,7.69,7.665,0.006523157208088807,7.16,7.19,7.175000000000001,0.004181184668989581,0.029873580803607375
2024-02-21,C:\Users\avazq\OneDrive\Escritorio\cienciadatos\portafolio\quant-research-notes\HMM_regime_options\data\raw\spy_historical_options_2024-02-21.json.gz,497.21,True,,SPY240322C00497000,SPY240322P00497000,2024-03-22,30.0,497.0,7.77,7.81,7.789999999999999,0.005134788189987168,6.68,6.72,6.699999999999999,0.005970149253731349,0.02914261579614247
2024-02-22,C:\Users\avazq\OneDrive\Escritorio\cienciadatos\portafolio\quant-research-notes\HMM_regime_options\data\raw\spy_historical_options_2024-02-22.json.gz,507.5,True,,SPY240322C00507000,SPY240322P00507000,2024-03-22,29.0,507.0,7.56,7.6,7.58,0.0052770448548812715,6.31,6.34,6.324999999999999,0.0047430830039526094,0.027399014778325122
2024-02-23,C:\Users\avazq\OneDrive\Escritorio\cienciadatos\portafolio\quant-research-notes\HMM_regime_options\data\raw\spy_historical_options_2024-02-23.json.gz,507.85,True,,SPY240322C00508000,SPY240322P00508000,2024-03-22,28.0,508.0,6.7,6.74,6.720000000000001,0.005952380952380957,6.26,6.28,6.27,0.0031897926634769477,0.02557841882445604
2024-02-26,C:\Users\avazq\OneDrive\Escritorio\cienciadatos\portafolio\quant-research-notes\HMM_regime_options\data\raw\spy_historical_options_2024-02-26.json.gz,505.99,True,,SPY240328C00506000,SPY240328P00506000,2024-03-28,31.0,506.0,7.21,7.26,7.234999999999999,0.006910850034554226,6.31,6.34,6.324999999999999,0.0047430830039526094,0.026798948595822047
2024-02-27,C:\Users\avazq\OneDrive\Escritorio\cienciadatos\portafolio\quant-research-notes\HMM_regime_options\data\raw\spy_historical_options_2024-02-27.json.gz,506.93,True,,SPY240328C00507000,SPY240328P00507000,2024-03-28,30.0,507.0,6.88,6.92,6.9,0.005797101449275368,6.07,6.1,6.085,0.0049301561216104125,0.025614976426725583
2024-02-28,C:\Users\avazq\OneDrive\Escritorio\cienciadatos\portafolio\quant-research-notes\HMM_regime_options\data\raw\spy_historical_options_2024-02-28.json.gz,506.26,True,,SPY240328C00506000,SPY240328P00506000,2024-03-28,29.0,506.0,6.48,6.51,6.495,0.004618937644341702,6.44,6.48,6.460000000000001,0.0061919504643962895,0.025589617982854664
2024-02-29,C:\Users\avazq\OneDrive\Escritorio\cienciadatos\portafolio\quant-research-notes\HMM_regime_options\data\raw\spy_historical_options_2024-02-29.json.gz,508.08,True,,SPY240328C00508000,SPY240328P00508000,2024-03-28,28.0,508.0,6.59,6.63,6.609999999999999,0.006051437216338887,5.98,6.02,6.0,0.006666666666666525,0.024818926153361676
2024-03-01,C:\Users\avazq\OneDrive\Escritorio\cienciadatos\portafolio\quant-research-notes\HMM_regime_options\data\raw\spy_historical_options_2024-03-01.json.gz,512.85,True,,SPY240328C00513000,SPY240328P00513000,2024-03-28,27.0,513.0,6.09,6.13,6.109999999999999,0.006546644844517191,6.11,6.15,6.130000000000001,0.006525285481239809,0.023866627668909037
2024-03-04,C:\Users\avazq\OneDrive\Escritorio\cienciadatos\portafolio\quant-research-notes\HMM_regime_options\data\raw\spy_historical_options_2024-03-04.json.gz,512.3,True,,SPY240405C00512000,SPY240405P00512000,2024-04-05,32.0,512.0,7.41,7.44,7.425000000000001,0.004040404040404073,6.49,6.53,6.51,0.006144393241167441,0.027200858871754833
2024-03-05,C:\Users\avazq\OneDrive\Escritorio\cienciadatos\portafolio\quant-research-notes\HMM_regime_options\data\raw\spy_historical_options_2024-03-05.json.gz,507.18,True,,SPY240405C00507000,SPY240405P00507000,2024-04-05,31.0,507.0,7.97,8.0,7.984999999999999,0.003757044458359455,6.5,6.54,6.52,0.0061349693251533804,0.028599313853069915
2024-03-06,C:\Users\avazq\OneDrive\Escritorio\cienciadatos\portafolio\quant-research-notes\HMM_regime_options\data\raw\spy_historical_options_2024-03-06.json.gz,509.75,True,,SPY240405C00510000,SPY240405P00510000,2024-04-05,30.0,510.0,7.54,7.57,7.555,0.003970880211780311,6.84,6.87,6.855,0.004376367614879686,0.02826875919568416
2024-03-07,C:\Users\avazq\OneDrive\Escritorio\cienciadatos\portafolio\quant-research-notes\HMM_regime_options\data\raw\spy_historical_options_2024-03-07.json.gz,514.81,True,,SPY240405C00515000,SPY240405P00515000,2024-04-05,29.0,515.0,7.2,7.23,7.215,0.004158004158004193,7.04,7.07,7.055,0.004252303330970978,0.027718964278083177
2024-03-08,C:\Users\avazq\OneDrive\Escritorio\cienciadatos\portafolio\quant-research-notes\HMM_regime_options\data\raw\spy_historical_options_2024-03-08.json.gz,511.72,True,,SPY240405C00512000,SPY240405P00512000,2024-04-05,28.0,512.0,7.53,7.56,7.545,0.003976143141152997,6.55,6.58,6.5649999999999995,0.004569687738004608,0.027573673102477915
2024-03-11,C:\Users\avazq\OneDrive\Escritorio\cienciadatos\portafolio\quant-research-notes\HMM_regime_options\data\raw\spy_historical_options_2024-03-11.json.gz,511.28,True,,SPY240412C00511000,SPY240412P00511000,2024-04-12,32.0,511.0,8.56,8.6,8.58,0.004662004662004562,7.22,7.26,7.24,0.005524861878453044,0.030941949616648413
2024-03-12,C:\Users\avazq\OneDrive\Escritorio\cienciadatos\portafolio\quant-research-notes\HMM_regime_options\data\raw\spy_historical_options_2024-03-12.json.gz,516.78,True,,SPY240412C00517000,SPY240412P00517000,2024-04-12,31.0,517.0,7.49,7.52,7.505,0.003997335109926631,6.74,6.78,6.76,0.0059171597633136145,0.02760362243120864
2024-03-13,C:\Users\avazq\OneDrive\Escritorio\cienciadatos\portafolio\quant-research-notes\HMM_regime_options\data\raw\spy_historical_options_2024-03-13.json.gz,515.97,True,,SPY240412C00516000,SPY240412P00516000,2024-04-12,30.0,516.0,7.4,7.43,7.415,0.004045853000674222,6.42,6.46,6.4399999999999995,0.006211180124223608,0.0268523363761459
2024-03-14,C:\Users\avazq\OneDrive\Escritorio\cienciadatos\portafolio\quant-research-notes\HMM_regime_options\data\raw\spy_historical_options_2024-03-14.json.gz,514.95,True,,SPY240412C00515000,SPY240412P00515000,2024-04-12,29.0,515.0,7.16,7.2,7.18,0.005571030640668529,6.78,6.82,6.800000000000001,0.005882352941176475,0.027148266822021552
2024-03-15,C:\Users\avazq\OneDrive\Escritorio\cienciadatos\portafolio\quant-research-notes\HMM_regime_options\data\raw\spy_historical_options_2024-03-15.json.gz,509.83,True,,SPY240412C00510000,SPY240412P00510000,2024-04-12,28.0,510.0,8.23,8.26,8.245000000000001,0.003638568829593615,6.12,6.15,6.135,0.00488997555012229,0.02820548025812526
2024-03-18,C:\Users\avazq\OneDrive\Escritorio\cienciadatos\portafolio\quant-research-notes\HMM_regime_options\data\raw\spy_historical_options_2024-03-18.json.gz,512.86,True,,SPY240419C00513000,SPY240419P00513000,2024-04-19,32.0,513.0,9.0,9.06,9.030000000000001,0.006644518272425303,6.46,6.49,6.475,0.004633204633204672,0.03023242210349803
2024-03-19,C:\Users\avazq\OneDrive\Escritorio\cienciadatos\portafolio\quant-research-notes\HMM_regime_options\data\raw\spy_historical_options_2024-03-19.json.gz,515.71,True,,SPY240419C00516000,SPY240419P00516000,2024-04-19,31.0,516.0,8.49,8.52,8.504999999999999,0.003527336860670119,6.15,6.17,6.16,0.0032467532467531776,0.028436524403249886
2024-03-20,C:\Users\avazq\OneDrive\Escritorio\cienciadatos\portafolio\quant-research-notes\HMM_regime_options\data\raw\spy_historical_options_2024-03-20.json.gz,520.48,True,,SPY240419C00520000,SPY240419P00520000,2024-04-19,30.0,520.0,8.67,8.69,8.68,0.002304147465437739,5.28,5.31,5.295,0.005665722379603279,0.026850215185982167
2024-03-21,C:\Users\avazq\OneDrive\Escritorio\cienciadatos\portafolio\quant-research-notes\HMM_regime_options\data\raw\spy_historical_options_2024-03-21.json.gz,522.2,True,,SPY240419C00522000,SPY240419P00522000,2024-04-19,29.0,522.0,7.88,7.91,7.895,0.0037998733375554463,5.31,5.33,5.32,0.003759398496240688,0.02530639601685178
2024-03-22,C:\Users\avazq\OneDrive\Escritorio\cienciadatos\portafolio\quant-research-notes\HMM_regime_options\data\raw\spy_historical_options_2024-03-22.json.gz,521.21,True,,SPY240419C00521000,SPY240419P00521000,2024-04-19,28.0,521.0,7.5,7.53,7.515000000000001,0.003992015968063905,5.32,5.35,5.335,0.005623242736644679,0.024654170104180657
2024-03-25,C:\Users\avazq\OneDrive\Escritorio\cienciadatos\portafolio\quant-research-notes\HMM_regime_options\data\raw\spy_historical_options_2024-03-25.json.gz,519.77,True,,SPY240426C00520000,SPY240426P00520000,2024-04-26,32.0,520.0,8.31,8.34,8.325,0.003603603603603527,5.84,5.87,5.855,0.005123825789923184,0.027281297496969815
2024-03-26,C:\Users\avazq\OneDrive\Escritorio\cienciadatos\portafolio\quant-research-notes\HMM_regime_options\data\raw\spy_historical_options_2024-03-26.json.gz,518.81,True,,SPY240426C00519000,SPY240426P00519000,2024-04-26,31.0,519.0,8.18,8.23,8.205,0.006093845216331592,5.51,5.55,5.529999999999999,0.007233273056057874,0.026474046375358995
2024-03-27,C:\Users\avazq\OneDrive\Escritorio\cienciadatos\portafolio\quant-research-notes\HMM_regime_options\data\raw\spy_historical_options_2024-03-27.json.gz,523.17,True,,SPY240426C00523000,SPY240426P00523000,2024-04-26,30.0,523.0,7.83,7.87,7.85,0.00509554140127389,5.2,5.24,5.220000000000001,0.007662835249042151,0.02498231932259113
2024-03-28,C:\Users\avazq\OneDrive\Escritorio\cienciadatos\portafolio\quant-research-notes\HMM_regime_options\data\raw\spy_historical_options_2024-03-28.json.gz,523.07,True,,SPY240426C00523000,SPY240426P00523000,2024-04-26,29.0,523.0,7.69,7.72,7.705,0.0038935756002594886,5.27,5.31,5.289999999999999,0.007561436672967872,0.02484371116676544
2024-04-01,C:\Users\avazq\OneDrive\Escritorio\cienciadatos\portafolio\quant-research-notes\HMM_regime_options\data\raw\spy_historical_options_2024-04-01.json.gz,522.16,True,,SPY240430C00522000,SPY240430P00522000,2024-04-30,29.0,522.0,7.89,7.92,7.904999999999999,0.003795066413662271,5.49,5.52,5.505,0.0054495912806538345,0.025681783361421788
2024-04-02,C:\Users\avazq\OneDrive\Escritorio\cienciadatos\portafolio\quant-research-notes\HMM_regime_options\data\raw\spy_historical_options_2024-04-02.json.gz,518.84,True,,SPY240503C00519000,SPY240503P00519000,2024-05-03,31.0,519.0,9.02,9.05,9.035,0.003320420586607763,6.48,6.52,6.5,0.006153846153846023,0.02994179323105389
2024-04-03,C:\Users\avazq\OneDrive\Escritorio\cienciadatos\portafolio\quant-research-notes\HMM_regime_options\data\raw\spy_historical_options_2024-04-03.json.gz,519.41,True,,SPY240503C00519000,SPY240503P00519000,2024-05-03,30.0,519.0,9.37,9.4,9.385,0.0031965903036762,5.99,6.03,6.01,0.0066555740432612375,0.02963939854835294
2024-04-04,C:\Users\avazq\OneDrive\Escritorio\cienciadatos\portafolio\quant-research-notes\HMM_regime_options\data\raw\spy_historical_options_2024-04-04.json.gz,513.07,True,,SPY240503C00513000,SPY240503P00513000,2024-05-03,29.0,513.0,9.62,9.7,9.66,0.00828157349896481,7.03,7.1,7.0649999999999995,0.009907997169143581,0.03259789112596722
2024-04-05,C:\Users\avazq\OneDrive\Escritorio\cienciadatos\portafolio\quant-research-notes\HMM_regime_options\data\raw\spy_historical_options_2024-04-05.json.gz,518.43,True,,SPY240503C00518000,SPY240503P00518000,2024-05-03,28.0,518.0,9.35,9.39,9.370000000000001,0.004268943436499565,6.76,6.8,6.779999999999999,0.0058997050147492685,0.03115174661960149
2024-04-08,C:\Users\avazq\OneDrive\Escritorio\cienciadatos\portafolio\quant-research-notes\HMM_regime_options\data\raw\spy_historical_options_2024-04-08.json.gz,518.72,True,,SPY240510C00519000,SPY240510P00519000,2024-05-10,32.0,519.0,9.49,9.52,9.504999999999999,0.003156233561283468,6.9,6.95,6.925000000000001,0.007220216606498168,0.031674120913016655
2024-04-09,C:\Users\avazq\OneDrive\Escritorio\cienciadatos\portafolio\quant-research-notes\HMM_regime_options\data\raw\spy_historical_options_2024-04-09.json.gz,519.32,True,,SPY240510C00519000,SPY240510P00519000,2024-05-10,31.0,519.0,10.02,10.05,10.035,0.0029895366218237306,6.28,6.32,6.300000000000001,0.006349206349206354,0.031454594469691136
2024-04-10,C:\Users\avazq\OneDrive\Escritorio\cienciadatos\portafolio\quant-research-notes\HMM_regime_options\data\raw\spy_historical_options_2024-04-10.json.gz,514.12,True,,SPY240510C00514000,SPY240510P00514000,2024-05-10,30.0,514.0,9.09,9.14,9.115,0.005485463521667659,7.45,7.5,7.475,0.006688963210702318,0.0322687310355559
2024-04-11,C:\Users\avazq\OneDrive\Escritorio\cienciadatos\portafolio\quant-research-notes\HMM_regime_options\data\raw\spy_historical_options_2024-04-11.json.gz,518.0,True,,SPY240510C00518000,SPY240510P00518000,2024-05-10,29.0,518.0,8.99,9.02,9.004999999999999,0.0033314825097167534,6.59,6.62,6.605,0.004542013626040915,0.030135135135135133
2024-04-12,C:\Users\avazq\OneDrive\Escritorio\cienciadatos\portafolio\quant-research-notes\HMM_regime_options\data\raw\spy_historical_options_2024-04-12.json.gz,510.85,True,,SPY240510C00511000,SPY240510P00511000,2024-05-10,28.0,511.0,9.57,9.63,9.600000000000001,0.006250000000000051,7.53,7.59,7.5600000000000005,0.007936507936507884,0.033591073700694925
2024-04-15,C:\Users\avazq\OneDrive\Escritorio\cienciadatos\portafolio\quant-research-notes\HMM_regime_options\data\raw\spy_historical_options_2024-04-15.json.gz,504.45,True,,SPY240517C00504000,SPY240517P00504000,2024-05-17,32.0,504.0,11.53,11.58,11.555,0.004327131112072757,8.83,8.88,8.855,0.005646527385657901,0.040459906829219947
2024-04-16,C:\Users\avazq\OneDrive\Escritorio\cienciadatos\portafolio\quant-research-notes\HMM_regime_options\data\raw\spy_historical_options_2024-04-16.json.gz,503.53,True,,SPY240517C00504000,SPY240517P00504000,2024-05-17,31.0,504.0,10.58,10.63,10.605,0.004714757190004782,8.62,8.67,8.645,0.005783689994216392,0.03823009552558934
2024-04-17,C:\Users\avazq\OneDrive\Escritorio\cienciadatos\portafolio\quant-research-notes\HMM_regime_options\data\raw\spy_historical_options_2024-04-17.json.gz,500.55,True,,SPY240517C00500000,SPY240517P00500000,2024-05-17,30.0,500.0,10.95,10.99,10.969999999999999,0.003646308113035636,8.06,8.08,8.07,0.0024783147459726857,0.03803815802617121
2024-04-18,C:\Users\avazq\OneDrive\Escritorio\cienciadatos\portafolio\quant-research-notes\HMM_regime_options\data\raw\spy_historical_options_2024-04-18.json.gz,499.52,True,,SPY240517C00500000,SPY240517P00500000,2024-05-17,29.0,500.0,9.97,10.0,9.985,0.0030045067601401462,8.32,8.36,8.34,0.004796163069544263,0.03668521780909673
2024-04-19,C:\Users\avazq\OneDrive\Escritorio\cienciadatos\portafolio\quant-research-notes\HMM_regime_options\data\raw\spy_historical_options_2024-04-19.json.gz,495.16,True,,SPY240517C00495000,SPY240517P00495000,2024-05-17,28.0,495.0,10.12,10.17,10.145,0.004928536224741322,8.23,8.28,8.254999999999999,0.00605693519079333,0.03715970595363115
2024-04-22,C:\Users\avazq\OneDrive\Escritorio\cienciadatos\portafolio\quant-research-notes\HMM_regime_options\data\raw\spy_historical_options_2024-04-22.json.gz,499.72,True,,SPY240524C00500000,SPY240524P00500000,2024-05-24,32.0,500.0,9.89,9.93,9.91,0.004036326942482255,8.16,8.2,8.18,0.004889975550122145,0.036200272152405344
2024-04-23,C:\Users\avazq\OneDrive\Escritorio\cienciadatos\portafolio\quant-research-notes\HMM_regime_options\data\raw\spy_historical_options_2024-04-23.json.gz,505.65,True,,SPY240524C00506000,SPY240524P00506000,2024-05-24,31.0,506.0,9.4,9.45,9.425,0.005305039787798295,7.33,7.39,7.359999999999999,0.008152173913043426,0.03319489765648176
2024-04-24,C:\Users\avazq\OneDrive\Escritorio\cienciadatos\portafolio\quant-research-notes\HMM_regime_options\data\raw\spy_historical_options_2024-04-24.json.gz,505.41,True,,SPY240524C00505000,SPY240524P00505000,2024-05-24,30.0,505.0,8.71,8.76,8.735,0.005724098454493296,7.76,7.81,7.785,0.00642260757867692,0.032686333867553076
2024-04-25,C:\Users\avazq\OneDrive\Escritorio\cienciadatos\portafolio\quant-research-notes\HMM_regime_options\data\raw\spy_historical_options_2024-04-25.json.gz,503.49,True,,SPY240524C00503000,SPY240524P00503000,2024-05-24,29.0,503.0,12.1,12.22,12.16,0.00986842105263166,5.23,5.3,5.265000000000001,0.013295346628679846,0.03460843313670579
2024-04-26,C:\Users\avazq\OneDrive\Escritorio\cienciadatos\portafolio\quant-research-notes\HMM_regime_options\data\raw\spy_historical_options_2024-04-26.json.gz,508.26,True,,SPY240524C00508000,SPY240524P00508000,2024-05-24,28.0,508.0,8.95,8.98,8.965,0.00334634690462924,6.41,6.45,6.43,0.006220839813374812,0.030289615551095897
2024-04-29,C:\Users\avazq\OneDrive\Escritorio\cienciadatos\portafolio\quant-research-notes\HMM_regime_options\data\raw\spy_historical_options_2024-04-29.json.gz,510.06,True,,SPY240531C00510000,SPY240531P00510000,2024-05-31,32.0,510.0,9.24,9.26,9.25,0.0021621621621621162,6.63,6.67,6.65,0.006015037593984967,0.031172803199623574
2024-04-30,C:\Users\avazq\OneDrive\Escritorio\cienciadatos\portafolio\quant-research-notes\HMM_regime_options\data\raw\spy_historical_options_2024-04-30.json.gz,501.98,True,,SPY240531C00502000,SPY240531P00502000,2024-05-31,31.0,502.0,9.46,9.67,9.565000000000001,0.02195504443282792,6.98,7.21,7.095000000000001,0.03241719520789282,0.033188573249930284
2024-05-01,C:\Users\avazq\OneDrive\Escritorio\cienciadatos\portafolio\quant-research-notes\HMM_regime_options\data\raw\spy_historical_options_2024-05-01.json.gz,500.35,True,,SPY240531C00500000,SPY240531P00500000,2024-05-31,30.0,500.0,9.64,9.72,9.68,0.008264462809917363,6.62,6.69,6.655,0.01051840721262213,0.03264714699710203
2024-05-02,C:\Users\avazq\OneDrive\Escritorio\cienciadatos\portafolio\quant-research-notes\HMM_regime_options\data\raw\spy_historical_options_2024-05-02.json.gz,505.03,True,,SPY240531C00505000,SPY240531P00505000,2024-05-31,29.0,505.0,8.78,8.81,8.795,0.0034110289937465763,6.63,6.68,6.654999999999999,0.0075131480090157516,0.03059224204502703
2024-05-03,C:\Users\avazq\OneDrive\Escritorio\cienciadatos\portafolio\quant-research-notes\HMM_regime_options\data\raw\spy_historical_options_2024-05-03.json.gz,511.29,True,,SPY240531C00511000,SPY240531P00511000,2024-05-31,28.0,511.0,8.41,8.45,8.43,0.004744958481613185,5.62,5.66,5.640000000000001,0.00709219858156029,0.027518629349292965
2024-05-06,C:\Users\avazq\OneDrive\Escritorio\cienciadatos\portafolio\quant-research-notes\HMM_regime_options\data\raw\spy_historical_options_2024-05-06.json.gz,516.57,True,,SPY240607C00517000,SPY240607P00517000,2024-06-07,32.0,517.0,8.42,8.47,8.445,0.005920663114268882,6.61,6.66,6.635,0.007535795026375256,0.02919255860773951
2024-05-07,C:\Users\avazq\OneDrive\Escritorio\cienciadatos\portafolio\quant-research-notes\HMM_regime_options\data\raw\spy_historical_options_2024-05-07.json.gz,517.14,True,,SPY240607C00517000,SPY240607P00517000,2024-06-07,31.0,517.0,8.7,8.73,8.715,0.0034423407917385128,5.84,5.88,5.859999999999999,0.006825938566552908,0.02818385736937773
2024-05-08,C:\Users\avazq\OneDrive\Escritorio\cienciadatos\portafolio\quant-research-notes\HMM_regime_options\data\raw\spy_historical_options_2024-05-08.json.gz,517.19,True,,SPY240607C00517000,SPY240607P00517000,2024-06-07,30.0,517.0,8.1,8.13,8.115,0.0036968576709798073,5.83,5.87,5.85,0.006837606837606844,0.02700168216709526
2024-05-09,C:\Users\avazq\OneDrive\Escritorio\cienciadatos\portafolio\quant-research-notes\HMM_regime_options\data\raw\spy_historical_options_2024-05-09.json.gz,520.17,True,,SPY240607C00520000,SPY240607P00520000,2024-06-07,29.0,520.0,7.94,7.98,7.960000000000001,0.005025125628140707,5.39,5.42,5.404999999999999,0.005550416281221138,0.02569352327123825
2024-05-10,C:\Users\avazq\OneDrive\Escritorio\cienciadatos\portafolio\quant-research-notes\HMM_regime_options\data\raw\spy_historical_options_2024-05-10.json.gz,520.84,True,,SPY240607C00521000,SPY240607P00521000,2024-06-07,28.0,521.0,7.2,7.24,7.220000000000001,0.005540166204986154,5.5,5.55,5.525,0.009049773755656076,0.02447008678288918
2024-05-13,C:\Users\avazq\OneDrive\Escritorio\cienciadatos\portafolio\quant-research-notes\HMM_regime_options\data\raw\spy_historical_options_2024-05-13.json.gz,520.91,True,,SPY240614C00521000,SPY240614P00521000,2024-06-14,32.0,521.0,8.64,8.69,8.665,0.005770340450086433,6.52,6.58,6.55,0.009160305343511527,0.029208500508725116
2024-05-14,C:\Users\avazq\OneDrive\Escritorio\cienciadatos\portafolio\quant-research-notes\HMM_regime_options\data\raw\spy_historical_options_2024-05-14.json.gz,523.3,True,,SPY240614C00523000,SPY240614P00523000,2024-06-14,31.0,523.0,8.73,8.77,8.75,0.004571428571428474,6.0,6.04,6.02,0.006644518272425255,0.028224727689661763
2024-05-15,C:\Users\avazq\OneDrive\Escritorio\cienciadatos\portafolio\quant-research-notes\HMM_regime_options\data\raw\spy_historical_options_2024-05-15.json.gz,529.78,True,,SPY240614C00530000,SPY240614P00530000,2024-06-14,30.0,530.0,7.32,7.37,7.345000000000001,0.006807351940095278,5.81,5.87,5.84,0.010273972602739812,0.02488768922949149
2024-05-16,C:\Users\avazq\OneDrive\Escritorio\cienciadatos\portafolio\quant-research-notes\HMM_regime_options\data\raw\spy_historical_options_2024-05-16.json.gz,528.69,True,,SPY240614C00529000,SPY240614P00529000,2024-06-14,29.0,529.0,7.19,7.23,7.210000000000001,0.005547850208044387,5.58,5.63,5.605,0.008920606601248852,0.02423915716204203
2024-05-17,C:\Users\avazq\OneDrive\Escritorio\cienciadatos\portafolio\quant-research-notes\HMM_regime_options\data\raw\spy_historical_options_2024-05-17.json.gz,529.45,True,,SPY240614C00529000,SPY240614P00529000,2024-06-14,28.0,529.0,7.4,7.44,7.42,0.005390835579514829,4.97,5.01,4.99,0.008016032064128263,0.02343941826423647
2024-05-20,C:\Users\avazq\OneDrive\Escritorio\cienciadatos\portafolio\quant-research-notes\HMM_regime_options\data\raw\spy_historical_options_2024-05-20.json.gz,530.06,True,,SPY240621C00530000,SPY240621P00530000,2024-06-21,32.0,530.0,7.53,7.55,7.54,0.0026525198938991477,6.0,6.02,6.01,0.003327787021630545,0.025563143795042074
2024-05-21,C:\Users\avazq\OneDrive\Escritorio\cienciadatos\portafolio\quant-research-notes\HMM_regime_options\data\raw\spy_historical_options_2024-05-21.json.gz,531.36,True,,SPY240621C00531000,SPY240621P00531000,2024-06-21,31.0,531.0,7.48,7.51,7.495,0.004002668445630335,5.55,5.58,5.5649999999999995,0.00539083557951487,0.02457844022884673
2024-05-22,C:\Users\avazq\OneDrive\Escritorio\cienciadatos\portafolio\quant-research-notes\HMM_regime_options\data\raw\spy_historical_options_2024-05-22.json.gz,529.83,True,,SPY240621C00530000,SPY240621P00530000,2024-06-21,30.0,530.0,7.23,7.27,7.25,0.005517241379310227,5.84,5.88,5.859999999999999,0.006825938566552908,0.02474378574259668
2024-05-23,C:\Users\avazq\OneDrive\Escritorio\cienciadatos\portafolio\quant-research-notes\HMM_regime_options\data\raw\spy_historical_options_2024-05-23.json.gz,525.96,True,,SPY240621C00526000,SPY240621P00526000,2024-06-21,29.0,526.0,7.11,7.12,7.115,0.00140548137737172,5.88,5.92,5.9,0.006779661016949158,0.024745227773975205
2024-05-24,C:\Users\avazq\OneDrive\Escritorio\cienciadatos\portafolio\quant-research-notes\HMM_regime_options\data\raw\spy_historical_options_2024-05-24.json.gz,529.44,True,,SPY240621C00529000,SPY240621P00529000,2024-06-21,28.0,529.0,6.86,6.9,6.880000000000001,0.005813953488372097,5.22,5.25,5.234999999999999,0.005730659025788014,0.022882668479903293
2024-05-28,C:\Users\avazq\OneDrive\Escritorio\cienciadatos\portafolio\quant-research-notes\HMM_regime_options\data\raw\spy_historical_options_2024-05-28.json.gz,529.81,True,,SPY240628C00530000,SPY240628P00530000,2024-06-28,31.0,530.0,6.91,6.95,6.93,0.005772005772005777,6.23,6.26,6.245,0.004803843074459465,0.02486740529623828
2024-05-29,C:\Users\avazq\OneDrive\Escritorio\cienciadatos\portafolio\quant-research-notes\HMM_regime_options\data\raw\spy_historical_options_2024-05-29.json.gz,526.1,True,,SPY240628C00526000,SPY240628P00526000,2024-06-28,30.0,526.0,7.31,7.35,7.33,0.0054570259208731285,6.86,6.9,6.880000000000001,0.005813953488372097,0.027010074130393462
2024-05-30,C:\Users\avazq\OneDrive\Escritorio\cienciadatos\portafolio\quant-research-notes\HMM_regime_options\data\raw\spy_historical_options_2024-05-30.json.gz,522.61,True,,SPY240628C00523000,SPY240628P00523000,2024-06-28,29.0,523.0,7.05,7.11,7.08,0.00847457627118651,7.25,7.31,7.279999999999999,0.008241758241758188,0.0274774688582308
2024-05-31,C:\Users\avazq\OneDrive\Escritorio\cienciadatos\portafolio\quant-research-notes\HMM_regime_options\data\raw\spy_historical_options_2024-05-31.json.gz,527.37,True,,SPY240628C00527000,SPY240628P00527000,2024-06-28,28.0,527.0,7.14,7.18,7.16,0.005586592178770954,5.94,5.99,5.965,0.008382229673093013,0.024887650036975937
2024-06-03,C:\Users\avazq\OneDrive\Escritorio\cienciadatos\portafolio\quant-research-notes\HMM_regime_options\data\raw\spy_historical_options_2024-06-03.json.gz,527.8,True,,SPY240705C00528000,SPY240705P00528000,2024-07-05,32.0,528.0,7.52,7.57,7.545,0.00662690523525523,6.67,6.72,6.695,0.007468259895444335,0.02697991663508905
2024-06-04,C:\Users\avazq\OneDrive\Escritorio\cienciadatos\portafolio\quant-research-notes\HMM_regime_options\data\raw\spy_historical_options_2024-06-04.json.gz,528.39,True,,SPY240705C00528000,SPY240705P00528000,2024-07-05,31.0,528.0,7.77,7.81,7.789999999999999,0.005134788189987168,6.5,6.56,6.529999999999999,0.009188361408882025,0.027101194193682693
2024-06-05,C:\Users\avazq\OneDrive\Escritorio\cienciadatos\portafolio\quant-research-notes\HMM_regime_options\data\raw\spy_historical_options_2024-06-05.json.gz,534.67,True,,SPY240705C00535000,SPY240705P00535000,2024-07-05,30.0,535.0,6.71,6.76,6.734999999999999,0.007423904974016307,6.65,6.74,6.695,0.01344286781179983,0.025118297267473395
2024-06-06,C:\Users\avazq\OneDrive\Escritorio\cienciadatos\portafolio\quant-research-notes\HMM_regime_options\data\raw\spy_historical_options_2024-06-06.json.gz,534.66,True,,SPY240705C00535000,SPY240705P00535000,2024-07-05,29.0,535.0,6.58,6.62,6.6,0.006060606060606067,6.52,6.56,6.539999999999999,0.0061162079510703425,0.02457636628885647
2024-06-07,C:\Users\avazq\OneDrive\Escritorio\cienciadatos\portafolio\quant-research-notes\HMM_regime_options\data\raw\spy_historical_options_2024-06-07.json.gz,534.01,True,,SPY240705C00534000,SPY240705P00534000,2024-07-05,28.0,534.0,6.23,6.27,6.25,0.006399999999999863,6.22,6.27,6.244999999999999,0.008006405124099251,0.02339843823149379
2024-06-10,C:\Users\avazq\OneDrive\Escritorio\cienciadatos\portafolio\quant-research-notes\HMM_regime_options\data\raw\spy_historical_options_2024-06-10.json.gz,535.66,True,,SPY240712C00536000,SPY240712P00536000,2024-07-12,32.0,536.0,7.03,7.07,7.050000000000001,0.005673758865248232,7.05,7.1,7.074999999999999,0.007067137809187255,0.02636933875966098
2024-06-11,C:\Users\avazq\OneDrive\Escritorio\cienciadatos\portafolio\quant-research-notes\HMM_regime_options\data\raw\spy_historical_options_2024-06-11.json.gz,536.95,True,,SPY240712C00537000,SPY240712P00537000,2024-07-12,31.0,537.0,7.44,7.48,7.460000000000001,0.005361930294906171,6.53,6.58,6.555,0.007627765064835976,0.026101126734332805
2024-06-12,C:\Users\avazq\OneDrive\Escritorio\cienciadatos\portafolio\quant-research-notes\HMM_regime_options\data\raw\spy_historical_options_2024-06-12.json.gz,541.36,True,,SPY240712C00541000,SPY240712P00541000,2024-07-12,30.0,541.0,6.77,6.88,6.824999999999999,0.016117216117216164,5.74,5.84,5.79,0.017271157167530162,0.02330242352593468
2024-06-13,C:\Users\avazq\OneDrive\Escritorio\cienciadatos\portafolio\quant-research-notes\HMM_regime_options\data\raw\spy_historical_options_2024-06-13.json.gz,542.45,True,,SPY240712C00542000,SPY240712P00542000,2024-07-12,29.0,542.0,6.61,6.65,6.630000000000001,0.006033182503770744,5.51,5.55,5.529999999999999,0.007233273056057874,0.02241681260945709
2024-06-14,C:\Users\avazq\OneDrive\Escritorio\cienciadatos\portafolio\quant-research-notes\HMM_regime_options\data\raw\spy_historical_options_2024-06-14.json.gz,542.78,True,,SPY240712C00543000,SPY240712P00543000,2024-07-12,28.0,543.0,6.13,6.18,6.154999999999999,0.008123476848090954,6.24,6.29,6.265000000000001,0.007980845969672756,0.02288219904933859
2024-06-17,C:\Users\avazq\OneDrive\Escritorio\cienciadatos\portafolio\quant-research-notes\HMM_regime_options\data\raw\spy_historical_options_2024-06-17.json.gz,547.1,True,,SPY240719C00547000,SPY240719P00547000,2024-07-19,32.0,547.0,7.28,7.32,7.300000000000001,0.005479452054794525,6.5,6.54,6.52,0.0061349693251533804,0.025260464266130506
2024-06-18,C:\Users\avazq\OneDrive\Escritorio\cienciadatos\portafolio\quant-research-notes\HMM_regime_options\data\raw\spy_historical_options_2024-06-18.json.gz,548.49,True,,SPY240719C00548000,SPY240719P00548000,2024-07-19,31.0,548.0,7.47,7.49,7.48,0.0026737967914439117,6.08,6.12,6.1,0.006557377049180334,0.02475888348009991
2024-06-20,C:\Users\avazq\OneDrive\Escritorio\cienciadatos\portafolio\quant-research-notes\HMM_regime_options\data\raw\spy_historical_options_2024-06-20.json.gz,547.0,True,,SPY240719C00547000,SPY240719P00547000,2024-07-19,29.0,547.0,7.07,7.11,7.09,0.0056417489421720785,6.67,6.73,6.7,0.008955223880597088,0.025210237659963435
2024-06-21,C:\Users\avazq\OneDrive\Escritorio\cienciadatos\portafolio\quant-research-notes\HMM_regime_options\data\raw\spy_historical_options_2024-06-21.json.gz,544.51,True,,SPY240719C00545000,SPY240719P00545000,2024-07-19,28.0,545.0,7.89,7.92,7.904999999999999,0.003795066413662271,5.66,5.7,5.68,0.007042253521126767,0.024949036748636386
2024-06-24,C:\Users\avazq\OneDrive\Escritorio\cienciadatos\portafolio\quant-research-notes\HMM_regime_options\data\raw\spy_historical_options_2024-06-24.json.gz,542.74,True,,SPY240726C00542500,SPY240726P00542500,2024-07-26,32.0,542.5,9.15,9.21,9.18,0.006535947712418355,5.98,6.03,6.005000000000001,0.00832639467110738,0.027978405866529093
2024-06-25,C:\Users\avazq\OneDrive\Escritorio\cienciadatos\portafolio\quant-research-notes\HMM_regime_options\data\raw\spy_historical_options_2024-06-25.json.gz,544.83,True,,SPY240726C00545000,SPY240726P00545000,2024-07-26,31.0,545.0,8.37,8.41,8.39,0.004767580452920253,5.93,5.97,5.949999999999999,0.006722689075630259,0.026320136556357027
2024-06-26,C:\Users\avazq\OneDrive\Escritorio\cienciadatos\portafolio\quant-research-notes\HMM_regime_options\data\raw\spy_historical_options_2024-06-26.json.gz,545.51,True,,SPY240726C00546000,SPY240726P00546000,2024-07-26,30.0,546.0,7.5,7.54,7.52,0.005319148936170218,6.07,6.11,6.09,0.006568144499178988,0.02494913017176587
2024-06-27,C:\Users\avazq\OneDrive\Escritorio\cienciadatos\portafolio\quant-research-notes\HMM_regime_options\data\raw\spy_historical_options_2024-06-27.json.gz,546.37,True,,SPY240726C00546000,SPY240726P00546000,2024-07-26,29.0,546.0,8.16,8.24,8.2,0.009756097560975618,5.15,5.19,5.17,0.00773694390715668,0.02447059684828962
2024-06-28,C:\Users\avazq\OneDrive\Escritorio\cienciadatos\portafolio\quant-research-notes\HMM_regime_options\data\raw\spy_historical_options_2024-06-28.json.gz,544.22,True,,SPY240726C00544000,SPY240726P00544000,2024-07-26,28.0,544.0,8.29,8.35,8.32,0.007211538461538521,4.97,5.03,5.0,0.012000000000000099,0.024475395979567088
2024-07-01,C:\Users\avazq\OneDrive\Escritorio\cienciadatos\portafolio\quant-research-notes\HMM_regime_options\data\raw\spy_historical_options_2024-07-01.json.gz,545.34,True,,SPY240731C00545000,SPY240731P00545000,2024-07-31,30.0,545.0,7.96,7.98,7.970000000000001,0.002509410288582241,5.28,5.31,5.295,0.005665722379603279,0.024324274764367184
2024-07-02,C:\Users\avazq\OneDrive\Escritorio\cienciadatos\portafolio\quant-research-notes\HMM_regime_options\data\raw\spy_historical_options_2024-07-02.json.gz,549.01,True,,SPY240731C00549000,SPY240731P00549000,2024-07-31,29.0,549.0,7.29,7.31,7.3,0.0027397260273972017,5.28,5.32,5.300000000000001,0.00754716981132076,0.022950401632028564
2024-07-03,C:\Users\avazq\OneDrive\Escritorio\cienciadatos\portafolio\quant-research-notes\HMM_regime_options\data\raw\spy_historical_options_2024-07-03.json.gz,551.46,True,,SPY240802C00551000,SPY240802P00551000,2024-08-02,30.0,551.0,8.14,8.19,8.165,0.00612369871402314,5.25,5.33,5.29,0.01512287334593574,0.024398868458274395
2024-07-05,C:\Users\avazq\OneDrive\Escritorio\cienciadatos\portafolio\quant-research-notes\HMM_regime_options\data\raw\spy_historical_options_2024-07-05.json.gz,554.64,True,,SPY240802C00555000,SPY240802P00555000,2024-08-02,28.0,555.0,7.22,7.41,7.3149999999999995,0.025974025974026028,5.62,5.71,5.665,0.015887025595763434,0.023402567431126498
2024-07-08,C:\Users\avazq\OneDrive\Escritorio\cienciadatos\portafolio\quant-research-notes\HMM_regime_options\data\raw\spy_historical_options_2024-07-08.json.gz,555.28,True,,SPY240809C00555000,SPY240809P00555000,2024-08-09,32.0,555.0,8.54,8.86,8.7,0.03678160919540233,5.51,5.59,5.55,0.014414414414414429,0.025662728713441867
2024-07-09,C:\Users\avazq\OneDrive\Escritorio\cienciadatos\portafolio\quant-research-notes\HMM_regime_options\data\raw\spy_historical_options_2024-07-09.json.gz,555.82,True,,SPY240809C00556000,SPY240809P00556000,2024-08-09,31.0,556.0,8.21,8.28,8.245000000000001,0.008489993935718435,5.72,5.78,5.75,0.010434782608695738,0.025179014788960456
2024-07-10,C:\Users\avazq\OneDrive\Escritorio\cienciadatos\portafolio\quant-research-notes\HMM_regime_options\data\raw\spy_historical_options_2024-07-10.json.gz,561.32,True,,SPY240809C00561000,SPY240809P00561000,2024-08-09,30.0,561.0,8.34,8.44,8.39,0.011918951132300314,5.68,5.74,5.71,0.010507880910683099,0.025119361505023873
2024-07-11,C:\Users\avazq\OneDrive\Escritorio\cienciadatos\portafolio\quant-research-notes\HMM_regime_options\data\raw\spy_historical_options_2024-07-11.json.gz,556.48,True,,SPY240809C00556000,SPY240809P00556000,2024-08-09,29.0,556.0,8.66,8.71,8.685,0.005757052389176823,5.44,5.48,5.460000000000001,0.007326007326007331,0.025418703277745834
2024-07-12,C:\Users\avazq\OneDrive\Escritorio\cienciadatos\portafolio\quant-research-notes\HMM_regime_options\data\raw\spy_historical_options_2024-07-12.json.gz,559.99,True,,SPY240809C00560000,SPY240809P00560000,2024-08-09,28.0,560.0,7.51,7.58,7.545,0.009277667329357227,5.41,5.46,5.4350000000000005,0.009199632014719378,0.023178985339023912
2024-07-15,C:\Users\avazq\OneDrive\Escritorio\cienciadatos\portafolio\quant-research-notes\HMM_regime_options\data\raw\spy_historical_options_2024-07-15.json.gz,561.53,True,,SPY240816C00562000,SPY240816P00562000,2024-08-16,32.0,562.0,8.69,8.73,8.71,0.00459242250287037,6.37,6.4,6.385,0.004698512137823062,0.026881911919220704
2024-07-16,C:\Users\avazq\OneDrive\Escritorio\cienciadatos\portafolio\quant-research-notes\HMM_regime_options\data\raw\spy_historical_options_2024-07-16.json.gz,564.86,True,,SPY240816C00565000,SPY240816P00565000,2024-08-16,31.0,565.0,8.55,8.58,8.565000000000001,0.0035026269702275958,6.28,6.33,6.305,0.007930214115781098,0.026325107106185606
2024-07-17,C:\Users\avazq\OneDrive\Escritorio\cienciadatos\portafolio\quant-research-notes\HMM_regime_options\data\raw\spy_historical_options_2024-07-17.json.gz,556.94,True,,SPY240816C00557000,SPY240816P00557000,2024-08-16,30.0,557.0,9.35,9.4,9.375,0.0053333333333334095,6.63,6.68,6.654999999999999,0.0075131480090157516,0.028782274571767155
2024-07-18,C:\Users\avazq\OneDrive\Escritorio\cienciadatos\portafolio\quant-research-notes\HMM_regime_options\data\raw\spy_historical_options_2024-07-18.json.gz,552.66,True,,SPY240816C00553000,SPY240816P00553000,2024-08-16,29.0,553.0,9.52,9.56,9.54,0.004192872117400517,7.11,7.16,7.135,0.0070077084793272355,0.030172257807693698
2024-07-19,C:\Users\avazq\OneDrive\Escritorio\cienciadatos\portafolio\quant-research-notes\HMM_regime_options\data\raw\spy_historical_options_2024-07-19.json.gz,548.99,True,,SPY240816C00549000,SPY240816P00549000,2024-08-16,28.0,549.0,9.39,9.44,9.415,0.005310674455655756,7.6,7.65,7.625,0.006557377049180421,0.03103881673618827
2024-07-22,C:\Users\avazq\OneDrive\Escritorio\cienciadatos\portafolio\quant-research-notes\HMM_regime_options\data\raw\spy_historical_options_2024-07-22.json.gz,554.65,True,,SPY240823C00555000,SPY240823P00555000,2024-08-23,32.0,555.0,9.8,9.84,9.82,0.0040733197556007275,7.29,7.34,7.3149999999999995,0.0068352699931647064,0.030893356170558006
2024-07-23,C:\Users\avazq\OneDrive\Escritorio\cienciadatos\portafolio\quant-research-notes\HMM_regime_options\data\raw\spy_historical_options_2024-07-23.json.gz,553.78,True,,SPY240823C00554000,SPY240823P00554000,2024-08-23,31.0,554.0,9.41,9.49,9.45,0.008465608465608473,7.28,7.36,7.32,0.010928961748633888,0.030282783776951136
2024-07-24,C:\Users\avazq\OneDrive\Escritorio\cienciadatos\portafolio\quant-research-notes\HMM_regime_options\data\raw\spy_historical_options_2024-07-24.json.gz,541.23,True,,SPY240823C00541000,SPY240823P00541000,2024-08-23,30.0,541.0,11.73,11.79,11.76,0.005102040816326422,7.89,7.97,7.93,0.01008827238335436,0.036380097186039205
2024-07-25,C:\Users\avazq\OneDrive\Escritorio\cienciadatos\portafolio\quant-research-notes\HMM_regime_options\data\raw\spy_historical_options_2024-07-25.json.gz,538.41,True,,SPY240823C00538000,SPY240823P00538000,2024-08-23,29.0,538.0,11.5,11.56,11.530000000000001,0.005203816131830051,8.34,8.41,8.375,0.008358208955223915,0.036969967125424864
2024-07-26,C:\Users\avazq\OneDrive\Escritorio\cienciadatos\portafolio\quant-research-notes\HMM_regime_options\data\raw\spy_historical_options_2024-07-26.json.gz,544.44,True,,SPY240823C00544000,SPY240823P00544000,2024-08-23,28.0,544.0,10.24,10.3,10.27,0.005842259006816017,7.52,7.6,7.56,0.010582010582010592,0.03274924693262801
2024-07-29,C:\Users\avazq\OneDrive\Escritorio\cienciadatos\portafolio\quant-research-notes\HMM_regime_options\data\raw\spy_historical_options_2024-07-29.json.gz,544.76,True,,SPY240830C00545000,SPY240830P00545000,2024-08-30,32.0,545.0,10.96,11.0,10.98,0.003642987249544549,8.53,8.58,8.555,0.005844535359439008,0.03585982818121742
2024-07-30,C:\Users\avazq\OneDrive\Escritorio\cienciadatos\portafolio\quant-research-notes\HMM_regime_options\data\raw\spy_historical_options_2024-07-30.json.gz,542.0,True,,SPY240830C00542000,SPY240830P00542000,2024-08-30,31.0,542.0,9.72,9.98,9.850000000000001,0.026395939086294392,9.99,10.27,10.129999999999999,0.02764067127344515,0.03686346863468635
2024-07-31,C:\Users\avazq\OneDrive\Escritorio\cienciadatos\portafolio\quant-research-notes\HMM_regime_options\data\raw\spy_historical_options_2024-07-31.json.gz,550.81,True,,SPY240830C00551000,SPY240830P00551000,2024-08-30,30.0,551.0,10.93,11.02,10.975,0.00820045558086559,7.85,7.93,7.89,0.010139416983523457,0.03424955973929304
2024-08-01,C:\Users\avazq\OneDrive\Escritorio\cienciadatos\portafolio\quant-research-notes\HMM_regime_options\data\raw\spy_historical_options_2024-08-01.json.gz,543.01,True,,SPY240830C00543000,SPY240830P00543000,2024-08-30,29.0,543.0,10.67,10.74,10.705,0.006539000467071489,9.68,9.76,9.719999999999999,0.008230452674897127,0.03761440857442772
2024-08-02,C:\Users\avazq\OneDrive\Escritorio\cienciadatos\portafolio\quant-research-notes\HMM_regime_options\data\raw\spy_historical_options_2024-08-02.json.gz,532.9,True,,SPY240830C00533000,SPY240830P00533000,2024-08-30,28.0,533.0,12.55,12.66,12.605,0.008726695755652474,10.72,10.91,10.815000000000001,0.017568192325473832,0.04394820791893414
2024-08-05,C:\Users\avazq\OneDrive\Escritorio\cienciadatos\portafolio\quant-research-notes\HMM_regime_options\data\raw\spy_historical_options_2024-08-05.json,517.38,True,,SPY240906C00517000,SPY240906P00517000,2024-09-06,32.0,517.0,19.81,20.11,19.96,0.015030060120240515,15.74,16.05,15.895,0.01950298836111988,0.06930109397348178
2024-08-06,C:\Users\avazq\OneDrive\Escritorio\cienciadatos\portafolio\quant-research-notes\HMM_regime_options\data\raw\spy_historical_options_2024-08-06.json.gz,522.15,True,,SPY240906C00522000,SPY240906P00522000,2024-09-06,31.0,522.0,14.76,14.9,14.83,0.009440323668240092,12.35,12.56,12.455,0.016860698514652817,0.05225509910945131
2024-08-07,C:\Users\avazq\OneDrive\Escritorio\cienciadatos\portafolio\quant-research-notes\HMM_regime_options\data\raw\spy_historical_options_2024-08-07.json.gz,518.66,True,,SPY240906C00519000,SPY240906P00519000,2024-09-06,30.0,519.0,14.48,14.63,14.555,0.010305736860185528,12.24,12.52,12.379999999999999,0.022617124394184118,0.05193190143832183
2024-08-08,C:\Users\avazq\OneDrive\Escritorio\cienciadatos\portafolio\quant-research-notes\HMM_regime_options\data\raw\spy_historical_options_2024-08-08.json.gz,530.65,True,,SPY240906C00531000,SPY240906P00531000,2024-09-06,29.0,531.0,12.75,12.85,12.8,0.007812499999999972,10.57,10.69,10.629999999999999,0.011288805268109053,0.044153396777536984
2024-08-09,C:\Users\avazq\OneDrive\Escritorio\cienciadatos\portafolio\quant-research-notes\HMM_regime_options\data\raw\spy_historical_options_2024-08-09.json.gz,532.99,True,,SPY240906C00533000,SPY240906P00533000,2024-09-06,28.0,533.0,11.18,11.26,11.219999999999999,0.007130124777183608,9.21,9.31,9.260000000000002,0.01079913606911443,0.03842473592375092
2024-08-12,C:\Users\avazq\OneDrive\Escritorio\cienciadatos\portafolio\quant-research-notes\HMM_regime_options\data\raw\spy_historical_options_2024-08-12.json.gz,533.27,True,,SPY240913C00533000,SPY240913P00533000,2024-09-13,32.0,533.0,12.36,12.45,12.405,0.007255139056831911,9.74,9.84,9.79,0.010214504596527034,0.041620567442383787
2024-08-13,C:\Users\avazq\OneDrive\Escritorio\cienciadatos\portafolio\quant-research-notes\HMM_regime_options\data\raw\spy_historical_options_2024-08-13.json.gz,542.04,True,,SPY240913C00542000,SPY240913P00542000,2024-09-13,31.0,542.0,11.04,11.13,11.085,0.00811907983761855,8.57,8.66,8.615,0.010446894950667423,0.03634418124123682
2024-08-14,C:\Users\avazq\OneDrive\Escritorio\cienciadatos\portafolio\quant-research-notes\HMM_regime_options\data\raw\spy_historical_options_2024-08-14.json.gz,543.75,True,,SPY240913C00544000,SPY240913P00544000,2024-09-13,30.0,544.0,10.36,10.43,10.395,0.0067340067340067615,7.22,7.31,7.265,0.012388162422573967,0.03247816091954023
2024-08-15,C:\Users\avazq\OneDrive\Escritorio\cienciadatos\portafolio\quant-research-notes\HMM_regime_options\data\raw\spy_historical_options_2024-08-15.json.gz,553.07,True,,SPY240913C00553000,SPY240913P00553000,2024-09-13,29.0,553.0,8.93,9.0,8.965,0.007808142777467963,7.03,7.09,7.0600000000000005,0.008498583569405043,0.028974632505831082
2024-08-16,C:\Users\avazq\OneDrive\Escritorio\cienciadatos\portafolio\quant-research-notes\HMM_regime_options\data\raw\spy_historical_options_2024-08-16.json.gz,554.31,True,,SPY240913C00554000,SPY240913P00554000,2024-09-13,28.0,554.0,9.13,9.22,9.175,0.009809264305177095,6.43,6.5,6.465,0.010827532869296254,0.028215258609803184
2024-08-19,C:\Users\avazq\OneDrive\Escritorio\cienciadatos\portafolio\quant-research-notes\HMM_regime_options\data\raw\spy_historical_options_2024-08-19.json.gz,559.61,True,,SPY240920C00560000,SPY240920P00560000,2024-09-20,32.0,560.0,8.77,8.82,8.795,0.0056850483229108255,7.87,7.91,7.890000000000001,0.005069708491761728,0.029815407158556854
2024-08-20,C:\Users\avazq\OneDrive\Escritorio\cienciadatos\portafolio\quant-research-notes\HMM_regime_options\data\raw\spy_historical_options_2024-08-20.json.gz,558.7,True,,SPY240920C00559000,SPY240920P00559000,2024-09-20,31.0,559.0,9.67,9.71,9.690000000000001,0.004127966976264285,7.74,7.77,7.755,0.003868471953578254,0.031224270628244136
2024-08-21,C:\Users\avazq\OneDrive\Escritorio\cienciadatos\portafolio\quant-research-notes\HMM_regime_options\data\raw\spy_historical_options_2024-08-21.json.gz,560.62,True,,SPY240920C00561000,SPY240920P00561000,2024-09-20,30.0,561.0,9.31,9.37,9.34,0.006423982869378878,7.9,7.95,7.925000000000001,0.006309148264984204,0.030796261282151904
2024-08-22,C:\Users\avazq\OneDrive\Escritorio\cienciadatos\portafolio\quant-research-notes\HMM_regime_options\data\raw\spy_historical_options_2024-08-22.json.gz,556.22,True,,SPY240920C00556000,SPY240920P00556000,2024-09-20,29.0,556.0,10.13,10.18,10.155000000000001,0.00492368291482018,7.94,7.99,7.965,0.0062774639045825266,0.03257703786271619
2024-08-23,C:\Users\avazq\OneDrive\Escritorio\cienciadatos\portafolio\quant-research-notes\HMM_regime_options\data\raw\spy_historical_options_2024-08-23.json.gz,562.13,True,,SPY240920C00562000,SPY240920P00562000,2024-09-20,28.0,562.0,8.75,8.81,8.780000000000001,0.006833712984054725,7.37,7.42,7.395,0.006761325219743046,0.028774482770889297
2024-08-26,C:\Users\avazq\OneDrive\Escritorio\cienciadatos\portafolio\quant-research-notes\HMM_regime_options\data\raw\spy_historical_options_2024-08-26.json.gz,560.79,True,,SPY240927C00561000,SPY240927P00561000,2024-09-27,32.0,561.0,8.73,8.78,8.754999999999999,0.005711022272986744,8.31,8.34,8.325,0.003603603603603527,0.03045703382727937
2024-08-27,C:\Users\avazq\OneDrive\Escritorio\cienciadatos\portafolio\quant-research-notes\HMM_regime_options\data\raw\spy_historical_options_2024-08-27.json.gz,561.56,True,,SPY240927C00562000,SPY240927P00562000,2024-09-27,31.0,562.0,8.53,8.57,8.55,0.004678362573099523,7.74,7.8,7.77,0.007722007722007672,0.029061898995654964
2024-08-28,C:\Users\avazq\OneDrive\Escritorio\cienciadatos\portafolio\quant-research-notes\HMM_regime_options\data\raw\spy_historical_options_2024-08-28.json.gz,558.3,True,,SPY240927C00558000,SPY240927P00558000,2024-09-27,30.0,558.0,9.19,9.31,9.25,0.01297297297297308,8.01,8.5,8.254999999999999,0.059357964869775924,0.031354110693175716
2024-08-29,C:\Users\avazq\OneDrive\Escritorio\cienciadatos\portafolio\quant-research-notes\HMM_regime_options\data\raw\spy_historical_options_2024-08-29.json.gz,558.35,True,,SPY240927C00558000,SPY240927P00558000,2024-09-27,29.0,558.0,8.9,9.42,9.16,0.05676855895196502,6.95,7.06,7.005,0.015703069236259734,0.028951374585833255
2024-08-30,C:\Users\avazq\OneDrive\Escritorio\cienciadatos\portafolio\quant-research-notes\HMM_regime_options\data\raw\spy_historical_options_2024-08-30.json.gz,563.68,True,,SPY240930C00564000,SPY240930P00564000,2024-09-30,31.0,564.0,7.24,7.29,7.265000000000001,0.006882312456985522,7.45,7.5,7.475,0.006688963210702318,0.026149588418961114
2024-09-03,C:\Users\avazq\OneDrive\Escritorio\cienciadatos\portafolio\quant-research-notes\HMM_regime_options\data\raw\spy_historical_options_2024-09-03.json.gz,552.08,True,,SPY241004C00552000,SPY241004P00552000,2024-10-04,31.0,552.0,10.58,10.65,10.615,0.006594441827602476,9.41,9.49,9.45,0.008465608465608473,0.036344370381104184
2024-09-04,C:\Users\avazq\OneDrive\Escritorio\cienciadatos\portafolio\quant-research-notes\HMM_regime_options\data\raw\spy_historical_options_2024-09-04.json.gz,550.95,True,,SPY241004C00551000,SPY241004P00551000,2024-10-04,30.0,551.0,10.3,10.37,10.335,0.006773101112723609,10.36,10.45,10.405,0.008649687650168176,0.03764406933478537
2024-09-05,C:\Users\avazq\OneDrive\Escritorio\cienciadatos\portafolio\quant-research-notes\HMM_regime_options\data\raw\spy_historical_options_2024-09-05.json.gz,549.61,True,,SPY241004C00525000,SPY241004P00525000,2024-10-04,29.0,525.0,28.0,30.42,29.21,0.08284833960972275,3.61,3.71,3.66,0.027322404371584723,0.059806044285948226
2024-09-06,C:\Users\avazq\OneDrive\Escritorio\cienciadatos\portafolio\quant-research-notes\HMM_regime_options\data\raw\spy_historical_options_2024-09-06.json.gz,540.36,True,,SPY241004C00540000,SPY241004P00540000,2024-10-04,28.0,540.0,11.06,11.14,11.100000000000001,0.0072072072072072125,10.72,10.83,10.775,0.010208816705336373,0.04048227107854023
2024-09-09,C:\Users\avazq\OneDrive\Escritorio\cienciadatos\portafolio\quant-research-notes\HMM_regime_options\data\raw\spy_historical_options_2024-09-09.json.gz,546.41,True,,SPY241011C00546000,SPY241011P00546000,2024-10-11,32.0,546.0,11.56,11.61,11.585,0.0043159257660767315,9.95,10.02,9.985,0.0070105157736605195,0.03947585146684724
2024-09-10,C:\Users\avazq\OneDrive\Escritorio\cienciadatos\portafolio\quant-research-notes\HMM_regime_options\data\raw\spy_historical_options_2024-09-10.json.gz,548.79,True,,SPY241011C00549000,SPY241011P00549000,2024-10-11,31.0,549.0,10.6,10.66,10.629999999999999,0.00564440263405461,10.05,10.12,10.085,0.006941001487357313,0.037746679057563
2024-09-11,C:\Users\avazq\OneDrive\Escritorio\cienciadatos\portafolio\quant-research-notes\HMM_regime_options\data\raw\spy_historical_options_2024-09-11.json.gz,554.42,True,,SPY241011C00554000,SPY241011P00554000,2024-10-11,30.0,554.0,10.12,10.19,10.155,0.006893156080748428,9.01,9.08,9.045,0.007739082365948069,0.03463078532520472
2024-09-12,C:\Users\avazq\OneDrive\Escritorio\cienciadatos\portafolio\quant-research-notes\HMM_regime_options\data\raw\spy_historical_options_2024-09-12.json.gz,559.09,True,,SPY241011C00559000,SPY241011P00559000,2024-10-11,29.0,559.0,8.81,8.9,8.855,0.01016374929418406,8.76,9.27,9.015,0.056572379367720436,0.031962653597810725
2024-09-13,C:\Users\avazq\OneDrive\Escritorio\cienciadatos\portafolio\quant-research-notes\HMM_regime_options\data\raw\spy_historical_options_2024-09-13.json.gz,562.01,True,,SPY241011C00562000,SPY241011P00562000,2024-10-11,28.0,562.0,8.53,8.59,8.559999999999999,0.007009345794392582,8.35,8.42,8.385,0.008348240906380476,0.030150709062116334
2024-09-16,C:\Users\avazq\OneDrive\Escritorio\cienciadatos\portafolio\quant-research-notes\HMM_regime_options\data\raw\spy_historical_options_2024-09-16.json.gz,562.84,True,,SPY241018C00563000,SPY241018P00563000,2024-10-18,32.0,563.0,9.42,9.45,9.434999999999999,0.0031796502384737004,9.08,9.12,9.1,0.004395604395604302,0.03293120602657948
2024-09-17,C:\Users\avazq\OneDrive\Escritorio\cienciadatos\portafolio\quant-research-notes\HMM_regime_options\data\raw\spy_historical_options_2024-09-17.json.gz,563.07,True,,SPY241018C00563000,SPY241018P00563000,2024-10-18,31.0,563.0,9.75,9.77,9.76,0.0020491803278688088,8.73,8.8,8.765,0.007986309184255594,0.032899994672065634
2024-09-18,C:\Users\avazq\OneDrive\Escritorio\cienciadatos\portafolio\quant-research-notes\HMM_regime_options\data\raw\spy_historical_options_2024-09-18.json.gz,561.4,True,,SPY241018C00561000,SPY241018P00561000,2024-10-18,30.0,561.0,10.38,10.46,10.420000000000002,0.007677543186180428,8.38,8.45,8.415,0.008318478906714024,0.03355005343783399
2024-09-19,C:\Users\avazq\OneDrive\Escritorio\cienciadatos\portafolio\quant-research-notes\HMM_regime_options\data\raw\spy_historical_options_2024-09-19.json.gz,570.98,True,,SPY241018C00571000,SPY241018P00571000,2024-10-18,29.0,571.0,8.05,8.12,8.085,0.008658008658008472,7.98,8.05,8.015,0.008733624454148506,0.028197134750779364
2024-09-20,C:\Users\avazq\OneDrive\Escritorio\cienciadatos\portafolio\quant-research-notes\HMM_regime_options\data\raw\spy_historical_options_2024-09-20.json.gz,568.25,True,,SPY241018C00568000,SPY241018P00568000,2024-10-18,28.0,568.0,8.65,8.69,8.67,0.004613610149942231,7.16,7.21,7.1850000000000005,0.0069589422407793766,0.027901451825780906
2024-09-23,C:\Users\avazq\OneDrive\Escritorio\cienciadatos\portafolio\quant-research-notes\HMM_regime_options\data\raw\spy_historical_options_2024-09-23.json.gz,569.67,True,,SPY241025C00570000,SPY241025P00570000,2024-10-25,32.0,570.0,9.45,9.5,9.475,0.005277044854881342,7.41,7.47,7.4399999999999995,0.008064516129032206,0.029692629065950462
2024-09-24,C:\Users\avazq\OneDrive\Escritorio\cienciadatos\portafolio\quant-research-notes\HMM_regime_options\data\raw\spy_historical_options_2024-09-24.json.gz,571.3,True,,SPY241025C00571000,SPY241025P00571000,2024-10-25,31.0,571.0,9.34,9.39,9.365,0.005339028296850049,6.88,6.91,6.895,0.004350978970268347,0.028461403815858568
2024-09-25,C:\Users\avazq\OneDrive\Escritorio\cienciadatos\portafolio\quant-research-notes\HMM_regime_options\data\raw\spy_historical_options_2024-09-25.json.gz,570.04,True,,SPY241025C00570000,SPY241025P00570000,2024-10-25,30.0,570.0,9.53,9.57,9.55,0.004188481675392767,6.68,6.74,6.71,0.008941877794336885,0.028524314083222233
2024-09-26,C:\Users\avazq\OneDrive\Escritorio\cienciadatos\portafolio\quant-research-notes\HMM_regime_options\data\raw\spy_historical_options_2024-09-26.json.gz,572.3,True,,SPY241025C00572000,SPY241025P00572000,2024-10-25,29.0,572.0,9.17,9.48,9.325,0.033243967828418285,6.59,6.69,6.640000000000001,0.015060240963855501,0.027896208282369387
2024-09-27,C:\Users\avazq\OneDrive\Escritorio\cienciadatos\portafolio\quant-research-notes\HMM_regime_options\data\raw\spy_historical_options_2024-09-27.json.gz,571.47,True,,SPY241025C00571000,SPY241025P00571000,2024-10-25,28.0,571.0,9.67,9.71,9.690000000000001,0.004127966976264285,7.25,7.29,7.27,0.005502063273727653,0.029677848355994192
2024-09-30,C:\Users\avazq\OneDrive\Escritorio\cienciadatos\portafolio\quant-research-notes\HMM_regime_options\data\raw\spy_historical_options_2024-09-30.json.gz,573.76,True,,SPY241031C00574000,SPY241031P00574000,2024-10-31,31.0,574.0,9.45,9.5,9.475,0.005277044854881342,7.85,7.91,7.88,0.007614213197969607,0.030247838817624096
2024-10-01,C:\Users\avazq\OneDrive\Escritorio\cienciadatos\portafolio\quant-research-notes\HMM_regime_options\data\raw\spy_historical_options_2024-10-01.json.gz,568.62,True,,SPY241031C00569000,SPY241031P00569000,2024-10-31,30.0,569.0,10.6,10.66,10.629999999999999,0.00564440263405461,8.57,8.63,8.600000000000001,0.006976744186046568,0.03381871900390419
2024-10-02,C:\Users\avazq\OneDrive\Escritorio\cienciadatos\portafolio\quant-research-notes\HMM_regime_options\data\raw\spy_historical_options_2024-10-02.json.gz,568.86,True,,SPY241101C00569000,SPY241101P00569000,2024-11-01,30.0,569.0,11.13,11.18,11.155000000000001,0.004482294935006627,8.36,8.42,8.39,0.007151370679380273,0.034358190064339204
2024-10-03,C:\Users\avazq\OneDrive\Escritorio\cienciadatos\portafolio\quant-research-notes\HMM_regime_options\data\raw\spy_historical_options_2024-10-03.json.gz,567.82,True,,SPY241101C00568000,SPY241101P00568000,2024-11-01,29.0,568.0,11.12,11.2,11.16,0.007168458781362013,8.85,8.92,8.885,0.007878446820483994,0.03530168010989398
2024-10-04,C:\Users\avazq\OneDrive\Escritorio\cienciadatos\portafolio\quant-research-notes\HMM_regime_options\data\raw\spy_historical_options_2024-10-04.json.gz,572.98,True,,SPY241101C00573000,SPY241101P00573000,2024-11-01,28.0,573.0,9.93,10.0,9.965,0.007024586051179156,7.88,7.94,7.91,0.007585335018963401,0.03119655136304932
2024-10-07,C:\Users\avazq\OneDrive\Escritorio\cienciadatos\portafolio\quant-research-notes\HMM_regime_options\data\raw\spy_historical_options_2024-10-07.json.gz,567.8,True,,SPY241108C00568000,SPY241108P00568000,2024-11-08,32.0,568.0,13.64,13.74,13.690000000000001,0.007304601899196467,11.05,11.15,11.100000000000001,0.009009009009008976,0.04365973934483974
2024-10-08,C:\Users\avazq\OneDrive\Escritorio\cienciadatos\portafolio\quant-research-notes\HMM_regime_options\data\raw\spy_historical_options_2024-10-08.json.gz,573.17,True,,SPY241108C00573000,SPY241108P00573000,2024-11-08,31.0,573.0,12.82,12.93,12.875,0.008543689320388305,10.17,10.28,10.225,0.010757946210268893,0.040302179109164823
2024-10-09,C:\Users\avazq\OneDrive\Escritorio\cienciadatos\portafolio\quant-research-notes\HMM_regime_options\data\raw\spy_historical_options_2024-10-09.json.gz,577.14,True,,SPY241108C00574000,SPY241108P00574000,2024-11-08,30.0,574.0,13.31,14.55,13.93,0.08901651112706391,8.78,8.92,8.85,0.015819209039548088,0.03947049242818034
2024-10-10,C:\Users\avazq\OneDrive\Escritorio\cienciadatos\portafolio\quant-research-notes\HMM_regime_options\data\raw\spy_historical_options_2024-10-10.json.gz,576.13,True,,SPY241108C00576000,SPY241108P00576000,2024-11-08,29.0,576.0,11.94,12.04,11.989999999999998,0.00834028356964134,9.53,9.63,9.58,0.010438413361169251,0.03743946678700988
2024-10-11,C:\Users\avazq\OneDrive\Escritorio\cienciadatos\portafolio\quant-research-notes\HMM_regime_options\data\raw\spy_historical_options_2024-10-11.json.gz,579.58,True,,SPY241108C00580000,SPY241108P00580000,2024-11-08,28.0,580.0,10.81,10.91,10.86,0.009208103130755032,9.59,9.69,9.64,0.010373443983402453,0.03537044066392905
2024-10-14,C:\Users\avazq\OneDrive\Escritorio\cienciadatos\portafolio\quant-research-notes\HMM_regime_options\data\raw\spy_historical_options_2024-10-14.json.gz,584.32,True,,SPY241115C00584000,SPY241115P00584000,2024-11-15,32.0,584.0,12.22,12.26,12.24,0.0032679738562090806,9.46,9.51,9.485,0.005271481286241322,0.03717996987951807
2024-10-15,C:\Users\avazq\OneDrive\Escritorio\cienciadatos\portafolio\quant-research-notes\HMM_regime_options\data\raw\spy_historical_options_2024-10-15.json.gz,579.78,True,,SPY241115C00580000,SPY241115P00580000,2024-11-15,31.0,580.0,11.91,11.95,11.93,0.0033528918692371456,9.95,9.99,9.969999999999999,0.004012036108325068,0.037772948359722655
2024-10-16,C:\Users\avazq\OneDrive\Escritorio\cienciadatos\portafolio\quant-research-notes\HMM_regime_options\data\raw\spy_historical_options_2024-10-16.json.gz,582.3,True,,SPY241115C00582000,SPY241115P00582000,2024-11-15,30.0,582.0,11.79,11.82,11.805,0.002541296060991202,9.17,9.21,9.190000000000001,0.004352557127312396,0.03605529795637988
2024-10-17,C:\Users\avazq\OneDrive\Escritorio\cienciadatos\portafolio\quant-research-notes\HMM_regime_options\data\raw\spy_historical_options_2024-10-17.json.gz,582.35,True,,SPY241115C00582000,SPY241115P00582000,2024-11-15,29.0,582.0,11.43,11.49,11.46,0.0052356020942408805,8.56,8.61,8.585,0.0058241118229468754,0.03442088091353997
2024-10-18,C:\Users\avazq\OneDrive\Escritorio\cienciadatos\portafolio\quant-research-notes\HMM_regime_options\data\raw\spy_historical_options_2024-10-18.json.gz,584.59,True,,SPY241115C00585000,SPY241115P00585000,2024-11-15,28.0,585.0,10.35,10.38,10.365,0.0028943560057888215,8.52,8.56,8.54,0.004683840749414628,0.03233890418926085
2024-10-21,C:\Users\avazq\OneDrive\Escritorio\cienciadatos\portafolio\quant-research-notes\HMM_regime_options\data\raw\spy_historical_options_2024-10-21.json.gz,583.63,True,,SPY241122C00584000,SPY241122P00584000,2024-11-22,32.0,584.0,11.64,11.68,11.66,0.0034305317324184515,9.27,9.33,9.3,0.006451612903225859,0.03591316416222607
2024-10-22,C:\Users\avazq\OneDrive\Escritorio\cienciadatos\portafolio\quant-research-notes\HMM_regime_options\data\raw\spy_historical_options_2024-10-22.json.gz,583.32,True,,SPY241122C00583000,SPY241122P00583000,2024-11-22,31.0,583.0,11.71,11.75,11.73,0.003410059676044258,9.11,9.17,9.14,0.006564551422319529,0.03577796063910032
2024-10-23,C:\Users\avazq\OneDrive\Escritorio\cienciadatos\portafolio\quant-research-notes\HMM_regime_options\data\raw\spy_historical_options_2024-10-23.json.gz,577.99,True,,SPY241122C00578000,SPY241122P00578000,2024-11-22,30.0,578.0,12.32,12.36,12.34,0.0032414910858994447,9.48,9.53,9.504999999999999,0.0052603892688057804,0.03779477153583972
2024-10-24,C:\Users\avazq\OneDrive\Escritorio\cienciadatos\portafolio\quant-research-notes\HMM_regime_options\data\raw\spy_historical_options_2024-10-24.json.gz,579.24,True,,SPY241122C00579000,SPY241122P00579000,2024-11-22,29.0,579.0,12.3,12.35,12.325,0.004056795131845756,9.13,9.19,9.16,0.006550218340611214,0.03709170637386921
2024-10-25,C:\Users\avazq\OneDrive\Escritorio\cienciadatos\portafolio\quant-research-notes\HMM_regime_options\data\raw\spy_historical_options_2024-10-25.json.gz,579.04,True,,SPY241122C00579000,SPY241122P00579000,2024-11-22,28.0,579.0,11.78,11.83,11.805,0.004235493434985236,9.95,10.0,9.975,0.005012531328320874,0.037613981762917935
2024-10-28,C:\Users\avazq\OneDrive\Escritorio\cienciadatos\portafolio\quant-research-notes\HMM_regime_options\data\raw\spy_historical_options_2024-10-28.json.gz,580.83,True,,SPY241129C00581000,SPY241129P00581000,2024-11-29,32.0,581.0,12.33,12.37,12.35,0.0032388663967610645,9.96,10.02,9.99,0.006006006006005878,0.03846220064390613
2024-10-29,C:\Users\avazq\OneDrive\Escritorio\cienciadatos\portafolio\quant-research-notes\HMM_regime_options\data\raw\spy_historical_options_2024-10-29.json.gz,581.77,True,,SPY241129C00580000,SPY241129P00580000,2024-11-29,31.0,580.0,13.73,14.52,14.125,0.05592920353982295,8.51,8.73,8.620000000000001,0.02552204176334114,0.03909620640459288
2024-10-30,C:\Users\avazq\OneDrive\Escritorio\cienciadatos\portafolio\quant-research-notes\HMM_regime_options\data\raw\spy_historical_options_2024-10-30.json.gz,580.01,True,,SPY241129C00580000,SPY241129P00580000,2024-11-29,30.0,580.0,11.9,11.97,11.935,0.005865102639296211,10.27,10.37,10.32,0.00968992248062012,0.03837002810296375
2024-10-31,C:\Users\avazq\OneDrive\Escritorio\cienciadatos\portafolio\quant-research-notes\HMM_regime_options\data\raw\spy_historical_options_2024-10-31.json.gz,568.64,True,,SPY241129C00569000,SPY241129P00569000,2024-11-29,29.0,569.0,13.49,13.54,13.515,0.003699593044764997,10.79,10.85,10.82,0.005545286506469547,0.04279509003939223
2024-11-01,C:\Users\avazq\OneDrive\Escritorio\cienciadatos\portafolio\quant-research-notes\HMM_regime_options\data\raw\spy_historical_options_2024-11-01.json.gz,571.04,True,,SPY241129C00571000,SPY241129P00571000,2024-11-29,28.0,571.0,12.93,12.99,12.96,0.0046296296296296675,10.25,10.32,10.285,0.006806028196402555,0.04070643037265341
2024-11-04,C:\Users\avazq\OneDrive\Escritorio\cienciadatos\portafolio\quant-research-notes\HMM_regime_options\data\raw\spy_historical_options_2024-11-04.json.gz,569.81,True,,SPY241206C00570000,SPY241206P00570000,2024-12-06,32.0,570.0,13.5,13.55,13.525,0.0036968576709797197,10.87,10.93,10.899999999999999,0.005504587155963349,0.04286516558150962
2024-11-05,C:\Users\avazq\OneDrive\Escritorio\cienciadatos\portafolio\quant-research-notes\HMM_regime_options\data\raw\spy_historical_options_2024-11-05.json.gz,576.7,True,,SPY241206C00577000,SPY241206P00577000,2024-12-06,31.0,577.0,12.7,12.82,12.76,0.009404388714733621,9.74,9.88,9.81,0.014271151885830842,0.03913646610022542
2024-11-06,C:\Users\avazq\OneDrive\Escritorio\cienciadatos\portafolio\quant-research-notes\HMM_regime_options\data\raw\spy_historical_options_2024-11-06.json.gz,591.04,True,,SPY241206C00592000,SPY241206P00592000,2024-12-06,30.0,592.0,9.52,9.6,9.559999999999999,0.008368200836820092,7.73,8.2,7.965,0.05900816070307582,0.029651123443421766
2024-11-07,C:\Users\avazq\OneDrive\Escritorio\cienciadatos\portafolio\quant-research-notes\HMM_regime_options\data\raw\spy_historical_options_2024-11-07.json.gz,595.61,True,,SPY241206C00596000,SPY241206P00596000,2024-12-06,29.0,596.0,9.49,9.54,9.515,0.005254860746190113,6.95,7.0,6.975,0.007168458781361982,0.027685901848525044
2024-11-08,C:\Users\avazq\OneDrive\Escritorio\cienciadatos\portafolio\quant-research-notes\HMM_regime_options\data\raw\spy_historical_options_2024-11-08.json.gz,598.19,True,,SPY241206C00598000,SPY241206P00598000,2024-12-06,28.0,598.0,9.16,9.2,9.18,0.004357298474945441,6.68,6.73,6.705,0.007457121551081389,0.026555107908858386
2024-11-11,C:\Users\avazq\OneDrive\Escritorio\cienciadatos\portafolio\quant-research-notes\HMM_regime_options\data\raw\spy_historical_options_2024-11-11.json.gz,598.76,True,,SPY241213C00599000,SPY241213P00599000,2024-12-13,32.0,599.0,9.87,9.91,9.89,0.004044489383215462,7.54,7.59,7.5649999999999995,0.00660938532716455,0.02915191395550805
2024-11-12,C:\Users\avazq\OneDrive\Escritorio\cienciadatos\portafolio\quant-research-notes\HMM_regime_options\data\raw\spy_historical_options_2024-11-12.json.gz,596.9,True,,SPY241213C00597000,SPY241213P00597000,2024-12-13,31.0,597.0,10.08,10.12,10.1,0.003960396039603876,7.05,7.08,7.0649999999999995,0.004246284501061607,0.02875691070531077
2024-11-13,C:\Users\avazq\OneDrive\Escritorio\cienciadatos\portafolio\quant-research-notes\HMM_regime_options\data\raw\spy_historical_options_2024-11-13.json.gz,597.19,True,,SPY241213C00597000,SPY241213P00597000,2024-12-13,30.0,597.0,9.8,9.85,9.825,0.00508905852417292,6.5,6.55,6.525,0.007662835249042118,0.027378221336593043
2024-11-14,C:\Users\avazq\OneDrive\Escritorio\cienciadatos\portafolio\quant-research-notes\HMM_regime_options\data\raw\spy_historical_options_2024-11-14.json.gz,593.35,True,,SPY241213C00593000,SPY241213P00593000,2024-12-13,29.0,593.0,8.44,9.03,8.735,0.06754436176302231,6.78,7.1,6.9399999999999995,0.046109510086455245,0.026417797252886153
2024-11-15,C:\Users\avazq\OneDrive\Escritorio\cienciadatos\portafolio\quant-research-notes\HMM_regime_options\data\raw\spy_historical_options_2024-11-15.json.gz,585.75,True,,SPY241213C00586000,SPY241213P00586000,2024-12-13,28.0,586.0,9.78,9.82,9.8,0.0040816326530613185,7.32,7.38,7.35,0.008163265306122396,0.029278702518139136
2024-11-18,C:\Users\avazq\OneDrive\Escritorio\cienciadatos\portafolio\quant-research-notes\HMM_regime_options\data\raw\spy_historical_options_2024-11-18.json.gz,588.15,True,,SPY241220C00588000,SPY241220P00588000,2024-12-20,32.0,588.0,10.23,10.34,10.285,0.010695187165775345,8.28,8.33,8.305,0.006020469596628623,0.03160758309954943
2024-11-19,C:\Users\avazq\OneDrive\Escritorio\cienciadatos\portafolio\quant-research-notes\HMM_regime_options\data\raw\spy_historical_options_2024-11-19.json.gz,590.3,True,,SPY241220C00590000,SPY241220P00590000,2024-12-20,31.0,590.0,10.71,10.76,10.735,0.004657661853749319,8.21,8.25,8.23,0.004860267314702205,0.03212773166186685
2024-11-20,C:\Users\avazq\OneDrive\Escritorio\cienciadatos\portafolio\quant-research-notes\HMM_regime_options\data\raw\spy_historical_options_2024-11-20.json.gz,590.5,True,,SPY241220C00591000,SPY241220P00591000,2024-12-20,30.0,591.0,10.16,10.24,10.2,0.007843137254901968,8.79,8.85,8.82,0.00680272108843543,0.03220999153259949
2024-11-21,C:\Users\avazq\OneDrive\Escritorio\cienciadatos\portafolio\quant-research-notes\HMM_regime_options\data\raw\spy_historical_options_2024-11-21.json.gz,593.67,True,,SPY241220C00594000,SPY241220P00594000,2024-12-20,29.0,594.0,9.68,9.74,9.71,0.006179196704428475,8.5,8.55,8.525,0.005865102639296271,0.030715717486145502
2024-11-22,C:\Users\avazq\OneDrive\Escritorio\cienciadatos\portafolio\quant-research-notes\HMM_regime_options\data\raw\spy_historical_options_2024-11-22.json.gz,595.51,True,,SPY241220C00596000,SPY241220P00596000,2024-12-20,28.0,596.0,8.42,8.48,8.45,0.007100591715976391,7.55,7.58,7.5649999999999995,0.003965631196298777,0.026892915316283524
2024-11-25,C:\Users\avazq\OneDrive\Escritorio\cienciadatos\portafolio\quant-research-notes\HMM_regime_options\data\raw\spy_historical_options_2024-11-25.json.gz,597.53,True,,SPY241227C00597500,SPY241227P00597500,2024-12-27,32.0,597.5,8.75,8.81,8.780000000000001,0.006833712984054725,7.04,7.09,7.0649999999999995,0.007077140835102594,0.026517497029437856
2024-11-26,C:\Users\avazq\OneDrive\Escritorio\cienciadatos\portafolio\quant-research-notes\HMM_regime_options\data\raw\spy_historical_options_2024-11-26.json.gz,600.65,True,,SPY241227C00601000,SPY241227P00601000,2024-12-27,31.0,601.0,8.13,8.18,8.155000000000001,0.006131207847945914,6.8,6.84,6.82,0.005865102639296193,0.02493132439856822
2024-11-27,C:\Users\avazq\OneDrive\Escritorio\cienciadatos\portafolio\quant-research-notes\HMM_regime_options\data\raw\spy_historical_options_2024-11-27.json.gz,598.83,True,,SPY241227C00599000,SPY241227P00599000,2024-12-27,30.0,599.0,7.55,7.6,7.574999999999999,0.006600660066006578,6.89,6.93,6.91,0.005788712011577429,0.02418883489471135
2024-11-29,C:\Users\avazq\OneDrive\Escritorio\cienciadatos\portafolio\quant-research-notes\HMM_regime_options\data\raw\spy_historical_options_2024-11-29.json.gz,602.55,True,,SPY241227C00602500,SPY241227P00602500,2024-12-27,28.0,602.5,7.14,7.18,7.16,0.005586592178770954,6.43,6.47,6.449999999999999,0.006201550387596905,0.022587337150443948
2024-12-02,C:\Users\avazq\OneDrive\Escritorio\cienciadatos\portafolio\quant-research-notes\HMM_regime_options\data\raw\spy_historical_options_2024-12-02.json.gz,603.63,True,,SPY241231C00604000,SPY241231P00604000,2024-12-31,29.0,604.0,7.24,7.29,7.265000000000001,0.006882312456985522,6.41,6.47,6.4399999999999995,0.009316770186335343,0.022704305617679704
2024-12-03,C:\Users\avazq\OneDrive\Escritorio\cienciadatos\portafolio\quant-research-notes\HMM_regime_options\data\raw\spy_historical_options_2024-12-03.json.gz,603.91,True,,SPY250103C00604000,SPY250103P00604000,2025-01-03,31.0,604.0,7.75,7.8,7.775,0.006430868167202549,6.39,6.45,6.42,0.009345794392523442,0.02350515805335232
2024-12-04,C:\Users\avazq\OneDrive\Escritorio\cienciadatos\portafolio\quant-research-notes\HMM_regime_options\data\raw\spy_historical_options_2024-12-04.json.gz,607.66,True,,SPY250103C00608000,SPY250103P00608000,2025-01-03,30.0,608.0,6.85,6.98,6.915,0.018799710773680516,6.36,6.74,6.550000000000001,0.058015267175572496,0.022158772998058126
2024-12-05,C:\Users\avazq\OneDrive\Escritorio\cienciadatos\portafolio\quant-research-notes\HMM_regime_options\data\raw\spy_historical_options_2024-12-05.json.gz,606.66,True,,SPY250103C00607000,SPY250103P00607000,2025-01-03,29.0,607.0,6.64,6.69,6.665,0.007501875468867323,6.68,6.73,6.705,0.007457121551081389,0.022038703722018927
2024-12-06,C:\Users\avazq\OneDrive\Escritorio\cienciadatos\portafolio\quant-research-notes\HMM_regime_options\data\raw\spy_historical_options_2024-12-06.json.gz,607.81,True,,SPY250103C00608000,SPY250103P00608000,2025-01-03,28.0,608.0,6.49,6.53,6.51,0.006144393241167441,6.1,6.15,6.125,0.008163265306122564,0.02078774617067834
2024-12-09,C:\Users\avazq\OneDrive\Escritorio\cienciadatos\portafolio\quant-research-notes\HMM_regime_options\data\raw\spy_historical_options_2024-12-09.json.gz,604.68,True,,SPY250110C00605000,SPY250110P00605000,2025-01-10,32.0,605.0,7.88,7.92,7.9,0.005063291139240511,7.55,7.61,7.58,0.007915567282321965,0.025600317523318122
2024-12-10,C:\Users\avazq\OneDrive\Escritorio\cienciadatos\portafolio\quant-research-notes\HMM_regime_options\data\raw\spy_historical_options_2024-12-10.json.gz,602.8,True,,SPY250110C00603000,SPY250110P00603000,2025-01-10,31.0,603.0,8.25,8.3,8.275,0.006042296072507639,6.86,6.91,6.885,0.007262164124909197,0.025149303251493036
2024-12-11,C:\Users\avazq\OneDrive\Escritorio\cienciadatos\portafolio\quant-research-notes\HMM_regime_options\data\raw\spy_historical_options_2024-12-11.json.gz,607.46,True,,SPY250110C00607500,SPY250110P00607500,2025-01-10,30.0,607.5,7.33,7.38,7.355,0.006798096532970744,6.76,6.78,6.77,0.0029542097488922396,0.023252559839330982
2024-12-12,C:\Users\avazq\OneDrive\Escritorio\cienciadatos\portafolio\quant-research-notes\HMM_regime_options\data\raw\spy_historical_options_2024-12-12.json.gz,604.33,True,,SPY250110C00565000,SPY250110P00565000,2025-01-10,29.0,565.0,40.0,43.14,41.57,0.07553524176088526,1.09,1.11,1.1,0.018181818181818195,0.07060711862724008
2024-12-13,C:\Users\avazq\OneDrive\Escritorio\cienciadatos\portafolio\quant-research-notes\HMM_regime_options\data\raw\spy_historical_options_2024-12-13.json.gz,604.21,True,,SPY250110C00604000,SPY250110P00604000,2025-01-10,28.0,604.0,6.95,7.01,6.98,0.008595988538681891,6.56,6.64,6.6,0.012121212121212133,0.022475629334171892
2024-12-16,C:\Users\avazq\OneDrive\Escritorio\cienciadatos\portafolio\quant-research-notes\HMM_regime_options\data\raw\spy_historical_options_2024-12-16.json.gz,606.79,True,,SPY250117C00607000,SPY250117P00607000,2025-01-17,32.0,607.0,8.4,8.52,8.46,0.014184397163120473,7.59,7.71,7.65,0.015686274509803935,0.026549547619440006
2024-12-17,C:\Users\avazq\OneDrive\Escritorio\cienciadatos\portafolio\quant-research-notes\HMM_regime_options\data\raw\spy_historical_options_2024-12-17.json.gz,604.29,True,,SPY250117C00604000,SPY250117P00604000,2025-01-17,31.0,604.0,9.02,9.06,9.04,0.004424778761062049,7.7,7.74,7.720000000000001,0.005181347150259072,0.027735027883962995
2024-12-18,C:\Users\avazq\OneDrive\Escritorio\cienciadatos\portafolio\quant-research-notes\HMM_regime_options\data\raw\spy_historical_options_2024-12-18.json.gz,586.28,True,,SPY250117C00586000,SPY250117P00586000,2025-01-17,30.0,586.0,12.37,12.69,12.53,0.02553870710295294,11.97,12.32,12.145,0.028818443804034553,0.04208739851265607
2024-12-19,C:\Users\avazq\OneDrive\Escritorio\cienciadatos\portafolio\quant-research-notes\HMM_regime_options\data\raw\spy_historical_options_2024-12-19.json.gz,586.1,True,,SPY250117C00586000,SPY250117P00586000,2025-01-17,29.0,586.0,12.13,12.19,12.16,0.004934210526315684,11.29,11.38,11.335,0.007940008822232168,0.040087015867599385
2024-12-20,C:\Users\avazq\OneDrive\Escritorio\cienciadatos\portafolio\quant-research-notes\HMM_regime_options\data\raw\spy_historical_options_2024-12-20.json.gz,591.15,True,,SPY250117C00591000,SPY250117P00591000,2025-01-17,28.0,591.0,10.99,11.06,11.025,0.006349206349206374,8.53,8.59,8.559999999999999,0.007009345794392582,0.033130339169415546
2024-12-23,C:\Users\avazq\OneDrive\Escritorio\cienciadatos\portafolio\quant-research-notes\HMM_regime_options\data\raw\spy_historical_options_2024-12-23.json.gz,594.69,True,,SPY250124C00595000,SPY250124P00595000,2025-01-24,32.0,595.0,10.78,10.84,10.809999999999999,0.005550416281221138,8.02,8.08,8.05,0.007453416149068384,0.03171400225327481
2024-12-24,C:\Users\avazq\OneDrive\Escritorio\cienciadatos\portafolio\quant-research-notes\HMM_regime_options\data\raw\spy_historical_options_2024-12-24.json.gz,601.3,True,,SPY250124C00602000,SPY250124P00602000,2025-01-24,31.0,602.0,8.29,8.74,8.515,0.05284791544333541,6.31,6.94,6.625,0.09509433962264163,0.02517877931149177
2024-12-26,C:\Users\avazq\OneDrive\Escritorio\cienciadatos\portafolio\quant-research-notes\HMM_regime_options\data\raw\spy_historical_options_2024-12-26.json.gz,601.34,True,,SPY250124C00601000,SPY250124P00601000,2025-01-24,29.0,601.0,8.88,8.92,8.9,0.004494382022471814,6.52,6.57,6.545,0.007639419404125395,0.02568430505205042
2024-12-27,C:\Users\avazq\OneDrive\Escritorio\cienciadatos\portafolio\quant-research-notes\HMM_regime_options\data\raw\spy_historical_options_2024-12-27.json.gz,595.01,True,,SPY250124C00595000,SPY250124P00595000,2025-01-24,28.0,595.0,9.47,9.52,9.495000000000001,0.005265929436545438,7.26,7.32,7.29,0.008230452674897188,0.028209609922522312
2024-12-30,C:\Users\avazq\OneDrive\Escritorio\cienciadatos\portafolio\quant-research-notes\HMM_regime_options\data\raw\spy_historical_options_2024-12-30.json.gz,588.22,True,,SPY250131C00588000,SPY250131P00588000,2025-01-31,32.0,588.0,11.32,11.39,11.355,0.006164685160722174,8.81,8.88,8.845,0.007914075749010771,0.03434089286321445
2024-12-31,C:\Users\avazq\OneDrive\Escritorio\cienciadatos\portafolio\quant-research-notes\HMM_regime_options\data\raw\spy_historical_options_2024-12-31.json.gz,586.08,True,,SPY250131C00586000,SPY250131P00586000,2025-01-31,31.0,586.0,11.16,11.24,11.2,0.00714285714285715,8.48,8.54,8.51,0.007050528789659075,0.03363022113022113
2025-01-02,C:\Users\avazq\OneDrive\Escritorio\cienciadatos\portafolio\quant-research-notes\HMM_regime_options\data\raw\spy_historical_options_2025-01-02.json,584.64,True,,SPY250131C00585000,SPY250131P00585000,2025-01-31,29.0,585.0,10.97,11.03,11.0,0.005454545454545338,8.8,8.84,8.82,0.004535147392290152,0.03390120415982485
2025-01-03,C:\Users\avazq\OneDrive\Escritorio\cienciadatos\portafolio\quant-research-notes\HMM_regime_options\data\raw\spy_historical_options_2025-01-03.json,591.95,True,,SPY250131C00592000,SPY250131P00592000,2025-01-31,28.0,592.0,9.58,9.65,9.615,0.007280291211648495,7.97,8.04,8.004999999999999,0.008744534665833779,0.029766027536109463
2025-01-06,C:\Users\avazq\OneDrive\Escritorio\cienciadatos\portafolio\quant-research-notes\HMM_regime_options\data\raw\spy_historical_options_2025-01-06.json,595.36,True,,SPY250207C00595000,SPY250207P00595000,2025-02-07,32.0,595.0,11.15,11.2,11.175,0.004474272930648674,7.96,8.01,7.984999999999999,0.006261740763932351,0.03218220908357968
2025-01-07,C:\Users\avazq\OneDrive\Escritorio\cienciadatos\portafolio\quant-research-notes\HMM_regime_options\data\raw\spy_historical_options_2025-01-07.json,588.63,True,,SPY250207C00589000,SPY250207P00589000,2025-02-07,31.0,589.0,11.37,11.41,11.39,0.003511852502194989,9.06,9.12,9.09,0.00660066006600646,0.034792654129079385
2025-01-08,C:\Users\avazq\OneDrive\Escritorio\cienciadatos\portafolio\quant-research-notes\HMM_regime_options\data\raw\spy_historical_options_2025-01-08.json,589.49,True,,SPY250207C00590000,SPY250207P00590000,2025-02-07,30.0,590.0,10.66,11.66,11.16,0.08960573476702509,8.77,9.32,9.045,0.060807075732448944,0.034275390591867544
2025-01-10,C:\Users\avazq\OneDrive\Escritorio\cienciadatos\portafolio\quant-research-notes\HMM_regime_options\data\raw\spy_historical_options_2025-01-10.json,580.49,True,,SPY250207C00580000,SPY250207P00580000,2025-02-07,28.0,580.0,11.65,11.7,11.675,0.004282655246252585,9.35,9.41,9.379999999999999,0.006396588486140779,0.036271081327843714
2025-01-13,C:\Users\avazq\OneDrive\Escritorio\cienciadatos\portafolio\quant-research-notes\HMM_regime_options\data\raw\spy_historical_options_2025-01-13.json,581.39,True,,SPY250214C00581000,SPY250214P00581000,2025-02-14,32.0,581.0,12.77,12.82,12.795,0.003907776475185675,9.59,9.65,9.620000000000001,0.006237006237006288,0.03855415469822322
2025-01-14,C:\Users\avazq\OneDrive\Escritorio\cienciadatos\portafolio\quant-research-notes\HMM_regime_options\data\raw\spy_historical_options_2025-01-14.json,582.19,True,,SPY250214C00582000,SPY250214P00582000,2025-02-14,31.0,582.0,12.59,12.65,12.620000000000001,0.004754358161648217,9.24,9.29,9.265,0.005396654074473711,0.03759082086604029
2025-01-15,C:\Users\avazq\OneDrive\Escritorio\cienciadatos\portafolio\quant-research-notes\HMM_regime_options\data\raw\spy_historical_options_2025-01-15.json,592.78,True,,SPY250214C00593000,SPY250214P00593000,2025-02-14,30.0,593.0,10.05,10.1,10.075,0.004962779156327438,8.23,8.29,8.26,0.007263922518159651,0.03093053071965991
2025-01-16,C:\Users\avazq\OneDrive\Escritorio\cienciadatos\portafolio\quant-research-notes\HMM_regime_options\data\raw\spy_historical_options_2025-01-16.json,591.64,True,,SPY250214C00592000,SPY250214P00592000,2025-02-14,29.0,592.0,9.37,9.43,9.399999999999999,0.006382978723404309,8.72,8.79,8.754999999999999,0.00799543118218144,0.030685890068284764
2025-01-17,C:\Users\avazq\OneDrive\Escritorio\cienciadatos\portafolio\quant-research-notes\HMM_regime_options\data\raw\spy_historical_options_2025-01-17.json,597.58,True,,SPY250214C00597500,SPY250214P00597500,2025-02-14,28.0,597.5,9.67,9.71,9.690000000000001,0.004127966976264285,7.9,7.95,7.925000000000001,0.006309148264984204,0.02947722480672044
2025-01-21,C:\Users\avazq\OneDrive\Escritorio\cienciadatos\portafolio\quant-research-notes\HMM_regime_options\data\raw\spy_historical_options_2025-01-21.json,603.05,True,,SPY250221C00603000,SPY250221P00603000,2025-02-21,31.0,603.0,9.79,9.84,9.815,0.005094243504839604,7.43,7.48,7.455,0.006706908115358914,0.028637758063178843
2025-01-22,C:\Users\avazq\OneDrive\Escritorio\cienciadatos\portafolio\quant-research-notes\HMM_regime_options\data\raw\spy_historical_options_2025-01-22.json,606.44,True,,SPY250221C00606000,SPY250221P00606000,2025-02-21,30.0,606.0,9.56,9.59,9.575,0.0031331592689294373,7.14,7.18,7.16,0.005586592178770954,0.027595475232504448
2025-01-23,C:\Users\avazq\OneDrive\Escritorio\cienciadatos\portafolio\quant-research-notes\HMM_regime_options\data\raw\spy_historical_options_2025-01-23.json,609.75,True,,SPY250221C00610000,SPY250221P00610000,2025-02-21,29.0,610.0,8.71,8.75,8.73,0.004581901489117886,7.37,7.42,7.395,0.006761325219743046,0.026445264452644526
2025-01-24,C:\Users\avazq\OneDrive\Escritorio\cienciadatos\portafolio\quant-research-notes\HMM_regime_options\data\raw\spy_historical_options_2025-01-24.json,607.97,True,,SPY250221C00608000,SPY250221P00608000,2025-02-21,28.0,608.0,8.59,8.62,8.605,0.0034863451481695943,7.16,7.21,7.1850000000000005,0.0069589422407793766,0.025971676234024705
2025-01-27,C:\Users\avazq\OneDrive\Escritorio\cienciadatos\portafolio\quant-research-notes\HMM_regime_options\data\raw\spy_historical_options_2025-01-27.json,599.37,True,,SPY250228C00599000,SPY250228P00599000,2025-02-28,32.0,599.0,11.95,12.01,11.98,0.005008347245409057,8.69,8.76,8.725,0.008022922636103184,0.034544605168760525
2025-01-28,C:\Users\avazq\OneDrive\Escritorio\cienciadatos\portafolio\quant-research-notes\HMM_regime_options\data\raw\spy_historical_options_2025-01-28.json,604.52,True,,SPY250228C00605000,SPY250228P00605000,2025-02-28,31.0,605.0,9.98,10.01,9.995000000000001,0.0030015007503751234,8.62,8.67,8.645,0.005783689994216392,0.030834380996493087
2025-01-29,C:\Users\avazq\OneDrive\Escritorio\cienciadatos\portafolio\quant-research-notes\HMM_regime_options\data\raw\spy_historical_options_2025-01-29.json,601.81,True,,SPY250228C00600000,SPY250228P00600000,2025-02-28,30.0,600.0,11.01,11.54,11.274999999999999,0.047006651884700615,7.5,8.0,7.75,0.06451612903225806,0.03161296754789718
2025-01-30,C:\Users\avazq\OneDrive\Escritorio\cienciadatos\portafolio\quant-research-notes\HMM_regime_options\data\raw\spy_historical_options_2025-01-30.json,605.04,True,,SPY250228C00605000,SPY250228P00605000,2025-02-28,29.0,605.0,9.8,9.9,9.850000000000001,0.010152284263959354,8.0,8.07,8.035,0.008711885500933452,0.029560029088985855
2025-01-31,C:\Users\avazq\OneDrive\Escritorio\cienciadatos\portafolio\quant-research-notes\HMM_regime_options\data\raw\spy_historical_options_2025-01-31.json,601.82,True,,SPY250228C00602000,SPY250228P00602000,2025-02-28,28.0,602.0,9.9,9.94,9.92,0.004032258064516043,8.28,8.35,8.315,0.008418520745640444,0.030299757402545608
2025-02-03,C:\Users\avazq\OneDrive\Escritorio\cienciadatos\portafolio\quant-research-notes\HMM_regime_options\data\raw\spy_historical_options_2025-02-03.json.gz,597.77,True,,SPY250307C00598000,SPY250307P00598000,2025-03-07,32.0,598.0,11.94,11.98,11.96,0.0033444816053512477,9.72,9.78,9.75,0.006153846153846023,0.036318316409321316
2025-02-04,C:\Users\avazq\OneDrive\Escritorio\cienciadatos\portafolio\quant-research-notes\HMM_regime_options\data\raw\spy_historical_options_2025-02-04.json.gz,601.78,True,,SPY250307C00610000,SPY250307P00610000,2025-03-07,31.0,610.0,5.51,5.96,5.734999999999999,0.07846556233653011,12.6,13.84,13.219999999999999,0.09379727685325268,0.03149822194157333
2025-02-05,C:\Users\avazq\OneDrive\Escritorio\cienciadatos\portafolio\quant-research-notes\HMM_regime_options\data\raw\spy_historical_options_2025-02-05.json.gz,604.22,True,,SPY250307C00604000,SPY250307P00604000,2025-03-07,30.0,604.0,10.02,10.75,10.385,0.07029369282619166,7.74,7.86,7.800000000000001,0.015384615384615398,0.030096653536791237
2025-02-06,C:\Users\avazq\OneDrive\Escritorio\cienciadatos\portafolio\quant-research-notes\HMM_regime_options\data\raw\spy_historical_options_2025-02-06.json.gz,606.32,True,,SPY250307C00606000,SPY250307P00606000,2025-03-07,29.0,606.0,9.18,9.23,9.205,0.005431830526887638,7.98,8.05,8.015,0.008733624454148506,0.028400844438580285
2025-02-07,C:\Users\avazq\OneDrive\Escritorio\cienciadatos\portafolio\quant-research-notes\HMM_regime_options\data\raw\spy_historical_options_2025-02-07.json.gz,600.77,True,,SPY250307C00601000,SPY250307P00601000,2025-03-07,28.0,601.0,9.79,9.92,9.855,0.013191273465246147,7.87,8.04,7.955,0.021370207416718925,0.029645288546365504
2025-02-10,C:\Users\avazq\OneDrive\Escritorio\cienciadatos\portafolio\quant-research-notes\HMM_regime_options\data\raw\spy_historical_options_2025-02-10.json.gz,604.85,True,,SPY250314C00605000,SPY250314P00605000,2025-03-14,32.0,605.0,9.99,10.03,10.01,0.003996003996003911,8.21,8.26,8.235,0.006071645415907582,0.03016450359593287
2025-02-11,C:\Users\avazq\OneDrive\Escritorio\cienciadatos\portafolio\quant-research-notes\HMM_regime_options\data\raw\spy_historical_options_2025-02-11.json.gz,605.31,True,,SPY250314C00605000,SPY250314P00605000,2025-03-14,31.0,605.0,10.36,10.4,10.379999999999999,0.003853564547206255,7.75,7.8,7.775,0.006430868167202549,0.029992896201946114
2025-02-12,C:\Users\avazq\OneDrive\Escritorio\cienciadatos\portafolio\quant-research-notes\HMM_regime_options\data\raw\spy_historical_options_2025-02-12.json.gz,603.36,True,,SPY250314C00603000,SPY250314P00603000,2025-03-14,30.0,603.0,10.49,10.53,10.51,0.0038058991436726117,7.7,7.75,7.725,0.00647249190938509,0.030222421108459293
2025-02-13,C:\Users\avazq\OneDrive\Escritorio\cienciadatos\portafolio\quant-research-notes\HMM_regime_options\data\raw\spy_historical_options_2025-02-13.json.gz,609.73,True,,SPY250314C00610000,SPY250314P00610000,2025-03-14,29.0,610.0,8.99,9.03,9.01,0.0044395116537179966,7.35,7.4,7.375,0.006779661016949249,0.02687255014514621
2025-02-14,C:\Users\avazq\OneDrive\Escritorio\cienciadatos\portafolio\quant-research-notes\HMM_regime_options\data\raw\spy_historical_options_2025-02-14.json.gz,609.7,True,,SPY250314C00610000,SPY250314P00610000,2025-03-14,28.0,610.0,8.65,8.68,8.665,0.0034622042700518598,6.94,6.97,6.955,0.004313443565779922,0.02561915696244054
2025-02-18,C:\Users\avazq\OneDrive\Escritorio\cienciadatos\portafolio\quant-research-notes\HMM_regime_options\data\raw\spy_historical_options_2025-02-18.json.gz,611.49,True,,SPY250321C00611000,SPY250321P00611000,2025-03-21,31.0,611.0,9.67,9.72,9.695,0.005157297576070212,7.82,7.85,7.835,0.003828972559029912,0.028667680583492783
2025-02-19,C:\Users\avazq\OneDrive\Escritorio\cienciadatos\portafolio\quant-research-notes\HMM_regime_options\data\raw\spy_historical_options_2025-02-19.json.gz,612.93,True,,SPY250321C00613000,SPY250321P00613000,2025-03-21,30.0,613.0,8.59,8.63,8.61,0.0046457607433218265,8.11,8.15,8.129999999999999,0.0049200492004921196,0.027311438500318145
2025-02-20,C:\Users\avazq\OneDrive\Escritorio\cienciadatos\portafolio\quant-research-notes\HMM_regime_options\data\raw\spy_historical_options_2025-02-20.json.gz,610.38,True,,SPY250321C00610000,SPY250321P00610000,2025-03-21,29.0,610.0,9.04,9.09,9.065,0.005515719801434166,7.78,7.81,7.795,0.0038486209108402002,0.027622137029391525
2025-02-21,C:\Users\avazq\OneDrive\Escritorio\cienciadatos\portafolio\quant-research-notes\HMM_regime_options\data\raw\spy_historical_options_2025-02-21.json.gz,599.94,True,,SPY250321C00600000,SPY250321P00600000,2025-03-21,28.0,600.0,10.51,10.54,10.524999999999999,0.0028503562945367566,8.9,8.92,8.91,0.00224466891133553,0.03239490615728239
2025-02-24,C:\Users\avazq\OneDrive\Escritorio\cienciadatos\portafolio\quant-research-notes\HMM_regime_options\data\raw\spy_historical_options_2025-02-24.json.gz,597.21,True,,SPY250328C00597000,SPY250328P00597000,2025-03-28,32.0,597.0,11.74,11.79,11.765,0.004249893752656093,9.82,9.86,9.84,0.004065040650406418,0.03617655431087892
2025-02-25,C:\Users\avazq\OneDrive\Escritorio\cienciadatos\portafolio\quant-research-notes\HMM_regime_options\data\raw\spy_historical_options_2025-02-25.json.gz,594.24,True,,SPY250328C00594000,SPY250328P00594000,2025-03-28,31.0,594.0,11.94,12.0,11.969999999999999,0.005012531328320844,10.0,10.05,10.025,0.0049875311720698964,0.037013664512654816
2025-02-26,C:\Users\avazq\OneDrive\Escritorio\cienciadatos\portafolio\quant-research-notes\HMM_regime_options\data\raw\spy_historical_options_2025-02-26.json.gz,594.54,True,,SPY250328C00595000,SPY250328P00595000,2025-03-28,30.0,595.0,11.14,11.21,11.175,0.006263982102908302,10.41,10.46,10.435,0.0047915668423575185,0.036347428263867866
2025-02-27,C:\Users\avazq\OneDrive\Escritorio\cienciadatos\portafolio\quant-research-notes\HMM_regime_options\data\raw\spy_historical_options_2025-02-27.json.gz,585.05,True,,SPY250328C00585000,SPY250328P00585000,2025-03-28,29.0,585.0,12.46,12.5,12.48,0.0032051282051281365,11.29,11.35,11.32,0.005300353356890503,0.04068028373643279
2025-02-28,C:\Users\avazq\OneDrive\Escritorio\cienciadatos\portafolio\quant-research-notes\HMM_regime_options\data\raw\spy_historical_options_2025-02-28.json.gz,594.18,True,,SPY250331C00594000,SPY250331P00594000,2025-03-31,31.0,594.0,10.79,10.88,10.835,0.008306414397785107,10.83,10.92,10.875,0.008275862068965504,0.03653774950351746
2025-03-03,C:\Users\avazq\OneDrive\Escritorio\cienciadatos\portafolio\quant-research-notes\HMM_regime_options\data\raw\spy_historical_options_2025-03-03.json.gz,583.77,True,,SPY250331C00584000,SPY250331P00584000,2025-03-31,28.0,584.0,12.71,12.8,12.755,0.007056056448451576,11.41,11.48,11.445,0.006116207951070361,0.04145468249481817
2025-03-04,C:\Users\avazq\OneDrive\Escritorio\cienciadatos\portafolio\quant-research-notes\HMM_regime_options\data\raw\spy_historical_options_2025-03-04.json.gz,576.86,True,,SPY250404C00577000,SPY250404P00577000,2025-04-04,31.0,577.0,14.76,14.87,14.815,0.007424907188660104,12.05,12.16,12.105,0.009087154068566661,0.04666643553028465
2025-03-05,C:\Users\avazq\OneDrive\Escritorio\cienciadatos\portafolio\quant-research-notes\HMM_regime_options\data\raw\spy_historical_options_2025-03-05.json.gz,583.06,True,,SPY250404C00583000,SPY250404P00583000,2025-04-04,30.0,583.0,12.53,12.62,12.575,0.007157057654075536,12.36,12.46,12.41,0.008058017727639115,0.04285150756354406
2025-03-06,C:\Users\avazq\OneDrive\Escritorio\cienciadatos\portafolio\quant-research-notes\HMM_regime_options\data\raw\spy_historical_options_2025-03-06.json.gz,572.71,True,,SPY250404C00571000,SPY250404P00571000,2025-04-04,29.0,571.0,15.24,16.45,15.844999999999999,0.07636478384348369,12.32,12.76,12.54,0.03508771929824558,0.04956260585636709
2025-03-07,C:\Users\avazq\OneDrive\Escritorio\cienciadatos\portafolio\quant-research-notes\HMM_regime_options\data\raw\spy_historical_options_2025-03-07.json.gz,575.92,True,,SPY250404C00576000,SPY250404P00576000,2025-04-04,28.0,576.0,12.76,12.83,12.795,0.005470887065259889,12.65,12.73,12.690000000000001,0.006304176516942479,0.044250937630226424
2025-03-10,C:\Users\avazq\OneDrive\Escritorio\cienciadatos\portafolio\quant-research-notes\HMM_regime_options\data\raw\spy_historical_options_2025-03-10.json.gz,560.58,True,,SPY250411C00560000,SPY250411P00560000,2025-04-11,32.0,560.0,16.46,16.56,16.509999999999998,0.00605693519079333,14.7,14.83,14.765,0.008804605485946547,0.055790431338970346
2025-03-11,C:\Users\avazq\OneDrive\Escritorio\cienciadatos\portafolio\quant-research-notes\HMM_regime_options\data\raw\spy_historical_options_2025-03-11.json.gz,555.92,True,,SPY250411C00556000,SPY250411P00556000,2025-04-11,31.0,556.0,16.28,16.35,16.315,0.0042905301869445465,14.36,14.45,14.405,0.00624783061437,0.055259749604259605
2025-03-12,C:\Users\avazq\OneDrive\Escritorio\cienciadatos\portafolio\quant-research-notes\HMM_regime_options\data\raw\spy_historical_options_2025-03-12.json.gz,558.87,True,,SPY250411C00559000,SPY250411P00559000,2025-04-11,30.0,559.0,13.84,13.91,13.875,0.0050450450450450655,13.9,13.97,13.935,0.005023322569070706,0.049761125127489404
2025-03-13,C:\Users\avazq\OneDrive\Escritorio\cienciadatos\portafolio\quant-research-notes\HMM_regime_options\data\raw\spy_historical_options_2025-03-13.json.gz,551.42,True,,SPY250411C00551000,SPY250411P00551000,2025-04-11,29.0,551.0,15.34,15.39,15.365,0.0032541490400260793,12.72,12.79,12.754999999999999,0.005488043904351118,0.05099561133074607
2025-03-14,C:\Users\avazq\OneDrive\Escritorio\cienciadatos\portafolio\quant-research-notes\HMM_regime_options\data\raw\spy_historical_options_2025-03-14.json.gz,562.81,True,,SPY250411C00563000,SPY250411P00563000,2025-04-11,28.0,563.0,11.54,11.59,11.565,0.004323389537397381,12.71,12.77,12.74,0.004709576138147467,0.043185089106448006
2025-03-17,C:\Users\avazq\OneDrive\Escritorio\cienciadatos\portafolio\quant-research-notes\HMM_regime_options\data\raw\spy_historical_options_2025-03-17.json.gz,567.15,True,,SPY250417C00567000,SPY250417P00567000,2025-04-17,31.0,567.0,12.15,12.2,12.175,0.0041067761806980645,11.81,11.87,11.84,0.005067567567567459,0.042343295424490876
2025-03-18,C:\Users\avazq\OneDrive\Escritorio\cienciadatos\portafolio\quant-research-notes\HMM_regime_options\data\raw\spy_historical_options_2025-03-18.json.gz,561.02,True,,SPY250417C00561000,SPY250417P00561000,2025-04-17,30.0,561.0,12.85,12.91,12.879999999999999,0.004658385093167741,11.97,12.04,12.004999999999999,0.005830903790087339,0.04435670742576022
2025-03-19,C:\Users\avazq\OneDrive\Escritorio\cienciadatos\portafolio\quant-research-notes\HMM_regime_options\data\raw\spy_historical_options_2025-03-19.json.gz,567.13,True,,SPY250417C00567000,SPY250417P00567000,2025-04-17,29.0,567.0,11.75,11.8,11.775,0.004246284501061632,10.87,10.93,10.899999999999999,0.005504587155963349,0.03998201470562304
2025-03-20,C:\Users\avazq\OneDrive\Escritorio\cienciadatos\portafolio\quant-research-notes\HMM_regime_options\data\raw\spy_historical_options_2025-03-20.json.gz,565.49,True,,SPY250417C00565000,SPY250417P00565000,2025-04-17,28.0,565.0,11.63,11.73,11.68,0.008561643835616408,10.5,10.59,10.545,0.008534850640113785,0.039302198093688664
2025-03-21,C:\Users\avazq\OneDrive\Escritorio\cienciadatos\portafolio\quant-research-notes\HMM_regime_options\data\raw\spy_historical_options_2025-03-21.json.gz,563.98,True,,SPY250417C00564000,SPY250417P00564000,2025-04-17,27.0,564.0,11.93,11.97,11.95,0.003347280334728111,9.61,9.66,9.635,0.005189413596263696,0.038272633781339764
2025-03-24,C:\Users\avazq\OneDrive\Escritorio\cienciadatos\portafolio\quant-research-notes\HMM_regime_options\data\raw\spy_historical_options_2025-03-24.json.gz,574.08,True,,SPY250425C00574000,SPY250425P00574000,2025-04-25,32.0,574.0,11.79,11.84,11.815,0.0042319085907745,9.26,9.31,9.285,0.005385029617662973,0.036754459308807136
2025-03-25,C:\Users\avazq\OneDrive\Escritorio\cienciadatos\portafolio\quant-research-notes\HMM_regime_options\data\raw\spy_historical_options_2025-03-25.json.gz,575.46,True,,SPY250425C00575000,SPY250425P00575000,2025-04-25,31.0,575.0,11.53,11.58,11.555,0.004327131112072757,8.82,8.85,8.835,0.0033955857385398252,0.03543252354638029
2025-03-26,C:\Users\avazq\OneDrive\Escritorio\cienciadatos\portafolio\quant-research-notes\HMM_regime_options\data\raw\spy_historical_options_2025-03-26.json.gz,568.59,True,,SPY250425C00569000,SPY250425P00569000,2025-04-25,30.0,569.0,11.46,11.51,11.485,0.004353504571179707,9.71,9.76,9.735,0.005136106831021976,0.03732038903251903
2025-03-27,C:\Users\avazq\OneDrive\Escritorio\cienciadatos\portafolio\quant-research-notes\HMM_regime_options\data\raw\spy_historical_options_2025-03-27.json.gz,567.08,True,,SPY250425C00567000,SPY250425P00567000,2025-04-25,29.0,567.0,11.77,11.82,11.795,0.00423908435777878,9.52,9.57,9.545,0.0052383446830802215,0.03763137476193835
2025-03-28,C:\Users\avazq\OneDrive\Escritorio\cienciadatos\portafolio\quant-research-notes\HMM_regime_options\data\raw\spy_historical_options_2025-03-28.json.gz,555.66,True,,SPY250425C00556000,SPY250425P00556000,2025-04-25,28.0,556.0,12.1,12.16,12.129999999999999,0.004946413849958821,11.53,11.6,11.565,0.006052745352356272,0.0426429831191736
2025-03-31,C:\Users\avazq\OneDrive\Escritorio\cienciadatos\portafolio\quant-research-notes\HMM_regime_options\data\raw\spy_historical_options_2025-03-31.json.gz,559.39,True,,SPY250430C00559000,SPY250430P00559000,2025-04-30,30.0,559.0,12.52,12.58,12.55,0.004780876494023944,11.57,11.64,11.605,0.006031882809134018,0.043180964979710044
2025-04-01,C:\Users\avazq\OneDrive\Escritorio\cienciadatos\portafolio\quant-research-notes\HMM_regime_options\data\raw\spy_historical_options_2025-04-01.json.gz,560.97,True,,SPY250430C00561000,SPY250430P00561000,2025-04-30,29.0,561.0,12.7,12.75,12.725,0.003929273084479427,10.86,10.92,10.89,0.005509641873278282,0.04209672531507924
2025-04-02,C:\Users\avazq\OneDrive\Escritorio\cienciadatos\portafolio\quant-research-notes\HMM_regime_options\data\raw\spy_historical_options_2025-04-02.json.gz,564.52,True,,SPY250502C00565000,SPY250502P00565000,2025-05-02,30.0,565.0,14.75,15.0,14.875,0.01680672268907563,8.88,9.12,9.0,0.02666666666666649,0.042292567136682495
2025-04-03,C:\Users\avazq\OneDrive\Escritorio\cienciadatos\portafolio\quant-research-notes\HMM_regime_options\data\raw\spy_historical_options_2025-04-03.json.gz,536.7,True,,SPY250502C00537000,SPY250502P00537000,2025-05-02,29.0,537.0,16.88,16.95,16.915,0.0041383387525864785,14.46,14.57,14.515,0.007578367206338231,0.05856158002608533
2025-04-04,C:\Users\avazq\OneDrive\Escritorio\cienciadatos\portafolio\quant-research-notes\HMM_regime_options\data\raw\spy_historical_options_2025-04-04.json,505.28,True,,SPY250502C00505000,SPY250502P00505000,2025-05-02,28.0,505.0,22.26,22.53,22.395000000000003,0.012056262558606812,20.3,20.59,20.445,0.014184397163120525,0.08478467384420521
2025-04-07,C:\Users\avazq\OneDrive\Escritorio\cienciadatos\portafolio\quant-research-notes\HMM_regime_options\data\raw\spy_historical_options_2025-04-07.json.gz,504.38,True,,SPY250509C00505000,SPY250509P00505000,2025-05-09,32.0,505.0,25.28,25.67,25.475,0.015309126594700708,20.63,21.1,20.865000000000002,0.022525760843517966,0.09187517348031247
2025-04-08,C:\Users\avazq\OneDrive\Escritorio\cienciadatos\portafolio\quant-research-notes\HMM_regime_options\data\raw\spy_historical_options_2025-04-08.json.gz,496.48,True,,SPY250509C00495000,SPY250509P00495000,2025-05-09,31.0,495.0,26.09,26.35,26.22,0.009916094584286864,22.89,23.18,23.035,0.012589537660082447,0.09920842732839187
2025-04-09,C:\Users\avazq\OneDrive\Escritorio\cienciadatos\portafolio\quant-research-notes\HMM_regime_options\data\raw\spy_historical_options_2025-04-09.json.gz,548.62,True,,SPY250509C00510000,SPY250509P00510000,2025-05-09,30.0,510.0,40.72,43.7,42.21,0.07059938403221995,7.24,7.61,7.425000000000001,0.04983164983164984,0.0904724581677664
2025-04-10,C:\Users\avazq\OneDrive\Escritorio\cienciadatos\portafolio\quant-research-notes\HMM_regime_options\data\raw\spy_historical_options_2025-04-10.json.gz,524.58,True,,SPY250509C00525000,SPY250509P00525000,2025-05-09,29.0,525.0,22.45,22.75,22.6,0.013274336283185872,18.99,19.34,19.165,0.018262457605009205,0.07961607381143009
2025-04-11,C:\Users\avazq\OneDrive\Escritorio\cienciadatos\portafolio\quant-research-notes\HMM_regime_options\data\raw\spy_historical_options_2025-04-11.json.gz,533.94,True,,SPY250509C00534000,SPY250509P00534000,2025-05-09,28.0,534.0,20.38,20.53,20.455,0.007333170373991794,18.16,18.35,18.255000000000003,0.010408107367844494,0.07249878263475296
2025-04-14,C:\Users\avazq\OneDrive\Escritorio\cienciadatos\portafolio\quant-research-notes\HMM_regime_options\data\raw\spy_historical_options_2025-04-14.json.gz,539.12,True,,SPY250516C00539000,SPY250516P00539000,2025-05-16,32.0,539.0,17.53,17.61,17.57,0.004553215708594098,15.9,16.05,15.975000000000001,0.009389671361502368,0.06222176880842855
2025-04-15,C:\Users\avazq\OneDrive\Escritorio\cienciadatos\portafolio\quant-research-notes\HMM_regime_options\data\raw\spy_historical_options_2025-04-15.json.gz,537.61,True,,SPY250516C00538000,SPY250516P00538000,2025-05-16,31.0,538.0,16.7,16.79,16.744999999999997,0.005374738727978493,14.93,15.06,14.995000000000001,0.008669556518839664,0.05903908037424899
2025-04-16,C:\Users\avazq\OneDrive\Escritorio\cienciadatos\portafolio\quant-research-notes\HMM_regime_options\data\raw\spy_historical_options_2025-04-16.json.gz,525.66,True,,SPY250516C00526000,SPY250516P00526000,2025-05-16,30.0,526.0,18.44,18.54,18.490000000000002,0.005408328826392529,15.81,15.97,15.89,0.010069225928256775,0.06540349275196897
2025-04-17,C:\Users\avazq\OneDrive\Escritorio\cienciadatos\portafolio\quant-research-notes\HMM_regime_options\data\raw\spy_historical_options_2025-04-17.json.gz,526.41,True,,SPY250516C00526000,SPY250516P00526000,2025-05-16,29.0,526.0,17.45,17.58,17.515,0.007422209534684499,13.9,14.05,13.975000000000001,0.010733452593917734,0.05982029216770199
2025-04-21,C:\Users\avazq\OneDrive\Escritorio\cienciadatos\portafolio\quant-research-notes\HMM_regime_options\data\raw\spy_historical_options_2025-04-21.json.gz,513.88,True,,SPY250523C00514000,SPY250523P00514000,2025-05-23,32.0,514.0,19.04,19.14,19.09,0.0052383446830802215,17.32,17.44,17.380000000000003,0.006904487917146201,0.07096987623569705
2025-04-22,C:\Users\avazq\OneDrive\Escritorio\cienciadatos\portafolio\quant-research-notes\HMM_regime_options\data\raw\spy_historical_options_2025-04-22.json.gz,527.25,True,,SPY250523C00527000,SPY250523P00527000,2025-05-23,31.0,527.0,17.67,17.83,17.75,0.009014084507042061,15.65,15.82,15.735,0.010803940260565614,0.06350877192982456
2025-04-23,C:\Users\avazq\OneDrive\Escritorio\cienciadatos\portafolio\quant-research-notes\HMM_regime_options\data\raw\spy_historical_options_2025-04-23.json.gz,535.42,True,,SPY250523C00535000,SPY250523P00535000,2025-05-23,30.0,535.0,16.98,17.09,17.035,0.006457293806868179,14.37,14.51,14.44,0.009695290858725801,0.058785626237346386
2025-04-24,C:\Users\avazq\OneDrive\Escritorio\cienciadatos\portafolio\quant-research-notes\HMM_regime_options\data\raw\spy_historical_options_2025-04-24.json.gz,546.69,True,,SPY250523C00547000,SPY250523P00547000,2025-05-23,29.0,547.0,15.71,15.81,15.760000000000002,0.006345177664974596,13.11,13.2,13.155,0.006841505131128838,0.05289103513874407
2025-04-25,C:\Users\avazq\OneDrive\Escritorio\cienciadatos\portafolio\quant-research-notes\HMM_regime_options\data\raw\spy_historical_options_2025-04-25.json.gz,550.64,True,,SPY250523C00550000,SPY250523P00550000,2025-05-23,28.0,550.0,14.42,15.04,14.73,0.04209097080787503,11.94,12.18,12.059999999999999,0.01990049751243783,0.04865247711753596
2025-04-28,C:\Users\avazq\OneDrive\Escritorio\cienciadatos\portafolio\quant-research-notes\HMM_regime_options\data\raw\spy_historical_options_2025-04-28.json.gz,550.85,True,,SPY250530C00551000,SPY250530P00551000,2025-05-30,32.0,551.0,14.95,15.01,14.98,0.004005340453938618,13.63,13.71,13.670000000000002,0.005852231163130948,0.052010529182173006
2025-04-29,C:\Users\avazq\OneDrive\Escritorio\cienciadatos\portafolio\quant-research-notes\HMM_regime_options\data\raw\spy_historical_options_2025-04-29.json.gz,554.32,True,,SPY250530C00554000,SPY250530P00554000,2025-05-30,31.0,554.0,14.89,14.94,14.915,0.003352329869259064,12.52,12.59,12.555,0.005575467941059361,0.049556213017751476
2025-04-30,C:\Users\avazq\OneDrive\Escritorio\cienciadatos\portafolio\quant-research-notes\HMM_regime_options\data\raw\spy_historical_options_2025-04-30.json.gz,554.54,True,,SPY250530C00555000,SPY250530P00555000,2025-05-30,30.0,555.0,15.09,15.9,15.495000000000001,0.0522749273959342,12.23,12.4,12.315000000000001,0.013804303694681276,0.05014967360334693
2025-05-01,C:\Users\avazq\OneDrive\Escritorio\cienciadatos\portafolio\quant-research-notes\HMM_regime_options\data\raw\spy_historical_options_2025-05-01.json.gz,558.47,True,,SPY250530C00558000,SPY250530P00558000,2025-05-30,29.0,558.0,13.59,13.69,13.64,0.007331378299120208,12.9,13.02,12.96,0.009259259259259198,0.04763013232581875
2025-05-02,C:\Users\avazq\OneDrive\Escritorio\cienciadatos\portafolio\quant-research-notes\HMM_regime_options\data\raw\spy_historical_options_2025-05-02.json.gz,566.76,True,,SPY250530C00567000,SPY250530P00567000,2025-05-30,28.0,567.0,12.94,13.0,12.969999999999999,0.004626060138781843,11.13,11.21,11.170000000000002,0.0071620411817368,0.042592984684875435
2025-05-05,C:\Users\avazq\OneDrive\Escritorio\cienciadatos\portafolio\quant-research-notes\HMM_regime_options\data\raw\spy_historical_options_2025-05-05.json.gz,563.51,True,,SPY250606C00564000,SPY250606P00564000,2025-06-06,32.0,564.0,13.93,13.98,13.955,0.0035829451809387823,12.83,12.9,12.865,0.005441119315973594,0.047594541356852586
2025-05-06,C:\Users\avazq\OneDrive\Escritorio\cienciadatos\portafolio\quant-research-notes\HMM_regime_options\data\raw\spy_historical_options_2025-05-06.json.gz,558.8,True,,SPY250606C00559000,SPY250606P00559000,2025-06-06,31.0,559.0,14.72,14.77,14.745000000000001,0.0033909799932179676,12.97,13.04,13.004999999999999,0.005382545174932604,0.04965998568360774
2025-05-07,C:\Users\avazq\OneDrive\Escritorio\cienciadatos\portafolio\quant-research-notes\HMM_regime_options\data\raw\spy_historical_options_2025-05-07.json.gz,561.15,True,,SPY250606C00561000,SPY250606P00561000,2025-06-06,30.0,561.0,14.39,14.47,14.43,0.005544005544005549,11.98,12.06,12.02,0.0066555740432612375,0.0471353470551546
2025-05-08,C:\Users\avazq\OneDrive\Escritorio\cienciadatos\portafolio\quant-research-notes\HMM_regime_options\data\raw\spy_historical_options_2025-05-08.json.gz,565.06,True,,SPY250606C00565000,SPY250606P00565000,2025-06-06,29.0,565.0,13.35,13.4,13.375,0.003738317757009399,11.57,11.64,11.605,0.006031882809134018,0.04420769475807879
2025-05-09,C:\Users\avazq\OneDrive\Escritorio\cienciadatos\portafolio\quant-research-notes\HMM_regime_options\data\raw\spy_historical_options_2025-05-09.json.gz,564.34,True,,SPY250606C00564000,SPY250606P00564000,2025-06-06,28.0,564.0,13.2,13.27,13.235,0.005289006422364963,11.05,11.13,11.09,0.007213706041478816,0.043103448275862065
2025-05-12,C:\Users\avazq\OneDrive\Escritorio\cienciadatos\portafolio\quant-research-notes\HMM_regime_options\data\raw\spy_historical_options_2025-05-12.json.gz,582.99,True,,SPY250613C00583000,SPY250613P00583000,2025-06-13,32.0,583.0,11.75,12.12,11.934999999999999,0.03100125680770836,9.81,9.9,9.855,0.009132420091324187,0.03737628432734695
2025-05-13,C:\Users\avazq\OneDrive\Escritorio\cienciadatos\portafolio\quant-research-notes\HMM_regime_options\data\raw\spy_historical_options_2025-05-13.json.gz,586.84,True,,SPY250613C00587000,SPY250613P00587000,2025-06-13,31.0,587.0,11.37,11.44,11.405,0.006137658921525672,9.47,9.53,9.5,0.006315789473684076,0.035622997750664576
2025-05-14,C:\Users\avazq\OneDrive\Escritorio\cienciadatos\portafolio\quant-research-notes\HMM_regime_options\data\raw\spy_historical_options_2025-05-14.json.gz,587.59,True,,SPY250613C00588000,SPY250613P00588000,2025-06-13,30.0,588.0,11.33,11.39,11.36,0.0052816901408451146,9.71,9.76,9.735,0.005136106831021976,0.03590088326894603
2025-05-15,C:\Users\avazq\OneDrive\Escritorio\cienciadatos\portafolio\quant-research-notes\HMM_regime_options\data\raw\spy_historical_options_2025-05-15.json.gz,590.46,True,,SPY250613C00590000,SPY250613P00590000,2025-06-13,29.0,590.0,11.3,11.34,11.32,0.003533568904593564,8.94,8.99,8.965,0.005577244841048602,0.03435457101243099
2025-05-16,C:\Users\avazq\OneDrive\Escritorio\cienciadatos\portafolio\quant-research-notes\HMM_regime_options\data\raw\spy_historical_options_2025-05-16.json.gz,594.2,True,,SPY250613C00594000,SPY250613P00594000,2025-06-13,28.0,594.0,10.65,10.69,10.67,0.0037488284910964526,8.76,8.8,8.780000000000001,0.004555808656036551,0.03273308650286099
2025-05-19,C:\Users\avazq\OneDrive\Escritorio\cienciadatos\portafolio\quant-research-notes\HMM_regime_options\data\raw\spy_historical_options_2025-05-19.json.gz,594.85,True,,SPY250620C00595000,SPY250620P00595000,2025-06-20,32.0,595.0,11.18,11.22,11.2,0.003571428571428654,10.66,10.69,10.675,0.0028103044496486517,0.03677397663276456
2025-05-20,C:\Users\avazq\OneDrive\Escritorio\cienciadatos\portafolio\quant-research-notes\HMM_regime_options\data\raw\spy_historical_options_2025-05-20.json.gz,592.85,True,,SPY250620C00593000,SPY250620P00593000,2025-06-20,31.0,593.0,10.92,10.95,10.934999999999999,0.002743484224965648,10.49,10.54,10.515,0.004755111745125909,0.03618115880914228
2025-05-21,C:\Users\avazq\OneDrive\Escritorio\cienciadatos\portafolio\quant-research-notes\HMM_regime_options\data\raw\spy_historical_options_2025-05-21.json.gz,582.86,True,,SPY250620C00583000,SPY250620P00583000,2025-06-20,30.0,583.0,12.13,12.19,12.16,0.004934210526315684,11.55,11.61,11.58,0.0051813471502589565,0.04073019249905638
2025-05-22,C:\Users\avazq\OneDrive\Escritorio\cienciadatos\portafolio\quant-research-notes\HMM_regime_options\data\raw\spy_historical_options_2025-05-22.json.gz,583.09,True,,SPY250620C00583000,SPY250620P00583000,2025-06-20,29.0,583.0,12.06,12.12,12.09,0.004962779156327438,10.83,10.89,10.86,0.005524861878453084,0.03935927558352913
2025-05-23,C:\Users\avazq\OneDrive\Escritorio\cienciadatos\portafolio\quant-research-notes\HMM_regime_options\data\raw\spy_historical_options_2025-05-23.json.gz,579.11,True,,SPY250620C00579000,SPY250620P00579000,2025-06-20,28.0,579.0,12.3,12.37,12.335,0.005674908796108513,11.78,11.85,11.815,0.005924672027084239,0.04170192191466215
2025-05-27,C:\Users\avazq\OneDrive\Escritorio\cienciadatos\portafolio\quant-research-notes\HMM_regime_options\data\raw\spy_historical_options_2025-05-27.json.gz,591.15,True,,SPY250627C00591000,SPY250627P00591000,2025-06-27,31.0,591.0,11.28,11.34,11.309999999999999,0.005305039787798453,10.12,10.18,10.149999999999999,0.005911330049261134,0.03630212298063097
2025-05-28,C:\Users\avazq\OneDrive\Escritorio\cienciadatos\portafolio\quant-research-notes\HMM_regime_options\data\raw\spy_historical_options_2025-05-28.json.gz,587.73,True,,SPY250627C00588000,SPY250627P00588000,2025-06-27,30.0,588.0,10.98,11.05,11.015,0.006354970494779871,10.55,10.61,10.58,0.005671077504725777,0.03674306229050754
2025-05-29,C:\Users\avazq\OneDrive\Escritorio\cienciadatos\portafolio\quant-research-notes\HMM_regime_options\data\raw\spy_historical_options_2025-05-29.json.gz,590.05,True,,SPY250627C00590000,SPY250627P00590000,2025-06-27,29.0,590.0,10.45,10.51,10.48,0.005725190839694703,10.52,10.58,10.55,0.005687203791469241,0.03564104736886705
2025-05-30,C:\Users\avazq\OneDrive\Escritorio\cienciadatos\portafolio\quant-research-notes\HMM_regime_options\data\raw\spy_historical_options_2025-05-30.json.gz,589.39,True,,SPY250630C00589000,SPY250630P00589000,2025-06-30,31.0,589.0,10.91,10.97,10.940000000000001,0.0054844606946983995,10.04,10.11,10.075,0.006947890818858589,0.03565550823733012
2025-06-02,C:\Users\avazq\OneDrive\Escritorio\cienciadatos\portafolio\quant-research-notes\HMM_regime_options\data\raw\spy_historical_options_2025-06-02.json.gz,592.71,True,,SPY250703C00592500,SPY250703P00592500,2025-07-03,31.0,592.5,11.18,11.26,11.219999999999999,0.007130124777183608,10.08,10.15,10.115,0.006920415224913523,0.03599568085573046
2025-06-03,C:\Users\avazq\OneDrive\Escritorio\cienciadatos\portafolio\quant-research-notes\HMM_regime_options\data\raw\spy_historical_options_2025-06-03.json.gz,596.09,True,,SPY250703C00596000,SPY250703P00596000,2025-07-03,30.0,596.0,10.12,10.17,10.145,0.004928536224741322,9.9,9.96,9.93,0.006042296072507603,0.0336778003321646
2025-06-04,C:\Users\avazq\OneDrive\Escritorio\cienciadatos\portafolio\quant-research-notes\HMM_regime_options\data\raw\spy_historical_options_2025-06-04.json.gz,595.93,True,,SPY250703C00596000,SPY250703P00596000,2025-07-03,29.0,596.0,9.99,10.04,10.015,0.004992511233150168,9.7,9.75,9.725,0.005141388174807271,0.03312469585353985
2025-06-05,C:\Users\avazq\OneDrive\Escritorio\cienciadatos\portafolio\quant-research-notes\HMM_regime_options\data\raw\spy_historical_options_2025-06-05.json.gz,593.05,True,,SPY250703C00595000,SPY250703P00595000,2025-07-03,28.0,595.0,8.94,9.09,9.015,0.016638935108153115,10.37,10.71,10.54,0.03225806451612919,0.032973610994014
2025-06-06,C:\Users\avazq\OneDrive\Escritorio\cienciadatos\portafolio\quant-research-notes\HMM_regime_options\data\raw\spy_historical_options_2025-06-06.json.gz,599.14,True,,SPY250703C00599000,SPY250703P00599000,2025-07-03,27.0,599.0,9.05,9.11,9.08,0.006607929515418361,8.78,8.84,8.809999999999999,0.006810442678774177,0.029859465233501352
2025-06-09,C:\Users\avazq\OneDrive\Escritorio\cienciadatos\portafolio\quant-research-notes\HMM_regime_options\data\raw\spy_historical_options_2025-06-09.json.gz,599.68,True,,SPY250711C00600000,SPY250711P00600000,2025-07-11,32.0,600.0,10.0,10.06,10.030000000000001,0.005982053838484595,10.15,10.18,10.165,0.0029513034923757367,0.03367629402347919
2025-06-10,C:\Users\avazq\OneDrive\Escritorio\cienciadatos\portafolio\quant-research-notes\HMM_regime_options\data\raw\spy_historical_options_2025-06-10.json.gz,603.08,True,,SPY250711C00603000,SPY250711P00603000,2025-07-11,31.0,603.0,9.58,9.63,9.605,0.005205622071837658,9.88,9.94,9.91,0.006054490413723383,0.03235889102606619
2025-06-11,C:\Users\avazq\OneDrive\Escritorio\cienciadatos\portafolio\quant-research-notes\HMM_regime_options\data\raw\spy_historical_options_2025-06-11.json.gz,601.36,True,,SPY250711C00601000,SPY250711P00601000,2025-07-11,30.0,601.0,10.14,10.21,10.175,0.006879606879606907,9.27,9.35,9.309999999999999,0.008592910848549955,0.03240155647199681
2025-06-12,C:\Users\avazq\OneDrive\Escritorio\cienciadatos\portafolio\quant-research-notes\HMM_regime_options\data\raw\spy_historical_options_2025-06-12.json.gz,603.75,True,,SPY250711C00604000,SPY250711P00604000,2025-07-11,29.0,604.0,9.5,9.55,9.525,0.005249343832021072,9.79,9.85,9.82,0.006109979633401272,0.03204140786749482
2025-06-13,C:\Users\avazq\OneDrive\Escritorio\cienciadatos\portafolio\quant-research-notes\HMM_regime_options\data\raw\spy_historical_options_2025-06-13.json.gz,597.0,True,,SPY250711C00597000,SPY250711P00597000,2025-07-11,28.0,597.0,11.03,11.08,11.055,0.0045228403437359305,10.29,10.41,10.35,0.011594202898550822,0.03585427135678392
2025-06-16,C:\Users\avazq\OneDrive\Escritorio\cienciadatos\portafolio\quant-research-notes\HMM_regime_options\data\raw\spy_historical_options_2025-06-16.json.gz,602.68,True,,SPY250718C00603000,SPY250718P00603000,2025-07-18,32.0,603.0,10.79,10.82,10.805,0.0027764923646461026,10.36,10.41,10.385,0.0048146364949447,0.035159620362381364
2025-06-17,C:\Users\avazq\OneDrive\Escritorio\cienciadatos\portafolio\quant-research-notes\HMM_regime_options\data\raw\spy_historical_options_2025-06-17.json.gz,597.53,True,,SPY250718C00598000,SPY250718P00598000,2025-07-18,31.0,598.0,11.65,11.69,11.67,0.003427592116538059,11.79,11.85,11.82,0.0050761421319797375,0.03931183371546199
2025-06-18,C:\Users\avazq\OneDrive\Escritorio\cienciadatos\portafolio\quant-research-notes\HMM_regime_options\data\raw\spy_historical_options_2025-06-18.json.gz,597.44,True,,SPY250718C00597000,SPY250718P00597000,2025-07-18,30.0,597.0,11.7,11.75,11.725,0.004264392324093877,10.47,10.53,10.5,0.005714285714285593,0.037200388323513654
2025-06-20,C:\Users\avazq\OneDrive\Escritorio\cienciadatos\portafolio\quant-research-notes\HMM_regime_options\data\raw\spy_historical_options_2025-06-20.json.gz,594.28,True,,SPY250718C00594000,SPY250718P00594000,2025-07-18,28.0,594.0,12.44,12.49,12.465,0.0040112314480546096,9.77,9.8,9.785,0.00306591722023517,0.037440263848690855
2025-06-23,C:\Users\avazq\OneDrive\Escritorio\cienciadatos\portafolio\quant-research-notes\HMM_regime_options\data\raw\spy_historical_options_2025-06-23.json.gz,600.15,True,,SPY250725C00600000,SPY250725P00600000,2025-07-25,32.0,600.0,12.44,12.49,12.465,0.0040112314480546096,9.96,9.99,9.975000000000001,0.0030075187969924168,0.037390652336915776
2025-06-24,C:\Users\avazq\OneDrive\Escritorio\cienciadatos\portafolio\quant-research-notes\HMM_regime_options\data\raw\spy_historical_options_2025-06-24.json.gz,606.78,True,,SPY250725C00607000,SPY250725P00607000,2025-07-25,31.0,607.0,11.0,11.04,11.02,0.003629764065335676,8.94,8.98,8.96,0.004464285714285817,0.03292791456541086
2025-06-25,C:\Users\avazq\OneDrive\Escritorio\cienciadatos\portafolio\quant-research-notes\HMM_regime_options\data\raw\spy_historical_options_2025-06-25.json.gz,607.12,True,,SPY250725C00607000,SPY250725P00607000,2025-07-25,30.0,607.0,10.74,10.78,10.76,0.0037174721189590287,8.54,8.58,8.559999999999999,0.004672897196261791,0.03182237448939254
2025-06-26,C:\Users\avazq\OneDrive\Escritorio\cienciadatos\portafolio\quant-research-notes\HMM_regime_options\data\raw\spy_historical_options_2025-06-26.json.gz,611.87,True,,SPY250725C00612000,SPY250725P00612000,2025-07-25,29.0,612.0,10.0,10.42,10.21,0.041136141038197835,8.47,8.56,8.515,0.010569583088667041,0.030602905846013044
2025-06-27,C:\Users\avazq\OneDrive\Escritorio\cienciadatos\portafolio\quant-research-notes\HMM_regime_options\data\raw\spy_historical_options_2025-06-27.json.gz,614.91,True,,SPY250725C00615000,SPY250725P00615000,2025-07-25,28.0,615.0,9.78,9.83,9.805,0.005099439061703286,8.27,8.32,8.295,0.006027727546714975,0.029435201899464965
2025-06-30,C:\Users\avazq\OneDrive\Escritorio\cienciadatos\portafolio\quant-research-notes\HMM_regime_options\data\raw\spy_historical_options_2025-06-30.json.gz,617.85,True,,SPY250731C00618000,SPY250731P00618000,2025-07-31,31.0,618.0,10.76,10.8,10.780000000000001,0.003710575139146653,9.18,9.23,9.205,0.005431830526887638,0.03234603868252812
2025-07-01,C:\Users\avazq\OneDrive\Escritorio\cienciadatos\portafolio\quant-research-notes\HMM_regime_options\data\raw\spy_historical_options_2025-07-01.json.gz,617.65,True,,SPY250731C00618000,SPY250731P00618000,2025-07-31,30.0,618.0,10.59,10.62,10.605,0.0028288543140027682,9.19,9.23,9.21,0.004343105320304117,0.03208127580344856
2025-07-02,C:\Users\avazq\OneDrive\Escritorio\cienciadatos\portafolio\quant-research-notes\HMM_regime_options\data\raw\spy_historical_options_2025-07-02.json.gz,620.45,True,,SPY250801C00620000,SPY250801P00620000,2025-08-01,30.0,620.0,11.31,11.35,11.33,0.0035304501323918046,8.87,8.91,8.89,0.004499437570303816,0.032589249738093316
2025-07-03,C:\Users\avazq\OneDrive\Escritorio\cienciadatos\portafolio\quant-research-notes\HMM_regime_options\data\raw\spy_historical_options_2025-07-03.json.gz,625.34,True,,SPY250801C00625000,SPY250801P00625000,2025-08-01,29.0,625.0,11.02,11.06,11.04,0.003623188405797185,8.67,8.7,8.684999999999999,0.003454231433505972,0.0315428406946621
2025-07-07,C:\Users\avazq\OneDrive\Escritorio\cienciadatos\portafolio\quant-research-notes\HMM_regime_options\data\raw\spy_historical_options_2025-07-07.json.gz,620.68,True,,SPY250808C00621000,SPY250808P00621000,2025-08-08,32.0,621.0,11.85,11.9,11.875,0.0042105263157895334,10.33,10.38,10.355,0.004828585224529281,0.03581555713088871
2025-07-08,C:\Users\avazq\OneDrive\Escritorio\cienciadatos\portafolio\quant-research-notes\HMM_regime_options\data\raw\spy_historical_options_2025-07-08.json.gz,620.34,True,,SPY250808C00620000,SPY250808P00620000,2025-08-08,31.0,620.0,11.86,11.9,11.879999999999999,0.003367003367003445,9.03,9.07,9.05,0.004419889502762533,0.033739562175581134
2025-07-09,C:\Users\avazq\OneDrive\Escritorio\cienciadatos\portafolio\quant-research-notes\HMM_regime_options\data\raw\spy_historical_options_2025-07-09.json.gz,624.06,True,,SPY250808C00624000,SPY250808P00624000,2025-08-08,30.0,624.0,11.04,11.08,11.059999999999999,0.003616636528029017,8.44,8.48,8.46,0.004728132387706964,0.031279043681697274
2025-07-10,C:\Users\avazq\OneDrive\Escritorio\cienciadatos\portafolio\quant-research-notes\HMM_regime_options\data\raw\spy_historical_options_2025-07-10.json.gz,625.82,True,,SPY250808C00626000,SPY250808P00626000,2025-08-08,29.0,626.0,10.12,10.16,10.14,0.003944773175542498,8.5,8.54,8.52,0.004694835680751074,0.02981688025310792
2025-07-11,C:\Users\avazq\OneDrive\Escritorio\cienciadatos\portafolio\quant-research-notes\HMM_regime_options\data\raw\spy_historical_options_2025-07-11.json.gz,623.62,True,,SPY250808C00624000,SPY250808P00624000,2025-08-08,28.0,624.0,10.05,10.09,10.07,0.003972194637537154,8.7,8.74,8.719999999999999,0.004587155963302859,0.030130528206279462
2025-07-14,C:\Users\avazq\OneDrive\Escritorio\cienciadatos\portafolio\quant-research-notes\HMM_regime_options\data\raw\spy_historical_options_2025-07-14.json.gz,624.81,True,,SPY250815C00625000,SPY250815P00625000,2025-08-15,32.0,625.0,11.64,11.68,11.66,0.0034305317324184515,9.64,9.68,9.66,0.0041407867494823135,0.03412237320145325
2025-07-15,C:\Users\avazq\OneDrive\Escritorio\cienciadatos\portafolio\quant-research-notes\HMM_regime_options\data\raw\spy_historical_options_2025-07-15.json.gz,622.14,True,,SPY250815C00620000,SPY250815P00620000,2025-08-15,31.0,620.0,12.94,12.99,12.965,0.0038565368299267808,8.98,9.03,9.004999999999999,0.005552470849527922,0.03531359501076928
2025-07-16,C:\Users\avazq\OneDrive\Escritorio\cienciadatos\portafolio\quant-research-notes\HMM_regime_options\data\raw\spy_historical_options_2025-07-16.json.gz,624.22,True,,SPY250815C00625000,SPY250815P00625000,2025-08-15,30.0,625.0,10.92,10.95,10.934999999999999,0.002743484224965648,9.59,9.63,9.61,0.004162330905307069,0.032913075518246765
2025-07-17,C:\Users\avazq\OneDrive\Escritorio\cienciadatos\portafolio\quant-research-notes\HMM_regime_options\data\raw\spy_historical_options_2025-07-17.json.gz,628.04,True,,SPY250815C00630000,SPY250815P00630000,2025-08-15,29.0,630.0,9.58,9.62,9.6,0.004166666666666578,9.4,9.45,9.425,0.005305039787798295,0.030292656518693076
2025-07-18,C:\Users\avazq\OneDrive\Escritorio\cienciadatos\portafolio\quant-research-notes\HMM_regime_options\data\raw\spy_historical_options_2025-07-18.json.gz,627.58,True,,SPY250815C00630000,SPY250815P00630000,2025-08-15,28.0,630.0,8.99,9.02,9.004999999999999,0.0033314825097167534,9.39,9.43,9.41,0.0042507970244419924,0.029342872621817135
2025-07-21,C:\Users\avazq\OneDrive\Escritorio\cienciadatos\portafolio\quant-research-notes\HMM_regime_options\data\raw\spy_historical_options_2025-07-21.json.gz,628.77,True,,SPY250822C00629000,SPY250822P00629000,2025-08-22,32.0,629.0,11.57,11.61,11.59,0.0034512510785158885,9.08,9.1,9.09,0.0022002200220021533,0.03288960987324459
2025-07-22,C:\Users\avazq\OneDrive\Escritorio\cienciadatos\portafolio\quant-research-notes\HMM_regime_options\data\raw\spy_historical_options_2025-07-22.json.gz,628.86,True,,SPY250822C00629000,SPY250822P00629000,2025-08-22,31.0,629.0,11.13,11.17,11.15,0.003587443946188264,8.96,9.01,8.985,0.005564830272676565,0.03201825525554177
2025-07-23,C:\Users\avazq\OneDrive\Escritorio\cienciadatos\portafolio\quant-research-notes\HMM_regime_options\data\raw\spy_historical_options_2025-07-23.json.gz,634.21,True,,SPY250822C00634000,SPY250822P00634000,2025-08-22,30.0,634.0,10.93,11.01,10.969999999999999,0.007292616226071111,7.86,7.93,7.895,0.008866371120962559,0.029745667838728493
2025-07-24,C:\Users\avazq\OneDrive\Escritorio\cienciadatos\portafolio\quant-research-notes\HMM_regime_options\data\raw\spy_historical_options_2025-07-24.json.gz,634.42,True,,SPY250822C00634000,SPY250822P00634000,2025-08-22,29.0,634.0,10.7,10.73,10.715,0.0027998133457770545,7.61,7.66,7.635,0.006548788474132263,0.028924056618643806
2025-07-25,C:\Users\avazq\OneDrive\Escritorio\cienciadatos\portafolio\quant-research-notes\HMM_regime_options\data\raw\spy_historical_options_2025-07-25.json.gz,637.1,True,,SPY250822C00637000,SPY250822P00637000,2025-08-22,28.0,637.0,9.67,9.71,9.690000000000001,0.004127966976264285,7.53,7.57,7.550000000000001,0.005298013245033117,0.02706011615131063
2025-07-28,C:\Users\avazq\OneDrive\Escritorio\cienciadatos\portafolio\quant-research-notes\HMM_regime_options\data\raw\spy_historical_options_2025-07-28.json.gz,636.94,True,,SPY250829C00637000,SPY250829P00637000,2025-08-29,32.0,637.0,10.76,10.79,10.774999999999999,0.0027842227378189663,8.15,8.19,8.17,0.004895960832313237,0.029743774923854677
2025-07-29,C:\Users\avazq\OneDrive\Escritorio\cienciadatos\portafolio\quant-research-notes\HMM_regime_options\data\raw\spy_historical_options_2025-07-29.json.gz,635.26,True,,SPY250829C00635000,SPY250829P00635000,2025-08-29,31.0,635.0,11.05,11.09,11.07,0.0036133694670279267,8.4,8.45,8.425,0.00593471810089008,0.030688222145263358
2025-07-30,C:\Users\avazq\OneDrive\Escritorio\cienciadatos\portafolio\quant-research-notes\HMM_regime_options\data\raw\spy_historical_options_2025-07-30.json.gz,634.46,True,,SPY250829C00634000,SPY250829P00634000,2025-08-29,30.0,634.0,13.15,13.24,13.195,0.0068207654414550855,6.68,6.76,6.72,0.011904761904761916,0.03138889764524162
2025-07-31,C:\Users\avazq\OneDrive\Escritorio\cienciadatos\portafolio\quant-research-notes\HMM_regime_options\data\raw\spy_historical_options_2025-07-31.json.gz,632.08,True,,SPY250829C00632000,SPY250829P00632000,2025-08-29,29.0,632.0,10.69,10.74,10.715,0.00466635557629498,8.77,8.84,8.805,0.007950028392958578,0.0308821668143273
2025-08-01,C:\Users\avazq\OneDrive\Escritorio\cienciadatos\portafolio\quant-research-notes\HMM_regime_options\data\raw\spy_historical_options_2025-08-01.json.gz,621.72,True,,SPY250829C00622000,SPY250829P00622000,2025-08-29,28.0,622.0,12.47,12.52,12.495000000000001,0.004001600640256017,10.2,10.26,10.23,0.005865102639296236,0.03655182397220614
2025-08-04,C:\Users\avazq\OneDrive\Escritorio\cienciadatos\portafolio\quant-research-notes\HMM_regime_options\data\raw\spy_historical_options_2025-08-04.json.gz,631.17,True,,SPY250905C00631000,SPY250905P00631000,2025-09-05,32.0,631.0,12.23,12.28,12.254999999999999,0.004079967360261031,8.95,9.0,8.975,0.0055710306406686035,0.03363594594166389
2025-08-05,C:\Users\avazq\OneDrive\Escritorio\cienciadatos\portafolio\quant-research-notes\HMM_regime_options\data\raw\spy_historical_options_2025-08-05.json.gz,627.97,True,,SPY250905C00628000,SPY250905P00628000,2025-09-05,31.0,628.0,11.77,12.51,12.14,0.06095551894563428,9.0,9.81,9.405000000000001,0.08612440191387565,0.034308963804003376
2025-08-06,C:\Users\avazq\OneDrive\Escritorio\cienciadatos\portafolio\quant-research-notes\HMM_regime_options\data\raw\spy_historical_options_2025-08-06.json.gz,632.78,True,,SPY250905C00633000,SPY250905P00633000,2025-09-05,30.0,633.0,10.76,10.8,10.780000000000001,0.003710575139146653,8.87,8.91,8.89,0.004499437570303816,0.03108505325705617
2025-08-07,C:\Users\avazq\OneDrive\Escritorio\cienciadatos\portafolio\quant-research-notes\HMM_regime_options\data\raw\spy_historical_options_2025-08-07.json.gz,632.25,True,,SPY250905C00632000,SPY250905P00632000,2025-09-05,29.0,632.0,11.45,11.49,11.469999999999999,0.0034873583260680843,8.14,8.18,8.16,0.004901960784313621,0.031047844998022933
2025-08-08,C:\Users\avazq\OneDrive\Escritorio\cienciadatos\portafolio\quant-research-notes\HMM_regime_options\data\raw\spy_historical_options_2025-08-08.json.gz,637.18,True,,SPY250905C00637000,SPY250905P00637000,2025-09-05,28.0,637.0,10.52,10.55,10.535,0.0028476506881823576,7.13,7.17,7.15,0.005594405594405599,0.027755108446592805
2025-08-11,C:\Users\avazq\OneDrive\Escritorio\cienciadatos\portafolio\quant-research-notes\HMM_regime_options\data\raw\spy_historical_options_2025-08-11.json.gz,635.92,True,,SPY250912C00636000,SPY250912P00636000,2025-09-12,32.0,636.0,11.02,11.06,11.04,0.003623188405797185,8.92,8.97,8.945,0.005589714924538928,0.03142690904516292
2025-08-12,C:\Users\avazq\OneDrive\Escritorio\cienciadatos\portafolio\quant-research-notes\HMM_regime_options\data\raw\spy_historical_options_2025-08-12.json.gz,642.69,True,,SPY250912C00643000,SPY250912P00643000,2025-09-12,31.0,643.0,9.96,10.0,9.98,0.004008016032064043,7.91,7.95,7.93,0.00504413619167718,0.027867245483825794
2025-08-13,C:\Users\avazq\OneDrive\Escritorio\cienciadatos\portafolio\quant-research-notes\HMM_regime_options\data\raw\spy_historical_options_2025-08-13.json.gz,644.89,True,,SPY250912C00645000,SPY250912P00645000,2025-09-12,30.0,645.0,9.63,9.67,9.65,0.004145077720207165,7.54,7.58,7.5600000000000005,0.005291005291005295,0.026686721766502816
2025-08-14,C:\Users\avazq\OneDrive\Escritorio\cienciadatos\portafolio\quant-research-notes\HMM_regime_options\data\raw\spy_historical_options_2025-08-14.json.gz,644.95,True,,SPY250912C00645000,SPY250912P00645000,2025-09-12,29.0,645.0,9.3,9.33,9.315000000000001,0.003220611916264021,7.71,7.74,7.725,0.0038834951456311003,0.026420652763780136
2025-08-15,C:\Users\avazq\OneDrive\Escritorio\cienciadatos\portafolio\quant-research-notes\HMM_regime_options\data\raw\spy_historical_options_2025-08-15.json.gz,643.44,True,,SPY250912C00643000,SPY250912P00643000,2025-09-12,28.0,643.0,9.69,9.78,9.735,0.009244992295839739,7.43,7.47,7.449999999999999,0.005369127516778528,0.02670800696257615
2025-08-18,C:\Users\avazq\OneDrive\Escritorio\cienciadatos\portafolio\quant-research-notes\HMM_regime_options\data\raw\spy_historical_options_2025-08-18.json.gz,643.3,True,,SPY250919C00643000,SPY250919P00643000,2025-09-19,32.0,643.0,10.38,10.42,10.4,0.003846153846153764,8.37,8.4,8.385,0.003577817531306039,0.02920099487020053
2025-08-19,C:\Users\avazq\OneDrive\Escritorio\cienciadatos\portafolio\quant-research-notes\HMM_regime_options\data\raw\spy_historical_options_2025-08-19.json.gz,639.81,True,,SPY250919C00640000,SPY250919P00640000,2025-09-19,31.0,640.0,10.24,10.29,10.265,0.004870920603994051,8.72,8.75,8.735,0.0034344590726959772,0.029696316093840363
2025-08-20,C:\Users\avazq\OneDrive\Escritorio\cienciadatos\portafolio\quant-research-notes\HMM_regime_options\data\raw\spy_historical_options_2025-08-20.json.gz,638.11,True,,SPY250919C00638000,SPY250919P00638000,2025-09-19,30.0,638.0,10.36,10.4,10.379999999999999,0.003853564547206255,8.86,8.89,8.875,0.003380281690140973,0.030175048189183682
2025-08-21,C:\Users\avazq\OneDrive\Escritorio\cienciadatos\portafolio\quant-research-notes\HMM_regime_options\data\raw\spy_historical_options_2025-08-21.json.gz,635.55,True,,SPY250919C00636000,SPY250919P00636000,2025-09-19,29.0,636.0,10.66,10.71,10.685,0.004679457182966842,9.4,9.43,9.415,0.0031864046733934533,0.03162615057823932
2025-08-22,C:\Users\avazq\OneDrive\Escritorio\cienciadatos\portafolio\quant-research-notes\HMM_regime_options\data\raw\spy_historical_options_2025-08-22.json.gz,645.31,True,,SPY250919C00645000,SPY250919P00645000,2025-09-19,28.0,645.0,9.17,9.22,9.195,0.005437737901033247,7.63,7.65,7.640000000000001,0.0026178010471204793,0.026088236661449538
2025-08-25,C:\Users\avazq\OneDrive\Escritorio\cienciadatos\portafolio\quant-research-notes\HMM_regime_options\data\raw\spy_historical_options_2025-08-25.json.gz,642.47,True,,SPY250926C00642500,SPY250926P00642500,2025-09-26,32.0,642.5,9.78,9.83,9.805,0.005099439061703286,8.37,8.41,8.39,0.004767580452920253,0.02832038850063038
2025-08-26,C:\Users\avazq\OneDrive\Escritorio\cienciadatos\portafolio\quant-research-notes\HMM_regime_options\data\raw\spy_historical_options_2025-08-26.json.gz,645.16,True,,SPY250926C00645000,SPY250926P00645000,2025-09-26,31.0,645.0,9.55,9.6,9.575,0.005221932114882396,7.96,8.0,7.98,0.005012531328320806,0.02721030442060884
2025-08-27,C:\Users\avazq\OneDrive\Escritorio\cienciadatos\portafolio\quant-research-notes\HMM_regime_options\data\raw\spy_historical_options_2025-08-27.json.gz,646.63,True,,SPY250926C00647000,SPY250926P00647000,2025-09-26,30.0,647.0,8.84,8.88,8.86,0.004514672686230353,8.52,8.55,8.535,0.003514938488576583,0.02690100985107403
2025-08-28,C:\Users\avazq\OneDrive\Escritorio\cienciadatos\portafolio\quant-research-notes\HMM_regime_options\data\raw\spy_historical_options_2025-08-28.json.gz,648.92,True,,SPY250926C00649000,SPY250926P00649000,2025-09-26,29.0,649.0,8.54,8.59,8.565,0.005837711617046201,7.93,7.98,7.955,0.006285355122564514,0.02545768353572089
2025-08-29,C:\Users\avazq\OneDrive\Escritorio\cienciadatos\portafolio\quant-research-notes\HMM_regime_options\data\raw\spy_historical_options_2025-08-29.json.gz,645.05,True,,SPY250926C00645000,SPY250926P00645000,2025-09-26,28.0,645.0,8.74,8.78,8.76,0.004566210045662003,8.37,8.41,8.39,0.004767580452920253,0.026587086272381984
2025-09-02,C:\Users\avazq\OneDrive\Escritorio\cienciadatos\portafolio\quant-research-notes\HMM_regime_options\data\raw\spy_historical_options_2025-09-02.json.gz,640.27,True,,SPY251003C00640000,SPY251003P00640000,2025-10-03,31.0,640.0,11.41,11.48,11.445,0.006116207951070361,9.21,9.28,9.245000000000001,0.00757166035694954,0.032314492323551006
2025-09-03,C:\Users\avazq\OneDrive\Escritorio\cienciadatos\portafolio\quant-research-notes\HMM_regime_options\data\raw\spy_historical_options_2025-09-03.json.gz,643.74,True,,SPY251003C00644000,SPY251003P00644000,2025-10-03,30.0,644.0,9.65,9.69,9.67,0.004136504653567647,9.31,9.36,9.335,0.005356186395286441,0.029522788703513846
2025-09-04,C:\Users\avazq\OneDrive\Escritorio\cienciadatos\portafolio\quant-research-notes\HMM_regime_options\data\raw\spy_historical_options_2025-09-04.json.gz,649.12,True,,SPY251003C00649000,SPY251003P00649000,2025-10-03,29.0,649.0,9.21,9.35,9.280000000000001,0.015086206896551593,8.32,8.57,8.445,0.02960331557134399,0.027306199161942324
2025-09-05,C:\Users\avazq\OneDrive\Escritorio\cienciadatos\portafolio\quant-research-notes\HMM_regime_options\data\raw\spy_historical_options_2025-09-05.json.gz,647.24,True,,SPY251003C00647000,SPY251003P00647000,2025-10-03,28.0,647.0,8.55,8.59,8.57,0.004667444574095583,8.45,8.5,8.475,0.005899705014749347,0.02633489895556517
2025-09-08,C:\Users\avazq\OneDrive\Escritorio\cienciadatos\portafolio\quant-research-notes\HMM_regime_options\data\raw\spy_historical_options_2025-09-08.json.gz,648.83,True,,SPY251010C00649000,SPY251010P00649000,2025-10-10,32.0,649.0,9.5,9.54,9.52,0.004201680672268818,8.9,8.95,8.925,0.005602240896358424,0.028428093645484948
2025-09-09,C:\Users\avazq\OneDrive\Escritorio\cienciadatos\portafolio\quant-research-notes\HMM_regime_options\data\raw\spy_historical_options_2025-09-09.json.gz,650.33,True,,SPY251010C00650000,SPY251010P00650000,2025-10-10,31.0,650.0,9.91,9.95,9.93,0.004028197381671616,8.29,8.34,8.315,0.00601322910402895,0.028054987467900906
2025-09-10,C:\Users\avazq\OneDrive\Escritorio\cienciadatos\portafolio\quant-research-notes\HMM_regime_options\data\raw\spy_historical_options_2025-09-10.json.gz,652.21,True,,SPY251010C00652000,SPY251010P00652000,2025-10-10,30.0,652.0,9.22,9.26,9.24,0.004329004329004236,8.63,8.68,8.655000000000001,0.005777007510109639,0.02743748179267414
2025-09-11,C:\Users\avazq\OneDrive\Escritorio\cienciadatos\portafolio\quant-research-notes\HMM_regime_options\data\raw\spy_historical_options_2025-09-11.json.gz,657.63,True,,SPY251010C00658000,SPY251010P00658000,2025-10-10,29.0,658.0,8.49,8.53,8.51,0.004700352526439383,8.52,8.56,8.54,0.004683840749414628,0.02592643279655733
2025-09-12,C:\Users\avazq\OneDrive\Escritorio\cienciadatos\portafolio\quant-research-notes\HMM_regime_options\data\raw\spy_historical_options_2025-09-12.json.gz,657.41,True,,SPY251010C00657000,SPY251010P00657000,2025-10-10,28.0,657.0,8.71,8.75,8.73,0.004581901489117886,8.08,8.12,8.1,0.0049382716049381666,0.025600462420711578
2025-09-15,C:\Users\avazq\OneDrive\Escritorio\cienciadatos\portafolio\quant-research-notes\HMM_regime_options\data\raw\spy_historical_options_2025-09-15.json.gz,660.91,True,,SPY251017C00661000,SPY251017P00661000,2025-10-17,32.0,661.0,9.73,9.75,9.74,0.0020533880903490323,9.6,9.64,9.620000000000001,0.004158004158004254,0.029292944576417363
2025-09-16,C:\Users\avazq\OneDrive\Escritorio\cienciadatos\portafolio\quant-research-notes\HMM_regime_options\data\raw\spy_historical_options_2025-09-16.json.gz,660.0,True,,SPY251017C00660000,SPY251017P00660000,2025-10-17,31.0,660.0,10.35,10.38,10.365,0.0028943560057888215,9.52,9.56,9.54,0.004192872117400517,0.03015909090909091
2025-09-17,C:\Users\avazq\OneDrive\Escritorio\cienciadatos\portafolio\quant-research-notes\HMM_regime_options\data\raw\spy_historical_options_2025-09-17.json.gz,659.18,True,,SPY251017C00659000,SPY251017P00659000,2025-10-17,30.0,659.0,10.05,10.1,10.075,0.004962779156327438,8.92,8.96,8.940000000000001,0.004474272930648872,0.028846445583907282
2025-09-18,C:\Users\avazq\OneDrive\Escritorio\cienciadatos\portafolio\quant-research-notes\HMM_regime_options\data\raw\spy_historical_options_2025-09-18.json.gz,662.26,True,,SPY251017C00662000,SPY251017P00662000,2025-10-17,29.0,662.0,9.69,9.73,9.71,0.004119464469619044,8.83,8.88,8.855,0.005646527385657901,0.02803279678676049
2025-09-19,C:\Users\avazq\OneDrive\Escritorio\cienciadatos\portafolio\quant-research-notes\HMM_regime_options\data\raw\spy_historical_options_2025-09-19.json.gz,663.7,True,,SPY251017C00664000,SPY251017P00664000,2025-10-17,28.0,664.0,10.07,10.11,10.09,0.003964321110009827,8.24,8.29,8.265,0.0060496067755594594,0.02765556727437095
2025-09-22,C:\Users\avazq\OneDrive\Escritorio\cienciadatos\portafolio\quant-research-notes\HMM_regime_options\data\raw\spy_historical_options_2025-09-22.json.gz,666.84,True,,SPY251024C00667000,SPY251024P00667000,2025-10-24,32.0,667.0,11.35,11.39,11.370000000000001,0.0035180299032542585,9.46,9.5,9.48,0.004219409282700331,0.03126687061364045
2025-09-23,C:\Users\avazq\OneDrive\Escritorio\cienciadatos\portafolio\quant-research-notes\HMM_regime_options\data\raw\spy_historical_options_2025-09-23.json.gz,663.21,True,,SPY251024C00663000,SPY251024P00663000,2025-10-24,31.0,663.0,12.16,12.2,12.18,0.003284072249589421,9.25,9.29,9.27,0.004314994606256651,0.032342696883340114
2025-09-24,C:\Users\avazq\OneDrive\Escritorio\cienciadatos\portafolio\quant-research-notes\HMM_regime_options\data\raw\spy_historical_options_2025-09-24.json.gz,661.1,True,,SPY251024C00661000,SPY251024P00661000,2025-10-24,30.0,661.0,11.91,11.95,11.93,0.0033528918692371456,8.72,8.76,8.74,0.004576659038901504,0.03126607169868401
2025-09-25,C:\Users\avazq\OneDrive\Escritorio\cienciadatos\portafolio\quant-research-notes\HMM_regime_options\data\raw\spy_historical_options_2025-09-25.json.gz,658.05,True,,SPY251024C00658000,SPY251024P00658000,2025-10-24,29.0,658.0,11.49,11.53,11.51,0.00347523892267586,9.04,9.08,9.059999999999999,0.004415011037527696,0.03125902287060254
2025-09-26,C:\Users\avazq\OneDrive\Escritorio\cienciadatos\portafolio\quant-research-notes\HMM_regime_options\data\raw\spy_historical_options_2025-09-26.json.gz,661.82,True,,SPY251024C00662000,SPY251024P00662000,2025-10-24,28.0,662.0,10.4,10.43,10.415,0.0028804608737397373,7.98,8.02,8.0,0.004999999999999893,0.027824786195642316
2025-09-29,C:\Users\avazq\OneDrive\Escritorio\cienciadatos\portafolio\quant-research-notes\HMM_regime_options\data\raw\spy_historical_options_2025-09-29.json.gz,663.68,True,,SPY251031C00664000,SPY251031P00664000,2025-10-31,32.0,664.0,11.55,11.59,11.57,0.003457216940362934,9.47,9.5,9.485,0.003162888771744793,0.03172462632594021
2025-09-30,C:\Users\avazq\OneDrive\Escritorio\cienciadatos\portafolio\quant-research-notes\HMM_regime_options\data\raw\spy_historical_options_2025-09-30.json.gz,666.18,True,,SPY251031C00666000,SPY251031P00666000,2025-10-31,31.0,666.0,11.03,11.07,11.05,0.003619909502262527,9.54,9.59,9.565,0.005227391531625793,0.03094508991563842
2025-10-01,C:\Users\avazq\OneDrive\Escritorio\cienciadatos\portafolio\quant-research-notes\HMM_regime_options\data\raw\spy_historical_options_2025-10-01.json.gz,668.45,True,,SPY251031C00668000,SPY251031P00668000,2025-10-31,30.0,668.0,11.45,11.48,11.465,0.002616659398168438,8.98,9.03,9.004999999999999,0.005552470849527922,0.030623083252300093
2025-10-02,C:\Users\avazq\OneDrive\Escritorio\cienciadatos\portafolio\quant-research-notes\HMM_regime_options\data\raw\spy_historical_options_2025-10-02.json.gz,669.22,True,,SPY251031C00669000,SPY251031P00669000,2025-10-31,29.0,669.0,11.56,11.6,11.58,0.0034542314335059715,9.0,9.02,9.01,0.0022197558268589983,0.030767161770419292
2025-10-03,C:\Users\avazq\OneDrive\Escritorio\cienciadatos\portafolio\quant-research-notes\HMM_regime_options\data\raw\spy_historical_options_2025-10-03.json.gz,669.21,True,,SPY251031C00669000,SPY251031P00669000,2025-10-31,28.0,669.0,10.93,10.98,10.955,0.004564125969876834,8.91,8.97,8.940000000000001,0.006711409395973209,0.02972908354627098
2025-10-06,C:\Users\avazq\OneDrive\Escritorio\cienciadatos\portafolio\quant-research-notes\HMM_regime_options\data\raw\spy_historical_options_2025-10-06.json.gz,671.61,True,,SPY251107C00672000,SPY251107P00672000,2025-11-07,32.0,672.0,11.87,11.92,11.895,0.004203446826397706,9.63,9.68,9.655000000000001,0.005178663904712473,0.03208707434374116
2025-10-07,C:\Users\avazq\OneDrive\Escritorio\cienciadatos\portafolio\quant-research-notes\HMM_regime_options\data\raw\spy_historical_options_2025-10-07.json.gz,669.12,True,,SPY251107C00669000,SPY251107P00669000,2025-11-07,31.0,669.0,12.64,12.68,12.66,0.003159557661927263,9.62,9.67,9.645,0.005184033177812412,0.03333482783357245
2025-10-08,C:\Users\avazq\OneDrive\Escritorio\cienciadatos\portafolio\quant-research-notes\HMM_regime_options\data\raw\spy_historical_options_2025-10-08.json.gz,673.11,True,,SPY251107C00673000,SPY251107P00673000,2025-11-07,30.0,673.0,11.67,11.72,11.695,0.004275331338178769,9.0,9.04,9.02,0.0044345898004433644,0.03077505905424076
2025-10-09,C:\Users\avazq\OneDrive\Escritorio\cienciadatos\portafolio\quant-research-notes\HMM_regime_options\data\raw\spy_historical_options_2025-10-09.json.gz,671.16,True,,SPY251107C00671000,SPY251107P00671000,2025-11-07,29.0,671.0,11.4,11.44,11.42,0.003502626970227596,9.11,9.16,9.135,0.005473453749315896,0.030626080219321773
2025-10-10,C:\Users\avazq\OneDrive\Escritorio\cienciadatos\portafolio\quant-research-notes\HMM_regime_options\data\raw\spy_historical_options_2025-10-10.json.gz,653.02,True,,SPY251107C00653000,SPY251107P00653000,2025-11-07,28.0,653.0,14.73,14.88,14.805,0.010131712259371858,11.57,11.73,11.65,0.013733905579399153,0.04051177605586352
2025-10-13,C:\Users\avazq\OneDrive\Escritorio\cienciadatos\portafolio\quant-research-notes\HMM_regime_options\data\raw\spy_historical_options_2025-10-13.json.gz,663.04,True,,SPY251114C00663000,SPY251114P00663000,2025-11-14,32.0,663.0,13.35,13.4,13.375,0.003738317757009399,11.04,11.09,11.065,0.00451875282422058,0.036860521235521235
2025-10-14,C:\Users\avazq\OneDrive\Escritorio\cienciadatos\portafolio\quant-research-notes\HMM_regime_options\data\raw\spy_historical_options_2025-10-14.json.gz,662.23,True,,SPY251114C00662000,SPY251114P00662000,2025-11-14,31.0,662.0,13.95,14.02,13.985,0.005005362888809459,11.85,11.93,11.89,0.006728343145500426,0.03907252767165486
2025-10-15,C:\Users\avazq\OneDrive\Escritorio\cienciadatos\portafolio\quant-research-notes\HMM_regime_options\data\raw\spy_historical_options_2025-10-15.json.gz,665.17,True,,SPY251114C00665000,SPY251114P00665000,2025-11-14,30.0,665.0,14.06,14.12,14.09,0.0042583392476933084,11.5,11.56,11.530000000000001,0.005203816131830051,0.03851646947396906
2025-10-16,C:\Users\avazq\OneDrive\Escritorio\cienciadatos\portafolio\quant-research-notes\HMM_regime_options\data\raw\spy_historical_options_2025-10-16.json.gz,660.64,True,,SPY251114C00661000,SPY251114P00661000,2025-11-14,29.0,661.0,14.89,14.97,14.93,0.005358338914936375,14.51,14.61,14.559999999999999,0.006868131868131845,0.04463853233228385
2025-10-17,C:\Users\avazq\OneDrive\Escritorio\cienciadatos\portafolio\quant-research-notes\HMM_regime_options\data\raw\spy_historical_options_2025-10-17.json.gz,664.39,True,,SPY251114C00664000,SPY251114P00664000,2025-11-14,28.0,664.0,14.06,14.11,14.085,0.003549875754348522,10.95,11.0,10.975,0.004555808656036511,0.03771880973524587
2025-10-20,C:\Users\avazq\OneDrive\Escritorio\cienciadatos\portafolio\quant-research-notes\HMM_regime_options\data\raw\spy_historical_options_2025-10-20.json.gz,671.3,True,,SPY251121C00671000,SPY251121P00671000,2025-11-21,32.0,671.0,13.49,13.53,13.51,0.0029607698001479755,10.19,10.23,10.21,0.003917727717923695,0.03533442574109936
2025-10-21,C:\Users\avazq\OneDrive\Escritorio\cienciadatos\portafolio\quant-research-notes\HMM_regime_options\data\raw\spy_historical_options_2025-10-21.json.gz,671.29,True,,SPY251121C00671000,SPY251121P00671000,2025-11-21,31.0,671.0,12.56,12.6,12.58,0.0031796502384737,10.18,10.22,10.2,0.003921568627451071,0.033934663111322975
2025-10-22,C:\Users\avazq\OneDrive\Escritorio\cienciadatos\portafolio\quant-research-notes\HMM_regime_options\data\raw\spy_historical_options_2025-10-22.json.gz,667.8,True,,SPY251121C00668000,SPY251121P00668000,2025-11-21,30.0,668.0,12.85,12.9,12.875,0.0038834951456311233,10.36,10.43,10.395,0.0067340067340067615,0.03484576220425277
2025-10-23,C:\Users\avazq\OneDrive\Escritorio\cienciadatos\portafolio\quant-research-notes\HMM_regime_options\data\raw\spy_historical_options_2025-10-23.json.gz,671.76,True,,SPY251121C00672000,SPY251121P00672000,2025-11-21,29.0,672.0,11.7,11.76,11.73,0.005115089514066538,9.59,9.66,9.625,0.007272727272727302,0.03178962724782661
2025-10-24,C:\Users\avazq\OneDrive\Escritorio\cienciadatos\portafolio\quant-research-notes\HMM_regime_options\data\raw\spy_historical_options_2025-10-24.json.gz,677.25,True,,SPY251121C00677000,SPY251121P00677000,2025-11-21,28.0,677.0,11.04,11.08,11.059999999999999,0.003616636528029017,8.89,8.94,8.915,0.005608524957935943,0.02949427833148763
2025-10-27,C:\Users\avazq\OneDrive\Escritorio\cienciadatos\portafolio\quant-research-notes\HMM_regime_options\data\raw\spy_historical_options_2025-10-27.json.gz,685.24,True,,SPY251128C00685000,SPY251128P00685000,2025-11-28,32.0,685.0,12.23,12.27,12.25,0.00326530612244891,9.22,9.25,9.235,0.0032485110990795193,0.03135397816823303
2025-10-28,C:\Users\avazq\OneDrive\Escritorio\cienciadatos\portafolio\quant-research-notes\HMM_regime_options\data\raw\spy_historical_options_2025-10-28.json.gz,687.06,True,,SPY251128C00687000,SPY251128P00687000,2025-11-28,31.0,687.0,12.26,12.3,12.280000000000001,0.0032573289902280878,9.83,9.87,9.85,0.00406091370558367,0.03220970512036795
2025-10-29,C:\Users\avazq\OneDrive\Escritorio\cienciadatos\portafolio\quant-research-notes\HMM_regime_options\data\raw\spy_historical_options_2025-10-29.json.gz,687.39,True,,SPY251128C00687000,SPY251128P00687000,2025-11-28,30.0,687.0,12.38,12.49,12.435,0.008845999195818209,10.21,10.3,10.255,0.008776206728425145,0.033008917790482845
2025-10-30,C:\Users\avazq\OneDrive\Escritorio\cienciadatos\portafolio\quant-research-notes\HMM_regime_options\data\raw\spy_historical_options_2025-10-30.json.gz,679.83,True,,SPY251128C00680000,SPY251128P00680000,2025-11-28,29.0,680.0,13.53,13.82,13.675,0.021206581352833705,9.12,9.23,9.175,0.011989100817438822,0.033611344012473704
2025-10-31,C:\Users\avazq\OneDrive\Escritorio\cienciadatos\portafolio\quant-research-notes\HMM_regime_options\data\raw\spy_historical_options_2025-10-31.json.gz,682.06,True,,SPY251128C00682000,SPY251128P00682000,2025-11-28,28.0,682.0,12.24,12.31,12.275,0.005702647657841163,9.94,10.02,9.98,0.008016032064128263,0.032629094214585236
2025-11-03,C:\Users\avazq\OneDrive\Escritorio\cienciadatos\portafolio\quant-research-notes\HMM_regime_options\data\raw\spy_historical_options_2025-11-03.json.gz,683.34,True,,SPY251205C00683000,SPY251205P00683000,2025-12-05,32.0,683.0,13.58,13.65,13.615,0.005141388174807218,10.4,10.46,10.43,0.005752636625119894,0.035187461585740626
2025-11-04,C:\Users\avazq\OneDrive\Escritorio\cienciadatos\portafolio\quant-research-notes\HMM_regime_options\data\raw\spy_historical_options_2025-11-04.json.gz,675.24,True,,SPY251205C00675000,SPY251205P00675000,2025-12-05,31.0,675.0,14.15,14.2,14.175,0.0035273368606701188,11.12,11.18,11.149999999999999,0.005381165919282557,0.03750518334221906
2025-11-05,C:\Users\avazq\OneDrive\Escritorio\cienciadatos\portafolio\quant-research-notes\HMM_regime_options\data\raw\spy_historical_options_2025-11-05.json.gz,677.58,True,,SPY251205C00678000,SPY251205P00678000,2025-12-05,30.0,678.0,12.58,12.64,12.61,0.004758128469468715,10.69,10.76,10.725,0.006526806526806554,0.03443873786121196
2025-11-06,C:\Users\avazq\OneDrive\Escritorio\cienciadatos\portafolio\quant-research-notes\HMM_regime_options\data\raw\spy_historical_options_2025-11-06.json.gz,670.31,True,,SPY251205C00670000,SPY251205P00670000,2025-12-05,29.0,670.0,14.4,14.46,14.43,0.004158004158004193,10.69,10.76,10.725,0.006526806526806554,0.03752741268965106
2025-11-07,C:\Users\avazq\OneDrive\Escritorio\cienciadatos\portafolio\quant-research-notes\HMM_regime_options\data\raw\spy_historical_options_2025-11-07.json.gz,670.97,True,,SPY251205C00671000,SPY251205P00671000,2025-12-05,28.0,671.0,13.34,13.4,13.370000000000001,0.004487658937920755,10.49,10.56,10.525,0.006650831353919267,0.03561262053445013
2025-11-10,C:\Users\avazq\OneDrive\Escritorio\cienciadatos\portafolio\quant-research-notes\HMM_regime_options\data\raw\spy_historical_options_2025-11-10.json.gz,681.44,True,,SPY251212C00681000,SPY251212P00681000,2025-12-12,32.0,681.0,13.8,13.85,13.825,0.003616636528028856,10.3,10.36,10.33,0.005808325266214784,0.03544699459967128
2025-11-11,C:\Users\avazq\OneDrive\Escritorio\cienciadatos\portafolio\quant-research-notes\HMM_regime_options\data\raw\spy_historical_options_2025-11-11.json.gz,683.0,True,,SPY251212C00683000,SPY251212P00683000,2025-12-12,31.0,683.0,13.18,13.23,13.205,0.00378644452858771,10.07,10.11,10.09,0.003964321110009827,0.03410688140556369
2025-11-12,C:\Users\avazq\OneDrive\Escritorio\cienciadatos\portafolio\quant-research-notes\HMM_regime_options\data\raw\spy_historical_options_2025-11-12.json.gz,683.38,True,,SPY251212C00683000,SPY251212P00683000,2025-12-12,30.0,683.0,13.21,13.26,13.235,0.003777861730260592,10.01,10.07,10.04,0.005976095617529931,0.03405864965319441
2025-11-13,C:\Users\avazq\OneDrive\Escritorio\cienciadatos\portafolio\quant-research-notes\HMM_regime_options\data\raw\spy_historical_options_2025-11-13.json.gz,672.04,True,,SPY251212C00672000,SPY251212P00672000,2025-12-12,29.0,672.0,14.83,14.9,14.865,0.00470904809956275,10.82,10.89,10.855,0.006448641179180127,0.03827153145646092
2025-11-14,C:\Users\avazq\OneDrive\Escritorio\cienciadatos\portafolio\quant-research-notes\HMM_regime_options\data\raw\spy_historical_options_2025-11-14.json.gz,671.93,True,,SPY251212C00672000,SPY251212P00672000,2025-12-12,28.0,672.0,13.84,13.94,13.89,0.007199424046076288,11.03,11.19,11.11,0.014401440144014415,0.03720625660411055
2025-11-17,C:\Users\avazq\OneDrive\Escritorio\cienciadatos\portafolio\quant-research-notes\HMM_regime_options\data\raw\spy_historical_options_2025-11-17.json.gz,665.67,True,,SPY251219C00666000,SPY251219P00666000,2025-12-19,32.0,666.0,15.74,15.81,15.775,0.00443740095087165,13.78,13.83,13.805,0.0036218761318363426,0.04443643246653747
2025-11-18,C:\Users\avazq\OneDrive\Escritorio\cienciadatos\portafolio\quant-research-notes\HMM_regime_options\data\raw\spy_historical_options_2025-11-18.json.gz,660.08,True,,SPY251219C00660000,SPY251219P00660000,2025-12-19,31.0,660.0,16.27,16.34,16.305,0.004293161606869076,14.96,15.01,14.985,0.003336670003336599,0.04740334504908496
2025-11-19,C:\Users\avazq\OneDrive\Escritorio\cienciadatos\portafolio\quant-research-notes\HMM_regime_options\data\raw\spy_historical_options_2025-11-19.json.gz,662.63,True,,SPY251219C00663000,SPY251219P00663000,2025-12-19,30.0,663.0,15.57,15.69,15.629999999999999,0.0076775431861803725,14.2,14.28,14.239999999999998,0.0056179775280898936,0.045077946968896665
2025-11-20,C:\Users\avazq\OneDrive\Escritorio\cienciadatos\portafolio\quant-research-notes\HMM_regime_options\data\raw\spy_historical_options_2025-11-20.json.gz,652.53,True,,SPY251219C00653000,SPY251219P00653000,2025-12-19,29.0,653.0,16.4,16.57,16.485,0.01031240521686392,15.69,15.8,15.745000000000001,0.006986344871387818,0.049392365101987655
2025-11-21,C:\Users\avazq\OneDrive\Escritorio\cienciadatos\portafolio\quant-research-notes\HMM_regime_options\data\raw\spy_historical_options_2025-11-21.json.gz,659.03,True,,SPY251219C00659000,SPY251219P00659000,2025-12-19,28.0,659.0,15.27,15.37,15.32,0.00652741514360311,13.55,13.64,13.595,0.006620080912100026,0.04387508914616937
2025-11-24,C:\Users\avazq\OneDrive\Escritorio\cienciadatos\portafolio\quant-research-notes\HMM_regime_options\data\raw\spy_historical_options_2025-11-24.json.gz,668.73,True,,SPY251226C00669000,SPY251226P00669000,2025-12-26,32.0,669.0,13.6,13.66,13.629999999999999,0.004402054292002971,12.42,12.48,12.45,0.004819277108433775,0.03899929717524262
2025-11-25,C:\Users\avazq\OneDrive\Escritorio\cienciadatos\portafolio\quant-research-notes\HMM_regime_options\data\raw\spy_historical_options_2025-11-25.json.gz,675.02,True,,SPY251226C00675000,SPY251226P00675000,2025-12-26,31.0,675.0,12.25,12.28,12.265,0.0024459845087647257,11.13,11.18,11.155000000000001,0.004482294935006627,0.034695268288347014
2025-11-26,C:\Users\avazq\OneDrive\Escritorio\cienciadatos\portafolio\quant-research-notes\HMM_regime_options\data\raw\spy_historical_options_2025-11-26.json.gz,679.68,True,,SPY251226C00680000,SPY251226P00680000,2025-12-26,30.0,680.0,11.29,11.35,11.32,0.005300353356890503,10.51,10.57,10.54,0.005692599620493406,0.03216219397363465
2025-11-28,C:\Users\avazq\OneDrive\Escritorio\cienciadatos\portafolio\quant-research-notes\HMM_regime_options\data\raw\spy_historical_options_2025-11-28.json.gz,683.39,True,,SPY251226C00683000,SPY251226P00683000,2025-12-26,28.0,683.0,10.48,10.55,10.515,0.006657156443176442,10.0,10.06,10.030000000000001,0.005982053838484595,0.030063360599364933
2025-12-01,C:\Users\avazq\OneDrive\Escritorio\cienciadatos\portafolio\quant-research-notes\HMM_regime_options\data\raw\spy_historical_options_2025-12-01.json.gz,680.27,True,,SPY251231C00680000,SPY251231P00680000,2025-12-31,30.0,680.0,11.25,11.27,11.26,0.0017761989342806016,10.82,10.87,10.844999999999999,0.004610419548178786,0.03249445073279727
2025-12-02,C:\Users\avazq\OneDrive\Escritorio\cienciadatos\portafolio\quant-research-notes\HMM_regime_options\data\raw\spy_historical_options_2025-12-02.json.gz,681.53,True,,SPY251231C00682000,SPY251231P00682000,2025-12-31,29.0,682.0,10.39,10.43,10.41,0.0038424591738711955,10.55,10.59,10.57,0.003784295175023571,0.030783677901192907
2025-12-03,C:\Users\avazq\OneDrive\Escritorio\cienciadatos\portafolio\quant-research-notes\HMM_regime_options\data\raw\spy_historical_options_2025-12-03.json.gz,683.89,True,,SPY260102C00684000,SPY260102P00684000,2026-01-02,30.0,684.0,10.73,10.77,10.75,0.0037209302325580604,10.12,10.17,10.145,0.004928536224741322,0.030553159133778825
2025-12-04,C:\Users\avazq\OneDrive\Escritorio\cienciadatos\portafolio\quant-research-notes\HMM_regime_options\data\raw\spy_historical_options_2025-12-04.json.gz,684.39,True,,SPY260102C00684000,SPY260102P00684000,2026-01-02,29.0,684.0,10.39,10.44,10.415,0.004800768122899562,9.63,9.68,9.655000000000001,0.005178663904712473,0.029325384649103583
2025-12-05,C:\Users\avazq\OneDrive\Escritorio\cienciadatos\portafolio\quant-research-notes\HMM_regime_options\data\raw\spy_historical_options_2025-12-05.json.gz,685.69,True,,SPY260102C00686000,SPY260102P00686000,2026-01-02,28.0,686.0,9.63,9.68,9.655000000000001,0.005178663904712473,9.39,9.44,9.415,0.005310674455655756,0.02781140165380857
2025-12-08,C:\Users\avazq\OneDrive\Escritorio\cienciadatos\portafolio\quant-research-notes\HMM_regime_options\data\raw\spy_historical_options_2025-12-08.json.gz,683.63,True,,SPY260109C00684000,SPY260109P00684000,2026-01-09,32.0,684.0,11.25,11.28,11.265,0.002663115845539224,10.94,10.99,10.965,0.004559963520291903,0.0325175899243743
2025-12-09,C:\Users\avazq\OneDrive\Escritorio\cienciadatos\portafolio\quant-research-notes\HMM_regime_options\data\raw\spy_historical_options_2025-12-09.json.gz,683.04,True,,SPY260109C00683000,SPY260109P00683000,2026-01-09,31.0,683.0,11.26,11.31,11.285,0.004430660168365149,10.75,10.8,10.775,0.004640371229698442,0.032296790817521674
2025-12-10,C:\Users\avazq\OneDrive\Escritorio\cienciadatos\portafolio\quant-research-notes\HMM_regime_options\data\raw\spy_historical_options_2025-12-10.json.gz,687.57,True,,SPY260109C00688000,SPY260109P00688000,2026-01-09,30.0,688.0,9.98,10.04,10.01,0.0059940059940058665,10.01,10.08,10.045,0.006968641114982607,0.029167939264365807
2025-12-11,C:\Users\avazq\OneDrive\Escritorio\cienciadatos\portafolio\quant-research-notes\HMM_regime_options\data\raw\spy_historical_options_2025-12-11.json.gz,689.17,True,,SPY260109C00689000,SPY260109P00689000,2026-01-09,29.0,689.0,9.88,9.97,9.925,0.009068010075566737,8.33,9.14,8.735,0.09273039496279342,0.027076047999767837
2025-12-12,C:\Users\avazq\OneDrive\Escritorio\cienciadatos\portafolio\quant-research-notes\HMM_regime_options\data\raw\spy_historical_options_2025-12-12.json.gz,681.76,True,,SPY260109C00682000,SPY260109P00682000,2026-01-09,28.0,682.0,9.62,9.67,9.645,0.005184033177812412,9.13,9.19,9.16,0.006550218340611214,0.027583020417742313
2025-12-15,C:\Users\avazq\OneDrive\Escritorio\cienciadatos\portafolio\quant-research-notes\HMM_regime_options\data\raw\spy_historical_options_2025-12-15.json.gz,680.73,True,,SPY260116C00681000,SPY260116P00681000,2026-01-16,32.0,681.0,11.15,11.22,11.185,0.006258381761287464,10.18,10.24,10.21,0.005876591576885455,0.031429494807045384
2025-12-16,C:\Users\avazq\OneDrive\Escritorio\cienciadatos\portafolio\quant-research-notes\HMM_regime_options\data\raw\spy_historical_options_2025-12-16.json.gz,678.87,True,,SPY260116C00679000,SPY260116P00679000,2026-01-16,31.0,679.0,10.59,10.65,10.620000000000001,0.00564971751412434,10.27,10.33,10.3,0.00582524271844665,0.03081591468175056
2025-12-17,C:\Users\avazq\OneDrive\Escritorio\cienciadatos\portafolio\quant-research-notes\HMM_regime_options\data\raw\spy_historical_options_2025-12-17.json.gz,671.4,True,,SPY260116C00671000,SPY260116P00671000,2026-01-16,30.0,671.0,12.52,12.98,12.75,0.03607843137254909,10.02,10.1,10.059999999999999,0.007952286282306171,0.03397378611855824
2025-12-18,C:\Users\avazq\OneDrive\Escritorio\cienciadatos\portafolio\quant-research-notes\HMM_regime_options\data\raw\spy_historical_options_2025-12-18.json.gz,676.47,True,,SPY260116C00676000,SPY260116P00676000,2026-01-16,29.0,676.0,10.42,10.48,10.45,0.005741626794258421,10.19,10.25,10.219999999999999,0.0058708414872798926,0.03055567874406847
2025-12-19,C:\Users\avazq\OneDrive\Escritorio\cienciadatos\portafolio\quant-research-notes\HMM_regime_options\data\raw\spy_historical_options_2025-12-19.json.gz,680.59,True,,SPY260116C00681000,SPY260116P00681000,2026-01-16,28.0,681.0,10.06,10.1,10.08,0.003968253968253884,8.14,8.19,8.165,0.00612369871402314,0.02680762279786655
2025-12-22,C:\Users\avazq\OneDrive\Escritorio\cienciadatos\portafolio\quant-research-notes\HMM_regime_options\data\raw\spy_historical_options_2025-12-22.json.gz,684.83,True,,SPY260123C00685000,SPY260123P00685000,2026-01-23,32.0,685.0,10.58,10.65,10.615,0.006594441827602476,8.06,8.11,8.085,0.00618429189857748,0.02730604675612926
2025-12-23,C:\Users\avazq\OneDrive\Escritorio\cienciadatos\portafolio\quant-research-notes\HMM_regime_options\data\raw\spy_historical_options_2025-12-23.json.gz,687.96,True,,SPY260123C00688000,SPY260123P00688000,2026-01-23,31.0,688.0,9.9,10.44,10.17,0.05309734513274328,7.97,8.03,8.0,0.007499999999999951,0.026411419268562126
2025-12-24,C:\Users\avazq\OneDrive\Escritorio\cienciadatos\portafolio\quant-research-notes\HMM_regime_options\data\raw\spy_historical_options_2025-12-24.json.gz,690.38,True,,SPY260123C00690000,SPY260123P00690000,2026-01-23,30.0,690.0,9.83,10.15,9.99,0.03203203203203206,7.56,7.61,7.585,0.0065919578114701,0.0254569946985718
2025-12-26,C:\Users\avazq\OneDrive\Escritorio\cienciadatos\portafolio\quant-research-notes\HMM_regime_options\data\raw\spy_historical_options_2025-12-26.json.gz,690.31,True,,SPY260123C00690000,SPY260123P00690000,2026-01-23,28.0,690.0,9.42,9.49,9.455,0.0074034902168165296,7.32,7.36,7.34,0.005449591280653956,0.02432964899827614
2025-12-29,C:\Users\avazq\OneDrive\Escritorio\cienciadatos\portafolio\quant-research-notes\HMM_regime_options\data\raw\spy_historical_options_2025-12-29.json.gz,687.85,True,,SPY260130C00688000,SPY260130P00688000,2026-01-30,32.0,688.0,11.15,11.18,11.165,0.0026869682042095265,8.77,8.81,8.79,0.004550625711035373,0.029010685469215668
2025-12-30,C:\Users\avazq\OneDrive\Escritorio\cienciadatos\portafolio\quant-research-notes\HMM_regime_options\data\raw\spy_historical_options_2025-12-30.json.gz,687.01,True,,SPY260130C00687000,SPY260130P00687000,2026-01-30,31.0,687.0,11.07,11.12,11.094999999999999,0.004506534474988638,8.6,8.65,8.625,0.005797101449275445,0.028704094554664415
2025-12-31,C:\Users\avazq\OneDrive\Escritorio\cienciadatos\portafolio\quant-research-notes\HMM_regime_options\data\raw\spy_historical_options_2025-12-31.json.gz,681.92,True,,SPY260130C00682000,SPY260130P00682000,2026-01-30,30.0,682.0,11.38,11.46,11.420000000000002,0.007005253940455347,8.63,8.68,8.655000000000001,0.005777007510109639,0.02943893711872361
2026-01-02,C:\Users\avazq\OneDrive\Escritorio\cienciadatos\portafolio\quant-research-notes\HMM_regime_options\data\raw\spy_historical_options_2026-01-02.json.gz,683.17,True,,SPY260130C00683000,SPY260130P00683000,2026-01-30,28.0,683.0,10.63,10.72,10.675,0.008430913348946122,8.3,8.32,8.31,0.00240673886883268,0.027789569214104835
2026-01-05,C:\Users\avazq\OneDrive\Escritorio\cienciadatos\portafolio\quant-research-notes\HMM_regime_options\data\raw\spy_historical_options_2026-01-05.json.gz,687.72,True,,SPY260206C00688000,SPY260206P00688000,2026-02-06,32.0,688.0,11.36,11.4,11.379999999999999,0.0035149384885765312,9.41,9.45,9.43,0.0042417815482501744,0.030259407898563365
2026-01-06,C:\Users\avazq\OneDrive\Escritorio\cienciadatos\portafolio\quant-research-notes\HMM_regime_options\data\raw\spy_historical_options_2026-01-06.json.gz,691.81,True,,SPY260206C00692000,SPY260206P00692000,2026-02-06,31.0,692.0,11.22,11.27,11.245000000000001,0.004446420631391635,8.99,9.04,9.015,0.005546311702717574,0.02928549746317631
2026-01-07,C:\Users\avazq\OneDrive\Escritorio\cienciadatos\portafolio\quant-research-notes\HMM_regime_options\data\raw\spy_historical_options_2026-01-07.json.gz,689.58,True,,SPY260206C00690000,SPY260206P00690000,2026-02-06,30.0,690.0,10.92,10.96,10.940000000000001,0.0036563071297989872,9.4,9.44,9.42,0.004246284501061481,0.029525218248789117
2026-01-08,C:\Users\avazq\OneDrive\Escritorio\cienciadatos\portafolio\quant-research-notes\HMM_regime_options\data\raw\spy_historical_options_2026-01-08.json.gz,689.51,True,,SPY260206C00690000,SPY260206P00690000,2026-02-06,29.0,690.0,10.93,10.97,10.95,0.003652968036529765,8.96,9.01,8.985,0.005564830272676565,0.028911835941465677
2026-01-09,C:\Users\avazq\OneDrive\Escritorio\cienciadatos\portafolio\quant-research-notes\HMM_regime_options\data\raw\spy_historical_options_2026-01-09.json.gz,694.07,True,,SPY260206C00694000,SPY260206P00694000,2026-02-06,28.0,694.0,10.09,10.13,10.11,0.003956478733926897,8.19,8.23,8.21,0.0048721071863582115,0.026395032201362974
2026-01-12,C:\Users\avazq\OneDrive\Escritorio\cienciadatos\portafolio\quant-research-notes\HMM_regime_options\data\raw\spy_historical_options_2026-01-12.json.gz,695.16,True,,SPY260213C00695000,SPY260213P00695000,2026-02-13,32.0,695.0,11.52,11.95,11.735,0.036642522368981655,9.09,9.13,9.11,0.004390779363337094,0.02998590252603717
2026-01-13,C:\Users\avazq\OneDrive\Escritorio\cienciadatos\portafolio\quant-research-notes\HMM_regime_options\data\raw\spy_historical_options_2026-01-13.json.gz,693.77,True,,SPY260213C00694000,SPY260213P00694000,2026-02-13,31.0,694.0,11.66,11.71,11.685,0.004278990158322697,9.54,9.59,9.565,0.005227391531625793,0.030629747610879686
2026-01-14,C:\Users\avazq\OneDrive\Escritorio\cienciadatos\portafolio\quant-research-notes\HMM_regime_options\data\raw\spy_historical_options_2026-01-14.json.gz,690.36,True,,SPY260213C00690000,SPY260213P00690000,2026-02-13,30.0,690.0,12.15,12.2,12.175,0.0041067761806980645,9.63,9.69,9.66,0.00621118012422347,0.031628425748884643
2026-01-15,C:\Users\avazq\OneDrive\Escritorio\cienciadatos\portafolio\quant-research-notes\HMM_regime_options\data\raw\spy_historical_options_2026-01-15.json.gz,692.24,True,,SPY260213C00692000,SPY260213P00692000,2026-02-13,29.0,692.0,11.24,11.29,11.265,0.00443852640923204,9.09,9.14,9.115,0.005485463521667659,0.029440656419738823
2026-01-16,C:\Users\avazq\OneDrive\Escritorio\cienciadatos\portafolio\quant-research-notes\HMM_regime_options\data\raw\spy_historical_options_2026-01-16.json.gz,691.66,True,,SPY260213C00692000,SPY260213P00692000,2026-02-13,28.0,692.0,10.74,10.78,10.76,0.0037174721189590287,9.05,9.1,9.075,0.00550964187327812,0.028677384842263544
2026-01-20,C:\Users\avazq\OneDrive\Escritorio\cienciadatos\portafolio\quant-research-notes\HMM_regime_options\data\raw\spy_historical_options_2026-01-20.json.gz,677.58,True,,SPY260220C00678000,SPY260220P00678000,2026-02-20,31.0,678.0,14.36,14.41,14.385,0.0034758428919013356,11.73,11.79,11.76,0.005102040816326422,0.03858584964137076
2026-01-21,C:\Users\avazq\OneDrive\Escritorio\cienciadatos\portafolio\quant-research-notes\HMM_regime_options\data\raw\spy_historical_options_2026-01-21.json.gz,685.4,True,,SPY260220C00685000,SPY260220P00685000,2026-02-20,30.0,685.0,12.95,13.38,13.165,0.03266236232434497,9.6,9.66,9.629999999999999,0.006230529595015628,0.03325795156113218
2026-01-22,C:\Users\avazq\OneDrive\Escritorio\cienciadatos\portafolio\quant-research-notes\HMM_regime_options\data\raw\spy_historical_options_2026-01-22.json.gz,688.98,True,,SPY260220C00689000,SPY260220P00689000,2026-02-20,29.0,689.0,11.3,11.33,11.315000000000001,0.002651347768448905,9.25,9.3,9.275,0.005390835579514901,0.02988475717727656
2026-01-23,C:\Users\avazq\OneDrive\Escritorio\cienciadatos\portafolio\quant-research-notes\HMM_regime_options\data\raw\spy_historical_options_2026-01-23.json.gz,689.23,True,,SPY260220C00689000,SPY260220P00689000,2026-02-20,28.0,689.0,10.88,10.93,10.905000000000001,0.004585052728106275,9.4,9.45,9.425,0.005305039787798295,0.029496684706121327
2026-01-26,C:\Users\avazq\OneDrive\Escritorio\cienciadatos\portafolio\quant-research-notes\HMM_regime_options\data\raw\spy_historical_options_2026-01-26.json.gz,692.73,True,,SPY260227C00693000,SPY260227P00693000,2026-02-27,32.0,693.0,12.11,12.14,12.125,0.0024742268041238052,9.98,10.02,10.0,0.003999999999999915,0.03193885063444632
2026-01-27,C:\Users\avazq\OneDrive\Escritorio\cienciadatos\portafolio\quant-research-notes\HMM_regime_options\data\raw\spy_historical_options_2026-01-27.json.gz,695.49,True,,SPY260227C00695000,SPY260227P00695000,2026-02-27,31.0,695.0,12.35,12.43,12.39,0.006456820016142056,9.57,9.6,9.585,0.0031298904538340487,0.031596428417374804
2026-01-28,C:\Users\avazq\OneDrive\Escritorio\cienciadatos\portafolio\quant-research-notes\HMM_regime_options\data\raw\spy_historical_options_2026-01-28.json.gz,695.42,True,,SPY260227C00695000,SPY260227P00695000,2026-02-27,30.0,695.0,12.36,12.58,12.469999999999999,0.017642341619887782,9.34,9.41,9.375,0.007466666666666697,0.031412671479106154
2026-01-29,C:\Users\avazq\OneDrive\Escritorio\cienciadatos\portafolio\quant-research-notes\HMM_regime_options\data\raw\spy_historical_options_2026-01-29.json.gz,694.04,True,,SPY260227C00694000,SPY260227P00694000,2026-02-27,29.0,694.0,11.96,12.0,11.98,0.0033388981636059386,9.86,9.9,9.879999999999999,0.004048582995951511,0.03149674370353294
2026-01-30,C:\Users\avazq\OneDrive\Escritorio\cienciadatos\portafolio\quant-research-notes\HMM_regime_options\data\raw\spy_historical_options_2026-01-30.json.gz,691.97,True,,SPY260227C00692000,SPY260227P00692000,2026-02-27,28.0,692.0,11.76,11.82,11.79,0.005089058524173071,10.25,10.31,10.280000000000001,0.005836575875486429,0.03189444629102418
2026-02-02,C:\Users\avazq\OneDrive\Escritorio\cienciadatos\portafolio\quant-research-notes\HMM_regime_options\data\raw\spy_historical_options_2026-02-02.json.gz,695.41,True,,SPY260306C00695000,SPY260306P00695000,2026-03-06,32.0,695.0,12.68,13.06,12.870000000000001,0.029526029526029583,9.78,9.85,9.815,0.007131940906775373,0.03262104370083836
2026-02-03,C:\Users\avazq\OneDrive\Escritorio\cienciadatos\portafolio\quant-research-notes\HMM_regime_options\data\raw\spy_historical_options_2026-02-03.json.gz,689.53,True,,SPY260306C00690000,SPY260306P00690000,2026-03-06,31.0,690.0,13.0,13.05,13.025,0.0038387715930902656,11.08,11.14,11.11,0.005400540054005446,0.03500210288167302
2026-02-04,C:\Users\avazq\OneDrive\Escritorio\cienciadatos\portafolio\quant-research-notes\HMM_regime_options\data\raw\spy_historical_options_2026-02-04.json.gz,686.19,True,,SPY260306C00686000,SPY260306P00686000,2026-03-06,30.0,686.0,14.78,15.0,14.89,0.014775016789791848,10.73,10.85,10.79,0.011121408711770087,0.037424037074279715
2026-02-05,C:\Users\avazq\OneDrive\Escritorio\cienciadatos\portafolio\quant-research-notes\HMM_regime_options\data\raw\spy_historical_options_2026-02-05.json.gz,677.62,True,,SPY260306C00678000,SPY260306P00678000,2026-03-06,29.0,678.0,14.81,14.89,14.850000000000001,0.005387205387205392,13.45,13.54,13.495,0.006669136717302695,0.041830229332074025
2026-02-06,C:\Users\avazq\OneDrive\Escritorio\cienciadatos\portafolio\quant-research-notes\HMM_regime_options\data\raw\spy_historical_options_2026-02-06.json.gz,690.62,True,,SPY260306C00691000,SPY260306P00691000,2026-03-06,28.0,691.0,12.07,12.11,12.09,0.003308519437551625,10.64,10.69,10.665,0.004688232536333703,0.03294865483189018
2026-02-09,C:\Users\avazq\OneDrive\Escritorio\cienciadatos\portafolio\quant-research-notes\HMM_regime_options\data\raw\spy_historical_options_2026-02-09.json.gz,693.95,True,,SPY260313C00694000,SPY260313P00694000,2026-03-13,32.0,694.0,13.4,13.45,13.425,0.0037243947858472204,10.5,10.54,10.52,0.003802281368821212,0.034505367821889184
2026-02-10,C:\Users\avazq\OneDrive\Escritorio\cienciadatos\portafolio\quant-research-notes\HMM_regime_options\data\raw\spy_historical_options_2026-02-10.json.gz,692.12,True,,SPY260313C00692000,SPY260313P00692000,2026-03-13,31.0,692.0,13.37,13.48,13.425,0.00819366852886415,10.5,10.54,10.52,0.003802281368821212,0.034596601745362075
2026-02-11,C:\Users\avazq\OneDrive\Escritorio\cienciadatos\portafolio\quant-research-notes\HMM_regime_options\data\raw\spy_historical_options_2026-02-11.json.gz,691.96,True,,SPY260313C00692000,SPY260313P00692000,2026-03-13,30.0,692.0,12.94,13.05,12.995000000000001,0.00846479415159686,10.38,10.43,10.405000000000001,0.004805382027871113,0.03381698364067287
2026-02-12,C:\Users\avazq\OneDrive\Escritorio\cienciadatos\portafolio\quant-research-notes\HMM_regime_options\data\raw\spy_historical_options_2026-02-12.json.gz,681.27,True,,SPY260313C00681000,SPY260313P00681000,2026-03-13,29.0,681.0,14.95,15.01,14.98,0.004005340453938618,11.99,12.06,12.025,0.005821205821205845,0.03963920325274855
2026-02-13,C:\Users\avazq\OneDrive\Escritorio\cienciadatos\portafolio\quant-research-notes\HMM_regime_options\data\raw\spy_historical_options_2026-02-13.json.gz,681.75,True,,SPY260313C00682000,SPY260313P00682000,2026-03-13,28.0,682.0,13.72,13.78,13.75,0.004363636363636271,12.09,12.15,12.120000000000001,0.004950495049504991,0.03794646131279795
2026-02-17,C:\Users\avazq\OneDrive\Escritorio\cienciadatos\portafolio\quant-research-notes\HMM_regime_options\data\raw\spy_historical_options_2026-02-17.json.gz,682.85,True,,SPY260320C00683000,SPY260320P00683000,2026-03-20,31.0,683.0,14.19,14.25,14.219999999999999,0.004219409282700457,13.04,13.09,13.065,0.0038270187523919415,0.039957530936516064
2026-02-18,C:\Users\avazq\OneDrive\Escritorio\cienciadatos\portafolio\quant-research-notes\HMM_regime_options\data\raw\spy_historical_options_2026-02-18.json.gz,686.29,True,,SPY260320C00686000,SPY260320P00686000,2026-03-20,30.0,686.0,13.73,13.79,13.76,0.004360465116278977,12.43,12.47,12.45,0.0032128514056225643,0.03819085226362034
2026-02-19,C:\Users\avazq\OneDrive\Escritorio\cienciadatos\portafolio\quant-research-notes\HMM_regime_options\data\raw\spy_historical_options_2026-02-19.json.gz,684.48,True,,SPY260320C00684000,SPY260320P00684000,2026-03-20,29.0,684.0,14.22,14.28,14.25,0.004210526315789384,12.41,12.44,12.425,0.0024144869215291234,0.03897118980832165
2026-02-20,C:\Users\avazq\OneDrive\Escritorio\cienciadatos\portafolio\quant-research-notes\HMM_regime_options\data\raw\spy_historical_options_2026-02-20.json.gz,689.43,True,,SPY260320C00689000,SPY260320P00689000,2026-03-20,28.0,689.0,13.05,13.11,13.08,0.0045871559633026545,11.28,11.32,11.3,0.003539823008849639,0.03536254587122696
2026-02-23,C:\Users\avazq\OneDrive\Escritorio\cienciadatos\portafolio\quant-research-notes\HMM_regime_options\data\raw\spy_historical_options_2026-02-23.json.gz,682.39,True,,SPY260327C00682000,SPY260327P00682000,2026-03-27,32.0,682.0,15.08,15.14,15.11,0.003970880211780311,13.47,13.52,13.495000000000001,0.0037050759540569788,0.04191884406277935
2026-02-24,C:\Users\avazq\OneDrive\Escritorio\cienciadatos\portafolio\quant-research-notes\HMM_regime_options\data\raw\spy_historical_options_2026-02-24.json.gz,687.35,True,,SPY260327C00687000,SPY260327P00687000,2026-03-27,31.0,687.0,13.47,13.52,13.495000000000001,0.0037050759540569788,12.51,12.56,12.535,0.0039888312724372325,0.037870080744889796
2026-02-25,C:\Users\avazq\OneDrive\Escritorio\cienciadatos\portafolio\quant-research-notes\HMM_regime_options\data\raw\spy_historical_options_2026-02-25.json.gz,693.15,True,,SPY260327C00693000,SPY260327P00693000,2026-03-27,30.0,693.0,11.97,12.03,12.0,0.004999999999999893,11.01,11.07,11.04,0.005434782608695698,0.033239558537113176
2026-02-26,C:\Users\avazq\OneDrive\Escritorio\cienciadatos\portafolio\quant-research-notes\HMM_regime_options\data\raw\spy_historical_options_2026-02-26.json.gz,689.3,True,,SPY260327C00689000,SPY260327P00689000,2026-03-27,29.0,689.0,11.96,12.02,11.99,0.005004170141784714,11.37,11.42,11.395,0.004387889425186548,0.03392572174669955
2026-02-27,C:\Users\avazq\OneDrive\Escritorio\cienciadatos\portafolio\quant-research-notes\HMM_regime_options\data\raw\spy_historical_options_2026-02-27.json.gz,685.99,True,,SPY260327C00686000,SPY260327P00686000,2026-03-27,28.0,686.0,12.29,12.36,12.325,0.005679513184584202,12.03,12.09,12.059999999999999,0.004975124378109494,0.0355471654105745
2026-03-02,C:\Users\avazq\OneDrive\Escritorio\cienciadatos\portafolio\quant-research-notes\HMM_regime_options\data\raw\spy_historical_options_2026-03-02.json.gz,686.38,True,,SPY260331C00686000,SPY260331P00686000,2026-03-31,29.0,686.0,12.97,13.04,13.004999999999999,0.005382545174932604,12.84,12.92,12.879999999999999,0.006211180124223608,0.03771234593082549
2026-03-03,C:\Users\avazq\OneDrive\Escritorio\cienciadatos\portafolio\quant-research-notes\HMM_regime_options\data\raw\spy_historical_options_2026-03-03.json.gz,680.33,True,,SPY260402C00680000,SPY260402P00680000,2026-04-02,30.0,680.0,14.8,14.86,14.83,0.004045853000674222,14.58,14.65,14.615,0.004789599726308606,0.043280466832272574
2026-03-04,C:\Users\avazq\OneDrive\Escritorio\cienciadatos\portafolio\quant-research-notes\HMM_regime_options\data\raw\spy_historical_options_2026-03-04.json.gz,685.13,True,,SPY260402C00685000,SPY260402P00685000,2026-04-02,29.0,685.0,13.47,13.66,13.565000000000001,0.014006634721710246,12.62,12.78,12.7,0.012598425196850406,0.03833579028797455
2026-03-05,C:\Users\avazq\OneDrive\Escritorio\cienciadatos\portafolio\quant-research-notes\HMM_regime_options\data\raw\spy_historical_options_2026-03-05.json.gz,681.31,True,,SPY260402C00681000,SPY260402P00681000,2026-04-02,28.0,681.0,14.04,14.1,14.07,0.004264392324093852,14.04,14.12,14.079999999999998,0.005681818181818187,0.04131746194830547
2026-03-06,C:\Users\avazq\OneDrive\Escritorio\cienciadatos\portafolio\quant-research-notes\HMM_regime_options\data\raw\spy_historical_options_2026-03-06.json.gz,672.38,True,,SPY260402C00672000,SPY260402P00672000,2026-04-02,27.0,672.0,16.92,17.02,16.97,0.005892751915144248,16.74,16.85,16.795,0.006549568323906101,0.05021713911776079
2026-03-09,C:\Users\avazq\OneDrive\Escritorio\cienciadatos\portafolio\quant-research-notes\HMM_regime_options\data\raw\spy_historical_options_2026-03-09.json.gz,678.27,True,,SPY260410C00678000,SPY260410P00678000,2026-04-10,32.0,678.0,15.71,15.81,15.760000000000002,0.006345177664974596,15.9,16.02,15.96,0.007518796992481154,0.04676603712385923
2026-03-10,C:\Users\avazq\OneDrive\Escritorio\cienciadatos\portafolio\quant-research-notes\HMM_regime_options\data\raw\spy_historical_options_2026-03-10.json.gz,677.18,True,,SPY260410C00677000,SPY260410P00677000,2026-04-10,31.0,677.0,16.6,16.68,16.64,0.004807692307692205,14.93,15.03,14.98,0.006675567423230951,0.04669364127706076
2026-03-11,C:\Users\avazq\OneDrive\Escritorio\cienciadatos\portafolio\quant-research-notes\HMM_regime_options\data\raw\spy_historical_options_2026-03-11.json.gz,676.33,True,,SPY260410C00676000,SPY260410P00676000,2026-04-10,30.0,676.0,15.25,15.32,15.285,0.00457965325482501,14.89,14.98,14.935,0.006026113157013717,0.04468232963198438
2026-03-12,C:\Users\avazq\OneDrive\Escritorio\cienciadatos\portafolio\quant-research-notes\HMM_regime_options\data\raw\spy_historical_options_2026-03-12.json.gz,666.06,True,,SPY260410C00666000,SPY260410P00666000,2026-04-10,29.0,666.0,17.13,17.22,17.174999999999997,0.005240174672489076,16.81,16.92,16.865000000000002,0.006522383634746692,0.05110650692129839
2026-03-13,C:\Users\avazq\OneDrive\Escritorio\cienciadatos\portafolio\quant-research-notes\HMM_regime_options\data\raw\spy_historical_options_2026-03-13.json.gz,662.29,True,,SPY260410C00662000,SPY260410P00662000,2026-04-10,28.0,662.0,16.84,16.91,16.875,0.004148148148148165,17.0,17.08,17.04,0.004694835680751074,0.05120868501713751
2026-03-16,C:\Users\avazq\OneDrive\Escritorio\cienciadatos\portafolio\quant-research-notes\HMM_regime_options\data\raw\spy_historical_options_2026-03-16.json.gz,669.03,True,,SPY260417C00669000,SPY260417P00669000,2026-04-17,32.0,669.0,15.98,16.04,16.009999999999998,0.003747657713928715,15.14,15.21,15.175,0.0046128500823723415,0.04661225953993094
2026-03-17,C:\Users\avazq\OneDrive\Escritorio\cienciadatos\portafolio\quant-research-notes\HMM_regime_options\data\raw\spy_historical_options_2026-03-17.json.gz,670.79,True,,SPY260417C00671000,SPY260417P00671000,2026-04-17,31.0,671.0,14.66,14.69,14.675,0.002044293015332154,14.16,14.2,14.18,0.0028208744710859768,0.04301644329820063
2026-03-18,C:\Users\avazq\OneDrive\Escritorio\cienciadatos\portafolio\quant-research-notes\HMM_regime_options\data\raw\spy_historical_options_2026-03-18.json.gz,661.43,True,,SPY260417C00661000,SPY260417P00661000,2026-04-17,30.0,661.0,15.81,15.88,15.845,0.004417797412432962,16.13,16.21,16.17,0.004947433518862204,0.048402703233902306
2026-03-19,C:\Users\avazq\OneDrive\Escritorio\cienciadatos\portafolio\quant-research-notes\HMM_regime_options\data\raw\spy_historical_options_2026-03-19.json.gz,659.8,True,,SPY260417C00660000,SPY260417P00660000,2026-04-17,29.0,660.0,15.86,15.93,15.895,0.004403900597672242,14.65,14.74,14.695,0.006124532153793797,0.0463625341012428
2026-03-20,C:\Users\avazq\OneDrive\Escritorio\cienciadatos\portafolio\quant-research-notes\HMM_regime_options\data\raw\spy_historical_options_2026-03-20.json.gz,648.57,True,,SPY260417C00649000,SPY260417P00649000,2026-04-17,28.0,649.0,18.22,18.31,18.265,0.004927456884752251,15.37,15.47,15.42,0.006485084306096072,0.05193733906902879
2026-03-23,C:\Users\avazq\OneDrive\Escritorio\cienciadatos\portafolio\quant-research-notes\HMM_regime_options\data\raw\spy_historical_options_2026-03-23.json.gz,655.38,True,,SPY260424C00655000,SPY260424P00655000,2026-04-24,32.0,655.0,18.57,18.65,18.61,0.004298764105319629,15.69,15.78,15.735,0.005719733079122965,0.05240471177027068
2026-03-24,C:\Users\avazq\OneDrive\Escritorio\cienciadatos\portafolio\quant-research-notes\HMM_regime_options\data\raw\spy_historical_options_2026-03-24.json.gz,653.18,True,,SPY260424C00653000,SPY260424P00653000,2026-04-24,31.0,653.0,18.55,18.61,18.58,0.003229278794402515,15.78,15.84,15.809999999999999,0.003795066413662271,0.05265011176092349
2026-03-25,C:\Users\avazq\OneDrive\Escritorio\cienciadatos\portafolio\quant-research-notes\HMM_regime_options\data\raw\spy_historical_options_2026-03-25.json.gz,656.82,True,,SPY260424C00657000,SPY260424P00657000,2026-04-24,30.0,657.0,17.05,17.1,17.075000000000003,0.002928257686676469,15.18,15.24,15.21,0.003944773175542439,0.04915349715294906
2026-03-26,C:\Users\avazq\OneDrive\Escritorio\cienciadatos\portafolio\quant-research-notes\HMM_regime_options\data\raw\spy_historical_options_2026-03-26.json.gz,645.09,True,,SPY260424C00645000,SPY260424P00645000,2026-04-24,29.0,645.0,20.12,20.46,20.29,0.01675702316412025,14.91,15.35,15.129999999999999,0.029081295439524094,0.054907067230929016
2026-03-27,C:\Users\avazq\OneDrive\Escritorio\cienciadatos\portafolio\quant-research-notes\HMM_regime_options\data\raw\spy_historical_options_2026-03-27.json.gz,634.09,True,,SPY260424C00634000,SPY260424P00634000,2026-04-24,28.0,634.0,19.35,19.45,19.4,0.005154639175257623,17.99,18.1,18.045,0.006095871432529951,0.05905313125896954
2026-03-30,C:\Users\avazq\OneDrive\Escritorio\cienciadatos\portafolio\quant-research-notes\HMM_regime_options\data\raw\spy_historical_options_2026-03-30.json.gz,631.97,True,,SPY260430C00632000,SPY260430P00632000,2026-04-30,31.0,632.0,19.56,19.62,19.59,0.0030627871362941435,18.35,18.42,18.385,0.003807451726951334,0.06008987768406728
2026-03-31,C:\Users\avazq\OneDrive\Escritorio\cienciadatos\portafolio\quant-research-notes\HMM_regime_options\data\raw\spy_historical_options_2026-03-31.json.gz,650.34,True,,SPY260430C00650000,SPY260430P00650000,2026-04-30,30.0,650.0,17.26,17.34,17.3,0.0046242774566473,14.86,14.96,14.91,0.006706908115358914,0.04952793923178645
2026-04-01,C:\Users\avazq\OneDrive\Escritorio\cienciadatos\portafolio\quant-research-notes\HMM_regime_options\data\raw\spy_historical_options_2026-04-01.json.gz,655.24,True,,SPY260501C00655000,SPY260501P00655000,2026-05-01,30.0,655.0,16.98,17.04,17.009999999999998,0.003527336860670119,14.36,14.43,14.395,0.004862799583188627,0.04792900311336304
2026-04-02,C:\Users\avazq\OneDrive\Escritorio\cienciadatos\portafolio\quant-research-notes\HMM_regime_options\data\raw\spy_historical_options_2026-04-02.json.gz,655.83,True,,SPY260501C00656000,SPY260501P00656000,2026-05-01,29.0,656.0,15.89,15.95,15.92,0.0037688442211054472,14.13,14.2,14.165,0.004941757853865056,0.04587316835155452
2026-04-06,C:\Users\avazq\OneDrive\Escritorio\cienciadatos\portafolio\quant-research-notes\HMM_regime_options\data\raw\spy_historical_options_2026-04-06.json.gz,658.93,True,,SPY260508C00659000,SPY260508P00659000,2026-05-08,32.0,659.0,16.56,16.63,16.595,0.004218137993371515,14.88,14.96,14.920000000000002,0.005361930294906171,0.04782753858528221
2026-04-07,C:\Users\avazq\OneDrive\Escritorio\cienciadatos\portafolio\quant-research-notes\HMM_regime_options\data\raw\spy_historical_options_2026-04-07.json.gz,659.22,True,,SPY260508C00659000,SPY260508P00659000,2026-05-08,31.0,659.0,18.17,18.26,18.215000000000003,0.0049409827065605184,15.08,15.18,15.129999999999999,0.00660938532716455,0.05058250659870756
2026-04-08,C:\Users\avazq\OneDrive\Escritorio\cienciadatos\portafolio\quant-research-notes\HMM_regime_options\data\raw\spy_historical_options_2026-04-08.json.gz,676.01,True,,SPY260508C00676000,SPY260508P00676000,2026-05-08,30.0,676.0,14.2,14.27,14.235,0.0049174569722515125,12.56,12.61,12.585,0.003972983710766701,0.039673969319980476
2026-04-09,C:\Users\avazq\OneDrive\Escritorio\cienciadatos\portafolio\quant-research-notes\HMM_regime_options\data\raw\spy_historical_options_2026-04-09.json.gz,679.91,True,,SPY260508C00680000,SPY260508P00680000,2026-05-08,29.0,680.0,13.08,13.14,13.11,0.00457665903890164,11.47,11.53,11.5,0.005217391304347715,0.036195967113294404
2026-04-10,C:\Users\avazq\OneDrive\Escritorio\cienciadatos\portafolio\quant-research-notes\HMM_regime_options\data\raw\spy_historical_options_2026-04-10.json.gz,679.46,True,,SPY260508C00679000,SPY260508P00679000,2026-05-08,28.0,679.0,13.2,13.26,13.23,0.004535147392290287,10.9,10.96,10.93,0.0054894784995425895,0.03555764872104318
2026-04-13,C:\Users\avazq\OneDrive\Escritorio\cienciadatos\portafolio\quant-research-notes\HMM_regime_options\data\raw\spy_historical_options_2026-04-13.json.gz,686.1,True,,SPY260515C00686000,SPY260515P00686000,2026-05-15,32.0,686.0,13.81,13.86,13.835,0.0036140224069388456,11.36,11.42,11.39,0.005267778753292405,0.03676577758344265
2026-04-14,C:\Users\avazq\OneDrive\Escritorio\cienciadatos\portafolio\quant-research-notes\HMM_regime_options\data\raw\spy_historical_options_2026-04-14.json.gz,694.46,True,,SPY260515C00694000,SPY260515P00694000,2026-05-15,31.0,694.0,13.29,13.33,13.309999999999999,0.0030052592036063806,11.06,11.1,11.08,0.0036101083032490204,0.03512081329378222
2026-04-15,C:\Users\avazq\OneDrive\Escritorio\cienciadatos\portafolio\quant-research-notes\HMM_regime_options\data\raw\spy_historical_options_2026-04-15.json.gz,699.94,True,,SPY260515C00700000,SPY260515P00700000,2026-05-15,30.0,700.0,12.84,12.89,12.865,0.003886513797124035,11.3,11.35,11.325,0.0044150110375275,0.034560105151870156
2026-04-16,C:\Users\avazq\OneDrive\Escritorio\cienciadatos\portafolio\quant-research-notes\HMM_regime_options\data\raw\spy_historical_options_2026-04-16.json.gz,701.66,True,,SPY260515C00702000,SPY260515P00702000,2026-05-15,29.0,702.0,12.49,12.53,12.51,0.0031974420463628415,10.98,11.03,11.004999999999999,0.004543389368468782,0.03351338254995297
2026-04-17,C:\Users\avazq\OneDrive\Escritorio\cienciadatos\portafolio\quant-research-notes\HMM_regime_options\data\raw\spy_historical_options_2026-04-17.json.gz,710.14,True,,SPY260515C00710000,SPY260515P00710000,2026-05-15,28.0,710.0,12.64,12.7,12.67,0.004735595895816789,10.24,10.3,10.27,0.005842259006816017,0.032303489452783954
2026-04-20,C:\Users\avazq\OneDrive\Escritorio\cienciadatos\portafolio\quant-research-notes\HMM_regime_options\data\raw\spy_historical_options_2026-04-20.json.gz,708.72,True,,SPY260522C00709000,SPY260522P00709000,2026-05-22,32.0,709.0,14.26,14.3,14.280000000000001,0.0028011204481793364,12.14,12.19,12.165,0.004110152075626711,0.03731374873010498
2026-04-21,C:\Users\avazq\OneDrive\Escritorio\cienciadatos\portafolio\quant-research-notes\HMM_regime_options\data\raw\spy_historical_options_2026-04-21.json.gz,704.08,True,,SPY260522C00705000,SPY260522P00705000,2026-05-22,31.0,705.0,15.38,16.93,16.155,0.09594552770040228,11.59,11.74,11.665,0.012858979854264926,0.03951255539143279
2026-04-22,C:\Users\avazq\OneDrive\Escritorio\cienciadatos\portafolio\quant-research-notes\HMM_regime_options\data\raw\spy_historical_options_2026-04-22.json.gz,711.21,True,,SPY260522C00711000,SPY260522P00711000,2026-05-22,30.0,711.0,13.72,13.77,13.745000000000001,0.003637686431429533,11.87,11.94,11.905,0.005879882402351977,0.03606529716961235
2026-04-23,C:\Users\avazq\OneDrive\Escritorio\cienciadatos\portafolio\quant-research-notes\HMM_regime_options\data\raw\spy_historical_options_2026-04-23.json.gz,708.45,True,,SPY260522C00708000,SPY260522P00708000,2026-05-22,29.0,708.0,13.96,14.03,13.995000000000001,0.00500178635226856,12.05,12.13,12.09,0.006617038875103397,0.03681981791234385
2026-04-24,C:\Users\avazq\OneDrive\Escritorio\cienciadatos\portafolio\quant-research-notes\HMM_regime_options\data\raw\spy_historical_options_2026-04-24.json.gz,713.94,True,,SPY260522C00714000,SPY260522P00714000,2026-05-22,28.0,714.0,13.44,13.48,13.46,0.002971768202080306,11.7,11.75,11.725,0.004264392324093877,0.0352760736196319
2026-04-27,C:\Users\avazq\OneDrive\Escritorio\cienciadatos\portafolio\quant-research-notes\HMM_regime_options\data\raw\spy_historical_options_2026-04-27.json.gz,715.17,True,,SPY260529C00715000,SPY260529P00715000,2026-05-29,32.0,715.0,14.2,14.24,14.219999999999999,0.0028129395218003464,11.78,11.81,11.795,0.0025434506146673284,0.036375966553406885
2026-04-28,C:\Users\avazq\OneDrive\Escritorio\cienciadatos\portafolio\quant-research-notes\HMM_regime_options\data\raw\spy_historical_options_2026-04-28.json.gz,711.69,True,,SPY260529C00712000,SPY260529P00712000,2026-05-29,31.0,712.0,13.85,13.89,13.870000000000001,0.0028839221341024454,11.56,11.61,11.585,0.0043159257660767315,0.03576697719512709
2026-04-29,C:\Users\avazq\OneDrive\Escritorio\cienciadatos\portafolio\quant-research-notes\HMM_regime_options\data\raw\spy_historical_options_2026-04-29.json.gz,711.58,True,,SPY260529C00712000,SPY260529P00712000,2026-05-29,30.0,712.0,11.99,12.09,12.04,0.008305647840531533,13.25,13.37,13.309999999999999,0.009015777610818876,0.03562494730037381
2026-04-30,C:\Users\avazq\OneDrive\Escritorio\cienciadatos\portafolio\quant-research-notes\HMM_regime_options\data\raw\spy_historical_options_2026-04-30.json.gz,718.66,True,,SPY260529C00719000,SPY260529P00719000,2026-05-29,29.0,719.0,12.82,12.87,12.844999999999999,0.003892565200467025,10.42,10.47,10.445,0.004786979415988579,0.03240753624801714
2026-05-01,C:\Users\avazq\OneDrive\Escritorio\cienciadatos\portafolio\quant-research-notes\HMM_regime_options\data\raw\spy_historical_options_2026-05-01.json.gz,720.65,True,,SPY260529C00721000,SPY260529P00721000,2026-05-29,28.0,721.0,12.06,12.1,12.08,0.0033112582781456247,10.68,10.73,10.705,0.004670714619336825,0.03161728994657601
2026-05-04,C:\Users\avazq\OneDrive\Escritorio\cienciadatos\portafolio\quant-research-notes\HMM_regime_options\data\raw\spy_historical_options_2026-05-04.json.gz,718.01,True,,SPY260605C00718000,SPY260605P00718000,2026-06-05,32.0,718.0,14.17,14.22,14.195,0.0035223670306446433,12.11,12.17,12.14,0.004942339373970386,0.0366777621481595
2026-05-05,C:\Users\avazq\OneDrive\Escritorio\cienciadatos\portafolio\quant-research-notes\HMM_regime_options\data\raw\spy_historical_options_2026-05-05.json.gz,723.77,True,,SPY260605C00724000,SPY260605P00724000,2026-06-05,31.0,724.0,13.76,13.8,13.780000000000001,0.0029027576197388186,11.2,11.25,11.225,0.004454342984409863,0.034548268096218415
2026-05-06,C:\Users\avazq\OneDrive\Escritorio\cienciadatos\portafolio\quant-research-notes\HMM_regime_options\data\raw\spy_historical_options_2026-05-06.json.gz,733.83,True,,SPY260605C00734000,SPY260605P00734000,2026-06-05,30.0,734.0,13.93,13.99,13.96,0.00429799426934101,11.06,11.12,11.09,0.005410279531108992,0.03413597154654348
2026-05-07,C:\Users\avazq\OneDrive\Escritorio\cienciadatos\portafolio\quant-research-notes\HMM_regime_options\data\raw\spy_historical_options_2026-05-07.json.gz,731.58,True,,SPY260605C00732000,SPY260605P00732000,2026-06-05,29.0,732.0,13.27,13.33,13.3,0.004511278195488759,10.83,10.9,10.865,0.006442705936493353,0.033031247437054045
2026-05-08,C:\Users\avazq\OneDrive\Escritorio\cienciadatos\portafolio\quant-research-notes\HMM_regime_options\data\raw\spy_historical_options_2026-05-08.json.gz,737.62,True,,SPY260605C00738000,SPY260605P00738000,2026-06-05,28.0,738.0,12.57,12.62,12.594999999999999,0.00396982929734013,11.02,11.07,11.045,0.004526935264825777,0.032049022531927006
2026-05-11,C:\Users\avazq\OneDrive\Escritorio\cienciadatos\portafolio\quant-research-notes\HMM_regime_options\data\raw\spy_historical_options_2026-05-11.json.gz,739.3,True,,SPY260612C00739000,SPY260612P00739000,2026-06-12,32.0,739.0,14.86,14.94,14.899999999999999,0.005369127516778528,12.42,12.5,12.46,0.006420545746388448,0.03700798052211551
2026-05-12,C:\Users\avazq\OneDrive\Escritorio\cienciadatos\portafolio\quant-research-notes\HMM_regime_options\data\raw\spy_historical_options_2026-05-12.json.gz,738.18,True,,SPY260612C00738000,SPY260612P00738000,2026-06-12,31.0,738.0,14.07,14.12,14.094999999999999,0.003547357218871865,12.09,12.15,12.120000000000001,0.004950495049504991,0.03551301850497169
2026-05-13,C:\Users\avazq\OneDrive\Escritorio\cienciadatos\portafolio\quant-research-notes\HMM_regime_options\data\raw\spy_historical_options_2026-05-13.json.gz,742.31,True,,SPY260612C00742000,SPY260612P00742000,2026-06-12,30.0,742.0,14.64,14.77,14.705,0.008840530431825842,11.39,11.44,11.415,0.004380201489268413,0.035187455375786394
2026-05-14,C:\Users\avazq\OneDrive\Escritorio\cienciadatos\portafolio\quant-research-notes\HMM_regime_options\data\raw\spy_historical_options_2026-05-14.json.gz,748.17,True,,SPY260612C00748000,SPY260612P00748000,2026-06-12,29.0,748.0,13.79,13.83,13.809999999999999,0.002896451846488119,11.11,11.16,11.135,0.004490345756623324,0.03334135290107863
2026-05-15,C:\Users\avazq\OneDrive\Escritorio\cienciadatos\portafolio\quant-research-notes\HMM_regime_options\data\raw\spy_historical_options_2026-05-15.json.gz,739.17,True,,SPY260612C00739000,SPY260612P00739000,2026-06-12,28.0,739.0,13.03,13.1,13.065,0.005357826253348664,11.99,12.06,12.025,0.005821205821205845,0.03394347714328233
2026-05-18,C:\Users\avazq\OneDrive\Escritorio\cienciadatos\portafolio\quant-research-notes\HMM_regime_options\data\raw\spy_historical_options_2026-05-18.json.gz,738.65,True,,SPY260618C00739000,SPY260618P00739000,2026-06-18,31.0,739.0,13.54,13.61,13.575,0.0051565377532228574,12.74,12.79,12.765,0.003916960438699485,0.035659649360319505
2026-05-19,C:\Users\avazq\OneDrive\Escritorio\cienciadatos\portafolio\quant-research-notes\HMM_regime_options\data\raw\spy_historical_options_2026-05-19.json.gz,733.73,True,,SPY260618C00734000,SPY260618P00734000,2026-06-18,30.0,734.0,13.73,13.8,13.765,0.005085361423901219,12.6,12.65,12.625,0.003960396039604017,0.03596690880841726
2026-05-20,C:\Users\avazq\OneDrive\Escritorio\cienciadatos\portafolio\quant-research-notes\HMM_regime_options\data\raw\spy_historical_options_2026-05-20.json.gz,741.25,True,,SPY260618C00741000,SPY260618P00741000,2026-06-18,29.0,741.0,13.34,13.42,13.379999999999999,0.00597907324364724,11.93,11.99,11.96,0.005016722408026797,0.03418549747048904
2026-05-21,C:\Users\avazq\OneDrive\Escritorio\cienciadatos\portafolio\quant-research-notes\HMM_regime_options\data\raw\spy_historical_options_2026-05-21.json.gz,742.72,True,,SPY260618C00743000,SPY260618P00743000,2026-06-18,28.0,743.0,12.6,12.66,12.629999999999999,0.004750593824228069,11.15,11.19,11.17,0.003581020590868321,0.03204437742352434
2026-05-22,C:\Users\avazq\OneDrive\Escritorio\cienciadatos\portafolio\quant-research-notes\HMM_regime_options\data\raw\spy_historical_options_2026-05-22.json.gz,745.64,True,,SPY260618C00746000,SPY260618P00746000,2026-06-18,27.0,746.0,12.04,12.1,12.07,0.004971002485501284,11.0,11.04,11.02,0.003629764065335676,0.03096668633656993
2026-05-26,C:\Users\avazq\OneDrive\Escritorio\cienciadatos\portafolio\quant-research-notes\HMM_regime_options\data\raw\spy_historical_options_2026-05-26.json.gz,750.59,True,,SPY260626C00751000,SPY260626P00751000,2026-06-26,31.0,751.0,12.5,12.55,12.525,0.003992015968063929,12.39,12.43,12.41,0.0032232070910555317,0.03322053318056462
2026-05-27,C:\Users\avazq\OneDrive\Escritorio\cienciadatos\portafolio\quant-research-notes\HMM_regime_options\data\raw\spy_historical_options_2026-05-27.json.gz,750.46,True,,SPY260626C00750000,SPY260626P00750000,2026-06-26,30.0,750.0,12.77,12.82,12.795,0.003907776475185675,10.96,11.0,10.98,0.003642987249544549,0.03168056925085947
2026-05-28,C:\Users\avazq\OneDrive\Escritorio\cienciadatos\portafolio\quant-research-notes\HMM_regime_options\data\raw\spy_historical_options_2026-05-28.json.gz,754.6,True,,SPY260626C00755000,SPY260626P00755000,2026-06-26,29.0,755.0,11.95,12.0,11.975,0.0041753653444677,10.56,10.6,10.58,0.0037807183364838514,0.02989000795123244
2026-05-29,C:\Users\avazq\OneDrive\Escritorio\cienciadatos\portafolio\quant-research-notes\HMM_regime_options\data\raw\spy_historical_options_2026-05-29.json.gz,756.48,True,,SPY260626C00756000,SPY260626P00756000,2026-06-26,28.0,756.0,11.18,11.23,11.205,0.0044622936189201885,10.1,10.15,10.125,0.004938271604938342,0.02819638324873096
2026-06-01,C:\Users\avazq\OneDrive\Escritorio\cienciadatos\portafolio\quant-research-notes\HMM_regime_options\data\raw\spy_historical_options_2026-06-01.json.gz,758.54,True,,SPY260630C00759000,SPY260630P00759000,2026-06-30,29.0,759.0,11.12,11.16,11.14,0.0035906642728905673,11.03,11.07,11.05,0.003619909502262527,0.02925356606111741
2026-06-02,C:\Users\avazq\OneDrive\Escritorio\cienciadatos\portafolio\quant-research-notes\HMM_regime_options\data\raw\spy_historical_options_2026-06-02.json.gz,759.57,True,,SPY260702C00760000,SPY260702P00760000,2026-07-02,30.0,760.0,11.76,11.8,11.780000000000001,0.003395585738539976,11.18,11.23,11.205,0.0044622936189201885,0.03026054214884737
2026-06-03,C:\Users\avazq\OneDrive\Escritorio\cienciadatos\portafolio\quant-research-notes\HMM_regime_options\data\raw\spy_historical_options_2026-06-03.json.gz,754.24,True,,SPY260702C00760000,SPY260702P00760000,2026-07-02,29.0,760.0,8.1,8.78,8.44,0.08056872037914689,13.29,14.62,13.954999999999998,0.09530634181297028,0.029692140432753495
2026-06-04,C:\Users\avazq\OneDrive\Escritorio\cienciadatos\portafolio\quant-research-notes\HMM_regime_options\data\raw\spy_historical_options_2026-06-04.json.gz,757.09,True,,SPY260702C00757000,SPY260702P00757000,2026-07-02,28.0,757.0,11.03,11.08,11.055,0.0045228403437359305,10.67,10.72,10.695,0.00467508181393181,0.028728420663329327
2026-06-05,C:\Users\avazq\OneDrive\Escritorio\cienciadatos\portafolio\quant-research-notes\HMM_regime_options\data\raw\spy_historical_options_2026-06-05.json.gz,737.55,True,,SPY260702C00738000,SPY260702P00738000,2026-07-02,27.0,738.0,11.78,11.88,11.83,0.00845308537616242,14.92,15.03,14.975,0.007345575959933184,0.036343298759406145
2026-06-08,C:\Users\avazq\OneDrive\Escritorio\cienciadatos\portafolio\quant-research-notes\HMM_regime_options\data\raw\spy_historical_options_2026-06-08.json.gz,739.22,True,,SPY260710C00739000,SPY260710P00739000,2026-07-10,32.0,739.0,14.13,14.18,14.155000000000001,0.003532320734722637,13.14,13.2,13.17,0.004555808656036349,0.03696463840264062
2026-06-09,C:\Users\avazq\OneDrive\Escritorio\cienciadatos\portafolio\quant-research-notes\HMM_regime_options\data\raw\spy_historical_options_2026-06-09.json.gz,737.05,True,,SPY260710C00737000,SPY260710P00737000,2026-07-10,31.0,737.0,14.09,14.17,14.129999999999999,0.0056617126680821,13.9,13.99,13.945,0.00645392613840085,0.03809103859982362
2026-06-10,C:\Users\avazq\OneDrive\Escritorio\cienciadatos\portafolio\quant-research-notes\HMM_regime_options\data\raw\spy_historical_options_2026-06-10.json.gz,725.43,True,,SPY260710C00725000,SPY260710P00725000,2026-07-10,30.0,725.0,15.75,15.83,15.79,0.005066497783407224,14.88,14.98,14.93,0.006697923643670439,0.042347297464951826
2026-06-11,C:\Users\avazq\OneDrive\Escritorio\cienciadatos\portafolio\quant-research-notes\HMM_regime_options\data\raw\spy_historical_options_2026-06-11.json.gz,737.76,True,,SPY260710C00738000,SPY260710P00738000,2026-07-10,29.0,738.0,14.38,14.45,14.415,0.004856052722858031,12.93,13.01,12.969999999999999,0.006168080185042411,0.037119117328128386
2026-06-12,C:\Users\avazq\OneDrive\Escritorio\cienciadatos\portafolio\quant-research-notes\HMM_regime_options\data\raw\spy_historical_options_2026-06-12.json.gz,741.75,True,,SPY260710C00742000,SPY260710P00742000,2026-07-10,28.0,742.0,12.68,12.74,12.71,0.004720692368214044,11.68,11.74,11.71,0.005123825789923184,0.032922143579373106
2026-06-15,C:\Users\avazq\OneDrive\Escritorio\cienciadatos\portafolio\quant-research-notes\HMM_regime_options\data\raw\spy_historical_options_2026-06-15.json.gz,754.83,True,,SPY260717C00755000,SPY260717P00755000,2026-07-17,32.0,755.0,12.26,12.31,12.285,0.004070004070004128,11.64,11.7,11.67,0.005141388174807088,0.031735622590517064
2026-06-16,C:\Users\avazq\OneDrive\Escritorio\cienciadatos\portafolio\quant-research-notes\HMM_regime_options\data\raw\spy_historical_options_2026-06-16.json.gz,750.33,True,,SPY260717C00750000,SPY260717P00750000,2026-07-17,31.0,750.0,12.49,12.53,12.51,0.0031974420463628415,11.56,11.61,11.585,0.0043159257660767315,0.03211253715032052
2026-06-17,C:\Users\avazq\OneDrive\Escritorio\cienciadatos\portafolio\quant-research-notes\HMM_regime_options\data\raw\spy_historical_options_2026-06-17.json.gz,740.96,True,,SPY260717C00741000,SPY260717P00741000,2026-07-17,30.0,741.0,13.58,13.66,13.620000000000001,0.005873715124816451,12.59,12.69,12.64,0.007911392405063262,0.03544050960915569
2026-06-18,C:\Users\avazq\OneDrive\Escritorio\cienciadatos\portafolio\quant-research-notes\HMM_regime_options\data\raw\spy_historical_options_2026-06-18.json.gz,746.74,True,,SPY260717C00746000,SPY260717P00746000,2026-07-17,29.0,746.0,13.55,14.95,14.25,0.09824561403508762,9.73,9.81,9.77,0.008188331627430918,0.03216648364892734
2026-06-22,C:\Users\avazq\OneDrive\Escritorio\cienciadatos\portafolio\quant-research-notes\HMM_regime_options\data\raw\spy_historical_options_2026-06-22.json.gz,744.39,True,,SPY260724C00744000,SPY260724P00744000,2026-07-24,32.0,744.0,14.53,15.6,15.065,0.07102555592432794,11.16,11.22,11.190000000000001,0.00536193029490621,0.03527048993135319
2026-06-23,C:\Users\avazq\OneDrive\Escritorio\cienciadatos\portafolio\quant-research-notes\HMM_regime_options\data\raw\spy_historical_options_2026-06-23.json.gz,733.58,True,,SPY260724C00734000,SPY260724P00734000,2026-07-24,31.0,734.0,15.83,16.03,15.93,0.012554927809165164,12.59,12.66,12.625,0.005544554455445567,0.03892554322636931
2026-06-24,C:\Users\avazq\OneDrive\Escritorio\cienciadatos\portafolio\quant-research-notes\HMM_regime_options\data\raw\spy_historical_options_2026-06-24.json.gz,733.24,True,,SPY260724C00733000,SPY260724P00733000,2026-07-24,30.0,733.0,16.89,17.5,17.195,0.035475428903751056,10.62,10.75,10.684999999999999,0.012166588675713692,0.03802302111177786
2026-06-25,C:\Users\avazq\OneDrive\Escritorio\cienciadatos\portafolio\quant-research-notes\HMM_regime_options\data\raw\spy_historical_options_2026-06-25.json.gz,734.3,True,,SPY260724C00734000,SPY260724P00734000,2026-07-24,29.0,734.0,14.84,15.42,15.129999999999999,0.03833443489755453,11.83,11.9,11.865,0.005899705014749287,0.03676290344545826
2026-06-26,C:\Users\avazq\OneDrive\Escritorio\cienciadatos\portafolio\quant-research-notes\HMM_regime_options\data\raw\spy_historical_options_2026-06-26.json.gz,728.99,True,,SPY260724C00730000,SPY260724P00730000,2026-07-24,28.0,730.0,14.85,16.26,15.555,0.09064609450337524,10.65,10.74,10.695,0.008415147265077125,0.03600872439951165
2026-06-29,C:\Users\avazq\OneDrive\Escritorio\cienciadatos\portafolio\quant-research-notes\HMM_regime_options\data\raw\spy_historical_options_2026-06-29.json.gz,741.0,True,,SPY260731C00741000,SPY260731P00741000,2026-07-31,32.0,741.0,14.8,14.85,14.825,0.0033726812816188153,11.76,11.81,11.785,0.004242681374628825,0.03591093117408907
2026-06-30,C:\Users\avazq\OneDrive\Escritorio\cienciadatos\portafolio\quant-research-notes\HMM_regime_options\data\raw\spy_historical_options_2026-06-30.json.gz,746.77,True,,SPY260731C00747000,SPY260731P00747000,2026-07-31,31.0,747.0,12.95,13.02,12.985,0.005390835579514847,11.08,11.16,11.120000000000001,0.007194244604316552,0.03227901495775139
2026-07-01,C:\Users\avazq\OneDrive\Escritorio\cienciadatos\portafolio\quant-research-notes\HMM_regime_options\data\raw\spy_historical_options_2026-07-01.json.gz,745.76,True,,SPY260731C00746000,SPY260731P00746000,2026-07-31,30.0,746.0,12.64,12.7,12.67,0.004735595895816789,10.91,10.98,10.945,0.006395614435815467,0.03166568332975757
2026-07-02,C:\Users\avazq\OneDrive\Escritorio\cienciadatos\portafolio\quant-research-notes\HMM_regime_options\data\raw\spy_historical_options_2026-07-02.json.gz,744.78,True,,SPY260731C00745000,SPY260731P00745000,2026-07-31,29.0,745.0,12.2,12.25,12.225,0.004089979550102308,10.5,10.56,10.530000000000001,0.005698005698005744,0.03055264641907678
2026-07-06,C:\Users\avazq\OneDrive\Escritorio\cienciadatos\portafolio\quant-research-notes\HMM_regime_options\data\raw\spy_historical_options_2026-07-06.json.gz,751.28,True,,SPY260807C00751000,SPY260807P00751000,2026-08-07,32.0,751.0,13.42,13.76,13.59,0.025018395879323023,10.11,10.16,10.135,0.00493339911198823,0.03157943775955702
2026-07-07,C:\Users\avazq\OneDrive\Escritorio\cienciadatos\portafolio\quant-research-notes\HMM_regime_options\data\raw\spy_historical_options_2026-07-07.json.gz,747.71,True,,SPY260807C00748000,SPY260807P00748000,2026-08-07,31.0,748.0,12.81,12.86,12.835,0.00389559797428897,10.72,10.77,10.745000000000001,0.004653327128897062,0.031536290807933555
2026-07-08,C:\Users\avazq\OneDrive\Escritorio\cienciadatos\portafolio\quant-research-notes\HMM_regime_options\data\raw\spy_historical_options_2026-07-08.json.gz,745.4,True,,SPY260807C00745000,SPY260807P00745000,2026-08-07,30.0,745.0,13.23,13.29,13.26,0.0045248868778279576,10.84,10.9,10.870000000000001,0.005519779208831692,0.032371880869331904
2026-07-09,C:\Users\avazq\OneDrive\Escritorio\cienciadatos\portafolio\quant-research-notes\HMM_regime_options\data\raw\spy_historical_options_2026-07-09.json.gz,751.71,True,,SPY260807C00752000,SPY260807P00752000,2026-08-07,29.0,752.0,12.09,12.13,12.11,0.00330305532617679,10.08,10.13,10.105,0.0049480455220188724,0.029552620026339942
2026-07-10,C:\Users\avazq\OneDrive\Escritorio\cienciadatos\portafolio\quant-research-notes\HMM_regime_options\data\raw\spy_historical_options_2026-07-10.json.gz,754.95,True,,SPY260807C00755000,SPY260807P00755000,2026-08-07,28.0,755.0,11.61,11.65,11.629999999999999,0.0034393809114360214,9.39,9.43,9.41,0.0042507970244419924,0.027869395324193653
2026-07-13,C:\Users\avazq\OneDrive\Escritorio\cienciadatos\portafolio\quant-research-notes\HMM_regime_options\data\raw\spy_historical_options_2026-07-13.json.gz,749.17,True,,SPY260814C00749000,SPY260814P00749000,2026-08-14,32.0,749.0,13.94,14.0,13.969999999999999,0.004294917680744488,11.45,11.52,11.485,0.006094906399651745,0.03397760187941322
2026-07-14,C:\Users\avazq\OneDrive\Escritorio\cienciadatos\portafolio\quant-research-notes\HMM_regime_options\data\raw\spy_historical_options_2026-07-14.json.gz,751.83,True,,SPY260814C00752000,SPY260814P00752000,2026-08-14,31.0,752.0,13.26,13.3,13.280000000000001,0.0030120481927711534,10.8,10.85,10.825,0.004618937644341703,0.032061769282949605
2026-07-15,C:\Users\avazq\OneDrive\Escritorio\cienciadatos\portafolio\quant-research-notes\HMM_regime_options\data\raw\spy_historical_options_2026-07-15.json.gz,754.81,True,,SPY260814C00755000,SPY260814P00755000,2026-08-14,30.0,755.0,12.22,12.27,12.245000000000001,0.004083299305839031,10.24,10.3,10.27,0.005842259006816017,0.029828698612895964
2026-07-16,C:\Users\avazq\OneDrive\Escritorio\cienciadatos\portafolio\quant-research-notes\HMM_regime_options\data\raw\spy_historical_options_2026-07-16.json.gz,750.72,True,,SPY260814C00751000,SPY260814P00751000,2026-08-14,29.0,751.0,12.19,12.24,12.215,0.004093327875562891,10.9,10.96,10.93,0.0054894784995425895,0.03083040281329923
2026-07-17,C:\Users\avazq\OneDrive\Escritorio\cienciadatos\portafolio\quant-research-notes\HMM_regime_options\data\raw\spy_historical_options_2026-07-17.json.gz,743.29,True,,SPY260814C00743000,SPY260814P00743000,2026-08-14,28.0,743.0,13.38,13.44,13.41,0.004474272930648674,11.82,11.89,11.855,0.0059046815689582696,0.03399077076242113
2026-07-20,C:\Users\avazq\OneDrive\Escritorio\cienciadatos\portafolio\quant-research-notes\HMM_regime_options\data\raw\spy_historical_options_2026-07-20.json.gz,742.09,True,,SPY260821C00742000,SPY260821P00742000,2026-08-21,32.0,742.0,14.71,14.77,14.74,0.0040705563093621925,12.28,12.34,12.309999999999999,0.004874086108854631,0.036451104313492966
2026-07-21,C:\Users\avazq\OneDrive\Escritorio\cienciadatos\portafolio\quant-research-notes\HMM_regime_options\data\raw\spy_historical_options_2026-07-21.json.gz,748.28,True,,SPY260821C00748000,SPY260821P00748000,2026-08-21,31.0,748.0,13.63,13.67,13.65,0.002930402930402868,10.92,10.96,10.940000000000001,0.0036563071297989872,0.03286203025605389
2026-07-22,C:\Users\avazq\OneDrive\Escritorio\cienciadatos\portafolio\quant-research-notes\HMM_regime_options\data\raw\spy_historical_options_2026-07-22.json.gz,747.41,True,,SPY260821C00749000,SPY260821P00749000,2026-08-21,30.0,749.0,12.93,13.04,12.985,0.008471313053523253,10.44,10.56,10.5,0.011428571428571524,0.0314218434326541
2026-07-23,C:\Users\avazq\OneDrive\Escritorio\cienciadatos\portafolio\quant-research-notes\HMM_regime_options\data\raw\spy_historical_options_2026-07-23.json.gz,738.18,True,,SPY260821C00738000,SPY260821P00738000,2026-08-21,29.0,738.0,14.99,15.05,15.02,0.0039946737683089545,11.33,11.38,11.355,0.004403346543373026,0.035729767807309874
2026-07-24,C:\Users\avazq\OneDrive\Escritorio\cienciadatos\portafolio\quant-research-notes\HMM_regime_options\data\raw\spy_historical_options_2026-07-24.json.gz,738.93,True,,SPY260821C00739000,SPY260821P00739000,2026-08-21,28.0,739.0,13.41,13.44,13.425,0.002234636871508332,11.6,11.65,11.625,0.004301075268817265,0.033900369453128174
2026-07-27,C:\Users\avazq\OneDrive\Escritorio\cienciadatos\portafolio\quant-research-notes\HMM_regime_options\data\raw\spy_historical_options_2026-07-27.json.gz,739.09,True,,SPY260828C00739000,SPY260828P00739000,2026-08-28,32.0,739.0,14.97,15.02,14.995000000000001,0.0033344448149382417,12.27,12.32,12.295,0.0040666937779585775,0.03692378465410166
2026-07-28,C:\Users\avazq\OneDrive\Escritorio\cienciadatos\portafolio\quant-research-notes\HMM_regime_options\data\raw\spy_historical_options_2026-07-28.json.gz,740.86,True,,SPY260828C00741000,SPY260828P00741000,2026-08-28,31.0,741.0,14.46,14.52,14.49,0.0041407867494823135,11.87,11.94,11.905,0.005879882402351977,0.03562751397025079
2026-07-29,C:\Users\avazq\OneDrive\Escritorio\cienciadatos\portafolio\quant-research-notes\HMM_regime_options\data\raw\spy_historical_options_2026-07-29.json.gz,729.46,True,,SPY260828C00729000,SPY260828P00729000,2026-08-28,30.0,729.0,15.28,15.41,15.344999999999999,0.008471814923427879,13.61,13.73,13.67,0.008778346744696488,0.039775998683957994
2026-07-30,C:\Users\avazq\OneDrive\Escritorio\cienciadatos\portafolio\quant-research-notes\HMM_regime_options\data\raw\spy_historical_options_2026-07-30.json.gz,741.69,True,,SPY260828C00742000,SPY260828P00742000,2026-08-28,29.0,742.0,13.61,14.2,13.905,0.04243078029485796,10.32,10.42,10.370000000000001,0.009643201542912212,0.03272930739257641
2026-07-31,C:\Users\avazq\OneDrive\Escritorio\cienciadatos\portafolio\quant-research-notes\HMM_regime_options\data\raw\spy_historical_options_2026-07-31.json.gz,747.03,True,,SPY260831C00747000,SPY260831P00747000,2026-08-31,31.0,747.0,12.37,12.49,12.43,0.009654062751407965,10.17,10.29,10.23,0.011730205278592299,0.030333453810422607
2026-08-03,C:\Users\avazq\OneDrive\Escritorio\cienciadatos\portafolio\quant-research-notes\HMM_regime_options\data\raw\spy_historical_options_2026-08-03.json.gz,757.67,True,,SPY260831C00758000,SPY260831P00758000,2026-08-31,28.0,758.0,11.64,11.73,11.685,0.007702182284980732,9.53,9.62,9.575,0.009399477806788497,0.0280597093721541
2026-08-04,C:\Users\avazq\OneDrive\Escritorio\cienciadatos\portafolio\quant-research-notes\HMM_regime_options\data\raw\spy_historical_options_2026-08-04.json.gz,771.33,True,,SPY260904C00770000,SPY260904P00770000,2026-09-04,31.0,770.0,14.64,15.82,15.23,0.07747866053841101,10.29,10.54,10.415,0.024003840614498322,0.033247766844281955
2026-08-05,C:\Users\avazq\OneDrive\Escritorio\cienciadatos\portafolio\quant-research-notes\HMM_regime_options\data\raw\spy_historical_options_2026-08-05.json.gz,769.79,True,,SPY260904C00770000,SPY260904P00770000,2026-09-04,30.0,770.0,13.06,13.85,13.455,0.05871423262727604,10.28,10.39,10.335,0.010643444605708872,0.030904532404941606
2026-08-06,C:\Users\avazq\OneDrive\Escritorio\cienciadatos\portafolio\quant-research-notes\HMM_regime_options\data\raw\spy_historical_options_2026-08-06.json.gz,768.56,True,,SPY260904C00769000,SPY260904P00769000,2026-09-04,29.0,769.0,12.25,12.33,12.29,0.0065093572009764095,10.02,10.13,10.075,0.010918114143920717,0.029099875091079423
2026-08-07,C:\Users\avazq\OneDrive\Escritorio\cienciadatos\portafolio\quant-research-notes\HMM_regime_options\data\raw\spy_historical_options_2026-08-07.json.gz,773.26,True,,SPY260904C00773000,SPY260904P00773000,2026-09-04,28.0,773.0,11.76,11.85,11.805,0.007623888182973305,9.76,9.85,9.805,0.009178990311065768,0.027946615627343973
2026-08-10,C:\Users\avazq\OneDrive\Escritorio\cienciadatos\portafolio\quant-research-notes\HMM_regime_options\data\raw\spy_historical_options_2026-08-10.json.gz,773.03,True,,SPY260911C00773000,SPY260911P00773000,2026-09-11,32.0,773.0,13.11,13.19,13.149999999999999,0.006083650190114074,10.61,10.72,10.665,0.010314111579934478,0.030807342535218555
2026-08-11,C:\Users\avazq\OneDrive\Escritorio\cienciadatos\portafolio\quant-research-notes\HMM_regime_options\data\raw\spy_historical_options_2026-08-11.json.gz,770.56,True,,SPY260911C00771000,SPY260911P00771000,2026-09-11,31.0,771.0,12.57,12.65,12.61,0.006344171292624907,10.32,10.43,10.375,0.010602409638554163,0.029828955564784054
2026-08-12,C:\Users\avazq\OneDrive\Escritorio\cienciadatos\portafolio\quant-research-notes\HMM_regime_options\data\raw\spy_historical_options_2026-08-12.json.gz,772.49,True,,SPY260911C00772000,SPY260911P00772000,2026-09-11,30.0,772.0,12.0,12.75,12.375,0.06060606060606061,9.23,9.32,9.275,0.009703504043126669,0.028026252767026107
2026-08-13,C:\Users\avazq\OneDrive\Escritorio\cienciadatos\portafolio\quant-research-notes\HMM_regime_options\data\raw\spy_historical_options_2026-08-13.json.gz,777.88,True,,SPY260911C00778000,SPY260911P00778000,2026-09-11,29.0,778.0,11.72,11.8,11.760000000000002,0.006802721088435379,9.49,9.56,9.525,0.007349081364829426,0.027362832313467377
2026-08-14,C:\Users\avazq\OneDrive\Escritorio\cienciadatos\portafolio\quant-research-notes\HMM_regime_options\data\raw\spy_historical_options_2026-08-14.json.gz,776.34,True,,SPY260911C00776000,SPY260911P00776000,2026-09-11,28.0,776.0,11.06,11.16,11.11,0.00900090009000897,8.92,9.06,8.99,0.015572858731924424,0.025890717984388283
2026-08-17,C:\Users\avazq\OneDrive\Escritorio\cienciadatos\portafolio\quant-research-notes\HMM_regime_options\data\raw\spy_historical_options_2026-08-17.json.gz,772.67,True,,SPY260918C00773000,SPY260918P00773000,2026-09-18,32.0,773.0,12.35,12.44,12.395,0.00726099233561919,11.02,11.07,11.045,0.004526935264825777,0.030336366107135
2026-08-18,C:\Users\avazq\OneDrive\Escritorio\cienciadatos\portafolio\quant-research-notes\HMM_regime_options\data\raw\spy_historical_options_2026-08-18.json.gz,767.45,True,,SPY260918C00767000,SPY260918P00767000,2026-09-18,31.0,767.0,12.9,12.99,12.945,0.006952491309385852,10.8,10.86,10.83,0.005540166204986032,0.030979216887093618
2026-08-19,C:\Users\avazq\OneDrive\Escritorio\cienciadatos\portafolio\quant-research-notes\HMM_regime_options\data\raw\spy_historical_options_2026-08-19.json.gz,769.06,True,,SPY260918C00769000,SPY260918P00769000,2026-09-18,30.0,769.0,11.77,11.82,11.795,0.00423908435777878,10.26,10.29,10.274999999999999,0.0029197080291970185,0.028697370816321226
2026-08-20,C:\Users\avazq\OneDrive\Escritorio\cienciadatos\portafolio\quant-research-notes\HMM_regime_options\data\raw\spy_historical_options_2026-08-20.json.gz,762.6,True,,SPY260918C00763000,SPY260918P00763000,2026-09-18,29.0,763.0,11.79,11.85,11.82,0.0050761421319797375,10.94,10.99,10.965,0.004559963520291903,0.029878048780487804
2026-08-21,C:\Users\avazq\OneDrive\Escritorio\cienciadatos\portafolio\quant-research-notes\HMM_regime_options\data\raw\spy_historical_options_2026-08-21.json.gz,765.72,True,,SPY260918C00766000,SPY260918P00766000,2026-09-18,28.0,766.0,11.01,11.06,11.035,0.004531037607612208,10.28,10.31,10.295,0.002914035939776701,0.02785613540197461
2026-08-24,C:\Users\avazq\OneDrive\Escritorio\cienciadatos\portafolio\quant-research-notes\HMM_regime_options\data\raw\spy_historical_options_2026-08-24.json.gz,763.47,True,,SPY260925C00763000,SPY260925P00763000,2026-09-25,32.0,763.0,12.58,12.63,12.605,0.003966679888933019,10.93,10.97,10.95,0.003652968036529765,0.03085255478276815
2026-08-25,C:\Users\avazq\OneDrive\Escritorio\cienciadatos\portafolio\quant-research-notes\HMM_regime_options\data\raw\spy_historical_options_2026-08-25.json.gz,765.91,True,,SPY260925C00766000,SPY260925P00766000,2026-09-25,31.0,766.0,11.7,11.75,11.725,0.004264392324093877,10.97,11.01,10.99,0.003639672429481269,0.029657531563760758
2026-08-26,C:\Users\avazq\OneDrive\Escritorio\cienciadatos\portafolio\quant-research-notes\HMM_regime_options\data\raw\spy_historical_options_2026-08-26.json.gz,766.08,True,,SPY260925C00766000,SPY260925P00766000,2026-09-25,30.0,766.0,12.02,12.09,12.055,0.005806719203649962,10.22,10.28,10.25,0.005853658536585241,0.029115758145363407
2026-08-27,C:\Users\avazq\OneDrive\Escritorio\cienciadatos\portafolio\quant-research-notes\HMM_regime_options\data\raw\spy_historical_options_2026-08-27.json.gz,771.1,True,,SPY260925C00771000,SPY260925P00771000,2026-09-25,29.0,771.0,10.21,10.27,10.24,0.005859374999999875,10.2,10.26,10.23,0.005865102639296236,0.026546492024380752
2026-08-28,C:\Users\avazq\OneDrive\Escritorio\cienciadatos\portafolio\quant-research-notes\HMM_regime_options\data\raw\spy_historical_options_2026-08-28.json.gz,769.35,True,,SPY260925C00769000,SPY260925P00769000,2026-09-25,28.0,769.0,10.07,10.13,10.100000000000001,0.005940594059405989,9.55,9.6,9.575,0.005221932114882396,0.025573536101904205
2026-08-31,C:\Users\avazq\OneDrive\Escritorio\cienciadatos\portafolio\quant-research-notes\HMM_regime_options\data\raw\spy_historical_options_2026-08-31.json.gz,767.05,True,,SPY260930C00767000,SPY260930P00767000,2026-09-30,30.0,767.0,10.82,10.87,10.844999999999999,0.004610419548178786,10.03,10.08,10.055,0.004972650422675357,0.027247245942246267
