series_row_index,observation_date,pair_available,absence_reason,call_contractID,put_contractID,expiration,dte,strike,spy_close_t,straddle_mid_rel_t,spy_close_T,terminal_move_rel,terminal_followup_complete,terminal_absence_reason,censored_at_history_end,observation_session_index,expiration_session_index,h_sessions,k_strike_over_spot_t,historical_window_count,historical_first_window_start,historical_first_window_end,historical_last_window_start,historical_last_window_end,historical_split_affected_window_count,historical_dates_through_t_only,historical_move_baseline_t,historical_baseline_absence_reason
0,2020-01-02,True,,SPY200131C00325000,SPY200131P00325000,2020-01-31,29.0,325.0,324.87,0.0228399051928463,321.73,0.0100655646874133,True,,False,0.0,20.0,20.0,1.0004001600640255,0,,,,,0,False,,fewer_than_252_complete_historical_windows
1,2020-01-03,True,,SPY200203C00322000,SPY200203P00322000,2020-02-03,31.0,322.0,322.41,0.0278992587078564,324.12,0.0065754784280884,True,,False,1.0,21.0,20.0,0.9987283272851337,0,,,,,0,False,,fewer_than_252_complete_historical_windows
2,2020-01-06,True,,SPY200205C00324000,SPY200205P00324000,2020-02-05,30.0,324.0,323.64,0.0260474601408972,332.86,0.0273760968977877,True,,False,2.0,23.0,21.0,1.0011123470522802,0,,,,,0,False,,fewer_than_252_complete_historical_windows
3,2020-01-07,True,,SPY200207C00322500,SPY200207P00322500,2020-02-07,31.0,322.5,322.73,0.0278561026244848,332.2,0.0300560840330926,True,,False,3.0,25.0,22.0,0.9992873299662256,0,,,,,0,False,,fewer_than_252_complete_historical_windows
4,2020-01-08,True,,SPY200207C00324000,SPY200207P00324000,2020-02-07,30.0,324.0,324.45,0.0266142703035906,332.2,0.0252735398366466,True,,False,4.0,25.0,21.0,0.9986130374479889,0,,,,,0,False,,fewer_than_252_complete_historical_windows
5,2020-01-09,True,,SPY200207C00327000,SPY200207P00327000,2020-02-07,29.0,327.0,326.65,0.0230675034440532,332.2,0.015919179549977,True,,False,5.0,25.0,20.0,1.001071483238941,0,,,,,0,False,,fewer_than_252_complete_historical_windows
6,2020-01-10,True,,SPY200210C00326000,SPY200210P00326000,2020-02-10,31.0,326.0,325.71,0.0238709281262472,334.68,0.0266494734579841,True,,False,6.0,26.0,20.0,1.0008903625924903,0,,,,,0,False,,fewer_than_252_complete_historical_windows
7,2020-01-13,True,,SPY200212C00328000,SPY200212P00328000,2020-02-12,30.0,328.0,327.95,0.0234029577679524,337.42,0.0287238908370178,True,,False,7.0,28.0,21.0,1.0001524622655893,0,,,,,0,False,,fewer_than_252_complete_historical_windows
8,2020-01-14,True,,SPY200214C00327500,SPY200214P00327500,2020-02-14,31.0,327.5,327.45,0.0249198350893266,337.6,0.0308444037257597,True,,False,8.0,30.0,22.0,1.0001526950679493,0,,,,,0,False,,fewer_than_252_complete_historical_windows
9,2020-01-15,True,,SPY200214C00328000,SPY200214P00328000,2020-02-14,30.0,328.0,328.19,0.0240866571193515,337.6,0.0292513483043359,True,,False,9.0,30.0,21.0,0.99942106706481,0,,,,,0,False,,fewer_than_252_complete_historical_windows
10,2020-01-16,True,,SPY200214C00331000,SPY200214P00331000,2020-02-14,29.0,331.0,330.92,0.022679197389097,337.6,0.0199443974374471,True,,False,10.0,30.0,20.0,1.000241750271969,0,,,,,0,False,,fewer_than_252_complete_historical_windows
11,2020-01-17,True,,SPY200214C00332000,SPY200214P00332000,2020-02-14,28.0,332.0,331.95,0.0219310137068835,337.6,0.0168700105437566,True,,False,11.0,30.0,19.0,1.0001506250941408,0,,,,,0,False,,fewer_than_252_complete_historical_windows
12,2020-01-21,True,,SPY200219C00331000,SPY200219P00331000,2020-02-19,29.0,331.0,331.3,0.0242529429520072,338.34,0.0221551463929972,True,,False,12.0,32.0,20.0,0.9990944763054633,0,,,,,0,False,,fewer_than_252_complete_historical_windows
13,2020-01-22,True,,SPY200221C00331000,SPY200221P00331000,2020-02-21,30.0,331.0,331.34,0.025532685459045,333.48,0.0074847588579707,True,,False,13.0,34.0,21.0,0.9989738637049557,0,,,,,0,False,,fewer_than_252_complete_historical_windows
14,2020-01-23,True,,SPY200221C00332000,SPY200221P00332000,2020-02-21,29.0,332.0,331.72,0.0247196430724707,333.48,0.0044615941155191,True,,False,14.0,34.0,20.0,1.0008440853732061,0,,,,,0,False,,fewer_than_252_complete_historical_windows
15,2020-01-24,True,,SPY200224C00329000,SPY200224P00329000,2020-02-24,31.0,329.0,328.77,0.0291693281017124,322.42,0.0200139915442406,True,,False,15.0,35.0,20.0,1.0006995772120328,0,,,,,0,False,,fewer_than_252_complete_historical_windows
16,2020-01-27,True,,SPY200226C00323000,SPY200226P00323000,2020-02-26,30.0,323.0,323.5,0.0370788253477588,311.5,0.035548686244204,True,,False,16.0,37.0,21.0,0.9984544049459042,0,,,,,0,False,,fewer_than_252_complete_historical_windows
17,2020-01-28,True,,SPY200226C00327000,SPY200226P00327000,2020-02-26,29.0,327.0,326.89,0.0321514882682247,311.5,0.0474165621462877,True,,False,17.0,37.0,20.0,1.0003365046345867,0,,,,,0,False,,fewer_than_252_complete_historical_windows
18,2020-01-29,True,,SPY200228C00327000,SPY200228P00327000,2020-02-28,30.0,327.0,326.62,0.0331424897434327,296.26,0.0941154858857388,True,,False,18.0,39.0,21.0,1.001163431510624,0,,,,,0,False,,fewer_than_252_complete_historical_windows
19,2020-01-30,True,,SPY200228C00327500,SPY200228P00327500,2020-02-28,29.0,327.5,327.68,0.0311889648437499,296.26,0.0953369140625,True,,False,19.0,39.0,20.0,0.99945068359375,0,,,,,0,False,,fewer_than_252_complete_historical_windows
20,2020-01-31,True,,SPY200302C00322000,SPY200302P00322000,2020-03-02,31.0,322.0,321.73,0.0376713393217915,309.09,0.0401268144095981,True,,False,20.0,40.0,20.0,1.0008392130046933,1,2020-01-02,2020-01-31,2020-01-02,2020-01-31,0,True,,fewer_than_252_complete_historical_windows
21,2020-02-03,True,,SPY200304C00324000,SPY200304P00324000,2020-03-04,30.0,324.0,324.12,0.0371158830062939,312.86,0.0343699864247809,True,,False,21.0,42.0,21.0,0.9996297667530544,1,2020-01-02,2020-02-03,2020-01-02,2020-02-03,0,True,,fewer_than_252_complete_historical_windows
22,2020-02-04,True,,SPY200304C00329000,SPY200304P00329000,2020-03-04,29.0,329.0,329.06,0.0317115419680301,312.86,0.049048805688932,True,,False,22.0,42.0,20.0,0.9998176624323831,3,2020-01-02,2020-01-31,2020-01-06,2020-02-04,0,True,,fewer_than_252_complete_historical_windows
23,2020-02-05,True,,SPY200306C00333000,SPY200306P00333000,2020-03-06,30.0,333.0,332.86,0.0298023192933966,297.46,0.1067716156942859,True,,False,23.0,44.0,21.0,1.0004205972480922,3,2020-01-02,2020-02-03,2020-01-06,2020-02-05,0,True,,fewer_than_252_complete_historical_windows
24,2020-02-06,True,,SPY200306C00334000,SPY200306P00334000,2020-03-06,29.0,334.0,333.98,0.0282202527097431,297.46,0.109407748967004,True,,False,24.0,44.0,20.0,1.0000598838253787,5,2020-01-02,2020-01-31,2020-01-08,2020-02-06,0,True,,fewer_than_252_complete_historical_windows
25,2020-02-07,True,,SPY200309C00332000,SPY200309P00332000,2020-03-09,31.0,332.0,332.2,0.0303130644190246,274.23,0.1739012642986152,True,,False,25.0,45.0,20.0,0.9993979530403372,6,2020-01-02,2020-01-31,2020-01-09,2020-02-07,0,True,,fewer_than_252_complete_historical_windows
26,2020-02-10,True,,SPY200311C00335000,SPY200311P00335000,2020-03-11,30.0,335.0,334.68,0.0285944783076371,274.36,0.1811880004780685,True,,False,26.0,47.0,21.0,1.000956137205689,6,2020-01-02,2020-02-03,2020-01-09,2020-02-10,0,True,,fewer_than_252_complete_historical_windows
27,2020-02-11,True,,SPY200311C00335000,SPY200311P00335000,2020-03-11,29.0,335.0,335.26,0.0284853546501222,274.36,0.1808745451291534,True,,False,27.0,47.0,20.0,0.9992244824912009,8,2020-01-02,2020-01-31,2020-01-13,2020-02-11,0,True,,fewer_than_252_complete_historical_windows
28,2020-02-12,True,,SPY200313C00337500,SPY200313P00337500,2020-03-13,30.0,337.5,337.42,0.0260802560606958,269.32,0.2020627111611641,True,,False,28.0,49.0,21.0,1.0002370932369153,8,2020-01-02,2020-02-03,2020-01-13,2020-02-12,0,True,,fewer_than_252_complete_historical_windows
29,2020-02-13,True,,SPY200313C00337000,SPY200313P00337000,2020-03-13,29.0,337.0,337.06,0.0267014774817539,269.32,0.20079511066279,True,,False,29.0,49.0,20.0,0.9998219901501216,10,2020-01-02,2020-01-31,2020-01-15,2020-02-13,0,True,,fewer_than_252_complete_historical_windows
30,2020-02-14,True,,SPY200316C00338000,SPY200316P00338000,2020-03-16,31.0,338.0,337.6,0.0255331753554502,239.85,0.290728672985782,True,,False,30.0,50.0,20.0,1.0011848341232228,11,2020-01-02,2020-01-31,2020-01-16,2020-02-14,0,True,,fewer_than_252_complete_historical_windows
31,2020-02-18,True,,SPY200318C00337000,SPY200318P00337000,2020-03-18,29.0,337.0,336.73,0.0267870400617705,240.0,0.2880646215068452,True,,False,31.0,52.0,21.0,1.0008018293588334,11,2020-01-02,2020-02-03,2020-01-16,2020-02-18,0,True,,fewer_than_252_complete_historical_windows
32,2020-02-19,True,,SPY200320C00338000,SPY200320P00338000,2020-03-20,30.0,338.0,338.34,0.0281225985694863,228.8,0.3227522610391913,True,,False,32.0,54.0,22.0,0.9989950936927352,11,2020-01-02,2020-02-04,2020-01-16,2020-02-19,0,True,,fewer_than_252_complete_historical_windows
33,2020-02-20,True,,SPY200320C00337000,SPY200320P00337000,2020-03-20,29.0,337.0,336.95,0.0293515358361774,228.8,0.3211158925656625,True,,False,33.0,54.0,21.0,1.0001483899688381,13,2020-01-02,2020-02-03,2020-01-21,2020-02-20,0,True,,fewer_than_252_complete_historical_windows
34,2020-02-21,True,,SPY200323C00333000,SPY200323P00333000,2020-03-23,31.0,333.0,333.48,0.0344698332733597,222.95,0.3300047978889289,True,,False,34.0,55.0,21.0,0.9985606333213386,14,2020-01-02,2020-02-03,2020-01-22,2020-02-21,0,True,,fewer_than_252_complete_historical_windows
35,2020-02-24,True,,SPY200325C00322000,SPY200325P00322000,2020-03-25,30.0,322.0,322.42,0.0496557285528192,246.79,0.2332671670491905,True,,False,35.0,57.0,22.0,0.9986973512809378,14,2020-01-02,2020-02-04,2020-01-22,2020-02-24,0,True,,fewer_than_252_complete_historical_windows
36,2020-02-25,True,,SPY200327C00312500,SPY200327P00312500,2020-03-27,31.0,312.5,312.65,0.057092595554134,253.42,0.1889652966576044,True,,False,36.0,59.0,23.0,0.9995202302894611,14,2020-01-02,2020-02-05,2020-01-22,2020-02-25,0,True,,fewer_than_252_complete_historical_windows
37,2020-02-26,True,,SPY200327C00311000,SPY200327P00311000,2020-03-27,30.0,311.0,311.5,0.0555858747993579,253.42,0.1848475120385233,True,,False,37.0,59.0,22.0,0.9983948635634029,16,2020-01-02,2020-02-04,2020-01-24,2020-02-26,0,True,,fewer_than_252_complete_historical_windows
38,2020-02-27,True,,SPY200327C00297500,SPY200327P00297500,2020-03-27,29.0,297.5,297.51,0.0780982151860441,253.42,0.1481630869550604,True,,False,38.0,59.0,21.0,0.9999663876844476,18,2020-01-02,2020-02-03,2020-01-28,2020-02-27,0,True,,fewer_than_252_complete_historical_windows
39,2020-02-28,True,,SPY200330C00296000,SPY200330P00296000,2020-03-30,31.0,296.0,296.26,0.0865118477013434,261.65,0.1159454533180315,True,,False,39.0,60.0,21.0,0.9991223924930804,19,2020-01-02,2020-02-03,2020-01-29,2020-02-28,0,True,,fewer_than_252_complete_historical_windows
40,2020-03-02,True,,SPY200401C00309000,SPY200401P00309000,2020-04-01,30.0,309.0,309.09,0.0606781196415283,246.15,0.2033388333495098,True,,False,40.0,62.0,22.0,0.999708822673008,19,2020-01-02,2020-02-04,2020-01-29,2020-03-02,0,True,,fewer_than_252_complete_historical_windows
41,2020-03-03,True,,SPY200401C00300000,SPY200401P00300000,2020-04-01,29.0,300.0,300.24,0.0734579003463895,246.15,0.1793565147881694,True,,False,41.0,62.0,21.0,0.9992006394884092,21,2020-01-02,2020-02-03,2020-01-31,2020-03-03,0,True,,fewer_than_252_complete_historical_windows
42,2020-03-04,True,,SPY200403C00313000,SPY200403P00313000,2020-04-03,30.0,313.0,312.86,0.0587962667007607,248.19,0.2071533593300517,True,,False,42.0,64.0,22.0,1.0004474844978584,21,2020-01-02,2020-02-04,2020-01-31,2020-03-04,0,True,,fewer_than_252_complete_historical_windows
43,2020-03-05,True,,SPY200403C00302500,SPY200403P00302500,2020-04-03,29.0,302.5,302.46,0.0772168220591152,248.19,0.1795609336771804,True,,False,43.0,64.0,21.0,1.0001322488924156,23,2020-01-02,2020-02-03,2020-02-04,2020-03-05,0,True,,fewer_than_252_complete_historical_windows
44,2020-03-06,True,,SPY200406C00297000,SPY200406P00297000,2020-04-06,31.0,297.0,297.46,0.0828514758286828,264.86,0.108048140926511,True,,False,44.0,65.0,21.0,0.9984535735897264,24,2020-01-02,2020-02-03,2020-02-05,2020-03-06,0,True,,fewer_than_252_complete_historical_windows
45,2020-03-09,True,,SPY200408C00274000,SPY200408P00274000,2020-04-08,30.0,274.0,274.23,0.1135907814608175,274.03,0.0001093972213104,True,,False,45.0,67.0,22.0,0.9991612879699522,24,2020-01-02,2020-02-04,2020-02-05,2020-03-09,0,True,,fewer_than_252_complete_historical_windows
46,2020-03-10,True,,SPY200409C00288000,SPY200409P00288000,2020-04-09,30.0,288.0,288.42,0.0960404964981624,278.2,0.0339782261979058,True,,False,46.0,68.0,22.0,0.998543790305804,25,2020-01-02,2020-02-04,2020-02-06,2020-03-10,0,True,,fewer_than_252_complete_historical_windows
47,2020-03-11,True,,SPY200409C00274000,SPY200409P00274000,2020-04-09,29.0,274.0,274.36,0.1126804198862808,278.2,0.0153083539874616,True,,False,47.0,68.0,21.0,0.9986878553725033,27,2020-01-02,2020-02-03,2020-02-10,2020-03-11,0,True,,fewer_than_252_complete_historical_windows
48,2020-03-12,True,,SPY200409C00248000,SPY200409P00248000,2020-04-09,28.0,248.0,248.11,0.1580347426544677,278.2,0.121720204747894,True,,False,48.0,68.0,20.0,0.999556648260852,29,2020-01-02,2020-01-31,2020-02-12,2020-03-12,0,True,,fewer_than_252_complete_historical_windows
49,2020-03-13,True,,SPY200413C00269000,SPY200413P00269000,2020-04-13,31.0,269.0,269.32,0.1202472894697757,275.66,0.0247289469775732,True,,False,49.0,69.0,20.0,0.9988118223674439,30,2020-01-02,2020-01-31,2020-02-13,2020-03-13,0,True,,fewer_than_252_complete_historical_windows
50,2020-03-16,True,,SPY200415C00240000,SPY200415P00240000,2020-04-15,30.0,240.0,239.85,0.1766729205753596,277.76,0.1574317281634354,True,,False,50.0,71.0,21.0,1.0006253908692933,30,2020-01-02,2020-02-03,2020-02-13,2020-03-16,0,True,,fewer_than_252_complete_historical_windows
51,2020-03-17,True,,SPY200415C00253000,SPY200415P00253000,2020-04-15,29.0,253.0,252.8,0.1512460443037974,277.76,0.0979430379746835,True,,False,51.0,71.0,20.0,1.0007911392405062,32,2020-01-02,2020-01-31,2020-02-18,2020-03-17,0,True,,fewer_than_252_complete_historical_windows
52,2020-03-18,True,,SPY200417C00240000,SPY200417P00240000,2020-04-17,30.0,240.0,240.0,0.1667291666666666,286.64,0.1943333333333332,True,,False,52.0,73.0,21.0,1.0,32,2020-01-02,2020-02-03,2020-02-18,2020-03-18,0,True,,fewer_than_252_complete_historical_windows
53,2020-03-19,True,,SPY200417C00241000,SPY200417P00241000,2020-04-17,29.0,241.0,240.51,0.1510124319155128,286.64,0.1897634194004406,True,,False,53.0,73.0,20.0,1.0020373373248515,34,2020-01-02,2020-01-31,2020-02-20,2020-03-19,0,True,,fewer_than_252_complete_historical_windows
54,2020-03-20,True,,SPY200420C00229000,SPY200420P00229000,2020-04-20,31.0,229.0,228.8,0.1370192307692307,281.59,0.2298513986013984,True,,False,54.0,74.0,20.0,1.0008741258741258,35,2020-01-02,2020-01-31,2020-02-21,2020-03-20,0,True,,fewer_than_252_complete_historical_windows
55,2020-03-23,True,,SPY200422C00223000,SPY200422P00223000,2020-04-22,30.0,223.0,222.95,0.1280331912984974,279.1,0.2516259250953129,True,,False,55.0,76.0,21.0,1.0002242655303881,35,2020-01-02,2020-02-03,2020-02-21,2020-03-23,0,True,,fewer_than_252_complete_historical_windows
56,2020-03-24,True,,SPY200422C00243000,SPY200422P00243000,2020-04-22,29.0,243.0,243.15,0.1223524573308657,279.1,0.1484680238535884,True,,False,56.0,76.0,20.0,0.9993830968537939,37,2020-01-02,2020-01-31,2020-02-25,2020-03-24,0,True,,fewer_than_252_complete_historical_windows
57,2020-03-25,True,,SPY200424C00247000,SPY200424P00247000,2020-04-24,30.0,247.0,246.79,0.131913772843308,282.97,0.1457514486000244,True,,False,57.0,78.0,21.0,1.000850925888407,37,2020-01-02,2020-02-03,2020-02-25,2020-03-25,0,True,,fewer_than_252_complete_historical_windows
58,2020-03-26,True,,SPY200424C00261000,SPY200424P00261000,2020-04-24,29.0,261.0,261.2,0.1210566615620214,282.97,0.0841117917304748,True,,False,58.0,78.0,20.0,0.9992343032159265,39,2020-01-02,2020-01-31,2020-02-27,2020-03-26,0,True,,fewer_than_252_complete_historical_windows
59,2020-03-27,True,,SPY200427C00252000,SPY200427P00252000,2020-04-27,31.0,252.0,253.42,0.1323099992107963,287.05,0.1383079472811933,True,,False,59.0,79.0,20.0,0.9943966537763397,40,2020-01-02,2020-01-31,2020-02-28,2020-03-27,0,True,,fewer_than_252_complete_historical_windows
60,2020-03-30,True,,SPY200429C00262000,SPY200429P00262000,2020-04-29,30.0,262.0,261.65,0.1117141219185935,293.21,0.1192814828969997,True,,False,60.0,81.0,21.0,1.0013376648194154,40,2020-01-02,2020-02-03,2020-02-28,2020-03-30,0,True,,fewer_than_252_complete_historical_windows
61,2020-03-31,True,,SPY200429C00258000,SPY200429P00258000,2020-04-29,29.0,258.0,257.75,0.1011833171677982,293.21,0.1366052376333655,True,,False,61.0,81.0,20.0,1.0009699321047527,42,2020-01-02,2020-01-31,2020-03-03,2020-03-31,0,True,,fewer_than_252_complete_historical_windows
62,2020-04-01,True,,SPY200501C00246000,SPY200501P00246000,2020-05-01,30.0,246.0,246.15,0.1199674994921795,282.79,0.1494617103392241,True,,False,62.0,83.0,21.0,0.9993906154783668,42,2020-01-02,2020-02-03,2020-03-03,2020-04-01,0,True,,fewer_than_252_complete_historical_windows
63,2020-04-02,True,,SPY200501C00252000,SPY200501P00252000,2020-05-01,29.0,252.0,251.83,0.1042171306039788,282.79,0.1222650200532105,True,,False,63.0,83.0,20.0,1.0006750585712583,44,2020-01-02,2020-01-31,2020-03-05,2020-04-02,0,True,,fewer_than_252_complete_historical_windows
64,2020-04-03,True,,SPY200504C00248000,SPY200504P00248000,2020-05-04,31.0,248.0,248.19,0.0984326524034006,283.57,0.1433176195656553,True,,False,64.0,84.0,20.0,0.999234457472098,45,2020-01-02,2020-01-31,2020-03-06,2020-04-03,0,True,,fewer_than_252_complete_historical_windows
65,2020-04-06,True,,SPY200506C00265000,SPY200506P00265000,2020-05-06,30.0,265.0,264.86,0.0879332477535301,284.25,0.0726799063656271,True,,False,65.0,86.0,21.0,1.0005285811372044,45,2020-01-02,2020-02-03,2020-03-06,2020-04-06,0,True,,fewer_than_252_complete_historical_windows
66,2020-04-07,True,,SPY200506C00265000,SPY200506P00265000,2020-05-06,29.0,265.0,265.13,0.0917474446497944,284.25,0.0726058914494776,True,,False,66.0,86.0,20.0,0.9995096744993023,47,2020-01-02,2020-01-31,2020-03-10,2020-04-07,0,True,,fewer_than_252_complete_historical_windows
67,2020-04-08,True,,SPY200508C00274000,SPY200508P00274000,2020-05-08,30.0,274.0,274.03,0.0869247892566507,292.44,0.0672919023464584,True,,False,67.0,88.0,21.0,0.9998905229354451,47,2020-01-02,2020-02-03,2020-03-10,2020-04-08,0,True,,fewer_than_252_complete_historical_windows
68,2020-04-09,True,,SPY200508C00278000,SPY200508P00278000,2020-05-08,29.0,278.0,278.2,0.0836987778576563,292.44,0.0519051042415528,True,,False,68.0,88.0,20.0,0.9992810927390368,49,2020-01-02,2020-01-31,2020-03-12,2020-04-09,0,True,,fewer_than_252_complete_historical_windows
69,2020-04-13,True,,SPY200513C00276000,SPY200513P00276000,2020-05-13,30.0,276.0,275.66,0.0844881375607632,281.6,0.0203148806500762,True,,False,69.0,91.0,22.0,1.0012334034680404,48,2020-01-02,2020-02-04,2020-03-11,2020-04-13,0,True,,fewer_than_252_complete_historical_windows
70,2020-04-14,True,,SPY200513C00284000,SPY200513P00284000,2020-05-13,29.0,284.0,283.79,0.074738362873956,281.6,0.0084569576094999,True,,False,70.0,91.0,21.0,1.000739983790831,50,2020-01-02,2020-02-03,2020-03-13,2020-04-14,0,True,,fewer_than_252_complete_historical_windows
71,2020-04-15,True,,SPY200515C00278000,SPY200515P00278000,2020-05-15,30.0,278.0,277.76,0.0828953052995391,286.28,0.0298099078341012,True,,False,71.0,93.0,22.0,1.0008640552995391,50,2020-01-02,2020-02-04,2020-03-13,2020-04-15,0,True,,fewer_than_252_complete_historical_windows
72,2020-04-16,True,,SPY200515C00279000,SPY200515P00279000,2020-05-15,29.0,279.0,279.1,0.0803296309566463,286.28,0.0260838409172338,True,,False,72.0,93.0,21.0,0.999641705481906,52,2020-01-02,2020-02-03,2020-03-17,2020-04-16,0,True,,fewer_than_252_complete_historical_windows
73,2020-04-17,True,,SPY200518C00287000,SPY200518P00287000,2020-05-18,31.0,287.0,286.64,0.0751465252581635,295.0,0.0279095729835333,True,,False,73.0,94.0,21.0,1.001255930784259,53,2020-01-02,2020-02-03,2020-03-18,2020-04-17,0,True,,fewer_than_252_complete_historical_windows
74,2020-04-20,True,,SPY200520C00282000,SPY200520P00282000,2020-05-20,30.0,282.0,281.59,0.0858695266167122,296.93,0.0530203487339749,True,,False,74.0,96.0,22.0,1.001456017614262,53,2020-01-02,2020-02-04,2020-03-18,2020-04-20,0,True,,fewer_than_252_complete_historical_windows
75,2020-04-21,True,,SPY200520C00273000,SPY200520P00273000,2020-05-20,29.0,273.0,273.04,0.092056108995019,296.93,0.087642836214474,True,,False,75.0,96.0,21.0,0.999853501318488,55,2020-01-02,2020-02-03,2020-03-20,2020-04-21,0,True,,fewer_than_252_complete_historical_windows
76,2020-04-22,True,,SPY200522C00279000,SPY200522P00279000,2020-05-22,30.0,279.0,279.1,0.0849874596918667,295.44,0.0589036187746327,True,,False,76.0,98.0,22.0,0.999641705481906,55,2020-01-02,2020-02-04,2020-03-20,2020-04-22,0,True,,fewer_than_252_complete_historical_windows
77,2020-04-23,True,,SPY200522C00279000,SPY200522P00279000,2020-05-22,29.0,279.0,279.08,0.0813745162677368,295.44,0.0589078400458649,True,,False,77.0,98.0,21.0,0.9997133438440591,57,2020-01-02,2020-02-03,2020-03-24,2020-04-23,0,True,,fewer_than_252_complete_historical_windows
78,2020-04-24,True,,SPY200522C00283000,SPY200522P00283000,2020-05-22,28.0,283.0,282.97,0.0687882107643919,295.44,0.0439622574831254,True,,False,78.0,98.0,20.0,1.0001060183058275,59,2020-01-02,2020-01-31,2020-03-26,2020-04-24,0,True,,fewer_than_252_complete_historical_windows
79,2020-04-27,True,,SPY200527C00287000,SPY200527P00287000,2020-05-27,30.0,287.0,287.05,0.0630203797247866,303.53,0.0575857864483538,True,,False,79.0,100.0,21.0,0.999825814318063,59,2020-01-02,2020-02-03,2020-03-26,2020-04-27,0,True,,fewer_than_252_complete_historical_windows
80,2020-04-28,True,,SPY200527C00286000,SPY200527P00286000,2020-05-27,29.0,286.0,285.73,0.0640814755188464,303.53,0.0613516256605885,True,,False,80.0,100.0,20.0,1.0009449480278585,61,2020-01-02,2020-01-31,2020-03-30,2020-04-28,0,True,,fewer_than_252_complete_historical_windows
81,2020-04-29,True,,SPY200529C00293000,SPY200529P00293000,2020-05-29,30.0,293.0,293.21,0.0594966065277446,304.32,0.0386071416390982,True,,False,81.0,102.0,21.0,0.9992837897752465,61,2020-01-02,2020-02-03,2020-03-30,2020-04-29,0,True,,fewer_than_252_complete_historical_windows
82,2020-04-30,True,,SPY200529C00290000,SPY200529P00290000,2020-05-29,29.0,290.0,290.48,0.0645999724593775,304.32,0.0492977141283392,True,,False,82.0,102.0,20.0,0.998347562654916,63,2020-01-02,2020-01-31,2020-04-01,2020-04-30,0,True,,fewer_than_252_complete_historical_windows
83,2020-05-01,True,,SPY200601C00283000,SPY200601P00283000,2020-06-01,31.0,283.0,282.79,0.0732522366420311,305.55,0.0797411506771809,True,,False,83.0,103.0,20.0,1.000742600516284,64,2020-01-02,2020-01-31,2020-04-02,2020-05-01,0,True,,fewer_than_252_complete_historical_windows
84,2020-05-04,True,,SPY200603C00284000,SPY200603P00284000,2020-06-03,30.0,284.0,283.57,0.0697887646789152,312.18,0.0993758154952921,True,,False,84.0,105.0,21.0,1.0015163804351659,64,2020-01-02,2020-02-03,2020-04-02,2020-05-04,0,True,,fewer_than_252_complete_historical_windows
85,2020-05-05,True,,SPY200603C00286000,SPY200603P00286000,2020-06-03,29.0,286.0,286.19,0.0647821377406618,312.18,0.0914776896467382,True,,False,85.0,105.0,20.0,0.9993361053845348,66,2020-01-02,2020-01-31,2020-04-06,2020-05-05,0,True,,fewer_than_252_complete_historical_windows
86,2020-05-06,True,,SPY200605C00284000,SPY200605P00284000,2020-06-05,30.0,284.0,284.25,0.0685664028144239,319.34,0.1243271767810025,True,,False,86.0,107.0,21.0,0.9991204925241864,66,2020-01-02,2020-02-03,2020-04-06,2020-05-06,0,True,,fewer_than_252_complete_historical_windows
87,2020-05-07,True,,SPY200605C00288000,SPY200605P00288000,2020-06-05,29.0,288.0,287.68,0.0617005005561735,319.34,0.1089404894327029,True,,False,87.0,107.0,20.0,1.0011123470522802,68,2020-01-02,2020-01-31,2020-04-08,2020-05-07,0,True,,fewer_than_252_complete_historical_windows
88,2020-05-08,True,,SPY200608C00292000,SPY200608P00292000,2020-06-08,31.0,292.0,292.44,0.0544043222541376,323.2,0.106688551497743,True,,False,88.0,108.0,20.0,0.9984954178634934,69,2020-01-02,2020-01-31,2020-04-09,2020-05-08,0,True,,fewer_than_252_complete_historical_windows
89,2020-05-11,True,,SPY200610C00292000,SPY200610P00292000,2020-06-10,30.0,292.0,292.5,0.0532136752136752,319.0,0.0923076923076923,True,,False,89.0,110.0,21.0,0.9982905982905983,69,2020-01-02,2020-02-03,2020-04-09,2020-05-11,0,True,,fewer_than_252_complete_historical_windows
90,2020-05-12,True,,SPY200610C00287000,SPY200610P00287000,2020-06-10,29.0,287.0,286.67,0.0622318345135521,319.0,0.1116266089929186,True,,False,90.0,110.0,20.0,1.0011511494052394,71,2020-01-02,2020-01-31,2020-04-14,2020-05-12,0,True,,fewer_than_252_complete_historical_windows
91,2020-05-13,True,,SPY200612C00282000,SPY200612P00282000,2020-06-12,30.0,282.0,281.6,0.070809659090909,304.21,0.0788707386363635,True,,False,91.0,112.0,21.0,1.0014204545454544,71,2020-01-02,2020-02-03,2020-04-14,2020-05-13,0,True,,fewer_than_252_complete_historical_windows
92,2020-05-14,True,,SPY200612C00285000,SPY200612P00285000,2020-06-12,29.0,285.0,284.97,0.0646910201073797,304.21,0.0674106046250481,True,,False,92.0,112.0,20.0,1.0001052742393934,73,2020-01-02,2020-01-31,2020-04-16,2020-05-14,0,True,,fewer_than_252_complete_historical_windows
93,2020-05-15,True,,SPY200615C00286000,SPY200615P00286000,2020-06-15,31.0,286.0,286.28,0.0622467514321643,307.05,0.0735294117647059,True,,False,93.0,113.0,20.0,0.9990219365656002,74,2020-01-02,2020-01-31,2020-04-17,2020-05-15,0,True,,fewer_than_252_complete_historical_windows
94,2020-05-18,True,,SPY200617C00295000,SPY200617P00295000,2020-06-17,30.0,295.0,295.0,0.0556949152542372,311.66,0.0564745762711865,True,,False,94.0,115.0,21.0,1.0,74,2020-01-02,2020-02-03,2020-04-17,2020-05-18,0,True,,fewer_than_252_complete_historical_windows
95,2020-05-19,True,,SPY200617C00292000,SPY200617P00292000,2020-06-17,29.0,292.0,291.97,0.0580196595540637,311.66,0.0673356851731343,True,,False,95.0,115.0,20.0,1.0001027502825632,76,2020-01-02,2020-01-31,2020-04-21,2020-05-19,0,True,,fewer_than_252_complete_historical_windows
96,2020-05-20,True,,SPY200619C00297000,SPY200619P00297000,2020-06-19,30.0,297.0,296.93,0.0559222712423803,308.64,0.0392011585222105,True,,False,96.0,117.0,21.0,1.000235745798673,76,2020-01-02,2020-02-03,2020-04-21,2020-05-20,0,True,,fewer_than_252_complete_historical_windows
97,2020-05-21,True,,SPY200619C00295000,SPY200619P00295000,2020-06-19,29.0,295.0,294.88,0.0575318773738469,308.64,0.0462561041779706,True,,False,97.0,117.0,20.0,1.0004069451980466,78,2020-01-02,2020-01-31,2020-04-23,2020-05-21,0,True,,fewer_than_252_complete_historical_windows
98,2020-05-22,True,,SPY200622C00295000,SPY200622P00295000,2020-06-22,31.0,295.0,295.44,0.0565427836447332,310.62,0.0528702951529921,True,,False,98.0,118.0,20.0,0.9985106959111834,79,2020-01-02,2020-01-31,2020-04-24,2020-05-22,0,True,,fewer_than_252_complete_historical_windows
99,2020-05-26,True,,SPY200624C00299000,SPY200624P00299000,2020-06-24,29.0,299.0,299.08,0.0530794436271231,304.09,0.0170188578306806,True,,False,99.0,120.0,21.0,0.9997325130399893,79,2020-01-02,2020-02-03,2020-04-24,2020-05-26,0,True,,fewer_than_252_complete_historical_windows
100,2020-05-27,True,,SPY200626C00304000,SPY200626P00304000,2020-06-26,30.0,304.0,303.53,0.0520212170131453,300.05,0.0130135406714327,True,,False,100.0,122.0,22.0,1.0015484466115376,79,2020-01-02,2020-02-04,2020-04-24,2020-05-27,0,True,,fewer_than_252_complete_historical_windows
101,2020-05-28,True,,SPY200626C00303000,SPY200626P00303000,2020-06-26,29.0,303.0,302.97,0.0536356734990263,300.05,0.0097369376505924,True,,False,101.0,122.0,21.0,1.000099019704921,81,2020-01-02,2020-02-03,2020-04-28,2020-05-28,0,True,,fewer_than_252_complete_historical_windows
102,2020-05-29,True,,SPY200629C00304000,SPY200629P00304000,2020-06-29,31.0,304.0,304.32,0.0524447949526813,304.46,0.001511566771819,True,,False,102.0,123.0,21.0,0.9989484752891693,82,2020-01-02,2020-02-03,2020-04-29,2020-05-29,0,True,,fewer_than_252_complete_historical_windows
103,2020-06-01,True,,SPY200701C00306000,SPY200701P00306000,2020-07-01,30.0,306.0,305.55,0.0525773195876288,310.52,0.0147929962362951,True,,False,103.0,125.0,22.0,1.0014727540500736,82,2020-01-02,2020-02-04,2020-04-29,2020-06-01,0,True,,fewer_than_252_complete_historical_windows
104,2020-06-02,True,,SPY200702C00308000,SPY200702P00308000,2020-07-02,30.0,308.0,308.08,0.0500843936639833,312.23,0.0137301999480654,True,,False,104.0,126.0,22.0,0.9997403271877435,83,2020-01-02,2020-02-04,2020-04-30,2020-06-02,0,True,,fewer_than_252_complete_historical_windows
105,2020-06-03,True,,SPY200702C00312000,SPY200702P00312000,2020-07-02,29.0,312.0,312.18,0.0476167595617912,312.23,0.000736754436543,True,,False,105.0,126.0,21.0,0.9994234095714011,85,2020-01-02,2020-02-03,2020-05-04,2020-06-03,0,True,,fewer_than_252_complete_historical_windows
106,2020-06-04,True,,SPY200702C00311000,SPY200702P00311000,2020-07-02,28.0,311.0,311.36,0.0474852261048304,312.23,0.0039504110996917,True,,False,106.0,126.0,20.0,0.9988437821171634,87,2020-01-02,2020-01-31,2020-05-06,2020-06-04,0,True,,fewer_than_252_complete_historical_windows
107,2020-06-05,True,,SPY200706C00319000,SPY200706P00319000,2020-07-06,31.0,319.0,319.34,0.0449990605624099,317.05,0.0061063443351912,True,,False,107.0,127.0,20.0,0.9989353040646334,88,2020-01-02,2020-01-31,2020-05-07,2020-06-05,0,True,,fewer_than_252_complete_historical_windows
108,2020-06-08,True,,SPY200708C00323000,SPY200708P00323000,2020-07-08,30.0,323.0,323.2,0.047184405940594,316.18,0.0211014851485148,True,,False,108.0,129.0,21.0,0.9993811881188119,88,2020-01-02,2020-02-03,2020-05-07,2020-06-08,0,True,,fewer_than_252_complete_historical_windows
109,2020-06-09,True,,SPY200708C00321000,SPY200708P00321000,2020-07-08,29.0,321.0,320.79,0.0504847407961594,316.18,0.0150254060288662,True,,False,109.0,129.0,20.0,1.000654633872627,90,2020-01-02,2020-01-31,2020-05-11,2020-06-09,0,True,,fewer_than_252_complete_historical_windows
110,2020-06-10,True,,SPY200710C00319000,SPY200710P00319000,2020-07-10,30.0,319.0,319.0,0.0520846394984325,317.59,0.0044200626959248,True,,False,110.0,131.0,21.0,1.0,90,2020-01-02,2020-02-03,2020-05-11,2020-06-10,0,True,,fewer_than_252_complete_historical_windows
111,2020-06-11,True,,SPY200710C00301000,SPY200710P00301000,2020-07-10,29.0,301.0,300.61,0.0765942583413725,317.59,0.055187784837497,True,,False,111.0,131.0,20.0,1.0012973620305379,92,2020-01-02,2020-01-31,2020-05-13,2020-06-11,0,True,,fewer_than_252_complete_historical_windows
112,2020-06-12,True,,SPY200713C00304000,SPY200713P00304000,2020-07-13,31.0,304.0,304.21,0.0679957923802636,314.84,0.0356332796423522,True,,False,112.0,132.0,20.0,0.9993096873870024,93,2020-01-02,2020-01-31,2020-05-14,2020-06-12,0,True,,fewer_than_252_complete_historical_windows
113,2020-06-15,True,,SPY200715C00307000,SPY200715P00307000,2020-07-15,30.0,307.0,307.05,0.0654942191825435,321.85,0.0483634587200782,True,,False,113.0,134.0,21.0,0.9998371600716496,93,2020-01-02,2020-02-03,2020-05-14,2020-06-15,0,True,,fewer_than_252_complete_historical_windows
114,2020-06-16,True,,SPY200715C00313000,SPY200715P00313000,2020-07-15,29.0,313.0,312.96,0.0627396472392638,321.85,0.0282783742331289,True,,False,114.0,134.0,20.0,1.0001278118609407,95,2020-01-02,2020-01-31,2020-05-18,2020-06-16,0,True,,fewer_than_252_complete_historical_windows
115,2020-06-17,True,,SPY200717C00312000,SPY200717P00312000,2020-07-17,30.0,312.0,311.66,0.0633382532246679,321.72,0.0311878328948213,True,,False,115.0,136.0,21.0,1.001090932426362,95,2020-01-02,2020-02-03,2020-05-18,2020-06-17,0,True,,fewer_than_252_complete_historical_windows
116,2020-06-18,True,,SPY200717C00312000,SPY200717P00312000,2020-07-17,29.0,312.0,311.78,0.060379113477452,321.72,0.0311758291102701,True,,False,116.0,136.0,20.0,1.0007056257617553,97,2020-01-02,2020-01-31,2020-05-20,2020-06-18,0,True,,fewer_than_252_complete_historical_windows
117,2020-06-19,True,,SPY200720C00309000,SPY200720P00309000,2020-07-20,31.0,309.0,308.64,0.0642658113011923,324.32,0.0496371176775531,True,,False,117.0,137.0,20.0,1.0011664074650077,98,2020-01-02,2020-01-31,2020-05-21,2020-06-19,0,True,,fewer_than_252_complete_historical_windows
118,2020-06-22,True,,SPY200722C00311000,SPY200722P00311000,2020-07-22,30.0,311.0,310.62,0.0593812375249501,326.86,0.0510591719786234,True,,False,118.0,139.0,21.0,1.0012233597321485,98,2020-01-02,2020-02-03,2020-05-21,2020-06-22,0,True,,fewer_than_252_complete_historical_windows
119,2020-06-23,False,no_same_strike_expiration_pair_27_33_dte,,,,,,312.05,,,,False,no_straddle_available,False,,,,,0,,,,,0,False,,no_straddle_available
120,2020-06-24,True,,SPY200724C00304000,SPY200724P00304000,2020-07-24,30.0,304.0,304.09,0.0667894373376303,320.88,0.0555098819428458,True,,False,120.0,141.0,21.0,0.9997040349896413,100,2020-01-02,2020-02-03,2020-05-26,2020-06-24,0,True,,fewer_than_252_complete_historical_windows
121,2020-06-25,True,,SPY200724C00307000,SPY200724P00307000,2020-07-24,29.0,307.0,307.35,0.0604847893281275,320.88,0.0451602407678542,True,,False,121.0,141.0,20.0,0.9988612331218479,102,2020-01-02,2020-01-31,2020-05-28,2020-06-25,0,True,,fewer_than_252_complete_historical_windows
122,2020-06-26,True,,SPY200727C00300000,SPY200727P00300000,2020-07-27,31.0,300.0,300.05,0.0674220963172804,323.22,0.0773871021496418,True,,False,122.0,142.0,20.0,0.9998333611064822,103,2020-01-02,2020-01-31,2020-05-29,2020-06-26,0,True,,fewer_than_252_complete_historical_windows
123,2020-06-29,True,,SPY200729C00304000,SPY200729P00304000,2020-07-29,30.0,304.0,304.46,0.0609111213295671,325.12,0.0693687183866517,True,,False,123.0,144.0,21.0,0.9984891282927151,103,2020-01-02,2020-02-03,2020-05-29,2020-06-29,0,True,,fewer_than_252_complete_historical_windows
124,2020-06-30,True,,SPY200729C00308000,SPY200729P00308000,2020-07-29,29.0,308.0,308.36,0.055292515241925,325.12,0.0555195226358801,True,,False,124.0,144.0,20.0,0.9988325334025165,105,2020-01-02,2020-01-31,2020-06-02,2020-06-30,0,True,,fewer_than_252_complete_historical_windows
125,2020-07-01,True,,SPY200731C00311000,SPY200731P00311000,2020-07-31,30.0,311.0,310.52,0.0532332861007342,326.52,0.0499806775731031,True,,False,125.0,146.0,21.0,1.0015457941517456,105,2020-01-02,2020-02-03,2020-06-02,2020-07-01,0,True,,fewer_than_252_complete_historical_windows
126,2020-07-02,True,,SPY200731C00312000,SPY200731P00312000,2020-07-31,29.0,312.0,312.23,0.0508279153188354,326.52,0.046504179611184,True,,False,126.0,146.0,20.0,0.9992633635461038,107,2020-01-02,2020-01-31,2020-06-04,2020-07-02,0,True,,fewer_than_252_complete_historical_windows
127,2020-07-06,True,,SPY200805C00317000,SPY200805P00317000,2020-08-05,30.0,317.0,317.05,0.0513956789149976,332.11,0.0476580980917836,True,,False,127.0,149.0,22.0,0.9998422961677969,106,2020-01-02,2020-02-04,2020-06-03,2020-07-06,0,True,,fewer_than_252_complete_historical_windows
128,2020-07-07,True,,SPY200805C00314000,SPY200805P00314000,2020-08-05,29.0,314.0,313.78,0.0541143476320989,332.11,0.057715596915036,True,,False,128.0,149.0,21.0,1.000701128178979,108,2020-01-02,2020-02-03,2020-06-05,2020-07-07,0,True,,fewer_than_252_complete_historical_windows
129,2020-07-08,True,,SPY200807C00316000,SPY200807P00316000,2020-08-07,30.0,316.0,316.18,0.0531817319248529,334.57,0.0587323676386868,True,,False,129.0,151.0,22.0,0.9994307040293503,108,2020-01-02,2020-02-04,2020-06-05,2020-07-08,0,True,,fewer_than_252_complete_historical_windows
130,2020-07-09,True,,SPY200807C00314000,SPY200807P00314000,2020-08-07,29.0,314.0,314.38,0.0553311279343469,334.57,0.0654303708887333,True,,False,130.0,151.0,21.0,0.9987912717093963,110,2020-01-02,2020-02-03,2020-06-09,2020-07-09,0,True,,fewer_than_252_complete_historical_windows
131,2020-07-10,True,,SPY200810C00318000,SPY200810P00318000,2020-08-10,31.0,318.0,317.59,0.051701879782109,335.57,0.0553229005951068,True,,False,131.0,152.0,21.0,1.0012909726376775,111,2020-01-02,2020-02-03,2020-06-10,2020-07-10,0,True,,fewer_than_252_complete_historical_windows
132,2020-07-13,True,,SPY200812C00315000,SPY200812P00315000,2020-08-12,30.0,315.0,314.84,0.060284588997586,337.44,0.0712742980561555,True,,False,132.0,154.0,22.0,1.0005081946385466,111,2020-01-02,2020-02-04,2020-06-10,2020-07-13,0,True,,fewer_than_252_complete_historical_windows
133,2020-07-14,True,,SPY200812C00319000,SPY200812P00319000,2020-08-12,29.0,319.0,318.92,0.0537752414398595,337.44,0.0578201429825661,True,,False,133.0,154.0,21.0,1.0002508466072997,113,2020-01-02,2020-02-03,2020-06-12,2020-07-14,0,True,,fewer_than_252_complete_historical_windows
134,2020-07-15,True,,SPY200814C00322000,SPY200814P00322000,2020-08-14,30.0,322.0,321.85,0.0523069752990523,336.84,0.0461084356066489,True,,False,134.0,156.0,22.0,1.0004660556159701,113,2020-01-02,2020-02-04,2020-06-12,2020-07-15,0,True,,fewer_than_252_complete_historical_windows
135,2020-07-16,True,,SPY200814C00321000,SPY200814P00321000,2020-08-14,29.0,321.0,320.79,0.0509679229402412,336.84,0.0493780978210043,True,,False,135.0,156.0,21.0,1.000654633872627,115,2020-01-02,2020-02-03,2020-06-16,2020-07-16,0,True,,fewer_than_252_complete_historical_windows
136,2020-07-17,True,,SPY200817C00322000,SPY200817P00322000,2020-08-17,31.0,322.0,321.72,0.0478055451945791,337.91,0.0494529404451076,True,,False,136.0,157.0,21.0,1.000870322019147,116,2020-01-02,2020-02-03,2020-06-17,2020-07-17,0,True,,fewer_than_252_complete_historical_windows
137,2020-07-20,True,,SPY200819C00324000,SPY200819P00324000,2020-08-19,30.0,324.0,324.32,0.0454797730636408,337.23,0.0407930439072521,True,,False,137.0,159.0,22.0,0.9990133201776024,116,2020-01-02,2020-02-04,2020-06-17,2020-07-20,0,True,,fewer_than_252_complete_historical_windows
138,2020-07-21,True,,SPY200819C00325000,SPY200819P00325000,2020-08-19,29.0,325.0,325.01,0.045552444540168,337.23,0.0376296113965724,True,,False,138.0,159.0,21.0,0.9999692317159472,118,2020-01-02,2020-02-03,2020-06-19,2020-07-21,0,True,,fewer_than_252_complete_historical_windows
139,2020-07-22,True,,SPY200821C00327000,SPY200821P00327000,2020-08-21,30.0,327.0,326.86,0.0446674417181668,339.48,0.0381814844275837,True,,False,139.0,161.0,22.0,1.0004283179342837,118,2020-01-02,2020-02-04,2020-06-19,2020-07-22,0,True,,fewer_than_252_complete_historical_windows
140,2020-07-23,True,,SPY200821C00323000,SPY200821P00323000,2020-08-21,29.0,323.0,322.96,0.0478542234332425,339.48,0.051027991082487,True,,False,140.0,161.0,21.0,1.0001238543472877,120,2020-01-02,2020-02-03,2020-06-23,2020-07-23,0,True,,fewer_than_252_complete_historical_windows
141,2020-07-24,True,,SPY200824C00321000,SPY200824P00321000,2020-08-24,31.0,321.0,320.88,0.0483046621790077,342.92,0.0683121416105709,True,,False,141.0,162.0,21.0,1.00037397157816,121,2020-01-02,2020-02-03,2020-06-24,2020-07-24,0,True,,fewer_than_252_complete_historical_windows
142,2020-07-27,True,,SPY200826C00323000,SPY200826P00323000,2020-08-26,30.0,323.0,323.22,0.0457118990161499,347.57,0.0760163356227956,True,,False,142.0,164.0,22.0,0.9993193490501825,121,2020-01-02,2020-02-04,2020-06-24,2020-07-27,0,True,,fewer_than_252_complete_historical_windows
143,2020-07-28,True,,SPY200826C00321000,SPY200826P00321000,2020-08-26,29.0,321.0,321.17,0.0468599184232649,347.57,0.0827287729239966,True,,False,143.0,164.0,21.0,0.9994706853068468,123,2020-01-02,2020-02-03,2020-06-26,2020-07-28,0,True,,fewer_than_252_complete_historical_windows
144,2020-07-29,True,,SPY200828C00325000,SPY200828P00325000,2020-08-28,30.0,325.0,325.12,0.0448449803149606,350.58,0.0786786417322834,True,,False,144.0,166.0,22.0,0.999630905511811,123,2020-01-02,2020-02-04,2020-06-26,2020-07-29,0,True,,fewer_than_252_complete_historical_windows
145,2020-07-30,True,,SPY200828C00324000,SPY200828P00324000,2020-08-28,29.0,324.0,323.96,0.0464409186319298,350.58,0.0820471663168291,True,,False,145.0,166.0,21.0,1.0001234720335845,125,2020-01-02,2020-02-03,2020-06-30,2020-07-30,0,True,,fewer_than_252_complete_historical_windows
146,2020-07-31,True,,SPY200831C00327000,SPY200831P00327000,2020-08-31,31.0,327.0,326.52,0.044423006247703,349.31,0.0683265956143574,True,,False,146.0,167.0,21.0,1.0014700477765528,126,2020-01-02,2020-02-03,2020-07-01,2020-07-31,0,True,,fewer_than_252_complete_historical_windows
147,2020-08-03,True,,SPY200902C00329000,SPY200902P00329000,2020-09-02,30.0,329.0,328.79,0.0445116943945983,357.7,0.0872897594209069,True,,False,147.0,169.0,22.0,1.0006387055567383,126,2020-01-02,2020-02-04,2020-07-01,2020-08-03,0,True,,fewer_than_252_complete_historical_windows
148,2020-08-04,True,,SPY200902C00330000,SPY200902P00330000,2020-09-02,29.0,330.0,330.06,0.042492274131976,357.7,0.0839241350057564,True,,False,148.0,169.0,21.0,0.9998182148700236,128,2020-01-02,2020-02-03,2020-07-06,2020-08-04,0,True,,fewer_than_252_complete_historical_windows
149,2020-08-05,True,,SPY200904C00332000,SPY200904P00332000,2020-09-04,30.0,332.0,332.11,0.0420041552497666,342.57,0.0318268043720453,True,,False,149.0,171.0,22.0,0.9996687844388907,128,2020-01-02,2020-02-04,2020-07-06,2020-08-05,0,True,,fewer_than_252_complete_historical_windows
150,2020-08-06,True,,SPY200904C00334000,SPY200904P00334000,2020-09-04,29.0,334.0,334.33,0.0398558310651153,342.57,0.0256333562647683,True,,False,150.0,171.0,21.0,0.9990129512756858,130,2020-01-02,2020-02-03,2020-07-08,2020-08-06,0,True,,fewer_than_252_complete_historical_windows
151,2020-08-07,True,,SPY200904C00335000,SPY200904P00335000,2020-09-04,28.0,335.0,334.57,0.0381683952536091,342.57,0.0226260573273156,True,,False,151.0,171.0,20.0,1.001285231790059,132,2020-01-02,2020-01-31,2020-07-10,2020-08-07,0,True,,fewer_than_252_complete_historical_windows
152,2020-08-10,True,,SPY200909C00336000,SPY200909P00336000,2020-09-09,30.0,336.0,335.57,0.0387400542360759,339.79,0.0112942158119021,True,,False,152.0,173.0,21.0,1.0012814017939626,132,2020-01-02,2020-02-03,2020-07-10,2020-08-10,0,True,,fewer_than_252_complete_historical_windows
153,2020-08-11,True,,SPY200909C00333000,SPY200909P00333000,2020-09-09,29.0,333.0,332.8,0.0428635817307692,339.79,0.0204026442307692,True,,False,153.0,173.0,20.0,1.0006009615384615,134,2020-01-02,2020-01-31,2020-07-14,2020-08-11,0,True,,fewer_than_252_complete_historical_windows
154,2020-08-12,True,,SPY200911C00337000,SPY200911P00337000,2020-09-11,30.0,337.0,337.44,0.0400515647226173,334.06,0.0087126600284494,True,,False,154.0,175.0,21.0,0.9986960644855382,134,2020-01-02,2020-02-03,2020-07-14,2020-08-12,0,True,,fewer_than_252_complete_historical_windows
155,2020-08-13,True,,SPY200911C00337000,SPY200911P00337000,2020-09-11,29.0,337.0,336.83,0.0393967283199239,334.06,0.0087284386782649,True,,False,155.0,175.0,20.0,1.0005047056378589,136,2020-01-02,2020-01-31,2020-07-16,2020-08-13,0,True,,fewer_than_252_complete_historical_windows
156,2020-08-14,True,,SPY200914C00337000,SPY200914P00337000,2020-09-14,31.0,337.0,336.84,0.0393658710366939,338.46,0.004334402090013,True,,False,156.0,176.0,20.0,1.0004750029687686,137,2020-01-02,2020-01-31,2020-07-17,2020-08-14,0,True,,fewer_than_252_complete_historical_windows
157,2020-08-17,True,,SPY200916C00338000,SPY200916P00338000,2020-09-16,30.0,338.0,337.91,0.0384125950696931,338.82,0.0024266816607972,True,,False,157.0,178.0,21.0,1.0002663431091119,137,2020-01-02,2020-02-03,2020-07-17,2020-08-17,0,True,,fewer_than_252_complete_historical_windows
158,2020-08-18,True,,SPY200916C00339000,SPY200916P00339000,2020-09-16,29.0,339.0,338.64,0.0373848334514528,338.82,0.0005315379163713,True,,False,158.0,178.0,20.0,1.0010630758327428,139,2020-01-02,2020-01-31,2020-07-21,2020-08-18,0,True,,fewer_than_252_complete_historical_windows
159,2020-08-19,True,,SPY200918C00337000,SPY200918P00337000,2020-09-18,30.0,337.0,337.23,0.0417074400260949,330.65,0.0188298787177891,True,,False,159.0,180.0,21.0,0.9993179728968359,139,2020-01-02,2020-02-03,2020-07-21,2020-08-19,0,True,,fewer_than_252_complete_historical_windows
160,2020-08-20,True,,SPY200918C00338000,SPY200918P00338000,2020-09-18,29.0,338.0,338.28,0.0399521106775452,330.65,0.0217275629655907,True,,False,160.0,180.0,20.0,0.9991722833155966,141,2020-01-02,2020-01-31,2020-07-23,2020-08-20,0,True,,fewer_than_252_complete_historical_windows
161,2020-08-21,True,,SPY200921C00339000,SPY200921P00339000,2020-09-21,31.0,339.0,339.48,0.039442677035466,326.97,0.035436550017674,True,,False,161.0,181.0,20.0,0.9985860728172499,142,2020-01-02,2020-01-31,2020-07-24,2020-08-21,0,True,,fewer_than_252_complete_historical_windows
162,2020-08-24,True,,SPY200923C00343000,SPY200923P00343000,2020-09-23,30.0,343.0,342.92,0.0381430071153621,322.64,0.0593724483844628,True,,False,162.0,183.0,21.0,1.0002332905633966,142,2020-01-02,2020-02-03,2020-07-24,2020-08-24,0,True,,fewer_than_252_complete_historical_windows
163,2020-08-25,True,,SPY200923C00344000,SPY200923P00344000,2020-09-23,29.0,344.0,344.12,0.0371672672323608,322.64,0.0620713704521678,True,,False,163.0,183.0,20.0,0.999651284435662,144,2020-01-02,2020-01-31,2020-07-28,2020-08-25,0,True,,fewer_than_252_complete_historical_windows
164,2020-08-26,True,,SPY200925C00348000,SPY200925P00348000,2020-09-25,30.0,348.0,347.57,0.0402221135310872,328.73,0.0554420692234657,True,,False,164.0,185.0,21.0,1.001237160859683,144,2020-01-02,2020-02-03,2020-07-28,2020-08-26,0,True,,fewer_than_252_complete_historical_windows
165,2020-08-27,True,,SPY200925C00348000,SPY200925P00348000,2020-09-25,29.0,348.0,348.33,0.0417420262394855,328.73,0.0553211035512301,True,,False,165.0,185.0,20.0,0.9990526225131341,146,2020-01-02,2020-01-31,2020-07-30,2020-08-27,0,True,,fewer_than_252_complete_historical_windows
166,2020-08-28,True,,SPY200928C00350000,SPY200928P00350000,2020-09-28,31.0,350.0,350.58,0.0396057961093045,334.19,0.0450966969022762,True,,False,166.0,186.0,20.0,0.9983455987221177,147,2020-01-02,2020-01-31,2020-07-31,2020-08-28,0,True,,fewer_than_252_complete_historical_windows
167,2020-08-31,True,,SPY200930C00349000,SPY200930P00349000,2020-09-30,30.0,349.0,349.31,0.0447596690618648,334.89,0.040393919441184,True,,False,167.0,188.0,21.0,0.9991125361426813,147,2020-01-02,2020-02-03,2020-07-31,2020-08-31,0,True,,fewer_than_252_complete_historical_windows
168,2020-09-01,True,,SPY200930C00353000,SPY200930P00353000,2020-09-30,29.0,353.0,352.6,0.0428956324446965,334.89,0.0513613159387408,True,,False,168.0,188.0,20.0,1.0011344299489506,149,2020-01-02,2020-01-31,2020-08-04,2020-09-01,0,True,,fewer_than_252_complete_historical_windows
169,2020-09-02,True,,SPY201002C00358000,SPY201002P00358000,2020-10-02,30.0,358.0,357.7,0.0459742801230081,333.84,0.0675426334917529,True,,False,169.0,190.0,21.0,1.0008386916410401,149,2020-01-02,2020-02-03,2020-08-04,2020-09-02,0,True,,fewer_than_252_complete_historical_windows
170,2020-09-03,True,,SPY201002C00345000,SPY201002P00345000,2020-10-02,29.0,345.0,345.39,0.0569501143634731,333.84,0.0323113002692609,True,,False,170.0,190.0,20.0,0.998870841657257,151,2020-01-02,2020-01-31,2020-08-06,2020-09-03,0,True,,fewer_than_252_complete_historical_windows
171,2020-09-04,True,,SPY201005C00343000,SPY201005P00343000,2020-10-05,31.0,343.0,342.57,0.0539451790874857,339.76,0.0094579210088449,True,,False,171.0,191.0,20.0,1.0012552179116676,152,2020-01-02,2020-01-31,2020-08-07,2020-09-04,0,True,,fewer_than_252_complete_historical_windows
172,2020-09-08,True,,SPY201009C00333000,SPY201009P00333000,2020-10-09,31.0,333.0,333.21,0.0597070916239008,346.85,0.0415653791903004,True,,False,172.0,195.0,23.0,0.9993697668137211,150,2020-01-02,2020-02-05,2020-08-05,2020-09-08,0,True,,fewer_than_252_complete_historical_windows
173,2020-09-09,True,,SPY201009C00340000,SPY201009P00340000,2020-10-09,30.0,340.0,339.79,0.0537096441920009,346.85,0.0201595102857648,True,,False,173.0,195.0,22.0,1.0006180287824833,152,2020-01-02,2020-02-04,2020-08-07,2020-09-09,0,True,,fewer_than_252_complete_historical_windows
174,2020-09-10,True,,SPY201009C00334000,SPY201009P00334000,2020-10-09,29.0,334.0,333.89,0.0553475695588367,346.85,0.0384857288328492,True,,False,174.0,195.0,21.0,1.0003294498188027,154,2020-01-02,2020-02-03,2020-08-11,2020-09-10,0,True,,fewer_than_252_complete_historical_windows
175,2020-09-11,True,,SPY201012C00334000,SPY201012P00334000,2020-10-12,31.0,334.0,334.06,0.0518320062264263,352.43,0.0551697299886248,True,,False,175.0,196.0,21.0,0.9998203915464288,155,2020-01-02,2020-02-03,2020-08-12,2020-09-11,0,True,,fewer_than_252_complete_historical_windows
176,2020-09-14,True,,SPY201014C00338000,SPY201014P00338000,2020-10-14,30.0,338.0,338.46,0.0487502215919163,347.93,0.0293387697216805,True,,False,176.0,198.0,22.0,0.9986409029131951,155,2020-01-02,2020-02-04,2020-08-12,2020-09-14,0,True,,fewer_than_252_complete_historical_windows
177,2020-09-15,True,,SPY201014C00340000,SPY201014P00340000,2020-10-14,29.0,340.0,340.17,0.0469324161448687,347.93,0.0233118734750272,True,,False,177.0,198.0,21.0,0.9995002498750625,157,2020-01-02,2020-02-03,2020-08-14,2020-09-15,0,True,,fewer_than_252_complete_historical_windows
178,2020-09-16,True,,SPY201016C00339000,SPY201016P00339000,2020-10-16,30.0,339.0,338.82,0.0485360958621096,347.29,0.0244672687562718,True,,False,178.0,200.0,22.0,1.0005312555339119,157,2020-01-02,2020-02-04,2020-08-14,2020-09-16,0,True,,fewer_than_252_complete_historical_windows
179,2020-09-17,True,,SPY201016C00336000,SPY201016P00336000,2020-10-16,29.0,336.0,335.84,0.0487136731777036,347.29,0.0336171986660315,True,,False,179.0,200.0,21.0,1.0004764173415912,159,2020-01-02,2020-02-03,2020-08-18,2020-09-17,0,True,,fewer_than_252_complete_historical_windows
180,2020-09-18,True,,SPY201019C00331000,SPY201019P00331000,2020-10-19,31.0,331.0,330.65,0.0502041433539997,342.01,0.0332980492968395,True,,False,180.0,201.0,21.0,1.0010585210948133,160,2020-01-02,2020-02-03,2020-08-19,2020-09-18,0,True,,fewer_than_252_complete_historical_windows
181,2020-09-21,True,,SPY201021C00325000,SPY201021P00325000,2020-10-21,30.0,325.0,326.97,0.05549438786433,342.73,0.0542251582714011,True,,False,181.0,203.0,22.0,0.9939749824142887,160,2020-01-02,2020-02-04,2020-08-19,2020-09-21,0,True,,fewer_than_252_complete_historical_windows
182,2020-09-22,True,,SPY201021C00330000,SPY201021P00330000,2020-10-21,29.0,330.0,330.3,0.0510445049954586,342.73,0.0385407205570693,True,,False,182.0,203.0,21.0,0.9990917347865577,162,2020-01-02,2020-02-03,2020-08-21,2020-09-22,0,True,,fewer_than_252_complete_historical_windows
183,2020-09-23,True,,SPY201023C00323000,SPY201023P00323000,2020-10-23,30.0,323.0,322.64,0.0575719067691544,345.78,0.0706050086784031,True,,False,183.0,205.0,22.0,1.0011157946937763,162,2020-01-02,2020-02-04,2020-08-21,2020-09-23,0,True,,fewer_than_252_complete_historical_windows
184,2020-09-24,True,,SPY201023C00323000,SPY201023P00323000,2020-10-23,29.0,323.0,323.5,0.0559969088098918,345.78,0.0704173106646057,True,,False,184.0,205.0,21.0,0.9984544049459042,164,2020-01-02,2020-02-03,2020-08-25,2020-09-24,0,True,,fewer_than_252_complete_historical_windows
185,2020-09-25,True,,SPY201026C00329000,SPY201026P00329000,2020-10-26,31.0,329.0,328.73,0.0515012320141149,339.39,0.0316064855656617,True,,False,185.0,206.0,21.0,1.0008213427432846,165,2020-01-02,2020-02-03,2020-08-26,2020-09-25,0,True,,fewer_than_252_complete_historical_windows
186,2020-09-28,True,,SPY201028C00334000,SPY201028P00334000,2020-10-28,30.0,334.0,334.19,0.051572458780933,326.66,0.0219635536670755,True,,False,186.0,208.0,22.0,0.9994314611448577,165,2020-01-02,2020-02-04,2020-08-26,2020-09-28,0,True,,fewer_than_252_complete_historical_windows
187,2020-09-29,True,,SPY201028C00332000,SPY201028P00332000,2020-10-28,29.0,332.0,332.37,0.0526070343292114,326.66,0.0160664319884465,True,,False,187.0,208.0,21.0,0.9988867828022986,167,2020-01-02,2020-02-03,2020-08-28,2020-09-29,0,True,,fewer_than_252_complete_historical_windows
188,2020-09-30,True,,SPY201030C00335000,SPY201030P00335000,2020-10-30,30.0,335.0,334.89,0.0522410343694944,326.54,0.0252620263370061,True,,False,188.0,210.0,22.0,1.0003284660634835,167,2020-01-02,2020-02-04,2020-08-28,2020-09-30,0,True,,fewer_than_252_complete_historical_windows
189,2020-10-01,True,,SPY201030C00337000,SPY201030P00337000,2020-10-30,29.0,337.0,337.04,0.052115475907904,326.54,0.0310348920009493,True,,False,189.0,210.0,21.0,0.9998813197246617,169,2020-01-02,2020-02-03,2020-09-01,2020-10-01,0,True,,fewer_than_252_complete_historical_windows
190,2020-10-02,True,,SPY201102C00334000,SPY201102P00334000,2020-11-02,31.0,334.0,333.84,0.0544122933141624,330.2,0.0113826982985861,True,,False,190.0,211.0,21.0,1.000479271507309,170,2020-01-02,2020-02-03,2020-09-02,2020-10-02,0,True,,fewer_than_252_complete_historical_windows
191,2020-10-05,True,,SPY201104C00340000,SPY201104P00340000,2020-11-04,30.0,340.0,339.76,0.0569078172827878,343.54,0.0104191193783848,True,,False,191.0,213.0,22.0,1.0007063809748058,170,2020-01-02,2020-02-04,2020-09-02,2020-10-05,0,True,,fewer_than_252_complete_historical_windows
192,2020-10-06,True,,SPY201104C00335000,SPY201104P00335000,2020-11-04,29.0,335.0,334.93,0.0587884035470098,343.54,0.0254978652255695,True,,False,192.0,213.0,21.0,1.0002089988952916,172,2020-01-02,2020-02-03,2020-09-04,2020-10-06,0,True,,fewer_than_252_complete_historical_windows
193,2020-10-07,True,,SPY201106C00341000,SPY201106P00341000,2020-11-06,30.0,341.0,340.76,0.0575918535039323,350.16,0.0268810893297336,True,,False,193.0,215.0,22.0,1.000704308017373,172,2020-01-02,2020-02-04,2020-09-04,2020-10-07,0,True,,fewer_than_252_complete_historical_windows
194,2020-10-08,True,,SPY201106C00344000,SPY201106P00344000,2020-11-06,29.0,344.0,343.78,0.0525190528826575,350.16,0.0179184362092036,True,,False,194.0,215.0,21.0,1.0006399441503289,174,2020-01-02,2020-02-03,2020-09-09,2020-10-08,0,True,,fewer_than_252_complete_historical_windows
195,2020-10-09,True,,SPY201109C00347000,SPY201109P00347000,2020-11-09,31.0,347.0,346.85,0.0495747441257027,354.56,0.0217961654894046,True,,False,195.0,216.0,21.0,1.0004324636009803,175,2020-01-02,2020-02-03,2020-09-10,2020-10-09,0,True,,fewer_than_252_complete_historical_windows
196,2020-10-12,True,,SPY201111C00352000,SPY201111P00352000,2020-11-11,30.0,352.0,352.43,0.0491728853956814,356.67,0.0132508583264762,True,,False,196.0,218.0,22.0,0.9987798995545214,175,2020-01-02,2020-02-04,2020-09-10,2020-10-12,0,True,,fewer_than_252_complete_historical_windows
197,2020-10-13,True,,SPY201111C00350000,SPY201111P00350000,2020-11-11,29.0,350.0,350.13,0.0507240167937623,356.67,0.0190500671179276,True,,False,197.0,218.0,21.0,0.9996287093365321,177,2020-01-02,2020-02-03,2020-09-14,2020-10-13,0,True,,fewer_than_252_complete_historical_windows
198,2020-10-14,True,,SPY201113C00348000,SPY201113P00348000,2020-11-13,30.0,348.0,347.93,0.0526973816572299,358.1,0.0290288276377432,True,,False,198.0,220.0,22.0,1.000201189894519,177,2020-01-02,2020-02-04,2020-09-14,2020-10-14,0,True,,fewer_than_252_complete_historical_windows
199,2020-10-15,True,,SPY201113C00347500,SPY201113P00347500,2020-11-13,29.0,347.5,347.5,0.052820143884892,358.1,0.0305035971223022,True,,False,199.0,220.0,21.0,1.0,179,2020-01-02,2020-02-03,2020-09-16,2020-10-15,0,True,,fewer_than_252_complete_historical_windows
200,2020-10-16,True,,SPY201116C00348000,SPY201116P00348000,2020-11-16,31.0,348.0,347.29,0.0537879006018025,362.57,0.0419534106942324,True,,False,200.0,221.0,21.0,1.002044400932938,180,2020-01-02,2020-02-03,2020-09-17,2020-10-16,0,True,,fewer_than_252_complete_historical_windows
201,2020-10-19,True,,SPY201118C00340000,SPY201118P00340000,2020-11-18,30.0,340.0,342.01,0.0603491125990468,356.28,0.0476009473407209,True,,False,201.0,223.0,22.0,0.9941229788602672,180,2020-01-02,2020-02-04,2020-09-17,2020-10-19,0,True,,fewer_than_252_complete_historical_windows
202,2020-10-20,True,,SPY201118C00343000,SPY201118P00343000,2020-11-18,29.0,343.0,343.38,0.0583318772205719,356.28,0.0386743549420466,True,,False,202.0,223.0,21.0,0.9988933543013571,182,2020-01-02,2020-02-03,2020-09-21,2020-10-20,0,True,,fewer_than_252_complete_historical_windows
203,2020-10-21,True,,SPY201120C00342500,SPY201120P00342500,2020-11-20,30.0,342.5,342.73,0.0589239342923,355.33,0.0374347153736176,True,,False,203.0,225.0,22.0,0.99932891780702,182,2020-01-02,2020-02-04,2020-09-21,2020-10-21,0,True,,fewer_than_252_complete_historical_windows
204,2020-10-22,True,,SPY201120C00345000,SPY201120P00345000,2020-11-20,29.0,345.0,344.61,0.0555990830213864,355.33,0.0299759148022401,True,,False,204.0,225.0,21.0,1.0011317141116043,184,2020-01-02,2020-02-03,2020-09-23,2020-10-22,0,True,,fewer_than_252_complete_historical_windows
205,2020-10-23,True,,SPY201123C00346000,SPY201123P00346000,2020-11-23,31.0,346.0,345.78,0.055237434206721,357.46,0.0331424605240325,True,,False,205.0,226.0,21.0,1.0006362426976692,185,2020-01-02,2020-02-03,2020-09-24,2020-10-23,0,True,,fewer_than_252_complete_historical_windows
206,2020-10-26,True,,SPY201125C00340000,SPY201125P00340000,2020-11-25,30.0,340.0,339.39,0.065485135095318,362.66,0.0667668464008958,True,,False,206.0,228.0,22.0,1.0017973422905802,185,2020-01-02,2020-02-04,2020-09-24,2020-10-26,0,True,,fewer_than_252_complete_historical_windows
207,2020-10-27,True,,SPY201127C00338000,SPY201127P00338000,2020-11-27,31.0,338.0,338.22,0.0668204127490982,363.67,0.0758973449234226,True,,False,207.0,229.0,22.0,0.9993495358050972,186,2020-01-02,2020-02-04,2020-09-25,2020-10-27,0,True,,fewer_than_252_complete_historical_windows
208,2020-10-28,True,,SPY201127C00327000,SPY201127P00327000,2020-11-27,30.0,327.0,326.66,0.0812618624869895,363.67,0.1122573930080206,True,,False,208.0,229.0,21.0,1.0010408375681135,188,2020-01-02,2020-02-03,2020-09-29,2020-10-28,0,True,,fewer_than_252_complete_historical_windows
209,2020-10-29,True,,SPY201127C00330000,SPY201127P00330000,2020-11-27,29.0,330.0,329.98,0.0728225953088066,363.67,0.1020364870598218,True,,False,209.0,229.0,20.0,1.0000606097339233,190,2020-01-02,2020-01-31,2020-10-01,2020-10-29,0,True,,fewer_than_252_complete_historical_windows
210,2020-10-30,True,,SPY201130C00327000,SPY201130P00327000,2020-11-30,31.0,327.0,326.54,0.0760703129785018,362.06,0.1073681631653089,True,,False,210.0,230.0,20.0,1.0014087094996018,191,2020-01-02,2020-01-31,2020-10-02,2020-10-30,0,True,,fewer_than_252_complete_historical_windows
211,2020-11-02,True,,SPY201202C00330000,SPY201202P00330000,2020-12-02,30.0,330.0,330.2,0.0720472440944881,366.79,0.1114173228346457,True,,False,211.0,232.0,21.0,0.9993943064809206,191,2020-01-02,2020-02-03,2020-10-02,2020-11-02,0,True,,fewer_than_252_complete_historical_windows
212,2020-11-03,True,,SPY201202C00336000,SPY201202P00336000,2020-12-02,29.0,336.0,336.03,0.0659762521203464,366.79,0.0916287236258668,True,,False,212.0,232.0,20.0,0.9999107222569414,193,2020-01-02,2020-01-31,2020-10-06,2020-11-03,0,True,,fewer_than_252_complete_historical_windows
213,2020-11-04,True,,SPY201204C00344000,SPY201204P00344000,2020-12-04,30.0,344.0,343.54,0.0567473947720789,369.85,0.075245968446178,True,,False,213.0,234.0,21.0,1.0013389998253477,193,2020-01-02,2020-02-03,2020-10-06,2020-11-04,0,True,,fewer_than_252_complete_historical_windows
214,2020-11-05,True,,SPY201204C00350000,SPY201204P00350000,2020-12-04,29.0,350.0,350.24,0.0525782320694381,369.85,0.0566754225673824,True,,False,214.0,234.0,20.0,0.9993147555961626,195,2020-01-02,2020-01-31,2020-10-08,2020-11-05,0,True,,fewer_than_252_complete_historical_windows
215,2020-11-06,True,,SPY201207C00350000,SPY201207P00350000,2020-12-07,31.0,350.0,350.16,0.0485492346355951,369.09,0.0545179346584417,True,,False,215.0,235.0,20.0,0.9995430660269591,196,2020-01-02,2020-01-31,2020-10-09,2020-11-06,0,True,,fewer_than_252_complete_historical_windows
216,2020-11-09,True,,SPY201209C00355000,SPY201209P00355000,2020-12-09,30.0,355.0,354.56,0.0483275045126353,366.85,0.0334217057761733,True,,False,216.0,237.0,21.0,1.001240974729242,196,2020-01-02,2020-02-03,2020-10-09,2020-11-09,0,True,,fewer_than_252_complete_historical_windows
217,2020-11-10,True,,SPY201209C00354000,SPY201209P00354000,2020-12-09,29.0,354.0,354.04,0.0456445599367303,366.85,0.0362953338605807,True,,False,217.0,237.0,20.0,0.9998870184159981,198,2020-01-02,2020-01-31,2020-10-13,2020-11-10,0,True,,fewer_than_252_complete_historical_windows
218,2020-11-11,True,,SPY201211C00357000,SPY201211P00357000,2020-12-11,30.0,357.0,356.67,0.0438220203549499,366.3,0.0260745226680124,True,,False,218.0,239.0,21.0,1.0009252249978973,198,2020-01-02,2020-02-03,2020-10-13,2020-11-11,0,True,,fewer_than_252_complete_historical_windows
219,2020-11-12,True,,SPY201211C00353000,SPY201211P00353000,2020-12-11,29.0,353.0,353.21,0.0468276662608646,366.3,0.0376546530392684,True,,False,219.0,239.0,20.0,0.9994054528467484,200,2020-01-02,2020-01-31,2020-10-15,2020-11-12,0,True,,fewer_than_252_complete_historical_windows
220,2020-11-13,True,,SPY201214C00358000,SPY201214P00358000,2020-12-14,31.0,358.0,358.1,0.0431304104998603,364.66,0.0185981569394024,True,,False,220.0,240.0,20.0,0.9997207483943032,201,2020-01-02,2020-01-31,2020-10-16,2020-11-13,0,True,,fewer_than_252_complete_historical_windows
221,2020-11-16,True,,SPY201216C00363000,SPY201216P00363000,2020-12-16,30.0,363.0,362.57,0.0414126927214055,370.17,0.0197754916292026,True,,False,221.0,242.0,21.0,1.0011859778801335,201,2020-01-02,2020-02-03,2020-10-16,2020-11-16,0,True,,fewer_than_252_complete_historical_windows
222,2020-11-17,True,,SPY201216C00361000,SPY201216P00361000,2020-12-16,29.0,361.0,360.62,0.0414702456879818,370.17,0.0254284288170373,True,,False,222.0,242.0,20.0,1.0010537407797682,203,2020-01-02,2020-01-31,2020-10-20,2020-11-17,0,True,,fewer_than_252_complete_historical_windows
223,2020-11-18,True,,SPY201218C00356000,SPY201218P00356000,2020-12-18,30.0,356.0,356.28,0.0460031435949253,369.18,0.0369933759964073,True,,False,223.0,244.0,21.0,0.9992141012686652,203,2020-01-02,2020-02-03,2020-10-20,2020-11-18,0,True,,fewer_than_252_complete_historical_windows
224,2020-11-19,True,,SPY201218C00358000,SPY201218P00358000,2020-12-18,29.0,358.0,357.78,0.0432248868019453,369.18,0.0312482531164402,True,,False,224.0,244.0,20.0,1.000614903013025,205,2020-01-02,2020-01-31,2020-10-22,2020-11-19,0,True,,fewer_than_252_complete_historical_windows
225,2020-11-20,True,,SPY201221C00355000,SPY201221P00355000,2020-12-21,31.0,355.0,355.33,0.0453944220865111,367.86,0.0361917091154701,True,,False,225.0,245.0,20.0,0.9990712858469593,206,2020-01-02,2020-01-31,2020-10-23,2020-11-20,0,True,,fewer_than_252_complete_historical_windows
226,2020-11-23,True,,SPY201223C00357000,SPY201223P00357000,2020-12-23,30.0,357.0,357.46,0.0426481284619258,367.57,0.0295697420690426,True,,False,226.0,247.0,21.0,0.9987131427292565,206,2020-01-02,2020-02-03,2020-10-23,2020-11-23,0,True,,fewer_than_252_complete_historical_windows
227,2020-11-24,True,,SPY201224C00363000,SPY201224P00363000,2020-12-24,30.0,363.0,363.22,0.0403474478277627,369.0,0.0165189141567094,True,,False,227.0,248.0,21.0,0.9993943064809205,207,2020-01-02,2020-02-03,2020-10-26,2020-11-24,0,True,,fewer_than_252_complete_historical_windows
228,2020-11-25,True,,SPY201224C00363000,SPY201224P00363000,2020-12-24,29.0,363.0,362.66,0.0385898637842607,369.0,0.016544421772459,True,,False,228.0,248.0,20.0,1.0009375172337727,209,2020-01-02,2020-01-31,2020-10-28,2020-11-25,0,True,,fewer_than_252_complete_historical_windows
229,2020-11-27,True,,SPY201228C00364000,SPY201228P00364000,2020-12-28,31.0,364.0,363.67,0.038688921274782,372.17,0.0224654219484698,True,,False,229.0,249.0,20.0,1.0009074160640141,210,2020-01-02,2020-01-31,2020-10-29,2020-11-27,0,True,,fewer_than_252_complete_historical_windows
230,2020-11-30,True,,SPY201230C00362000,SPY201230P00362000,2020-12-30,30.0,362.0,362.06,0.0389300116002872,371.99,0.0275921118046732,True,,False,230.0,251.0,21.0,0.9998342816107827,210,2020-01-02,2020-02-03,2020-10-29,2020-11-30,0,True,,fewer_than_252_complete_historical_windows
231,2020-12-01,True,,SPY201231C00366000,SPY201231P00366000,2020-12-31,30.0,366.0,366.02,0.0392055078957434,373.88,0.0215288782033768,True,,False,231.0,252.0,21.0,0.9999453581771488,211,2020-01-02,2020-02-03,2020-10-30,2020-12-01,0,True,,fewer_than_252_complete_historical_windows
232,2020-12-02,True,,SPY201231C00367000,SPY201231P00367000,2020-12-31,29.0,367.0,366.79,0.0380326617410507,373.88,0.0187573270808909,True,,False,232.0,252.0,20.0,1.000572534692876,213,2020-01-02,2020-01-31,2020-11-03,2020-12-02,0,True,,fewer_than_252_complete_historical_windows
233,2020-12-03,True,,SPY201231C00367000,SPY201231P00367000,2020-12-31,28.0,367.0,366.69,0.0370885489105238,373.88,0.0187624423900297,True,,False,233.0,252.0,19.0,1.0008454007472252,215,2020-01-02,2020-01-30,2020-11-05,2020-12-03,0,True,,fewer_than_252_complete_historical_windows
234,2020-12-04,True,,SPY210104C00370000,SPY210104P00370000,2021-01-04,31.0,370.0,369.85,0.0366229552521292,368.79,0.0032715965932134,True,,False,234.0,253.0,19.0,1.000405569825605,216,2020-01-02,2020-01-30,2020-11-06,2020-12-04,0,True,,fewer_than_252_complete_historical_windows
235,2020-12-07,True,,SPY210106C00369000,SPY210106P00369000,2021-01-06,30.0,369.0,369.09,0.0394077325313609,373.55,0.0123276165704841,True,,False,235.0,255.0,20.0,0.9997561570348696,216,2020-01-02,2020-01-31,2020-11-06,2020-12-07,0,True,,fewer_than_252_complete_historical_windows
236,2020-12-08,True,,SPY210106C00370000,SPY210106P00370000,2021-01-06,29.0,370.0,370.17,0.0370505443444903,373.55,0.0095901882918659,True,,False,236.0,255.0,19.0,0.9995407515465866,218,2020-01-02,2020-01-30,2020-11-10,2020-12-08,0,True,,fewer_than_252_complete_historical_windows
237,2020-12-09,True,,SPY210108C00367000,SPY210108P00367000,2021-01-08,30.0,367.0,366.85,0.0415019762845849,381.26,0.0388714733542319,True,,False,237.0,257.0,20.0,1.000408886465858,218,2020-01-02,2020-01-31,2020-11-10,2020-12-09,0,True,,fewer_than_252_complete_historical_windows
238,2020-12-10,True,,SPY210108C00367000,SPY210108P00367000,2021-01-08,29.0,367.0,366.73,0.0406429798489351,381.26,0.0388841927303465,True,,False,238.0,257.0,19.0,1.0007362364682464,220,2020-01-02,2020-01-30,2020-11-12,2020-12-10,0,True,,fewer_than_252_complete_historical_windows
239,2020-12-11,True,,SPY210111C00366000,SPY210111P00366000,2021-01-11,31.0,366.0,366.3,0.0428064428064428,378.69,0.0346437346437346,True,,False,239.0,258.0,19.0,0.9991809991809991,221,2020-01-02,2020-01-30,2020-11-13,2020-12-11,0,True,,fewer_than_252_complete_historical_windows
240,2020-12-14,True,,SPY210113C00365000,SPY210113P00365000,2021-01-13,30.0,365.0,364.66,0.0445894806120769,379.79,0.0405583283058191,True,,False,240.0,260.0,20.0,1.0009323753633521,221,2020-01-02,2020-01-31,2020-11-13,2020-12-14,0,True,,fewer_than_252_complete_historical_windows
241,2020-12-15,True,,SPY210113C00370000,SPY210113P00370000,2021-01-13,29.0,370.0,369.59,0.0393814767715576,379.79,0.0264888119267296,True,,False,241.0,260.0,19.0,1.0011093373738467,223,2020-01-02,2020-01-30,2020-11-17,2020-12-15,0,True,,fewer_than_252_complete_historical_windows
242,2020-12-16,True,,SPY210115C00370000,SPY210115P00370000,2021-01-15,30.0,370.0,370.17,0.0396169327606234,375.7,0.0153983304967987,True,,False,242.0,262.0,20.0,0.9995407515465866,223,2020-01-02,2020-01-31,2020-11-17,2020-12-16,0,True,,fewer_than_252_complete_historical_windows
243,2020-12-17,True,,SPY210115C00372000,SPY210115P00372000,2021-01-15,29.0,372.0,372.24,0.0375295508274231,375.7,0.0099398237696109,True,,False,243.0,262.0,19.0,0.9993552546744036,225,2020-01-02,2020-01-30,2020-11-19,2020-12-17,0,True,,fewer_than_252_complete_historical_windows
244,2020-12-18,True,,SPY210115C00369000,SPY210115P00369000,2021-01-15,28.0,369.0,369.18,0.0388563844195243,375.7,0.0181483287285334,True,,False,244.0,262.0,18.0,0.999512432959532,227,2020-01-02,2020-01-29,2020-11-23,2020-12-18,0,True,,fewer_than_252_complete_historical_windows
245,2020-12-21,True,,SPY210120C00368000,SPY210120P00368000,2021-01-20,30.0,368.0,367.86,0.0443647039634643,383.89,0.0431957810036426,True,,False,245.0,264.0,19.0,1.000380579568314,227,2020-01-02,2020-01-30,2020-11-23,2020-12-21,0,True,,fewer_than_252_complete_historical_windows
246,2020-12-22,True,,SPY210122C00367000,SPY210122P00367000,2021-01-22,31.0,367.0,367.24,0.0447799803942925,382.88,0.0432414769632937,True,,False,246.0,266.0,20.0,0.9993464764186908,227,2020-01-02,2020-01-31,2020-11-23,2020-12-22,0,True,,fewer_than_252_complete_historical_windows
247,2020-12-23,True,,SPY210122C00367500,SPY210122P00367500,2021-01-22,30.0,367.5,367.57,0.0414478874772152,382.88,0.0418423701607856,True,,False,247.0,266.0,19.0,0.9998095600837936,229,2020-01-02,2020-01-30,2020-11-25,2020-12-23,0,True,,fewer_than_252_complete_historical_windows
248,2020-12-24,True,,SPY210122C00369000,SPY210122P00369000,2021-01-22,29.0,369.0,369.0,0.0375745257452574,382.88,0.0376151761517615,True,,False,248.0,266.0,18.0,1.0,231,2020-01-02,2020-01-29,2020-11-30,2020-12-24,0,True,,fewer_than_252_complete_historical_windows
249,2020-12-28,True,,SPY210127C00372000,SPY210127P00372000,2021-01-27,30.0,372.0,372.17,0.0381814762071096,374.41,0.0064755353736196,True,,False,249.0,269.0,20.0,0.9995432194964666,230,2020-01-02,2020-01-31,2020-11-27,2020-12-28,0,True,,fewer_than_252_complete_historical_windows
250,2020-12-29,True,,SPY210129C00371000,SPY210129P00371000,2021-01-29,31.0,371.0,371.46,0.0427636892262962,370.07,0.0025036343078662,True,,False,250.0,271.0,21.0,0.9987616432455716,230,2020-01-02,2020-02-03,2020-11-27,2020-12-29,0,True,,fewer_than_252_complete_historical_windows
251,2020-12-30,True,,SPY210129C00372000,SPY210129P00372000,2021-01-29,30.0,372.0,371.99,0.0406596951530955,370.07,0.0051883115137503,True,,False,251.0,271.0,20.0,1.0000268824430765,232,2020-01-02,2020-01-31,2020-12-01,2020-12-30,0,True,,fewer_than_252_complete_historical_windows
252,2020-12-31,True,,SPY210129C00374000,SPY210129P00374000,2021-01-29,29.0,374.0,373.88,0.0394912806247994,370.07,0.0105113940301701,True,,False,252.0,271.0,19.0,1.000320958596341,234,2020-01-02,2020-01-30,2020-12-03,2020-12-31,0,True,,fewer_than_252_complete_historical_windows
253,2021-01-04,True,,SPY210203C00368000,SPY210203P00368000,2021-02-03,30.0,368.0,368.79,0.0483879714742807,381.85,0.0375552482442583,True,,False,253.0,274.0,21.0,0.9978578594864286,233,2020-01-02,2020-02-03,2020-12-02,2021-01-04,0,True,,fewer_than_252_complete_historical_windows
254,2021-01-05,True,,SPY210205C00371000,SPY210205P00371000,2021-02-05,31.0,371.0,371.33,0.0464950313737107,387.71,0.0450004039533568,True,,False,254.0,276.0,22.0,0.9991113026149248,233,2020-01-02,2020-02-04,2020-12-02,2021-01-05,0,True,,fewer_than_252_complete_historical_windows
255,2021-01-06,True,,SPY210205C00374000,SPY210205P00374000,2021-02-05,30.0,374.0,373.55,0.0455226877258733,387.71,0.0367019140677284,True,,False,255.0,276.0,21.0,1.0012046580109757,235,2020-01-02,2020-02-03,2020-12-04,2021-01-06,0,True,,fewer_than_252_complete_historical_windows
256,2021-01-07,True,,SPY210205C00379000,SPY210205P00379000,2021-02-05,29.0,379.0,379.1,0.0391057768398839,387.71,0.0229754682141914,True,,False,256.0,276.0,20.0,0.9997362173568979,237,2020-01-02,2020-01-31,2020-12-08,2021-01-07,0,True,,fewer_than_252_complete_historical_windows
257,2021-01-08,True,,SPY210208C00382000,SPY210208P00382000,2021-02-08,31.0,382.0,381.26,0.0386219377852384,390.51,0.0223207260137438,True,,False,257.0,277.0,20.0,1.0019409326968474,238,2020-01-02,2020-01-31,2020-12-09,2021-01-08,0,True,,fewer_than_252_complete_historical_windows
258,2021-01-11,True,,SPY210210C00378000,SPY210210P00378000,2021-02-10,30.0,378.0,378.69,0.0447199556365364,390.08,0.0318994428160236,True,,False,258.0,279.0,21.0,0.9981779291768993,238,2020-01-02,2020-02-03,2020-12-09,2021-01-11,0,True,,fewer_than_252_complete_historical_windows
259,2021-01-12,True,,SPY210212C00379000,SPY210212P00379000,2021-02-12,31.0,379.0,378.77,0.0432584417984528,392.64,0.0360112997333473,True,,False,259.0,281.0,22.0,1.000607228661193,238,2020-01-02,2020-02-04,2020-12-09,2021-01-12,0,True,,fewer_than_252_complete_historical_windows
260,2021-01-13,True,,SPY210212C00380000,SPY210212P00380000,2021-02-12,30.0,380.0,379.79,0.0400879433371073,392.64,0.0332815503304457,True,,False,260.0,281.0,21.0,1.0005529371494772,240,2020-01-02,2020-02-03,2020-12-11,2021-01-13,0,True,,fewer_than_252_complete_historical_windows
261,2021-01-14,True,,SPY210212C00378000,SPY210212P00378000,2021-02-12,29.0,378.0,378.46,0.0418009829308249,392.64,0.0386830840775775,True,,False,261.0,281.0,20.0,0.9987845479046663,242,2020-01-02,2020-01-31,2020-12-15,2021-01-14,0,True,,fewer_than_252_complete_historical_windows
262,2021-01-15,True,,SPY210212C00376000,SPY210212P00376000,2021-02-12,28.0,376.0,375.7,0.042001597018898,392.64,0.0442906574394463,True,,False,262.0,281.0,19.0,1.0007985094490286,244,2020-01-02,2020-01-30,2020-12-17,2021-01-15,0,True,,fewer_than_252_complete_historical_windows
263,2021-01-19,True,,SPY210219C00379000,SPY210219P00379000,2021-02-19,31.0,379.0,378.65,0.0421365376997227,390.03,0.0291298032483823,True,,False,263.0,285.0,22.0,1.000924336458471,242,2020-01-02,2020-02-04,2020-12-15,2021-01-19,0,True,,fewer_than_252_complete_historical_windows
264,2021-01-20,True,,SPY210219C00384000,SPY210219P00384000,2021-02-19,30.0,384.0,383.89,0.0384875875901951,390.03,0.0157076245799577,True,,False,264.0,285.0,21.0,1.0002865404152232,244,2020-01-02,2020-02-03,2020-12-17,2021-01-20,0,True,,fewer_than_252_complete_historical_windows
265,2021-01-21,True,,SPY210219C00384000,SPY210219P00384000,2021-02-19,29.0,384.0,384.24,0.0374895898396835,390.03,0.0156933166770767,True,,False,265.0,285.0,20.0,0.9993753903810119,246,2020-01-02,2020-01-31,2020-12-21,2021-01-21,0,True,,fewer_than_252_complete_historical_windows
266,2021-01-22,True,,SPY210222C00385000,SPY210222P00385000,2021-02-22,31.0,385.0,382.88,0.0377533430839949,387.03,0.005301922273297,True,,False,266.0,286.0,20.0,1.0055369828666945,247,2020-01-02,2020-01-31,2020-12-22,2021-01-22,0,True,,fewer_than_252_complete_historical_windows
267,2021-01-25,True,,SPY210224C00385000,SPY210224P00385000,2021-02-24,30.0,385.0,384.39,0.0401545305549051,391.77,0.0176123208200004,True,,False,267.0,288.0,21.0,1.0015869299409454,247,2020-01-02,2020-02-03,2020-12-22,2021-01-25,0,True,,fewer_than_252_complete_historical_windows
268,2021-01-26,True,,SPY210226C00384000,SPY210226P00384000,2021-02-26,31.0,384.0,383.79,0.0426926183589984,380.36,0.0094843534224445,True,,False,268.0,290.0,22.0,1.0005471742359102,247,2020-01-02,2020-02-04,2020-12-22,2021-01-26,0,True,,fewer_than_252_complete_historical_windows
269,2021-01-27,True,,SPY210226C00374000,SPY210226P00374000,2021-02-26,30.0,374.0,374.41,0.0597606901525066,380.36,0.0169867257818968,True,,False,269.0,290.0,21.0,0.998904943778211,249,2020-01-02,2020-02-03,2020-12-24,2021-01-27,0,True,,fewer_than_252_complete_historical_windows
270,2021-01-28,True,,SPY210226C00377500,SPY210226P00377500,2021-02-26,29.0,377.5,377.63,0.0520085798268146,380.36,0.0075735508301777,True,,False,270.0,290.0,20.0,0.9996557476895374,251,2020-01-02,2020-01-31,2020-12-29,2021-01-28,0,True,,fewer_than_252_complete_historical_windows
271,2021-01-29,True,,SPY210301C00370000,SPY210301P00370000,2021-03-01,31.0,370.0,370.07,0.0619477396168292,389.58,0.0529089091253005,True,,False,271.0,291.0,20.0,0.9998108465965898,252,2020-01-02,2020-01-31,2020-12-30,2021-01-29,0,True,0.06122169925403307,
272,2021-02-01,True,,SPY210303C00376000,SPY210303P00376000,2021-03-03,30.0,376.0,376.23,0.0528665975600031,381.42,0.014406081386386,True,,False,272.0,293.0,21.0,0.9993886718230869,252,2020-01-02,2020-02-03,2020-12-30,2021-02-01,0,True,0.0632686234450053,
273,2021-02-02,True,,SPY210303C00382000,SPY210303P00382000,2021-03-03,29.0,382.0,381.55,0.0437557331935526,381.42,0.0015201153190931,True,,False,273.0,293.0,20.0,1.0011793998165377,252,2020-01-06,2020-02-04,2021-01-04,2021-02-02,0,True,0.06063819200757443,
274,2021-02-03,True,,SPY210305C00382000,SPY210305P00382000,2021-03-05,30.0,382.0,381.85,0.042307188686657,383.63,0.004268691894723,True,,False,274.0,295.0,21.0,1.0003928244074898,252,2020-01-06,2020-02-05,2021-01-04,2021-02-03,0,True,0.06288823188018941,
275,2021-02-04,True,,SPY210305C00386000,SPY210305P00386000,2021-03-05,29.0,386.0,386.19,0.0383101582122789,383.63,0.006136875631166,True,,False,275.0,295.0,20.0,0.9995080141899065,252,2020-01-08,2020-02-06,2021-01-06,2021-02-04,0,True,0.061535545884262736,
276,2021-02-05,True,,SPY210308C00388000,SPY210308P00388000,2021-03-08,31.0,388.0,387.71,0.0376441154471125,381.72,0.0161976735188671,True,,False,276.0,296.0,20.0,1.0007479817389286,252,2020-01-09,2020-02-07,2021-01-07,2021-02-05,0,True,0.060881005972472195,
277,2021-02-08,True,,SPY210310C00391000,SPY210310P00391000,2021-03-10,30.0,391.0,390.51,0.0373613991959232,389.58,0.0036362705180405,True,,False,277.0,298.0,21.0,1.0012547694041125,252,2020-01-09,2020-02-10,2021-01-07,2021-02-08,0,True,0.0625392203633045,
278,2021-02-09,True,,SPY210310C00390000,SPY210310P00390000,2021-03-10,29.0,390.0,390.25,0.0375528507367072,389.58,0.0010762331838565,True,,False,278.0,298.0,20.0,0.9993593850096092,252,2020-01-13,2020-02-11,2021-01-11,2021-02-09,0,True,0.06162531129616979,
279,2021-02-10,True,,SPY210312C00390000,SPY210312P00390000,2021-03-12,30.0,390.0,390.08,0.0397738925348646,394.06,0.0104081214109926,True,,False,279.0,300.0,21.0,0.9997949138638228,252,2020-01-13,2020-02-12,2021-01-11,2021-02-10,0,True,0.06327634809353958,
280,2021-02-11,True,,SPY210312C00391000,SPY210312P00391000,2021-03-12,29.0,391.0,390.71,0.0371759105218704,394.06,0.0078318957794783,True,,False,280.0,300.0,20.0,1.0007422384889049,252,2020-01-15,2020-02-13,2021-01-13,2021-02-11,0,True,0.06094789588812535,
281,2021-02-12,True,,SPY210315C00395000,SPY210315P00395000,2021-03-15,31.0,395.0,392.64,0.0352995110024449,396.41,0.003591075794621,True,,False,281.0,301.0,20.0,1.0060105949470253,252,2020-01-16,2020-02-14,2021-01-14,2021-02-12,0,True,0.05854096963106002,
282,2021-02-16,True,,SPY210317C00392000,SPY210317P00392000,2021-03-17,29.0,392.0,392.3,0.037114453224573,397.26,0.0134081060412949,True,,False,282.0,303.0,21.0,0.99923527912312,252,2020-01-16,2020-02-18,2021-01-14,2021-02-16,0,True,0.06362469168669821,
283,2021-02-17,True,,SPY210319C00392000,SPY210319P00392000,2021-03-19,30.0,392.0,392.39,0.0385968041999031,389.48,0.0064221820127933,True,,False,283.0,305.0,22.0,0.9990060908789725,252,2020-01-16,2020-02-19,2021-01-14,2021-02-17,0,True,0.06547191499467805,
284,2021-02-18,True,,SPY210319C00391000,SPY210319P00391000,2021-03-19,29.0,391.0,390.72,0.0395551801801801,389.48,0.0038902538902538,True,,False,284.0,305.0,21.0,1.0007166257166256,252,2020-01-21,2020-02-20,2021-01-19,2021-02-18,0,True,0.06302367652161212,
285,2021-02-19,True,,SPY210322C00390000,SPY210322P00390000,2021-03-22,31.0,390.0,390.03,0.0391380150244853,392.59,0.0066405148321923,True,,False,285.0,306.0,21.0,0.9999230828397816,252,2020-01-22,2020-02-21,2021-01-20,2021-02-19,0,True,0.06342238532588124,
286,2021-02-22,True,,SPY210324C00387000,SPY210324P00387000,2021-03-24,30.0,387.0,387.03,0.0422189494354442,387.52,0.0013435650983127,True,,False,286.0,308.0,22.0,0.9999224866289436,252,2020-01-22,2020-02-24,2021-01-20,2021-02-22,0,True,0.06513257630583975,
287,2021-02-23,True,,SPY210326C00387500,SPY210326P00387500,2021-03-26,31.0,387.5,387.5,0.0425677419354838,395.98,0.0218838709677419,True,,False,287.0,310.0,23.0,1.0,252,2020-01-22,2020-02-25,2021-01-20,2021-02-23,0,True,0.06666603776152434,
288,2021-02-24,True,,SPY210326C00392000,SPY210326P00392000,2021-03-26,30.0,392.0,391.77,0.0383388212471603,395.98,0.0101590218750798,True,,False,288.0,310.0,22.0,1.0005870791535851,252,2020-01-24,2020-02-26,2021-01-22,2021-02-24,0,True,0.06457126070384464,
289,2021-02-25,True,,SPY210326C00382500,SPY210326P00382500,2021-03-26,29.0,382.5,382.33,0.0513953914157926,395.98,0.0352575000653885,True,,False,289.0,310.0,21.0,1.0004446420631392,252,2020-01-28,2020-02-27,2021-01-26,2021-02-25,0,True,0.06283785675316422,
290,2021-02-26,True,,SPY210329C00380000,SPY210329P00380000,2021-03-29,31.0,380.0,380.36,0.0506362393521926,395.78,0.0414870123041328,True,,False,290.0,311.0,21.0,0.9990535282364076,252,2020-01-29,2020-02-28,2021-01-27,2021-02-26,0,True,0.0632892360428226,
291,2021-03-01,True,,SPY210331C00390000,SPY210331P00390000,2021-03-31,30.0,390.0,389.58,0.0394655783151085,396.33,0.0162482673648544,True,,False,291.0,313.0,22.0,1.001078084090559,252,2020-01-29,2020-03-02,2021-01-27,2021-03-01,0,True,0.06362003915793533,
292,2021-03-02,True,,SPY210401C00387000,SPY210401P00387000,2021-04-01,30.0,387.0,386.54,0.0429709732498577,400.61,0.0352098101102085,True,,False,292.0,314.0,22.0,1.0011900450147462,252,2020-01-30,2020-03-03,2021-01-28,2021-03-02,0,True,0.06343082017158228,
293,2021-03-03,True,,SPY210401C00381000,SPY210401P00381000,2021-04-01,29.0,381.0,381.42,0.0474935766346809,400.61,0.0514131403701956,True,,False,293.0,314.0,21.0,0.9988988516595878,252,2020-02-03,2020-03-04,2021-02-01,2021-03-03,0,True,0.06289680791605881,
294,2021-03-04,True,,SPY210401C00377000,SPY210401P00377000,2021-04-01,28.0,377.0,376.7,0.0508494823466949,400.61,0.0626758693920892,True,,False,294.0,314.0,20.0,1.0007963897000265,252,2020-02-05,2020-03-05,2021-02-03,2021-03-04,0,True,0.05993295606562323,
295,2021-03-05,True,,SPY210405C00385000,SPY210405P00385000,2021-04-05,31.0,385.0,383.63,0.042892891588249,406.36,0.0556786486979642,True,,False,295.0,315.0,20.0,1.0035711492844668,252,2020-02-06,2020-03-06,2021-02-04,2021-03-05,0,True,0.05812628894881858,
296,2021-03-08,True,,SPY210407C00380000,SPY210407P00380000,2021-04-07,30.0,380.0,381.72,0.0477706172063292,406.59,0.0696583883474797,True,,False,296.0,317.0,21.0,0.9954940794299486,252,2020-02-06,2020-03-09,2021-02-04,2021-03-08,0,True,0.06410115104395167,
297,2021-03-09,True,,SPY210409C00387000,SPY210409P00387000,2021-04-09,31.0,387.0,387.17,0.0439471033396182,411.49,0.0632538678100059,True,,False,297.0,319.0,22.0,0.9995609163933156,252,2020-02-06,2020-03-10,2021-02-04,2021-03-09,0,True,0.06271046315375685,
298,2021-03-10,True,,SPY210409C00390000,SPY210409P00390000,2021-04-09,30.0,390.0,389.58,0.0400302890292109,411.49,0.0551619693002721,True,,False,298.0,319.0,21.0,1.001078084090559,252,2020-02-10,2020-03-11,2021-02-08,2021-03-10,0,True,0.0596887440944701,
299,2021-03-11,True,,SPY210409C00394000,SPY210409P00394000,2021-04-09,29.0,394.0,393.53,0.0374431428353619,411.49,0.0444438797550377,True,,False,299.0,319.0,20.0,1.0011943180951897,252,2020-02-12,2020-03-12,2021-02-10,2021-03-11,0,True,0.057113147806838974,
300,2021-03-12,True,,SPY210412C00394000,SPY210412P00394000,2021-04-12,31.0,394.0,394.06,0.0363650205552453,411.64,0.0447647566360452,True,,False,300.0,320.0,20.0,0.9998477389230066,252,2020-02-13,2020-03-13,2021-02-11,2021-03-12,0,True,0.05684930435306395,
301,2021-03-15,True,,SPY210414C00396000,SPY210414P00396000,2021-04-14,30.0,396.0,396.41,0.0348628944779395,411.45,0.0389747988194041,True,,False,301.0,322.0,21.0,0.9989657173128831,252,2020-02-13,2020-03-16,2021-02-11,2021-03-15,0,True,0.05849234065271293,
302,2021-03-16,True,,SPY210414C00396000,SPY210414P00396000,2021-04-14,29.0,396.0,395.91,0.0340986587860877,411.45,0.0390240206107448,True,,False,302.0,322.0,20.0,1.000227324391907,252,2020-02-18,2020-03-17,2021-02-16,2021-03-16,0,True,0.0547569124780464,
303,2021-03-17,True,,SPY210416C00397000,SPY210416P00397000,2021-04-16,30.0,397.0,397.26,0.0338191612545939,417.26,0.0509993455167899,True,,False,303.0,324.0,21.0,0.9993455167900116,252,2020-02-18,2020-03-18,2021-02-16,2021-03-17,0,True,0.05621864690989316,
304,2021-03-18,True,,SPY210416C00391000,SPY210416P00391000,2021-04-16,29.0,391.0,391.48,0.0373710023500561,417.26,0.0670787779707775,True,,False,304.0,324.0,20.0,0.9987738837233063,252,2020-02-20,2020-03-19,2021-02-18,2021-03-18,0,True,0.05355168571537156,
305,2021-03-19,True,,SPY210419C00390000,SPY210419P00390000,2021-04-19,31.0,390.0,389.48,0.0373575023107733,415.21,0.0647273287460202,True,,False,305.0,325.0,20.0,1.0013351134846462,252,2020-02-21,2020-03-20,2021-02-19,2021-03-19,0,True,0.05087918922775593,
306,2021-03-22,True,,SPY210421C00395000,SPY210421P00395000,2021-04-21,30.0,395.0,392.59,0.032260118698897,416.07,0.0536692223439211,True,,False,306.0,327.0,21.0,1.0061387197839986,252,2020-02-21,2020-03-23,2021-02-19,2021-03-22,0,True,0.04868788270229036,
307,2021-03-23,True,,SPY210421C00390000,SPY210421P00390000,2021-04-21,29.0,390.0,389.5,0.0354428754813863,416.07,0.0669319640564826,True,,False,307.0,327.0,20.0,1.0012836970474968,252,2020-02-25,2020-03-24,2021-02-23,2021-03-23,0,True,0.048496607580125944,
308,2021-03-24,True,,SPY210423C00387500,SPY210423P00387500,2021-04-23,30.0,387.5,387.52,0.0381657720891824,416.74,0.0754541701073493,True,,False,308.0,329.0,21.0,0.9999483897605286,252,2020-02-25,2020-03-25,2021-02-23,2021-03-24,0,True,0.050072917580652423,
309,2021-03-25,True,,SPY210423C00390000,SPY210423P00390000,2021-04-23,29.0,390.0,389.7,0.034693353861945,416.74,0.0686168847831665,True,,False,309.0,329.0,20.0,1.0007698229407236,252,2020-02-27,2020-03-26,2021-02-25,2021-03-25,0,True,0.047214631263739176,
310,2021-03-26,True,,SPY210426C00395000,SPY210426P00395000,2021-04-26,31.0,395.0,395.98,0.0334486590231829,417.61,0.0570988433759281,True,,False,310.0,330.0,20.0,0.9975251275316934,252,2020-02-28,2020-03-27,2021-02-26,2021-03-26,0,True,0.048996579403950864,
311,2021-03-29,True,,SPY210428C00395000,SPY210428P00395000,2021-04-28,30.0,395.0,395.78,0.0365354489868108,417.4,0.0565970993986557,True,,False,311.0,332.0,21.0,0.9980292081459398,252,2020-02-28,2020-03-30,2021-02-26,2021-03-29,0,True,0.04958605371151748,
312,2021-03-30,True,,SPY210428C00395000,SPY210428P00395000,2021-04-28,29.0,395.0,394.73,0.0338205862234945,417.4,0.056747650292605,True,,False,312.0,332.0,20.0,1.0006840118562055,252,2020-03-03,2020-03-31,2021-03-02,2021-03-30,0,True,0.045894470669737224,
313,2021-03-31,True,,SPY210430C00396000,SPY210430P00396000,2021-04-30,30.0,396.0,396.33,0.0348068528751293,417.3,0.0537430928771478,True,,False,313.0,334.0,21.0,0.9991673605328893,252,2020-03-03,2020-04-01,2021-03-02,2021-03-31,0,True,0.04788423088347489,
314,2021-04-01,True,,SPY210430C00401000,SPY210430P00401000,2021-04-30,29.0,401.0,400.61,0.030328748658296,417.3,0.0406879508749157,True,,False,314.0,334.0,20.0,1.0009735153890318,252,2020-03-05,2020-04-02,2021-03-04,2021-04-01,0,True,0.044692693812300406,
315,2021-04-05,True,,SPY210505C00405000,SPY210505P00405000,2021-05-05,30.0,405.0,406.36,0.0325819470420316,415.75,0.0264543754306526,True,,False,315.0,337.0,22.0,0.9966532138990057,252,2020-03-04,2020-04-03,2021-03-03,2021-04-05,0,True,0.050082292234828116,
316,2021-04-06,True,,SPY210507C00406000,SPY210507P00406000,2021-05-07,31.0,406.0,406.12,0.0329089924160346,422.12,0.0396927016645326,True,,False,316.0,339.0,23.0,0.9997045208312814,252,2020-03-04,2020-04-06,2021-03-03,2021-04-06,0,True,0.04878806480112976,
317,2021-04-07,True,,SPY210507C00406000,SPY210507P00406000,2021-05-07,30.0,406.0,406.59,0.0311862072357903,422.12,0.0396468186625347,True,,False,317.0,339.0,22.0,0.9985489067611107,252,2020-03-06,2020-04-07,2021-03-05,2021-04-07,0,True,0.04796008571704072,
318,2021-04-08,True,,SPY210507C00409000,SPY210507P00409000,2021-05-07,29.0,409.0,408.52,0.0298638989523156,422.12,0.0321159306765886,True,,False,318.0,339.0,21.0,1.0011749730735338,252,2020-03-10,2020-04-08,2021-03-09,2021-04-08,0,True,0.04497634246736858,
319,2021-04-09,True,,SPY210510C00411000,SPY210510P00411000,2021-05-10,31.0,411.0,411.49,0.0301829935113854,417.94,0.0168655374371187,True,,False,319.0,340.0,21.0,0.9988092055700016,252,2020-03-11,2020-04-09,2021-03-10,2021-04-09,0,True,0.04665939619564935,
320,2021-04-12,True,,SPY210512C00412000,SPY210512P00412000,2021-05-12,30.0,412.0,411.64,0.0304635118064328,405.41,0.0160091341949275,True,,False,320.0,342.0,22.0,1.000874550578175,252,2020-03-11,2020-04-13,2021-03-10,2021-04-12,0,True,0.04644058285756614,
321,2021-04-13,True,,SPY210512C00413000,SPY210512P00413000,2021-05-12,29.0,413.0,412.86,0.0295499685123286,405.41,0.0183839558203748,True,,False,321.0,342.0,21.0,1.0003390979993219,252,2020-03-13,2020-04-14,2021-03-12,2021-04-13,0,True,0.04544608019256826,
322,2021-04-14,True,,SPY210514C00411000,SPY210514P00411000,2021-05-14,30.0,411.0,411.45,0.0315105116052983,416.58,0.0135617936565803,True,,False,322.0,344.0,22.0,0.9989063069631791,252,2020-03-13,2020-04-15,2021-03-12,2021-04-14,0,True,0.047679885095684535,
323,2021-04-15,True,,SPY210514C00416000,SPY210514P00416000,2021-05-14,29.0,416.0,415.87,0.0291437227979897,416.58,0.001394666602544,True,,False,323.0,344.0,21.0,1.000312597686777,252,2020-03-17,2020-04-16,2021-03-16,2021-04-15,0,True,0.04497479068168403,
324,2021-04-16,True,,SPY210517C00417000,SPY210517P00417000,2021-05-17,31.0,417.0,417.26,0.0293462109955423,415.52,0.0035469491444183,True,,False,324.0,345.0,21.0,0.9993768873124671,252,2020-03-18,2020-04-17,2021-03-17,2021-04-16,0,True,0.045426818787363564,
325,2021-04-19,True,,SPY210519C00415000,SPY210519P00415000,2021-05-19,30.0,415.0,415.21,0.0321283206088485,410.86,0.0099708581199874,True,,False,325.0,347.0,22.0,0.9994942318344935,252,2020-03-18,2020-04-20,2021-03-17,2021-04-19,0,True,0.04652444356739192,
326,2021-04-20,True,,SPY210519C00412000,SPY210519P00412000,2021-05-19,29.0,412.0,412.17,0.0344032801999175,410.86,0.0027658490428706,True,,False,326.0,347.0,21.0,0.9995875488269403,252,2020-03-20,2020-04-21,2021-03-19,2021-04-20,0,True,0.04429910915284918,
327,2021-04-21,True,,SPY210521C00416000,SPY210521P00416000,2021-05-21,30.0,416.0,416.07,0.0320859470762131,414.94,0.0025476482322686,True,,False,327.0,349.0,22.0,0.9998317590790011,252,2020-03-20,2020-04-22,2021-03-19,2021-04-21,0,True,0.045530255506505315,
328,2021-04-22,True,,SPY210521C00412000,SPY210521P00412000,2021-05-21,29.0,412.0,412.27,0.0353287893855968,414.94,0.0071312489388022,True,,False,328.0,349.0,21.0,0.9993450893831712,252,2020-03-24,2020-04-23,2021-03-23,2021-04-22,0,True,0.043174916182877034,
329,2021-04-23,True,,SPY210524C00417000,SPY210524P00417000,2021-05-24,31.0,417.0,416.74,0.0320343619522963,419.17,0.0052070835532946,True,,False,329.0,350.0,21.0,1.0006238901953255,252,2020-03-25,2020-04-24,2021-03-24,2021-04-23,0,True,0.04198384177792938,
330,2021-04-26,True,,SPY210526C00418000,SPY210526P00418000,2021-05-26,30.0,418.0,417.61,0.0322310289504561,419.07,0.002562199181054,True,,False,330.0,352.0,22.0,1.000933885682814,252,2020-03-25,2020-04-27,2021-03-24,2021-04-26,0,True,0.04298004178195191,
331,2021-04-27,True,,SPY210528C00417500,SPY210528P00417500,2021-05-28,31.0,417.5,417.52,0.0333037938302356,420.04,0.00608354090822,True,,False,331.0,354.0,23.0,0.9999520981030849,252,2020-03-25,2020-04-28,2021-03-24,2021-04-27,0,True,0.044787994317561,
332,2021-04-28,True,,SPY210528C00417500,SPY210528P00417500,2021-05-28,30.0,417.5,417.4,0.0319956875898418,420.04,0.006085289889794,True,,False,332.0,354.0,22.0,1.0002395783421179,252,2020-03-27,2020-04-29,2021-03-26,2021-04-28,0,True,0.04297042152153073,
333,2021-04-29,True,,SPY210528C00420000,SPY210528P00420000,2021-05-28,29.0,420.0,420.06,0.0311026996143408,420.04,9.522449173932406e-05,True,,False,333.0,354.0,21.0,0.999857163262391,252,2020-03-31,2020-04-30,2021-03-30,2021-04-29,0,True,0.04153439769297937,
334,2021-04-30,True,,SPY210528C00417500,SPY210528P00417500,2021-05-28,28.0,417.5,417.3,0.0322909178049364,420.04,0.0060867481428229,True,,False,334.0,354.0,20.0,1.0004792715073088,252,2020-04-02,2020-05-01,2021-04-01,2021-04-30,0,True,0.03905120128335601,
335,2021-05-03,True,,SPY210602C00418000,SPY210602P00418000,2021-06-02,30.0,418.0,418.2,0.0321138211382113,420.33,0.0055714968914394,True,,False,335.0,356.0,21.0,0.9995217599234816,252,2020-04-02,2020-05-04,2021-04-01,2021-05-03,0,True,0.04106358522345782,
336,2021-05-04,True,,SPY210602C00416000,SPY210602P00416000,2021-06-02,29.0,416.0,415.62,0.0339853712525864,420.33,0.0104181704441556,True,,False,336.0,356.0,20.0,1.000914296713344,252,2020-04-06,2020-05-05,2021-04-06,2021-05-04,0,True,0.03790190995760581,
337,2021-05-05,True,,SPY210604C00416000,SPY210604P00416000,2021-06-04,30.0,416.0,415.75,0.0347203848466626,422.6,0.0158749248346362,True,,False,337.0,358.0,21.0,1.000601322910403,252,2020-04-06,2020-05-06,2021-04-06,2021-05-05,0,True,0.039378255578010064,
338,2021-05-06,True,,SPY210604C00419000,SPY210604P00419000,2021-06-04,29.0,419.0,419.07,0.031569904789176,422.6,0.008590450282769,True,,False,338.0,358.0,20.0,0.9998329634667239,252,2020-04-08,2020-05-07,2021-04-08,2021-05-06,0,True,0.03824875918458163,
339,2021-05-07,True,,SPY210607C00422000,SPY210607P00422000,2021-06-07,31.0,422.0,422.12,0.0296124324836539,422.19,0.0004501089737515,True,,False,339.0,359.0,20.0,0.999715720648157,252,2020-04-09,2020-05-08,2021-04-09,2021-05-07,0,True,0.03823641833491982,
340,2021-05-10,True,,SPY210609C00420000,SPY210609P00420000,2021-06-09,30.0,420.0,417.94,0.033760826912954,421.65,0.0039479351103028,True,,False,340.0,361.0,21.0,1.0049289371680146,252,2020-04-09,2020-05-11,2021-04-09,2021-05-10,0,True,0.03584820128631435,
341,2021-05-11,True,,SPY210611C00414000,SPY210611P00414000,2021-06-11,31.0,414.0,414.21,0.0404504961251539,424.31,0.0248907558967673,True,,False,341.0,363.0,22.0,0.9994930107916274,252,2020-04-09,2020-05-12,2021-04-09,2021-05-11,0,True,0.04066312963394895,
342,2021-05-12,True,,SPY210611C00405000,SPY210611P00405000,2021-06-11,30.0,405.0,405.41,0.0511457536814582,424.31,0.0476307935176734,True,,False,342.0,363.0,21.0,0.9989886781283145,252,2020-04-14,2020-05-13,2021-04-13,2021-05-12,0,True,0.03966853870760583,
343,2021-05-13,True,,SPY210611C00410000,SPY210611P00410000,2021-06-11,29.0,410.0,410.28,0.0425441162133177,424.31,0.0348786194793799,True,,False,343.0,363.0,20.0,0.9993175392414937,252,2020-04-16,2020-05-14,2021-04-15,2021-05-13,0,True,0.03815418325125399,
344,2021-05-14,True,,SPY210614C00417000,SPY210614P00417000,2021-06-14,31.0,417.0,416.58,0.0339550626530318,425.26,0.0198281242498439,True,,False,344.0,364.0,20.0,1.0010082097076192,252,2020-04-17,2020-05-15,2021-04-16,2021-05-14,0,True,0.03691968369662683,
345,2021-05-17,True,,SPY210616C00416000,SPY210616P00416000,2021-06-16,30.0,416.0,415.52,0.0354976896418944,422.11,0.0147044666923373,True,,False,345.0,366.0,21.0,1.0011551790527533,252,2020-04-17,2020-05-18,2021-04-16,2021-05-17,0,True,0.03796846480457596,
346,2021-05-18,True,,SPY210616C00412000,SPY210616P00412000,2021-06-16,29.0,412.0,411.94,0.0382215856678157,422.11,0.0245424090887022,True,,False,346.0,366.0,20.0,1.0001456522794583,252,2020-04-21,2020-05-19,2021-04-20,2021-05-18,0,True,0.03731505709384147,
347,2021-05-19,True,,SPY210618C00411000,SPY210618P00411000,2021-06-18,30.0,411.0,410.86,0.0406464489120381,414.92,0.0095409628583946,True,,False,347.0,368.0,21.0,1.000340748673514,252,2020-04-21,2020-05-20,2021-04-20,2021-05-19,0,True,0.03830608770446707,
348,2021-05-20,True,,SPY210618C00415000,SPY210618P00415000,2021-06-18,29.0,415.0,415.28,0.0367583317279907,414.92,0.0001926411096127,True,,False,348.0,368.0,20.0,0.9993257561163553,252,2020-04-23,2020-05-21,2021-04-22,2021-05-20,0,True,0.03742292102578434,
349,2021-05-21,True,,SPY210621C00415000,SPY210621P00415000,2021-06-21,31.0,415.0,414.94,0.0360654552465416,420.86,0.0141225237383718,True,,False,349.0,369.0,20.0,1.0001445992191642,252,2020-04-24,2020-05-22,2021-04-23,2021-05-21,0,True,0.036660583802758294,
350,2021-05-24,True,,SPY210623C00419000,SPY210623P00419000,2021-06-23,30.0,419.0,419.17,0.0318247966218956,422.6,0.0085884008874681,True,,False,350.0,371.0,21.0,0.9995944366247584,252,2020-04-24,2020-05-26,2021-04-23,2021-05-24,0,True,0.0380607096862997,
351,2021-05-25,True,,SPY210623C00418000,SPY210623P00418000,2021-06-23,29.0,418.0,418.24,0.0322900726855394,422.6,0.0109984697781178,True,,False,351.0,371.0,20.0,0.9994261667941852,252,2020-04-28,2020-05-27,2021-04-27,2021-05-25,0,True,0.03682200112427105,
352,2021-05-26,True,,SPY210625C00419000,SPY210625P00419000,2021-06-25,30.0,419.0,419.07,0.030543823227623,426.61,0.0181592574032978,True,,False,352.0,373.0,21.0,0.9998329634667239,252,2020-04-28,2020-05-28,2021-04-27,2021-05-26,0,True,0.037466773128544024,
353,2021-05-27,True,,SPY210625C00419000,SPY210625P00419000,2021-06-25,29.0,419.0,419.29,0.0290610317441388,426.61,0.0181497293043001,True,,False,353.0,373.0,20.0,0.9993083545994419,252,2020-04-30,2020-05-29,2021-04-29,2021-05-27,0,True,0.03654077548918765,
354,2021-05-28,True,,SPY210628C00420000,SPY210628P00420000,2021-06-28,31.0,420.0,420.04,0.0281996952671174,427.47,0.0177840205694696,True,,False,354.0,374.0,20.0,0.9999047709741928,252,2020-05-01,2020-06-01,2021-04-30,2021-05-28,0,True,0.03598103945113897,
355,2021-06-01,True,,SPY210630C00420000,SPY210630P00420000,2021-06-30,29.0,420.0,419.67,0.0298091357495174,428.06,0.0192055662782662,True,,False,355.0,376.0,21.0,1.0007863321180928,252,2020-05-01,2020-06-02,2021-04-30,2021-06-01,0,True,0.036288289391100896,
356,2021-06-02,True,,SPY210702C00420000,SPY210702P00420000,2021-07-02,30.0,420.0,420.33,0.0297980158446934,433.72,0.0326410201508339,True,,False,356.0,378.0,22.0,0.999214902576547,252,2020-05-01,2020-06-03,2021-04-30,2021-06-02,0,True,0.03839781601019751,
357,2021-06-03,True,,SPY210702C00419000,SPY210702P00419000,2021-07-02,29.0,419.0,418.77,0.0304701864985552,433.72,0.035150559973255,True,,False,357.0,378.0,21.0,1.0005492274995822,252,2020-05-05,2020-06-04,2021-05-04,2021-06-03,0,True,0.03573575259867937,
358,2021-06-04,True,,SPY210702C00422500,SPY210702P00422500,2021-07-02,28.0,422.5,422.6,0.0266919072408897,433.72,0.026549929010885,True,,False,358.0,378.0,20.0,0.9997633696166587,252,2020-05-07,2020-06-05,2021-05-06,2021-06-04,0,True,0.034794144728406126,
359,2021-06-07,True,,SPY210707C00422000,SPY210707P00422000,2021-07-07,30.0,422.0,422.19,0.0270020606835784,434.46,0.0295127786067883,True,,False,359.0,380.0,21.0,0.9995499656552737,252,2020-05-07,2020-06-08,2021-05-06,2021-06-07,0,True,0.03565342790305138,
360,2021-06-08,True,,SPY210709C00422500,SPY210709P00422500,2021-07-09,31.0,422.5,422.28,0.0285710902718575,435.52,0.0308326229042341,True,,False,360.0,382.0,22.0,1.0005209813393958,252,2020-05-07,2020-06-09,2021-05-06,2021-06-08,0,True,0.03586203669616634,
361,2021-06-09,True,,SPY210709C00422000,SPY210709P00422000,2021-07-09,30.0,422.0,421.65,0.0295268587691213,435.52,0.0320645084785959,True,,False,361.0,382.0,21.0,1.0008300723348749,252,2020-05-11,2020-06-10,2021-05-10,2021-06-09,0,True,0.033976914101640145,
362,2021-06-10,True,,SPY210709C00424000,SPY210709P00424000,2021-07-09,29.0,424.0,423.61,0.0249876065248695,435.52,0.0271948254290502,True,,False,362.0,382.0,20.0,1.000920658152546,252,2020-05-13,2020-06-11,2021-05-12,2021-06-10,0,True,0.032648200337439974,
363,2021-06-11,True,,SPY210712C00424000,SPY210712P00424000,2021-07-12,31.0,424.0,424.31,0.0248638966793146,437.08,0.0308265183474346,True,,False,363.0,383.0,20.0,0.999269402088096,252,2020-05-14,2020-06-12,2021-05-13,2021-06-11,0,True,0.03359765620759425,
364,2021-06-14,True,,SPY210714C00425000,SPY210714P00425000,2021-07-14,30.0,425.0,425.26,0.0259488313032027,436.24,0.0264308893382871,True,,False,364.0,385.0,21.0,0.9993886093213563,252,2020-05-14,2020-06-15,2021-05-13,2021-06-14,0,True,0.03447319418194761,
365,2021-06-15,True,,SPY210714C00424000,SPY210714P00424000,2021-07-14,29.0,424.0,424.48,0.0264205616283452,436.24,0.0288352808141726,True,,False,365.0,385.0,20.0,0.998869204673954,252,2020-05-18,2020-06-16,2021-05-17,2021-06-15,0,True,0.03348006100713755,
366,2021-06-16,True,,SPY210716C00422000,SPY210716P00422000,2021-07-16,30.0,422.0,422.11,0.029245931155386,431.34,0.0221269337376512,True,,False,366.0,387.0,21.0,0.9997394044206486,252,2020-05-18,2020-06-17,2021-05-17,2021-06-16,0,True,0.03369744461928342,
367,2021-06-17,True,,SPY210716C00422000,SPY210716P00422000,2021-07-16,29.0,422.0,421.97,0.02747825674811,431.34,0.0221342749484559,True,,False,367.0,387.0,20.0,1.0000710951015475,252,2020-05-20,2020-06-18,2021-05-19,2021-06-17,0,True,0.032373591142906395,
368,2021-06-18,True,,SPY210719C00415000,SPY210719P00415000,2021-07-19,31.0,415.0,414.92,0.0357418297503133,424.97,0.0240287284295768,True,,False,368.0,388.0,20.0,1.0001928082521931,252,2020-05-21,2020-06-19,2021-05-20,2021-06-18,0,True,0.032100139906640894,
369,2021-06-21,True,,SPY210721C00420000,SPY210721P00420000,2021-07-21,30.0,420.0,420.86,0.0302713491422325,434.55,0.0345720667205246,True,,False,369.0,390.0,21.0,0.9979565651285462,252,2020-05-21,2020-06-22,2021-05-20,2021-06-21,0,True,0.034445774428193084,
370,2021-06-22,True,,SPY210723C00423000,SPY210723P00423000,2021-07-23,31.0,423.0,423.11,0.0279123632152395,439.94,0.0400368698447212,True,,False,370.0,392.0,22.0,0.9997400203256835,252,2020-05-21,2020-06-23,2021-05-20,2021-06-22,0,True,0.03428865433993435,
371,2021-06-23,True,,SPY210723C00422500,SPY210723P00422500,2021-07-23,30.0,422.5,422.6,0.0271651680075721,439.94,0.0412683388547089,True,,False,371.0,392.0,21.0,0.9997633696166587,252,2020-05-26,2020-06-24,2021-05-24,2021-06-23,0,True,0.0328962747429695,
372,2021-06-24,True,,SPY210723C00425000,SPY210723P00425000,2021-07-23,29.0,425.0,425.1,0.0253469771818395,439.94,0.0351446718419195,True,,False,372.0,392.0,20.0,0.9997647612326511,252,2020-05-28,2020-06-25,2021-05-26,2021-06-24,0,True,0.03200240468377983,
373,2021-06-25,True,,SPY210726C00426000,SPY210726P00426000,2021-07-26,31.0,426.0,426.61,0.02463608447997,441.02,0.035207801036075,True,,False,373.0,393.0,20.0,0.998570122594407,252,2020-05-29,2020-06-26,2021-05-27,2021-06-25,0,True,0.032811965880942845,
374,2021-06-28,True,,SPY210728C00428000,SPY210728P00428000,2021-07-28,30.0,428.0,427.47,0.0246567010550447,438.83,0.0253351112358761,True,,False,374.0,395.0,21.0,1.0012398530891056,252,2020-05-29,2020-06-29,2021-05-27,2021-06-28,0,True,0.03199087420273989,
375,2021-06-29,True,,SPY210730C00427500,SPY210730P00427500,2021-07-30,31.0,427.5,427.7,0.0266892681786298,438.51,0.0257423427636193,True,,False,375.0,397.0,22.0,0.999532382511106,252,2020-05-29,2020-06-30,2021-05-27,2021-06-29,0,True,0.03427940856391098,
376,2021-06-30,True,,SPY210730C00428000,SPY210730P00428000,2021-07-30,30.0,428.0,428.06,0.0259309442601504,438.51,0.0245526328084847,True,,False,376.0,397.0,21.0,0.9998598327337289,252,2020-06-02,2020-07-01,2021-06-01,2021-06-30,0,True,0.03300493430547519,
377,2021-07-01,True,,SPY210730C00430000,SPY210730P00430000,2021-07-30,29.0,430.0,430.43,0.0248937109402225,438.51,0.0197709267476709,True,,False,377.0,397.0,20.0,0.999000999000999,252,2020-06-04,2020-07-02,2021-06-03,2021-07-01,0,True,0.032779970917938085,
378,2021-07-02,True,,SPY210802C00434000,SPY210802P00434000,2021-08-02,31.0,434.0,433.72,0.0241976390297888,437.59,0.0082772295490177,True,,False,378.0,398.0,20.0,1.000645577792124,252,2020-06-05,2020-07-06,2021-06-04,2021-07-02,0,True,0.0317588023717462,
379,2021-07-06,True,,SPY210804C00433000,SPY210804P00433000,2021-08-04,29.0,433.0,432.93,0.0257778393735707,438.98,0.0138128565818954,True,,False,379.0,400.0,21.0,1.0001616889566443,252,2020-06-05,2020-07-07,2021-06-04,2021-07-06,0,True,0.033030875094376015,
380,2021-07-07,True,,SPY210806C00434000,SPY210806P00434000,2021-08-06,30.0,434.0,434.46,0.0272407126087556,442.49,0.0195414997928463,True,,False,380.0,402.0,22.0,0.9989412143810708,252,2020-06-05,2020-07-08,2021-06-04,2021-07-07,0,True,0.03497639429945723,
381,2021-07-08,True,,SPY210806C00431000,SPY210806P00431000,2021-08-06,29.0,431.0,430.92,0.0308177852037501,442.49,0.0266638819270398,True,,False,381.0,402.0,21.0,1.0001856493084562,252,2020-06-09,2020-07-09,2021-06-08,2021-07-08,0,True,0.03305319239179074,
382,2021-07-09,True,,SPY210809C00436000,SPY210809P00436000,2021-08-09,31.0,436.0,435.52,0.0259230345334313,442.13,0.014075128581925,True,,False,382.0,403.0,21.0,1.0011021307861867,252,2020-06-10,2020-07-10,2021-06-09,2021-07-09,0,True,0.03247588988677624,
383,2021-07-12,True,,SPY210811C00438000,SPY210811P00438000,2021-08-11,30.0,438.0,437.08,0.025967786217626,443.78,0.0132241237302095,True,,False,383.0,405.0,22.0,1.0021048778255697,252,2020-06-10,2020-07-13,2021-06-09,2021-07-12,0,True,0.032942374716678734,
384,2021-07-13,True,,SPY210811C00436000,SPY210811P00436000,2021-08-11,29.0,436.0,435.59,0.0279276383755366,443.78,0.0178608324341696,True,,False,384.0,405.0,21.0,1.00094125209486,252,2020-06-12,2020-07-14,2021-06-11,2021-07-13,0,True,0.03260451663229101,
385,2021-07-14,True,,SPY210813C00436000,SPY210813P00436000,2021-08-13,30.0,436.0,436.24,0.0279891802677425,445.92,0.0227397762699431,True,,False,385.0,407.0,22.0,0.9994498441225014,252,2020-06-12,2020-07-15,2021-06-11,2021-07-14,0,True,0.03473479429176126,
386,2021-07-15,True,,SPY210813C00435000,SPY210813P00435000,2021-08-13,29.0,435.0,434.75,0.0282921219091431,445.92,0.0251178838412881,True,,False,386.0,407.0,21.0,1.0005750431282345,252,2020-06-16,2020-07-16,2021-06-15,2021-07-15,0,True,0.03267268644757637,
387,2021-07-16,True,,SPY210816C00431000,SPY210816P00431000,2021-08-16,31.0,431.0,431.34,0.0323294848611304,446.97,0.0370241572773219,True,,False,387.0,408.0,21.0,0.9992117587054297,252,2020-06-17,2020-07-17,2021-06-16,2021-07-16,0,True,0.0336232982860721,
388,2021-07-19,True,,SPY210818C00425000,SPY210818P00425000,2021-08-18,30.0,425.0,424.97,0.038967456526343,439.18,0.0333670612043203,True,,False,388.0,410.0,22.0,1.0000705932183447,252,2020-06-17,2020-07-20,2021-06-16,2021-07-19,0,True,0.033950558069483674,
389,2021-07-20,True,,SPY210818C00431000,SPY210818P00431000,2021-08-18,29.0,431.0,431.06,0.0330464436505358,439.18,0.0189764765925857,True,,False,389.0,410.0,21.0,0.9998608082401522,252,2020-06-19,2020-07-21,2021-06-18,2021-07-20,0,True,0.03305456902037148,
390,2021-07-21,True,,SPY210820C00435000,SPY210820P00435000,2021-08-20,30.0,435.0,434.55,0.0300540789322287,443.36,0.0192382924864802,True,,False,390.0,412.0,22.0,1.0010355540214013,252,2020-06-19,2020-07-22,2021-06-18,2021-07-21,0,True,0.03320493997004893,
391,2021-07-22,True,,SPY210820C00435000,SPY210820P00435000,2021-08-20,29.0,435.0,435.46,0.0298075598217976,443.36,0.019198089376751,True,,False,391.0,412.0,21.0,0.9989436457998438,252,2020-06-23,2020-07-23,2021-06-22,2021-07-22,0,True,0.033536651667253566,
392,2021-07-23,True,,SPY210823C00440000,SPY210823P00440000,2021-08-23,31.0,440.0,439.94,0.0279242623994181,447.26,0.01650225030686,True,,False,392.0,413.0,21.0,1.000136382233941,252,2020-06-24,2020-07-24,2021-06-23,2021-07-23,0,True,0.03271091489017816,
393,2021-07-26,True,,SPY210825C00442000,SPY210825P00442000,2021-08-25,30.0,442.0,441.02,0.0279919278037277,448.91,0.0156682236633259,True,,False,393.0,415.0,22.0,1.0022221214457394,252,2020-06-24,2020-07-27,2021-06-23,2021-07-26,0,True,0.03234379792176555,
394,2021-07-27,True,,SPY210825C00439000,SPY210825P00439000,2021-08-25,29.0,439.0,439.01,0.0303409945103756,448.91,0.0225735176875242,True,,False,394.0,415.0,21.0,0.9999772214755929,252,2020-06-26,2020-07-28,2021-06-25,2021-07-27,0,True,0.032662615634840575,
395,2021-07-28,True,,SPY210827C00439000,SPY210827P00439000,2021-08-27,30.0,439.0,438.83,0.0308889547205068,450.25,0.0256363512066175,True,,False,395.0,417.0,22.0,1.0003873937515666,252,2020-06-26,2020-07-29,2021-06-25,2021-07-28,0,True,0.033447634869911716,
396,2021-07-29,True,,SPY210827C00441000,SPY210827P00441000,2021-08-27,29.0,441.0,440.65,0.0282877567230228,450.25,0.0209917167820265,True,,False,396.0,417.0,21.0,1.0007942811755361,252,2020-06-30,2020-07-30,2021-06-29,2021-07-29,0,True,0.03177168815652239,
397,2021-07-30,True,,SPY210830C00439000,SPY210830P00439000,2021-08-30,31.0,439.0,438.51,0.0302615675811269,452.23,0.0301703495929397,True,,False,397.0,418.0,21.0,1.0011174203552942,252,2020-07-01,2020-07-31,2021-06-30,2021-07-30,0,True,0.03144468827176063,
398,2021-08-02,True,,SPY210901C00438000,SPY210901P00438000,2021-09-01,30.0,438.0,437.59,0.0326789917502685,451.8,0.0315363696610983,True,,False,398.0,420.0,22.0,1.0009369501131196,252,2020-07-01,2020-08-03,2021-06-30,2021-08-02,0,True,0.032546673043983045,
399,2021-08-03,True,,SPY210901C00441000,SPY210901P00441000,2021-09-01,29.0,441.0,441.15,0.0288563980505496,451.8,0.0244814688881333,True,,False,399.0,420.0,21.0,0.999659979598776,252,2020-07-06,2020-08-04,2021-07-02,2021-08-03,0,True,0.032181204118291874,
400,2021-08-04,True,,SPY210903C00439000,SPY210903P00439000,2021-09-03,30.0,439.0,438.98,0.0309125700487493,453.08,0.0320743541847008,True,,False,400.0,422.0,22.0,1.000045560162194,252,2020-07-06,2020-08-05,2021-07-02,2021-08-04,0,True,0.032870248557617276,
401,2021-08-05,True,,SPY210903C00442000,SPY210903P00442000,2021-09-03,29.0,442.0,441.76,0.028227997102499,453.08,0.0250814922129662,True,,False,401.0,422.0,21.0,1.0005432814197754,252,2020-07-08,2020-08-06,2021-07-07,2021-08-05,0,True,0.03128765265753218,
402,2021-08-06,True,,SPY210903C00442000,SPY210903P00442000,2021-09-03,28.0,442.0,442.49,0.0264751745802165,453.08,0.025040113900879,True,,False,402.0,422.0,20.0,0.9988926303419287,252,2020-07-10,2020-08-07,2021-07-09,2021-08-06,0,True,0.031318063251561085,
403,2021-08-09,True,,SPY210908C00442000,SPY210908P00442000,2021-09-08,30.0,442.0,442.13,0.0274240607965982,450.91,0.0201524438513559,True,,False,403.0,424.0,21.0,0.9997059688326962,252,2020-07-10,2020-08-10,2021-07-09,2021-08-09,0,True,0.03155996930187162,
404,2021-08-10,True,,SPY210910C00442500,SPY210910P00442500,2021-09-10,31.0,442.5,442.68,0.0284517032619499,445.44,0.0066413662239089,True,,False,404.0,426.0,22.0,0.9995933857413933,252,2020-07-10,2020-08-11,2021-07-09,2021-08-10,0,True,0.03256984720208421,
405,2021-08-11,True,,SPY210910C00444000,SPY210910P00444000,2021-09-10,30.0,444.0,443.78,0.0263869484879895,445.44,0.0032448510523232,True,,False,405.0,426.0,21.0,1.0004957411329938,252,2020-07-14,2020-08-12,2021-07-13,2021-08-11,0,True,0.03067903682601971,
406,2021-08-12,True,,SPY210910C00445000,SPY210910P00445000,2021-09-10,29.0,445.0,445.11,0.0248927231470872,445.44,0.0009885196917615,True,,False,406.0,426.0,20.0,0.9997528700770596,252,2020-07-16,2020-08-13,2021-07-15,2021-08-12,0,True,0.030133302145073298,
407,2021-08-13,True,,SPY210913C00446000,SPY210913P00446000,2021-09-13,31.0,446.0,445.92,0.0245111230714029,446.58,0.0013006817366343,True,,False,407.0,427.0,20.0,1.0001794043774668,252,2020-07-17,2020-08-14,2021-07-16,2021-08-13,0,True,0.029767842330720676,
408,2021-08-16,True,,SPY210915C00447000,SPY210915P00447000,2021-09-15,30.0,447.0,446.97,0.0258182875808219,447.88,0.001968812224534,True,,False,408.0,429.0,21.0,1.0000671185985637,252,2020-07-17,2020-08-17,2021-07-16,2021-08-16,0,True,0.030690222172018663,
409,2021-08-17,True,,SPY210915C00444000,SPY210915P00444000,2021-09-15,29.0,444.0,444.04,0.0284546437257904,447.88,0.0087379515358976,True,,False,409.0,429.0,20.0,0.9999099180254031,252,2020-07-21,2020-08-18,2021-07-20,2021-08-17,0,True,0.029930227850223763,
410,2021-08-18,True,,SPY210917C00439000,SPY210917P00439000,2021-09-17,30.0,439.0,439.18,0.0370690832915888,441.4,0.0054647297235757,True,,False,410.0,431.0,21.0,0.9995901452707318,252,2020-07-21,2020-08-19,2021-07-20,2021-08-18,0,True,0.030907795910276276,
411,2021-08-19,True,,SPY210917C00440000,SPY210917P00440000,2021-09-17,29.0,440.0,439.86,0.0360000909380257,441.4,0.003182830900741,True,,False,411.0,431.0,20.0,1.000318283090074,252,2020-07-23,2020-08-20,2021-07-22,2021-08-19,0,True,0.029433051623307564,
412,2021-08-20,True,,SPY210920C00443000,SPY210920P00443000,2021-09-20,31.0,443.0,443.36,0.0306522915914832,434.04,0.0202093107181522,True,,False,412.0,432.0,20.0,0.9991880187657884,252,2020-07-24,2020-08-21,2021-07-23,2021-08-20,0,True,0.030078568149859573,
413,2021-08-23,True,,SPY210922C00448000,SPY210922P00448000,2021-09-22,30.0,448.0,447.26,0.0270088986271967,437.86,0.0226713768277958,True,,False,413.0,434.0,21.0,1.0016545186245138,252,2020-07-24,2020-08-24,2021-07-23,2021-08-23,0,True,0.029166432447757625,
414,2021-08-24,True,,SPY210922C00448000,SPY210922P00448000,2021-09-22,29.0,448.0,447.97,0.0265307944728441,437.86,0.0226354443377904,True,,False,414.0,434.0,20.0,1.0000669687702302,252,2020-07-28,2020-08-25,2021-07-27,2021-08-24,0,True,0.029117219865650128,
415,2021-08-25,True,,SPY210924C00449000,SPY210924P00449000,2021-09-24,30.0,449.0,448.91,0.0263861353055178,443.91,0.0113385756610455,True,,False,415.0,436.0,21.0,1.0002004856207256,252,2020-07-28,2020-08-26,2021-07-27,2021-08-25,0,True,0.029793530423189832,
416,2021-08-26,True,,SPY210924C00446000,SPY210924P00446000,2021-09-24,29.0,446.0,446.26,0.0295119437099448,443.91,0.0046833684399228,True,,False,416.0,436.0,20.0,0.999417380002689,252,2020-07-30,2020-08-27,2021-07-29,2021-08-26,0,True,0.029162268507524645,
417,2021-08-27,True,,SPY210927C00450000,SPY210927P00450000,2021-09-27,31.0,450.0,450.25,0.0254081066074403,442.64,0.0163464741810105,True,,False,417.0,437.0,20.0,0.9994447529150472,252,2020-07-31,2020-08-28,2021-07-30,2021-08-27,0,True,0.028950247964680216,
418,2021-08-30,True,,SPY210929C00450000,SPY210929P00450000,2021-09-29,30.0,450.0,452.23,0.0265572827985759,434.45,0.0343851579948256,True,,False,418.0,439.0,21.0,0.9950688808791986,252,2020-07-31,2020-08-31,2021-07-30,2021-08-30,0,True,0.03296689535338566,
419,2021-08-31,True,,SPY210930C00452000,SPY210930P00452000,2021-09-30,30.0,452.0,451.56,0.0255558508282398,429.14,0.0506245017273452,True,,False,419.0,440.0,21.0,1.0009743998582692,252,2020-08-03,2020-09-01,2021-08-02,2021-08-31,0,True,0.028449705283832765,
420,2021-09-01,True,,SPY211001C00452000,SPY211001P00452000,2021-10-01,30.0,452.0,451.8,0.0254758742806551,434.24,0.0393094289508631,True,,False,420.0,441.0,21.0,1.0004426737494467,252,2020-08-04,2020-09-02,2021-08-03,2021-09-01,0,True,0.028625279677118545,
421,2021-09-02,True,,SPY211001C00453000,SPY211001P00453000,2021-10-01,29.0,453.0,453.19,0.0249012555440323,434.24,0.0413954412056753,True,,False,421.0,441.0,20.0,0.9995807497958914,252,2020-08-06,2020-09-03,2021-08-05,2021-09-02,0,True,0.028181246353747698,
422,2021-09-03,True,,SPY211004C00455000,SPY211004P00455000,2021-10-04,31.0,455.0,453.08,0.0239582413701774,428.64,0.0581795709366999,True,,False,422.0,442.0,20.0,1.004237662223007,252,2020-08-07,2020-09-04,2021-08-06,2021-09-03,0,True,0.025022186252200596,
423,2021-09-07,True,,SPY211008C00451000,SPY211008P00451000,2021-10-08,31.0,451.0,451.46,0.0288397643202055,437.86,0.0291055685996544,True,,False,423.0,446.0,23.0,0.9989810835954459,252,2020-08-05,2020-09-08,2021-08-04,2021-09-07,0,True,0.03114707309193119,
424,2021-09-08,True,,SPY211008C00451000,SPY211008P00451000,2021-10-08,30.0,451.0,450.91,0.0280432902353019,437.86,0.0291410702801002,True,,False,424.0,446.0,22.0,1.0001995963717814,252,2020-08-07,2020-09-09,2021-08-06,2021-09-08,0,True,0.029509113949587017,
425,2021-09-09,True,,SPY211008C00449000,SPY211008P00449000,2021-10-08,29.0,449.0,448.98,0.0298899728272974,437.86,0.0248117956256403,True,,False,425.0,446.0,21.0,1.0000445454140496,252,2020-08-11,2020-09-10,2021-08-10,2021-09-09,0,True,0.028693570318258036,
426,2021-09-10,True,,SPY211011C00445000,SPY211011P00445000,2021-10-11,31.0,445.0,445.44,0.0342807112068965,434.69,0.0231456537356321,True,,False,426.0,447.0,21.0,0.9990122126436781,252,2020-08-12,2020-09-11,2021-08-11,2021-09-10,0,True,0.029440259209878986,
427,2021-09-13,True,,SPY211013C00447000,SPY211013P00447000,2021-10-13,30.0,447.0,446.58,0.0313269738904563,435.18,0.0264678221147386,True,,False,427.0,449.0,22.0,1.0009404809888487,252,2020-08-12,2020-09-14,2021-08-11,2021-09-13,0,True,0.028981021974076784,
428,2021-09-14,True,,SPY211013C00444000,SPY211013P00444000,2021-10-13,29.0,444.0,444.17,0.0324763041177927,435.18,0.019857261859198,True,,False,428.0,449.0,21.0,0.9996172636603102,252,2020-08-14,2020-09-15,2021-08-13,2021-09-14,0,True,0.02897300487734653,
429,2021-09-15,True,,SPY211015C00448000,SPY211015P00448000,2021-10-15,30.0,448.0,447.88,0.0294275252299723,445.87,0.0047557381441457,True,,False,429.0,451.0,22.0,1.0002679289095293,252,2020-08-14,2020-09-16,2021-08-13,2021-09-15,0,True,0.02944869635593306,
430,2021-09-16,True,,SPY211015C00447000,SPY211015P00447000,2021-10-15,29.0,447.0,447.17,0.0297426034841335,445.87,0.0025270031531632,True,,False,430.0,451.0,21.0,0.9996198313840373,252,2020-08-18,2020-09-17,2021-08-17,2021-09-16,0,True,0.02895728462163054,
431,2021-09-17,True,,SPY211018C00442000,SPY211018P00442000,2021-10-18,31.0,442.0,441.4,0.0353307657453556,447.19,0.0117580425917535,True,,False,431.0,452.0,21.0,1.0013593112822836,252,2020-08-19,2020-09-18,2021-08-18,2021-09-17,0,True,0.027706778000473088,
432,2021-09-20,True,,SPY211020C00434000,SPY211020P00434000,2021-10-20,30.0,434.0,434.04,0.0453068841581421,452.41,0.0424154455810524,True,,False,432.0,454.0,22.0,0.9999078425951524,252,2020-08-19,2020-09-21,2021-08-18,2021-09-20,0,True,0.029639306576555866,
433,2021-09-21,True,,SPY211020C00434000,SPY211020P00434000,2021-10-20,29.0,434.0,433.63,0.0429974863362774,452.41,0.0424555496621544,True,,False,433.0,454.0,21.0,1.0008532619975554,252,2020-08-21,2020-09-22,2021-08-20,2021-09-21,0,True,0.027993716715454437,
434,2021-09-22,True,,SPY211022C00438000,SPY211022P00438000,2021-10-22,30.0,438.0,437.86,0.0377632119855661,453.12,0.0345315854382679,True,,False,434.0,456.0,22.0,1.000319736902206,252,2020-08-21,2020-09-23,2021-08-20,2021-09-22,0,True,0.029232917042839437,
435,2021-09-23,True,,SPY211022C00443000,SPY211022P00443000,2021-10-22,29.0,443.0,443.18,0.0320750033846292,453.12,0.0228349654767814,True,,False,435.0,456.0,21.0,0.9995938444875672,252,2020-08-25,2020-09-24,2021-08-24,2021-09-23,0,True,0.028679860972455767,
436,2021-09-24,True,,SPY211025C00444000,SPY211025P00444000,2021-10-25,31.0,444.0,443.91,0.0306818949787119,455.55,0.0260187875920794,True,,False,436.0,457.0,21.0,1.0002027437994188,252,2020-08-26,2020-09-25,2021-08-25,2021-09-24,0,True,0.0280448714198255,
437,2021-09-27,True,,SPY211027C00443000,SPY211027P00443000,2021-10-27,30.0,443.0,442.64,0.0319446954635821,453.94,0.0247153442978492,True,,False,437.0,459.0,22.0,1.000813302006145,252,2020-08-26,2020-09-28,2021-08-25,2021-09-27,0,True,0.02840790112619333,
438,2021-09-28,True,,SPY211027C00434000,SPY211027P00434000,2021-10-27,29.0,434.0,433.72,0.0422507608595407,453.94,0.0459743613391127,True,,False,438.0,459.0,21.0,1.000645577792124,252,2020-08-28,2020-09-29,2021-08-27,2021-09-28,0,True,0.027532368089137987,
439,2021-09-29,True,,SPY211029C00434000,SPY211029P00434000,2021-10-29,30.0,434.0,434.45,0.043549315226148,459.25,0.0581194613879617,True,,False,439.0,461.0,22.0,0.9989642076188284,252,2020-08-28,2020-09-30,2021-08-27,2021-09-29,0,True,0.0296645464255682,
440,2021-09-30,True,,SPY211029C00429000,SPY211029P00429000,2021-10-29,29.0,429.0,429.14,0.0453581581768187,459.25,0.0704898168429883,True,,False,440.0,461.0,21.0,0.999673766136925,252,2020-09-01,2020-10-01,2021-08-31,2021-09-30,0,True,0.02821271911208573,
441,2021-10-01,True,,SPY211101C00434000,SPY211101P00434000,2021-11-01,31.0,434.0,434.24,0.0404960390567428,460.04,0.059966838614591,True,,False,441.0,462.0,21.0,0.9994473102431835,252,2020-09-02,2020-10-02,2021-09-01,2021-10-01,0,True,0.02835718464635434,
442,2021-10-04,True,,SPY211103C00428000,SPY211103P00428000,2021-11-03,30.0,428.0,428.64,0.0454460619634191,464.72,0.0856662933930571,True,,False,442.0,464.0,22.0,0.9985069055617768,252,2020-09-02,2020-10-05,2021-09-01,2021-10-04,0,True,0.03003990610043282,
443,2021-10-05,True,,SPY211103C00433000,SPY211103P00433000,2021-11-03,29.0,433.0,433.1,0.0404063726622027,464.72,0.0732394366197183,True,,False,443.0,464.0,21.0,0.9997691064419302,252,2020-09-04,2020-10-06,2021-09-03,2021-10-05,0,True,0.028182799152680578,
444,2021-10-06,True,,SPY211105C00435000,SPY211105P00435000,2021-11-05,30.0,435.0,434.9,0.0406760174752816,468.53,0.0770981834904575,True,,False,444.0,466.0,22.0,1.0002299379167625,252,2020-09-04,2020-10-07,2021-09-03,2021-10-06,0,True,0.02878855667187165,
445,2021-10-07,True,,SPY211105C00439000,SPY211105P00439000,2021-11-05,29.0,439.0,438.66,0.0360643778780832,468.53,0.0673186522591528,True,,False,445.0,466.0,21.0,1.0007750877672912,252,2020-09-09,2020-10-08,2021-09-08,2021-10-07,0,True,0.02754479097139797,
446,2021-10-08,True,,SPY211108C00438000,SPY211108P00438000,2021-11-08,31.0,438.0,437.86,0.0357648563467775,468.93,0.0706390170374092,True,,False,446.0,467.0,21.0,1.000319736902206,252,2020-09-10,2020-10-09,2021-09-09,2021-10-08,0,True,0.027917507375647826,
447,2021-10-11,True,,SPY211110C00435000,SPY211110P00435000,2021-11-10,30.0,435.0,434.69,0.0382571487726885,463.62,0.065840023925096,True,,False,447.0,469.0,22.0,1.000713151901355,252,2020-09-10,2020-10-12,2021-09-09,2021-10-11,0,True,0.02857735751512742,
448,2021-10-12,True,,SPY211110C00434000,SPY211110P00434000,2021-11-10,29.0,434.0,433.62,0.0367602970342696,463.62,0.0683086573497532,True,,False,448.0,469.0,21.0,1.0008763433420969,252,2020-09-14,2020-10-13,2021-09-13,2021-10-12,0,True,0.027385308746651012,
449,2021-10-13,True,,SPY211112C00435000,SPY211112P00435000,2021-11-12,30.0,435.0,435.18,0.0354106346799025,467.27,0.0741532239533066,True,,False,449.0,471.0,22.0,0.9995863780504619,252,2020-09-14,2020-10-14,2021-09-13,2021-10-13,0,True,0.029160519094337523,
450,2021-10-14,True,,SPY211112C00442000,SPY211112P00442000,2021-11-12,29.0,442.0,442.5,0.029909604519774,467.27,0.0571073446327683,True,,False,450.0,471.0,21.0,0.9988700564971752,252,2020-09-16,2020-10-15,2021-09-15,2021-10-14,0,True,0.028651400210966585,
451,2021-10-15,True,,SPY211115C00446000,SPY211115P00446000,2021-11-15,31.0,446.0,445.87,0.0284275685737995,467.43,0.048063336847063,True,,False,451.0,472.0,21.0,1.0002915648058852,252,2020-09-17,2020-10-16,2021-09-16,2021-10-15,0,True,0.027597951035484524,
452,2021-10-18,True,,SPY211117C00447000,SPY211117P00447000,2021-11-17,30.0,447.0,447.19,0.0286567230930924,468.14,0.0472729712202866,True,,False,452.0,474.0,22.0,0.9995751246673673,252,2020-09-17,2020-10-19,2021-09-16,2021-10-18,0,True,0.028898801651117027,
453,2021-10-19,True,,SPY211117C00451000,SPY211117P00451000,2021-11-17,29.0,451.0,450.64,0.0265844132788922,468.14,0.0380347949582815,True,,False,453.0,474.0,21.0,1.000798863838097,252,2020-09-21,2020-10-20,2021-09-20,2021-10-19,0,True,0.027199302228119195,
454,2021-10-20,True,,SPY211119C00452500,SPY211119P00452500,2021-11-19,30.0,452.5,452.41,0.027198779867819,468.89,0.0362282000839945,True,,False,454.0,476.0,22.0,1.000198934594726,252,2020-09-21,2020-10-21,2021-09-20,2021-10-20,0,True,0.028503868273619892,
455,2021-10-21,True,,SPY211119C00454000,SPY211119P00454000,2021-11-19,29.0,454.0,453.59,0.025695010912939,468.89,0.0328270023589585,True,,False,455.0,476.0,21.0,1.0009038999977955,252,2020-09-23,2020-10-22,2021-09-22,2021-10-21,0,True,0.027096869927614738,
456,2021-10-22,True,,SPY211122C00453000,SPY211122P00453000,2021-11-22,31.0,453.0,453.12,0.0275092690677966,467.57,0.0321548375706214,True,,False,456.0,477.0,21.0,0.9997351694915254,252,2020-09-24,2020-10-23,2021-09-23,2021-10-22,0,True,0.02768560486814004,
457,2021-10-25,True,,SPY211124C00456000,SPY211124P00456000,2021-11-24,30.0,456.0,455.55,0.0268686203490286,469.44,0.0295027988146196,True,,False,457.0,479.0,22.0,1.0009878169245967,252,2020-09-24,2020-10-26,2021-09-23,2021-10-25,0,True,0.027766156171893125,
458,2021-10-26,True,,SPY211124C00456000,SPY211124P00456000,2021-11-24,29.0,456.0,455.96,0.027908149837705,469.44,0.0294762698482322,True,,False,458.0,479.0,21.0,1.000087726993596,252,2020-09-28,2020-10-27,2021-09-27,2021-10-26,0,True,0.027270613967374516,
459,2021-10-27,True,,SPY211126C00454000,SPY211126P00454000,2021-11-26,30.0,454.0,453.94,0.0302352733841476,458.97,0.0109485835132396,True,,False,459.0,480.0,21.0,1.00013217605851,252,2020-09-29,2020-10-28,2021-09-28,2021-10-27,0,True,0.02737848057851323,
460,2021-10-28,True,,SPY211126C00458000,SPY211126P00458000,2021-11-26,29.0,458.0,458.32,0.0278189910979228,458.97,0.0021164252050969,True,,False,460.0,480.0,20.0,0.9993017978704836,252,2020-10-01,2020-10-29,2021-09-30,2021-10-28,0,True,0.027466540241569158,
461,2021-10-29,True,,SPY211129C00459000,SPY211129P00459000,2021-11-29,31.0,459.0,459.25,0.0281328252585737,464.6,0.0121937942297224,True,,False,461.0,481.0,20.0,0.9994556341861731,252,2020-10-02,2020-10-30,2021-10-01,2021-10-29,0,True,0.027508955569348223,
462,2021-11-01,True,,SPY211201C00460000,SPY211201P00460000,2021-12-01,30.0,460.0,460.04,0.0283453612729327,450.5,0.0206503782279801,True,,False,462.0,483.0,21.0,0.99991305103904,252,2020-10-02,2020-11-02,2021-10-01,2021-11-01,0,True,0.02800855302017497,
463,2021-11-02,True,,SPY211201C00462000,SPY211201P00462000,2021-12-01,29.0,462.0,461.9,0.0268456375838926,450.5,0.0248971638882875,True,,False,463.0,483.0,20.0,1.0002164970772895,252,2020-10-06,2020-11-03,2021-10-05,2021-11-02,0,True,0.02733509018114775,
464,2021-11-03,True,,SPY211203C00465000,SPY211203P00465000,2021-12-03,30.0,465.0,464.72,0.0263491995179893,453.42,0.024918230332243,True,,False,464.0,485.0,21.0,1.0006025133413667,252,2020-10-06,2020-11-04,2021-10-05,2021-11-03,0,True,0.028039563385625844,
465,2021-11-04,True,,SPY211203C00467000,SPY211203P00467000,2021-12-03,29.0,467.0,466.91,0.025486710500953,453.42,0.0290848343363817,True,,False,465.0,485.0,20.0,1.0001927566340407,252,2020-10-08,2020-11-05,2021-10-07,2021-11-04,0,True,0.027833915485447367,
466,2021-11-05,True,,SPY211206C00469000,SPY211206P00469000,2021-12-06,31.0,469.0,468.53,0.0268819499284997,458.79,0.0217915608392205,True,,False,466.0,486.0,20.0,1.0010031374725206,252,2020-10-09,2020-11-06,2021-10-08,2021-11-05,0,True,0.027475437926288038,
467,2021-11-08,True,,SPY211208C00469000,SPY211208P00469000,2021-12-08,30.0,469.0,468.93,0.0281278655662892,469.52,0.0011089075128483,True,,False,467.0,488.0,21.0,1.000149276011345,252,2020-10-09,2020-11-09,2021-10-08,2021-11-08,0,True,0.02891215478097412,
468,2021-11-09,True,,SPY211208C00467000,SPY211208P00467000,2021-12-08,29.0,467.0,467.38,0.0292909409902006,469.52,0.005391758312294,True,,False,468.0,488.0,20.0,0.9991869570798921,252,2020-10-13,2020-11-10,2021-10-12,2021-11-09,0,True,0.02931298483959826,
469,2021-11-10,True,,SPY211210C00464000,SPY211210P00464000,2021-12-10,30.0,464.0,463.62,0.03250506880635,470.74,0.0145377679996549,True,,False,469.0,490.0,21.0,1.0008196367714939,252,2020-10-13,2020-11-11,2021-10-12,2021-11-10,0,True,0.02891409449631643,
470,2021-11-11,True,,SPY211210C00464000,SPY211210P00464000,2021-12-10,29.0,464.0,463.77,0.030543157168424,470.74,0.0145330659594195,True,,False,470.0,490.0,20.0,1.000495935485262,252,2020-10-15,2020-11-12,2021-10-14,2021-11-11,0,True,0.02869131875927163,
471,2021-11-12,True,,SPY211213C00468000,SPY211213P00468000,2021-12-13,31.0,468.0,467.27,0.0282491921159072,466.57,0.0030603291458899,True,,False,471.0,491.0,20.0,1.0015622659276222,252,2020-10-16,2020-11-13,2021-10-15,2021-11-12,0,True,0.028085476154633415,
472,2021-11-15,True,,SPY211215C00467000,SPY211215P00467000,2021-12-15,30.0,467.0,467.43,0.0294161692659863,470.6,0.0077016879532764,True,,False,472.0,493.0,21.0,0.9990800761611364,252,2020-10-16,2020-11-16,2021-10-15,2021-11-15,0,True,0.030559493641885288,
473,2021-11-16,True,,SPY211215C00469000,SPY211215P00469000,2021-12-15,29.0,469.0,469.28,0.0284265257415615,470.6,0.0034094783498125,True,,False,473.0,493.0,20.0,0.9994033412887828,252,2020-10-20,2020-11-17,2021-10-19,2021-11-16,0,True,0.029569719495327402,
474,2021-11-17,True,,SPY211217C00468000,SPY211217P00468000,2021-12-17,30.0,468.0,468.14,0.0312299739394198,459.87,0.0173665997351219,True,,False,474.0,495.0,21.0,0.9997009441620028,252,2020-10-20,2020-11-18,2021-10-19,2021-11-17,0,True,0.030075618011963318,
475,2021-11-18,True,,SPY211217C00470000,SPY211217P00470000,2021-12-17,29.0,470.0,469.73,0.0305494645860387,459.87,0.0215655802269388,True,,False,475.0,495.0,20.0,1.0005747982883784,252,2020-10-22,2020-11-19,2021-10-21,2021-11-18,0,True,0.02866622469737377,
476,2021-11-19,True,,SPY211220C00469000,SPY211220P00469000,2021-12-20,31.0,469.0,468.89,0.0310627226001834,454.98,0.0299004030796135,True,,False,476.0,496.0,20.0,1.000234596600482,252,2020-10-23,2020-11-20,2021-10-22,2021-11-19,0,True,0.028890278366919667,
477,2021-11-22,True,,SPY211222C00468000,SPY211222P00468000,2021-12-22,30.0,468.0,467.57,0.033128729388113,467.69,0.0006630023312017,True,,False,477.0,498.0,21.0,1.0009196483948928,252,2020-10-23,2020-11-23,2021-10-22,2021-11-22,0,True,0.029189516267031375,
478,2021-11-23,True,,SPY211223C00468000,SPY211223P00468000,2021-12-23,30.0,468.0,468.19,0.0330528204361477,470.6,0.0055533010102736,True,,False,478.0,499.0,21.0,0.9995941818492492,252,2020-10-26,2020-11-24,2021-10-25,2021-11-23,0,True,0.03009348509262121,
479,2021-11-24,True,,SPY211223C00469000,SPY211223P00469000,2021-12-23,29.0,469.0,469.44,0.0314843217450579,470.6,0.0034083162917519,True,,False,479.0,499.0,20.0,0.9990627130197682,252,2020-10-28,2020-11-25,2021-10-27,2021-11-24,0,True,0.02945823960694079,
480,2021-11-26,False,no_pair_passing_relative_spread_10pct,,,,,,458.97,,,,False,no_straddle_available,False,,,,,0,,,,,0,False,,no_straddle_available
481,2021-11-29,True,,SPY211229C00465000,SPY211229P00465000,2021-12-29,30.0,465.0,464.6,0.0380111924235901,477.48,0.0268618166164442,True,,False,481.0,502.0,21.0,1.0008609556607835,252,2020-10-29,2020-11-30,2021-10-28,2021-11-29,0,True,0.02840679558605426,
482,2021-11-30,True,,SPY211229C00456000,SPY211229P00456000,2021-12-29,29.0,456.0,455.56,0.0463605233119676,477.48,0.0471507595047853,True,,False,482.0,502.0,20.0,1.000965844235666,252,2020-11-02,2020-12-01,2021-11-01,2021-11-30,0,True,0.026939568562320434,
483,2021-12-01,True,,SPY211231C00450000,SPY211231P00450000,2021-12-31,30.0,450.0,450.5,0.0555826859045505,474.96,0.0554051054384017,True,,False,483.0,504.0,21.0,0.9988901220865705,252,2020-11-02,2020-12-02,2021-11-01,2021-12-01,0,True,0.029028069422185256,
484,2021-12-02,True,,SPY211231C00457000,SPY211231P00457000,2021-12-31,29.0,457.0,457.4,0.0471797114123305,474.96,0.0392654132050721,True,,False,484.0,504.0,20.0,0.9991254919108002,252,2020-11-04,2020-12-03,2021-11-03,2021-12-02,0,True,0.027574668981166575,
485,2021-12-03,True,,SPY220103C00453000,SPY220103P00453000,2022-01-03,31.0,453.0,453.42,0.0516629173834414,477.71,0.0544969344095981,True,,False,485.0,505.0,20.0,0.9990737064972872,252,2020-11-05,2020-12-04,2021-11-04,2021-12-03,0,True,0.02745113990440868,
486,2021-12-06,True,,SPY220105C00459000,SPY220105P00459000,2022-01-05,30.0,459.0,458.79,0.0448789206390723,468.38,0.0204450838074064,True,,False,486.0,507.0,21.0,1.0004577257568823,252,2020-11-05,2020-12-07,2021-11-04,2021-12-06,0,True,0.027050446207377767,
487,2021-12-07,True,,SPY220105C00468000,SPY220105P00468000,2022-01-05,29.0,468.0,468.28,0.0359400358759716,468.38,0.000811480310925,True,,False,487.0,507.0,20.0,0.9994020671393185,252,2020-11-09,2020-12-08,2021-11-08,2021-12-07,0,True,0.026865735454939404,
488,2021-12-08,True,,SPY220107C00470000,SPY220107P00470000,2022-01-07,30.0,470.0,469.52,0.034024109729085,466.09,0.0083276537740671,True,,False,488.0,509.0,21.0,1.0010223206679163,252,2020-11-09,2020-12-09,2021-11-08,2021-12-08,0,True,0.026257895813161927,
489,2021-12-09,True,,SPY220107C00466000,SPY220107P00466000,2022-01-07,29.0,466.0,466.35,0.0361638254529859,466.09,0.0001929880990671,True,,False,489.0,509.0,20.0,0.9992494907258497,252,2020-11-11,2020-12-10,2021-11-10,2021-12-09,0,True,0.026691911635930887,
490,2021-12-10,True,,SPY220110C00470000,SPY220110P00470000,2022-01-10,31.0,470.0,470.74,0.0317797510302927,465.51,0.0095381739389047,True,,False,490.0,510.0,20.0,0.9984280069677529,252,2020-11-12,2020-12-11,2021-11-11,2021-12-10,0,True,0.027202155762899183,
491,2021-12-13,True,,SPY220112C00466000,SPY220112P00466000,2022-01-12,30.0,466.0,466.57,0.035846711104443,471.02,0.0107593715841138,True,,False,491.0,512.0,21.0,0.9987783183659472,252,2020-11-12,2020-12-14,2021-11-11,2021-12-13,0,True,0.02743507912095744,
492,2021-12-14,True,,SPY220114C00463000,SPY220114P00463000,2022-01-14,31.0,463.0,463.36,0.0404868784530386,464.72,0.0037120165745856,True,,False,492.0,514.0,22.0,0.9992230662983426,252,2020-11-12,2020-12-15,2021-11-11,2021-12-14,0,True,0.02786624649980819,
493,2021-12-15,True,,SPY220114C00471000,SPY220114P00471000,2022-01-14,30.0,471.0,470.6,0.0333935401614959,464.72,0.0133446663833403,True,,False,493.0,514.0,21.0,1.0008499787505312,252,2020-11-16,2020-12-16,2021-11-15,2021-12-15,0,True,0.025893049211572906,
494,2021-12-16,True,,SPY220114C00466000,SPY220114P00466000,2022-01-14,29.0,466.0,466.45,0.0362311072998177,464.72,0.0027441312037731,True,,False,494.0,514.0,20.0,0.9990352663736736,252,2020-11-18,2020-12-17,2021-11-17,2021-12-16,0,True,0.026426253833798447,
495,2021-12-17,True,,SPY220114C00460000,SPY220114P00460000,2022-01-14,28.0,460.0,459.87,0.040272250853502,464.72,0.0102637701959249,True,,False,495.0,514.0,19.0,1.0002826885859046,252,2020-11-20,2020-12-18,2021-11-19,2021-12-17,0,True,0.024945667535127104,
496,2021-12-20,True,,SPY220119C00455000,SPY220119P00455000,2022-01-19,30.0,455.0,454.98,0.0442876609960877,451.75,0.0071431711284012,True,,False,496.0,516.0,20.0,1.0000439579761748,252,2020-11-20,2020-12-21,2021-11-19,2021-12-20,0,True,0.025674369800825953,
497,2021-12-21,True,,SPY220121C00463000,SPY220121P00463000,2022-01-21,31.0,463.0,463.06,0.0398976374551893,437.98,0.0540318749190169,True,,False,497.0,518.0,21.0,0.9998704271584676,252,2020-11-20,2020-12-22,2021-11-19,2021-12-21,0,True,0.026310675896552293,
498,2021-12-22,True,,SPY220121C00468000,SPY220121P00468000,2022-01-21,30.0,468.0,467.69,0.0335371720584147,437.98,0.0641878167162008,True,,False,498.0,518.0,20.0,1.000662832217922,252,2020-11-24,2020-12-23,2021-11-23,2021-12-22,0,True,0.025099734125701944,
499,2021-12-23,True,,SPY220121C00471000,SPY220121P00471000,2022-01-21,29.0,471.0,470.6,0.0305036124096897,437.98,0.0701657458563535,True,,False,499.0,518.0,19.0,1.0008499787505312,252,2020-11-27,2020-12-24,2021-11-26,2021-12-23,0,True,0.024526057948681113,
500,2021-12-27,True,,SPY220126C00478000,SPY220126P00478000,2022-01-26,30.0,478.0,477.26,0.0294388802749025,433.38,0.0934920169299752,True,,False,500.0,521.0,21.0,1.0015505175376105,252,2020-11-25,2020-12-28,2021-11-24,2021-12-27,0,True,0.025096577621585115,
501,2021-12-28,True,,SPY220128C00477000,SPY220128P00477000,2022-01-28,31.0,477.0,476.87,0.0307211609033908,441.95,0.0735001153354163,True,,False,501.0,523.0,22.0,1.0002726109841256,252,2020-11-25,2020-12-29,2021-11-24,2021-12-28,0,True,0.026537701761045373,
502,2021-12-29,True,,SPY220128C00477000,SPY220128P00477000,2022-01-28,30.0,477.0,477.48,0.0291739968166205,441.95,0.0734062159671609,True,,False,502.0,523.0,21.0,0.9989947222920331,252,2020-11-30,2020-12-30,2021-11-29,2021-12-29,0,True,0.02671139452318156,
503,2021-12-30,True,,SPY220128C00476000,SPY220128P00476000,2022-01-28,29.0,476.0,476.16,0.029317876344086,441.95,0.0715095766129032,True,,False,503.0,523.0,20.0,0.9996639784946236,252,2020-12-02,2020-12-31,2021-12-01,2021-12-30,0,True,0.02601058381141865,
504,2021-12-31,True,,SPY220131C00475000,SPY220131P00475000,2022-01-31,31.0,475.0,474.96,0.0294761664140138,449.91,0.0528255010948289,True,,False,504.0,524.0,20.0,1.0000842176183258,252,2020-12-03,2021-01-04,2021-12-02,2021-12-31,0,True,0.025832745305622542,
505,2022-01-03,True,,SPY220202C00478000,SPY220202P00478000,2022-02-02,30.0,478.0,477.71,0.0280086244792865,457.35,0.0432270624437419,True,,False,505.0,526.0,21.0,1.0006070628624062,252,2020-12-03,2021-01-05,2021-12-02,2022-01-03,0,True,0.026079143411857113,
506,2022-01-04,True,,SPY220202C00478000,SPY220202P00478000,2022-02-02,29.0,478.0,477.55,0.0278714270756988,457.35,0.0432415453879174,True,,False,506.0,526.0,20.0,1.00094230970579,252,2020-12-07,2021-01-06,2021-12-06,2022-01-04,0,True,0.025660715463619813,
507,2022-01-05,True,,SPY220204C00468000,SPY220204P00468000,2022-02-04,30.0,468.0,468.38,0.0369358213416456,448.7,0.0412058584909688,True,,False,507.0,528.0,21.0,0.9991886929416286,252,2020-12-07,2021-01-07,2021-12-06,2022-01-05,0,True,0.02714940850665705,
508,2022-01-06,True,,SPY220204C00468000,SPY220204P00468000,2022-02-04,29.0,468.0,467.94,0.035859298200624,448.7,0.041244604009061,True,,False,508.0,528.0,20.0,1.0001282215668676,252,2020-12-09,2021-01-08,2021-12-08,2022-01-06,0,True,0.026013979363196243,
509,2022-01-07,True,,SPY220207C00466000,SPY220207P00466000,2022-02-07,31.0,466.0,466.09,0.035068334441846,447.26,0.0402068270076594,True,,False,509.0,529.0,20.0,0.9998069042459611,252,2020-12-10,2021-01-11,2021-12-09,2022-01-07,0,True,0.026050045109160137,
510,2022-01-10,True,,SPY220209C00466000,SPY220209P00466000,2022-02-09,30.0,466.0,465.51,0.0351549912998646,457.54,0.0181736160340271,True,,False,510.0,531.0,21.0,1.00105260896651,252,2020-12-10,2021-01-12,2021-12-09,2022-01-10,0,True,0.025731189014381324,
511,2022-01-11,True,,SPY220209C00470000,SPY220209P00470000,2022-02-09,29.0,470.0,469.75,0.0327408195848855,457.54,0.0265247472059605,True,,False,511.0,531.0,20.0,1.0005321979776476,252,2020-12-14,2021-01-13,2021-12-13,2022-01-11,0,True,0.025440367105809984,
512,2022-01-12,True,,SPY220211C00471000,SPY220211P00471000,2022-02-11,30.0,471.0,471.02,0.033013460150312,440.46,0.064838011124793,True,,False,512.0,533.0,21.0,0.9999575389580061,252,2020-12-14,2021-01-14,2021-12-13,2022-01-12,0,True,0.02612415216351742,
513,2022-01-13,True,,SPY220211C00465000,SPY220211P00465000,2022-02-11,29.0,465.0,464.53,0.037876993950875,440.46,0.0528275891761565,True,,False,513.0,533.0,20.0,1.0010117753428196,252,2020-12-16,2021-01-15,2021-12-15,2022-01-13,0,True,0.02503931252565486,
514,2022-01-14,True,,SPY220214C00465000,SPY220214P00465000,2022-02-14,31.0,465.0,464.72,0.0369039421587192,439.02,0.0559046307453951,True,,False,514.0,534.0,20.0,1.0006025133413667,252,2020-12-17,2021-01-19,2021-12-16,2022-01-14,0,True,0.02522264739921587,
515,2022-01-18,True,,SPY220216C00456000,SPY220216P00456000,2022-02-16,29.0,456.0,456.49,0.0448859777870271,446.6,0.020591907818353,True,,False,515.0,536.0,21.0,0.998926592039256,252,2020-12-17,2021-01-20,2021-12-16,2022-01-18,0,True,0.026557244813644184,
516,2022-01-19,True,,SPY220218C00452000,SPY220218P00452000,2022-02-18,30.0,452.0,451.75,0.0471499723298284,434.23,0.0393359158826784,True,,False,516.0,538.0,22.0,1.0005534034311012,252,2020-12-17,2021-01-21,2021-12-16,2022-01-19,0,True,0.02624231648048202,
517,2022-01-20,True,,SPY220218C00447000,SPY220218P00447000,2022-02-18,29.0,447.0,446.75,0.0493116955791829,434.23,0.0285842193620592,True,,False,517.0,538.0,21.0,1.0005595970900951,252,2020-12-21,2021-01-22,2021-12-20,2022-01-20,0,True,0.025494405424095912,
518,2022-01-21,True,,SPY220218C00438000,SPY220218P00438000,2022-02-18,28.0,438.0,437.98,0.0554819854787889,434.23,0.0086076989816886,True,,False,518.0,538.0,20.0,1.0000456641855793,252,2020-12-23,2021-01-25,2021-12-22,2022-01-21,0,True,0.02540836967984016,
519,2022-01-24,True,,SPY220223C00440000,SPY220223P00440000,2022-02-23,30.0,440.0,439.84,0.0571344125136413,421.95,0.0410376500545653,True,,False,519.0,540.0,21.0,1.000363768643143,252,2020-12-23,2021-01-26,2021-12-22,2022-01-24,0,True,0.02570676237950596,
520,2022-01-25,True,,SPY220225C00434000,SPY220225P00434000,2022-02-25,31.0,434.0,434.47,0.0610398876792413,437.75,0.0086312058369968,True,,False,520.0,542.0,22.0,0.998918222201763,252,2020-12-23,2021-01-27,2021-12-22,2022-01-25,0,True,0.02725806434294977,
521,2022-01-26,True,,SPY220225C00434000,SPY220225P00434000,2022-02-25,30.0,434.0,433.38,0.0599012414047717,437.75,0.0086529143015367,True,,False,521.0,542.0,21.0,1.0014306151645207,252,2020-12-28,2021-01-28,2021-12-27,2022-01-26,0,True,0.02562504556396417,
522,2022-01-27,True,,SPY220225C00431000,SPY220225P00431000,2022-02-25,29.0,431.0,431.24,0.0592709396159911,437.75,0.0156525368704201,True,,False,522.0,542.0,20.0,0.9994434653557184,252,2020-12-30,2021-01-29,2021-12-29,2022-01-27,0,True,0.02664354996161698,
523,2022-01-28,True,,SPY220228C00442000,SPY220228P00442000,2022-02-28,31.0,442.0,441.95,0.0521439076818644,436.63,0.0121506957800656,True,,False,523.0,543.0,20.0,1.0001131349700192,252,2020-12-31,2021-02-01,2021-12-30,2022-01-28,0,True,0.026571622022578293,
524,2022-01-31,True,,SPY220302C00450000,SPY220302P00450000,2022-03-02,30.0,450.0,449.91,0.0460203151741459,437.89,0.0269164944099931,True,,False,524.0,545.0,21.0,1.0002000400080016,252,2020-12-31,2021-02-02,2021-12-30,2022-01-31,0,True,0.02700970207957205,
525,2022-02-01,True,,SPY220302C00453000,SPY220302P00453000,2022-03-02,29.0,453.0,452.95,0.0400596092283916,437.89,0.0333590904073297,True,,False,525.0,545.0,20.0,1.0001103874599846,252,2021-01-05,2021-02-03,2022-01-03,2022-02-01,0,True,0.026827473420518996,
526,2022-02-02,True,,SPY220304C00457000,SPY220304P00457000,2022-03-04,30.0,457.0,457.35,0.0394555591997376,432.17,0.0542910243795779,True,,False,526.0,547.0,21.0,0.9992347217666994,252,2021-01-05,2021-02-04,2022-01-03,2022-02-02,0,True,0.027617965249024566,
527,2022-02-03,True,,SPY220304C00447000,SPY220304P00447000,2022-03-04,29.0,447.0,446.6,0.0479847738468428,432.17,0.03320644872369,True,,False,527.0,547.0,20.0,1.0008956560680697,252,2021-01-07,2021-02-05,2022-01-05,2022-02-03,0,True,0.026580815438145746,
528,2022-02-04,True,,SPY220307C00448000,SPY220307P00448000,2022-03-07,31.0,448.0,448.7,0.0453086694896367,419.43,0.0636728326275908,True,,False,528.0,548.0,20.0,0.9984399375975039,252,2021-01-08,2021-02-08,2022-01-06,2022-02-04,0,True,0.02781581143687057,
529,2022-02-07,True,,SPY220309C00447000,SPY220309P00447000,2022-03-09,30.0,447.0,447.26,0.0449291239994633,427.41,0.0438000268300316,True,,False,529.0,550.0,21.0,0.9994186826454412,252,2021-01-08,2021-02-09,2022-01-06,2022-02-07,0,True,0.02768246104377227,
530,2022-02-08,True,,SPY220309C00451000,SPY220309P00451000,2022-03-09,29.0,451.0,450.94,0.0402049053089102,427.41,0.052312946289972,True,,False,530.0,550.0,20.0,1.0001330553953962,252,2021-01-12,2021-02-10,2022-01-10,2022-02-08,0,True,0.027067602721894693,
531,2022-02-09,True,,SPY220311C00458000,SPY220311P00458000,2022-03-11,30.0,458.0,457.54,0.0376688376972505,420.07,0.0828998557503169,True,,False,531.0,552.0,21.0,1.001005376579097,252,2021-01-12,2021-02-11,2022-01-10,2022-02-09,0,True,0.026965906176703847,
532,2022-02-10,True,,SPY220311C00449000,SPY220311P00449000,2022-03-11,29.0,449.0,449.32,0.0453908127837621,420.07,0.0643861835662779,True,,False,532.0,552.0,20.0,0.9992878126947388,252,2021-01-14,2021-02-12,2022-01-12,2022-02-10,0,True,0.02749073477750657,
533,2022-02-11,True,,SPY220314C00440000,SPY220314P00440000,2022-03-14,31.0,440.0,440.46,0.0538527902647232,417.0,0.0522181355855242,True,,False,533.0,553.0,20.0,0.9989556372882895,252,2021-01-15,2021-02-16,2022-01-13,2022-02-11,0,True,0.027691061794172415,
534,2022-02-14,True,,SPY220316C00439000,SPY220316P00439000,2022-03-16,30.0,439.0,439.02,0.0551113844471778,435.62,0.0076989658785476,True,,False,534.0,555.0,21.0,0.9999544439888843,252,2021-01-15,2021-02-17,2022-01-13,2022-02-14,0,True,0.02765691424503135,
535,2022-02-15,True,,SPY220316C00446000,SPY220316P00446000,2022-03-16,29.0,446.0,446.1,0.0475566016588208,435.62,0.0232683254875588,True,,False,535.0,555.0,20.0,0.9997758350145707,252,2021-01-20,2021-02-18,2022-01-18,2022-02-15,0,True,0.02731822654254081,
536,2022-02-16,True,,SPY220318C00447000,SPY220318P00447000,2022-03-18,30.0,447.0,446.6,0.0469435736677116,444.52,0.0055530676220331,True,,False,536.0,557.0,21.0,1.0008956560680697,252,2021-01-20,2021-02-19,2022-01-18,2022-02-16,0,True,0.027233286434330185,
537,2022-02-17,True,,SPY220318C00437000,SPY220318P00437000,2022-03-18,29.0,437.0,437.06,0.0549466892417517,444.52,0.0172058756234841,True,,False,537.0,557.0,20.0,0.9998627190774722,252,2021-01-22,2021-02-22,2022-01-20,2022-02-17,0,True,0.027281792153081023,
538,2022-02-18,True,,SPY220321C00434000,SPY220321P00434000,2022-03-21,31.0,434.0,434.23,0.0561223314833152,444.39,0.0239274117403219,True,,False,538.0,558.0,20.0,0.9994703267853441,252,2021-01-25,2021-02-23,2022-01-21,2022-02-18,0,True,0.027422649864507837,
539,2022-02-22,True,,SPY220323C00430000,SPY220323P00430000,2022-03-23,29.0,430.0,429.57,0.0571385338827199,443.8,0.0321251484042182,True,,False,539.0,560.0,21.0,1.001001001001001,252,2021-01-25,2021-02-24,2022-01-21,2022-02-22,0,True,0.027393268953194588,
540,2022-02-23,True,,SPY220325C00422000,SPY220325P00422000,2022-03-25,30.0,422.0,421.95,0.062258561440929,452.69,0.0727337362246711,True,,False,540.0,562.0,22.0,1.0001184974523047,252,2021-01-25,2021-02-25,2022-01-21,2022-02-23,0,True,0.02849509477036463,
541,2022-02-24,True,,SPY220325C00428000,SPY220325P00428000,2022-03-25,29.0,428.0,428.3,0.0569460658416997,452.69,0.0576465094559887,True,,False,541.0,562.0,21.0,0.9992995563857109,252,2021-01-27,2021-02-26,2022-01-25,2022-02-24,0,True,0.028150481040756972,
542,2022-02-25,True,,SPY220328C00438000,SPY220328P00438000,2022-03-28,31.0,438.0,437.75,0.0527355796687607,455.91,0.0409137635636779,True,,False,542.0,563.0,21.0,1.0005711022272987,252,2021-01-28,2021-03-01,2022-01-26,2022-02-25,0,True,0.027654763522953842,
543,2022-02-28,True,,SPY220330C00437000,SPY220330P00437000,2022-03-30,30.0,437.0,436.63,0.0559970684561299,458.7,0.0496988296727205,True,,False,543.0,565.0,22.0,1.0008473993999496,252,2021-01-28,2021-03-02,2022-01-26,2022-02-28,0,True,0.028162188876717124,
544,2022-03-01,True,,SPY220331C00430000,SPY220331P00430000,2022-03-31,30.0,430.0,429.98,0.0650379087399413,451.64,0.0503279222289408,True,,False,544.0,566.0,22.0,1.000046513791339,252,2021-01-29,2021-03-03,2022-01-27,2022-03-01,0,True,0.028386800121817393,
545,2022-03-02,True,,SPY220401C00438000,SPY220401P00438000,2022-04-01,30.0,438.0,437.89,0.0581767110461531,452.92,0.0340724839571582,True,,False,545.0,567.0,22.0,1.0002512046404348,252,2021-02-01,2021-03-04,2022-01-28,2022-03-02,0,True,0.028225565098269834,
546,2022-03-03,True,,SPY220401C00436000,SPY220401P00436000,2022-04-01,29.0,436.0,435.71,0.0582268022308416,452.92,0.0388331688508412,True,,False,546.0,567.0,21.0,1.0006655803171836,252,2021-02-03,2021-03-05,2022-02-01,2022-03-03,0,True,0.02763910385926001,
547,2022-03-04,True,,SPY220404C00430000,SPY220404P00430000,2022-04-04,31.0,430.0,432.17,0.0622671633847791,456.8,0.0620126339172085,True,,False,547.0,568.0,21.0,0.9949788277761066,252,2021-02-04,2021-03-08,2022-02-02,2022-03-04,0,True,0.030174855469088335,
548,2022-03-07,True,,SPY220406C00420000,SPY220406P00420000,2022-04-06,30.0,420.0,419.43,0.0696540543118041,446.52,0.0632286674772905,True,,False,548.0,570.0,22.0,1.00135898719691,252,2021-02-04,2021-03-09,2022-02-02,2022-03-07,0,True,0.028456326495543357,
549,2022-03-08,True,,SPY220406C00416000,SPY220406P00416000,2022-04-06,29.0,416.0,416.25,0.0671351351351351,446.52,0.0733213213213212,True,,False,549.0,570.0,21.0,0.9993993993993994,252,2021-02-08,2021-03-10,2022-02-04,2022-03-08,0,True,0.028757996951983195,
550,2022-03-09,True,,SPY220408C00427000,SPY220408P00427000,2022-04-08,30.0,427.0,427.41,0.0625394819962097,447.57,0.0481270910835029,True,,False,550.0,572.0,22.0,0.9990407337217191,252,2021-02-08,2021-03-11,2022-02-04,2022-03-09,0,True,0.0296935055076975,
551,2022-03-10,True,,SPY220408C00425000,SPY220408P00425000,2022-04-08,29.0,425.0,425.48,0.0590274513490645,447.57,0.0530459716085362,True,,False,551.0,572.0,21.0,0.9988718623672087,252,2021-02-10,2021-03-12,2022-02-08,2022-03-10,0,True,0.02930218781763046,
552,2022-03-11,True,,SPY220411C00420000,SPY220411P00420000,2022-04-11,31.0,420.0,420.07,0.0612874044802056,439.92,0.0474206679839074,True,,False,552.0,573.0,21.0,0.9998333611064822,252,2021-02-11,2021-03-15,2022-02-09,2022-03-11,0,True,0.029241683915677077,
553,2022-03-14,True,,SPY220413C00416000,SPY220413P00416000,2022-04-13,30.0,416.0,417.0,0.0639448441247002,443.31,0.0654916067146283,True,,False,553.0,575.0,22.0,0.9976019184652278,252,2021-02-11,2021-03-16,2022-02-09,2022-03-14,0,True,0.03088133475035782,
554,2022-03-15,True,,SPY220414C00426000,SPY220414P00426000,2022-04-14,30.0,426.0,426.17,0.0589670788652415,437.79,0.0276650163080461,True,,False,554.0,576.0,22.0,0.9996010981533191,252,2021-02-12,2021-03-17,2022-02-10,2022-03-15,0,True,0.030317697656899702,
555,2022-03-16,True,,SPY220414C00436000,SPY220414P00436000,2022-04-14,29.0,436.0,435.62,0.0499288370598227,437.79,0.0041090859005555,True,,False,555.0,576.0,21.0,1.0008723199118497,252,2021-02-17,2021-03-18,2022-02-14,2022-03-16,0,True,0.029234306907508573,
556,2022-03-17,True,,SPY220414C00441000,SPY220414P00441000,2022-04-14,28.0,441.0,441.07,0.0459564241503616,437.79,0.0072777563652027,True,,False,556.0,576.0,20.0,0.9998412950325345,252,2021-02-19,2021-03-19,2022-02-16,2022-03-17,0,True,0.02906904158633884,
557,2022-03-18,True,,SPY220418C00445000,SPY220418P00445000,2022-04-18,31.0,445.0,444.52,0.0444186988212003,437.97,0.0158148114820479,True,,False,557.0,577.0,20.0,1.0010798164312067,252,2021-02-22,2021-03-22,2022-02-17,2022-03-18,0,True,0.02877837495089839,
558,2022-03-21,True,,SPY220420C00444000,SPY220420P00444000,2022-04-20,30.0,444.0,444.39,0.0443529332343212,444.71,0.0015976957177253,True,,False,558.0,579.0,21.0,0.9991223924930804,252,2021-02-22,2021-03-23,2022-02-17,2022-03-21,0,True,0.02985309207281684,
559,2022-03-22,True,,SPY220420C00450000,SPY220420P00450000,2022-04-20,29.0,450.0,449.59,0.0406036611134589,444.71,0.0117662759403012,True,,False,559.0,579.0,20.0,1.0009119419915924,252,2021-02-24,2021-03-24,2022-02-22,2022-03-22,0,True,0.029023973533994482,
560,2022-03-23,True,,SPY220422C00444000,SPY220422P00444000,2022-04-22,30.0,444.0,443.8,0.0443442992338891,426.04,0.0404686795853987,True,,False,560.0,581.0,21.0,1.0004506534474988,252,2021-02-24,2021-03-25,2022-02-22,2022-03-23,0,True,0.029679843342254014,
561,2022-03-24,True,,SPY220422C00450000,SPY220422P00450000,2022-04-22,29.0,450.0,450.49,0.0400674820750738,426.04,0.0531865302226464,True,,False,561.0,581.0,20.0,0.998912295500455,252,2021-02-26,2021-03-26,2022-02-24,2022-03-24,0,True,0.029923405191586587,
562,2022-03-25,True,,SPY220425C00453000,SPY220425P00453000,2022-04-25,31.0,453.0,452.69,0.038315403476993,428.51,0.0540988314298968,True,,False,562.0,582.0,20.0,1.0006847953345557,252,2021-03-01,2021-03-29,2022-02-25,2022-03-25,0,True,0.02934478319454437,
563,2022-03-28,True,,SPY220427C00456000,SPY220427P00456000,2022-04-27,30.0,456.0,455.91,0.03577460463688,417.27,0.084950977166546,True,,False,563.0,584.0,21.0,1.000197407383036,252,2021-03-01,2021-03-30,2022-02-25,2022-03-28,0,True,0.03009004182331715,
564,2022-03-29,True,,SPY220427C00462000,SPY220427P00462000,2022-04-27,29.0,462.0,461.55,0.0333116672083197,417.27,0.0969125771855703,True,,False,564.0,584.0,20.0,1.0009749756256094,252,2021-03-03,2021-03-31,2022-03-01,2022-03-29,0,True,0.02958258640985943,
565,2022-03-30,True,,SPY220429C00459000,SPY220429P00459000,2022-04-29,30.0,459.0,458.7,0.0366252452583387,412.0,0.1024634837584477,True,,False,565.0,586.0,21.0,1.0006540222367561,252,2021-03-03,2021-04-01,2022-03-01,2022-03-30,0,True,0.030288995007886815,
566,2022-03-31,True,,SPY220429C00452000,SPY220429P00452000,2022-04-29,29.0,452.0,451.64,0.039456204056328,412.0,0.0885661146045523,True,,False,566.0,586.0,20.0,1.000797095031441,252,2021-03-05,2021-04-05,2022-03-03,2022-03-31,0,True,0.029558669673281867,
567,2022-04-01,True,,SPY220502C00453000,SPY220502P00453000,2022-05-02,31.0,453.0,452.92,0.0359886955753775,414.48,0.0850481321204627,True,,False,567.0,587.0,20.0,1.0001766316347258,252,2021-03-08,2021-04-06,2022-03-04,2022-04-01,0,True,0.029695731014219958,
568,2022-04-04,True,,SPY220504C00457000,SPY220504P00457000,2022-05-04,30.0,457.0,456.8,0.033789404553415,429.06,0.0611646234676006,True,,False,568.0,589.0,21.0,1.0004378283712785,252,2021-03-08,2021-04-07,2022-03-04,2022-04-04,0,True,0.030116967001794937,
569,2022-04-05,True,,SPY220504C00451000,SPY220504P00451000,2022-05-04,29.0,451.0,451.03,0.0384785934416779,429.06,0.0486442143538123,True,,False,569.0,589.0,20.0,0.9999334855774561,252,2021-03-10,2021-04-08,2022-03-08,2022-04-05,0,True,0.030003335808825346,
570,2022-04-06,True,,SPY220506C00447000,SPY220506P00447000,2022-05-06,30.0,447.0,446.52,0.0418234345606019,411.34,0.0798620442533369,True,,False,570.0,591.0,21.0,1.0010749798441279,252,2021-03-10,2021-04-09,2022-03-08,2022-04-06,0,True,0.03003498822617158,
571,2022-04-07,True,,SPY220506C00449000,SPY220506P00449000,2022-05-06,29.0,449.0,448.77,0.0401987655146288,411.34,0.0839182654812042,True,,False,571.0,591.0,20.0,1.000512511977182,252,2021-03-12,2021-04-12,2022-03-10,2022-04-07,0,True,0.029849851377500458,
572,2022-04-08,True,,SPY220509C00448000,SPY220509P00448000,2022-05-09,31.0,448.0,447.57,0.0402953727908483,398.17,0.1113345398485152,True,,False,572.0,592.0,20.0,1.000960743570838,252,2021-03-15,2021-04-13,2022-03-11,2022-04-08,0,True,0.029804417332080647,
573,2022-04-11,True,,SPY220511C00440000,SPY220511P00440000,2022-05-11,30.0,440.0,439.92,0.0471335697399527,392.75,0.10740589198036,True,,False,573.0,594.0,21.0,1.000181851245681,252,2021-03-15,2021-04-14,2022-03-11,2022-04-11,0,True,0.03030324675000918,
574,2022-04-12,True,,SPY220511C00438000,SPY220511P00438000,2022-05-11,29.0,438.0,438.29,0.046806908667777,392.75,0.1032421456113532,True,,False,574.0,594.0,20.0,0.9993383376303361,252,2021-03-17,2021-04-15,2022-03-15,2022-04-12,0,True,0.030303094439191564,
575,2022-04-13,True,,SPY220513C00443000,SPY220513P00443000,2022-05-13,30.0,443.0,443.31,0.0423631318941598,401.72,0.0931176828855653,True,,False,575.0,596.0,21.0,0.9993007150752296,252,2021-03-17,2021-04-16,2022-03-15,2022-04-13,0,True,0.030601038316127753,
576,2022-04-14,True,,SPY220513C00438000,SPY220513P00438000,2022-05-13,29.0,438.0,437.79,0.0442677996299595,401.72,0.0828707827954041,True,,False,576.0,596.0,20.0,1.0004796820393338,252,2021-03-19,2021-04-19,2022-03-17,2022-04-14,0,True,0.029608927046316597,
577,2022-04-18,True,,SPY220518C00438000,SPY220518P00438000,2022-05-18,30.0,438.0,437.97,0.0447519236477384,391.86,0.1053496814850331,True,,False,577.0,599.0,22.0,1.000068497842318,252,2021-03-18,2021-04-20,2022-03-16,2022-04-18,0,True,0.030563351747963336,
578,2022-04-19,True,,SPY220518C00445000,SPY220518P00445000,2022-05-18,29.0,445.0,445.04,0.0403446881179219,391.86,0.1194049973036131,True,,False,578.0,599.0,21.0,0.9999101204386122,252,2021-03-22,2021-04-21,2022-03-18,2022-04-19,0,True,0.029781510615382468,
579,2022-04-20,True,,SPY220520C00445000,SPY220520P00445000,2022-05-20,30.0,445.0,444.71,0.0411391693463155,389.63,0.1245081064064221,True,,False,579.0,601.0,22.0,1.0006521103640575,252,2021-03-22,2021-04-22,2022-03-18,2022-04-20,0,True,0.02994334591918821,
580,2022-04-21,True,,SPY220520C00438000,SPY220520P00438000,2022-05-20,29.0,438.0,438.06,0.0451764598456832,389.63,0.1104186641099393,True,,False,580.0,601.0,21.0,0.9998630324613067,252,2021-03-24,2021-04-23,2022-03-22,2022-04-21,0,True,0.02943068233700754,
581,2022-04-22,True,,SPY220523C00426000,SPY220523P00426000,2022-05-23,31.0,426.0,426.04,0.0554290676931743,396.92,0.068256501736926,True,,False,581.0,602.0,21.0,0.99990611210215,252,2021-03-25,2021-04-26,2022-03-23,2022-04-22,0,True,0.029276188204025583,
582,2022-04-25,True,,SPY220525C00428000,SPY220525P00428000,2022-05-25,30.0,428.0,428.51,0.0538610534176565,397.37,0.0714802455018552,True,,False,582.0,604.0,22.0,0.998809829408882,252,2021-03-25,2021-04-27,2022-03-23,2022-04-25,0,True,0.030115589605986225,
583,2022-04-26,True,,SPY220525C00416000,SPY220525P00416000,2022-05-25,29.0,416.0,416.1,0.0633741888968997,397.37,0.0447728911319394,True,,False,583.0,604.0,21.0,0.9997596731554914,252,2021-03-29,2021-04-28,2022-03-25,2022-04-26,0,True,0.02933083672540166,
584,2022-04-27,True,,SPY220527C00417000,SPY220527P00417000,2022-05-27,30.0,417.0,417.27,0.0622139142521628,415.26,0.0041699618951758,True,,False,584.0,606.0,22.0,0.9993529369473003,252,2021-03-29,2021-04-29,2022-03-25,2022-04-27,0,True,0.03005343124225574,
585,2022-04-28,True,,SPY220527C00428000,SPY220527P00428000,2022-05-27,29.0,428.0,427.81,0.055199738201538,415.26,0.0297795750449966,True,,False,585.0,606.0,21.0,1.000444122390781,252,2021-03-31,2021-04-30,2022-03-29,2022-04-28,0,True,0.029303229802676602,
586,2022-04-29,True,,SPY220527C00412000,SPY220527P00412000,2022-05-27,28.0,412.0,412.0,0.0638713592233009,415.26,0.0079126213592232,True,,False,586.0,606.0,20.0,1.0,252,2021-04-05,2021-05-03,2022-03-31,2022-04-29,0,True,0.029352623558390366,
587,2022-05-02,True,,SPY220601C00414000,SPY220601P00414000,2022-06-01,30.0,414.0,414.48,0.06242762015055,409.59,0.0106398378691372,True,,False,587.0,608.0,21.0,0.9988419224088013,252,2021-04-05,2021-05-04,2022-03-31,2022-05-02,0,True,0.03006597031256624,
588,2022-05-03,True,,SPY220601C00416000,SPY220601P00416000,2022-06-01,29.0,416.0,416.38,0.0575796147749651,409.59,0.0153945914789375,True,,False,588.0,608.0,20.0,0.999087372112013,252,2021-04-07,2021-05-05,2022-04-04,2022-05-03,0,True,0.030033657701249154,
589,2022-05-04,True,,SPY220603C00429000,SPY220603P00429000,2022-06-03,30.0,429.0,429.06,0.0507388244068428,410.54,0.0430242856476949,True,,False,589.0,610.0,21.0,0.9998601594182632,252,2021-04-07,2021-05-06,2022-04-04,2022-05-04,0,True,0.030173366597898005,
590,2022-05-05,True,,SPY220603C00414000,SPY220603P00414000,2022-06-03,29.0,414.0,413.81,0.0621541287064111,410.54,0.0083613252458857,True,,False,590.0,610.0,20.0,1.0004591479181266,252,2021-04-09,2021-05-07,2022-04-06,2022-05-05,0,True,0.030037387799206058,
591,2022-05-06,True,,SPY220606C00412000,SPY220606P00412000,2022-06-06,31.0,412.0,411.34,0.0603880001944863,411.79,0.0005105265716924,True,,False,591.0,611.0,20.0,1.0016045120824622,252,2021-04-12,2021-05-10,2022-04-07,2022-05-06,0,True,0.030086761695276486,
592,2022-05-09,True,,SPY220608C00400000,SPY220608P00400000,2022-06-08,30.0,400.0,398.17,0.0692668960494261,411.22,0.0281789185523771,True,,False,592.0,613.0,21.0,1.0045960268227139,252,2021-04-12,2021-05-11,2022-04-07,2022-05-09,0,True,0.030224643452596192,
593,2022-05-10,True,,SPY220608C00400000,SPY220608P00400000,2022-06-08,29.0,400.0,399.09,0.0655992382670575,411.22,0.0281139592573104,True,,False,593.0,613.0,20.0,1.0022801874263951,252,2021-04-14,2021-05-12,2022-04-11,2022-05-10,0,True,0.030768788851609594,
594,2022-05-11,True,,SPY220610C00392000,SPY220610P00392000,2022-06-10,30.0,392.0,392.75,0.0684022915340547,389.8,0.0056015276893697,True,,False,594.0,615.0,21.0,0.9980903882877148,252,2021-04-14,2021-05-13,2022-04-11,2022-05-11,0,True,0.032085760165018705,
595,2022-05-12,True,,SPY220610C00392000,SPY220610P00392000,2022-06-10,29.0,392.0,392.34,0.0662690523525513,389.8,0.0056073813529081,True,,False,595.0,615.0,20.0,0.9991334047000051,252,2021-04-16,2021-05-14,2022-04-13,2022-05-12,0,True,0.031998450341996366,
596,2022-05-13,True,,SPY220613C00402000,SPY220613P00402000,2022-06-13,31.0,402.0,401.72,0.0599795877725779,375.0,0.0672109927312556,True,,False,596.0,616.0,20.0,1.0006970028875832,252,2021-04-19,2021-05-17,2022-04-14,2022-05-13,0,True,0.03204907361212675,
597,2022-05-16,True,,SPY220615C00400000,SPY220615P00400000,2022-06-15,30.0,400.0,400.09,0.0588992476692744,379.2,0.0519883026319078,True,,False,597.0,618.0,21.0,0.999775050613612,252,2021-04-19,2021-05-18,2022-04-14,2022-05-16,0,True,0.03281052043385085,
598,2022-05-17,True,,SPY220615C00408000,SPY220615P00408000,2022-06-15,29.0,408.0,408.32,0.0548099529780564,379.2,0.0705329153605016,True,,False,598.0,618.0,20.0,0.9992163009404389,252,2021-04-21,2021-05-19,2022-04-19,2022-05-17,0,True,0.032960586839036236,
599,2022-05-18,True,,SPY220617C00392000,SPY220617P00392000,2022-06-17,30.0,392.0,391.86,0.0654953299647833,365.86,0.0667074975756647,True,,False,599.0,620.0,21.0,1.0003572704537333,252,2021-04-21,2021-05-20,2022-04-19,2022-05-18,0,True,0.03339797982584952,
600,2022-05-19,True,,SPY220617C00389000,SPY220617P00389000,2022-06-17,29.0,389.0,389.46,0.0623042160940789,365.86,0.0594156010886868,True,,False,600.0,620.0,20.0,0.9988188774200175,252,2021-04-23,2021-05-21,2022-04-21,2022-05-19,0,True,0.03385717990106824,
601,2022-05-20,True,,SPY220617C00390000,SPY220617P00390000,2022-06-17,28.0,390.0,389.63,0.0611605882503913,365.86,0.0619562148705181,True,,False,601.0,620.0,19.0,1.0009496188691835,252,2021-04-27,2021-05-24,2022-04-25,2022-05-20,0,True,0.033193362947651905,
602,2022-05-23,True,,SPY220622C00397000,SPY220622P00397000,2022-06-22,30.0,397.0,396.92,0.0595837952232187,374.39,0.0569636198730223,True,,False,602.0,622.0,20.0,1.0002015519500151,252,2021-04-27,2021-05-25,2022-04-25,2022-05-23,0,True,0.03423096074354645,
603,2022-05-24,True,,SPY220622C00394000,SPY220622P00394000,2022-06-22,29.0,394.0,393.89,0.0605879814161314,374.39,0.0497854731016274,True,,False,603.0,622.0,19.0,1.0002792657848638,252,2021-04-29,2021-05-26,2022-04-27,2022-05-24,0,True,0.033674806140467216,
604,2022-05-25,True,,SPY220624C00397000,SPY220624P00397000,2022-06-24,30.0,397.0,397.37,0.0602587009588041,390.08,0.0174145003397337,True,,False,604.0,624.0,20.0,0.9990688778720085,252,2021-04-29,2021-05-27,2022-04-27,2022-05-25,0,True,0.03476851418421385,
605,2022-05-26,True,,SPY220624C00405000,SPY220624P00405000,2022-06-24,29.0,405.0,405.31,0.056228565789149,390.08,0.0368113295995658,True,,False,605.0,624.0,19.0,0.9992351533394193,252,2021-05-03,2021-05-28,2022-04-29,2022-05-26,0,True,0.034143461940996205,
606,2022-05-27,True,,SPY220627C00415000,SPY220627P00415000,2022-06-27,31.0,415.0,415.26,0.0534123199922939,388.59,0.0635987092424024,True,,False,606.0,625.0,19.0,0.999373886239946,252,2021-05-04,2021-06-01,2022-05-02,2022-05-27,0,True,0.034111060352715605,
607,2022-05-31,True,,SPY220630C00413000,SPY220630P00413000,2022-06-30,30.0,413.0,412.93,0.0551546266921754,377.25,0.08657641731044,True,,False,607.0,628.0,21.0,1.0001695202576708,252,2021-05-03,2021-06-02,2022-04-29,2022-05-31,0,True,0.03526317132686663,
608,2022-06-01,True,,SPY220701C00410000,SPY220701P00410000,2022-07-01,30.0,410.0,409.59,0.0541150907004565,381.24,0.070216558021436,True,,False,608.0,629.0,21.0,1.001001001001001,252,2021-05-04,2021-06-03,2022-05-02,2022-06-01,0,True,0.03518541280141543,
609,2022-06-02,True,,SPY220701C00417000,SPY220701P00417000,2022-07-01,29.0,417.0,417.39,0.0502767196147488,381.24,0.0856752677352116,True,,False,609.0,629.0,20.0,0.999065622080069,252,2021-05-06,2021-06-04,2022-05-04,2022-06-02,0,True,0.03505327112636794,
610,2022-06-03,True,,SPY220701C00411000,SPY220701P00411000,2022-07-01,28.0,411.0,410.54,0.0508111268085935,381.24,0.0724898913625955,True,,False,610.0,629.0,19.0,1.0011204754713303,252,2021-05-10,2021-06-07,2022-05-06,2022-06-03,0,True,0.03407015152414917,
611,2022-06-06,True,,SPY220706C00412000,SPY220706P00412000,2022-07-06,30.0,412.0,411.79,0.0511547147818062,383.25,0.0698171398042691,True,,False,611.0,631.0,20.0,1.000509968673353,252,2021-05-10,2021-06-08,2022-05-06,2022-06-06,0,True,0.034897276266467374,
612,2022-06-07,True,,SPY220706C00416000,SPY220706P00416000,2022-07-06,29.0,416.0,415.74,0.0482873911579352,383.25,0.078775196035984,True,,False,612.0,631.0,19.0,1.0006253908692933,252,2021-05-12,2021-06-09,2022-05-10,2022-06-07,0,True,0.034303051590914777,
613,2022-06-08,True,,SPY220708C00411000,SPY220708P00411000,2022-07-08,30.0,411.0,411.22,0.0503380185788628,388.67,0.0543018335684061,True,,False,613.0,633.0,20.0,0.9994650065658285,252,2021-05-12,2021-06-10,2022-05-10,2022-06-08,0,True,0.03518597083172491,
614,2022-06-09,True,,SPY220708C00401000,SPY220708P00401000,2022-07-08,29.0,401.0,401.44,0.0546407931446791,388.67,0.0307144280589876,True,,False,614.0,633.0,19.0,0.9989039457951375,252,2021-05-14,2021-06-11,2022-05-12,2022-06-09,0,True,0.03450984629765068,
615,2022-06-10,True,,SPY220711C00390000,SPY220711P00390000,2022-07-11,31.0,390.0,389.8,0.0589404822986146,384.23,0.0148024628014365,True,,False,615.0,634.0,19.0,1.0005130836326321,252,2021-05-17,2021-06-14,2022-05-13,2022-06-10,0,True,0.034353591370156415,
616,2022-06-13,True,,SPY220713C00375000,SPY220713P00375000,2022-07-13,30.0,375.0,375.0,0.0701466666666666,378.83,0.0102133333333332,True,,False,616.0,636.0,20.0,1.0,252,2021-05-17,2021-06-15,2022-05-13,2022-06-13,0,True,0.035111680571228085,
617,2022-06-14,True,,SPY220713C00374000,SPY220713P00374000,2022-07-13,29.0,374.0,373.87,0.0650226014390028,378.83,0.0129189290395056,True,,False,617.0,636.0,19.0,1.0003477144461979,252,2021-05-19,2021-06-16,2022-05-17,2022-06-14,0,True,0.03474469801898296,
618,2022-06-15,True,,SPY220715C00379000,SPY220715P00379000,2022-07-15,30.0,379.0,379.2,0.0618539029535865,385.13,0.0161656118143459,True,,False,618.0,638.0,20.0,0.9994725738396625,252,2021-05-19,2021-06-17,2022-05-17,2022-06-15,0,True,0.035508879524353644,
619,2022-06-16,True,,SPY220715C00366000,SPY220715P00366000,2022-07-15,29.0,366.0,366.65,0.0657438974498841,385.13,0.0521750988681303,True,,False,619.0,638.0,19.0,0.9982271921450976,252,2021-05-21,2021-06-18,2022-05-19,2022-06-16,0,True,0.0351489030510616,
620,2022-06-17,True,,SPY220718C00366000,SPY220718P00366000,2022-07-18,31.0,366.0,365.86,0.0636445634942327,381.95,0.0435959110042092,True,,False,620.0,639.0,19.0,1.0003826600338928,252,2021-05-24,2021-06-21,2022-05-20,2022-06-17,0,True,0.03517793076811454,
621,2022-06-21,True,,SPY220720C00375000,SPY220720P00375000,2022-07-20,29.0,375.0,375.07,0.0603354040579092,394.77,0.0527101607699895,True,,False,621.0,641.0,20.0,0.9998133681712748,252,2021-05-24,2021-06-22,2022-05-20,2022-06-21,0,True,0.03595826061972182,
622,2022-06-22,True,,SPY220722C00374000,SPY220722P00374000,2022-07-22,30.0,374.0,374.39,0.060845642244718,395.09,0.0563316327893372,True,,False,622.0,643.0,21.0,0.9989583055102967,252,2021-05-24,2021-06-23,2022-05-20,2022-06-22,0,True,0.03645461653570231,
623,2022-06-23,True,,SPY220722C00378000,SPY220722P00378000,2022-07-22,29.0,378.0,378.06,0.0588530921017827,395.09,0.0452044648997512,True,,False,623.0,643.0,20.0,0.9998412950325345,252,2021-05-26,2021-06-24,2022-05-24,2022-06-23,0,True,0.03626024868720998,
624,2022-06-24,True,,SPY220725C00390000,SPY220725P00390000,2022-07-25,31.0,390.0,390.08,0.0552578958162428,395.57,0.0142791222313371,True,,False,624.0,644.0,20.0,0.9997949138638228,252,2021-05-27,2021-06-25,2022-05-25,2022-06-24,0,True,0.03627616240807843,
625,2022-06-27,True,,SPY220727C00388000,SPY220727P00388000,2022-07-27,30.0,388.0,388.59,0.0561903291386808,401.04,0.0335572196917059,True,,False,625.0,646.0,21.0,0.9984816902133354,252,2021-05-27,2021-06-28,2022-05-25,2022-06-27,0,True,0.036601954722098574,
626,2022-06-28,True,,SPY220729C00381000,SPY220729P00381000,2022-07-29,31.0,381.0,380.65,0.0605280441350321,411.99,0.081413371863917,True,,False,626.0,648.0,22.0,1.0009194798371208,252,2021-05-27,2021-06-29,2022-05-25,2022-06-28,0,True,0.03700685111474941,
627,2022-06-29,True,,SPY220729C00380000,SPY220729P00380000,2022-07-29,30.0,380.0,380.34,0.0599463637797759,411.99,0.0841089551453962,True,,False,627.0,648.0,21.0,0.9991060629962666,252,2021-06-01,2021-06-30,2022-05-27,2022-06-29,0,True,0.03697842978867974,
628,2022-06-30,True,,SPY220729C00377000,SPY220729P00377000,2022-07-29,29.0,377.0,377.25,0.059456593770709,411.99,0.0927501656726309,True,,False,628.0,648.0,20.0,0.9993373094764745,252,2021-06-03,2021-07-01,2022-06-01,2022-06-30,0,True,0.03710305496076152,
629,2022-07-01,True,,SPY220801C00381000,SPY220801P00381000,2022-08-01,31.0,381.0,381.24,0.0572998636029797,410.77,0.0780872940929597,True,,False,629.0,649.0,20.0,0.9993704752911552,252,2021-06-04,2021-07-02,2022-06-02,2022-07-01,0,True,0.037330994716019174,
630,2022-07-05,True,,SPY220803C00382000,SPY220803P00382000,2022-08-03,29.0,382.0,381.96,0.0576238349565399,414.45,0.0849565399518273,True,,False,630.0,651.0,21.0,1.0001047230076447,252,2021-06-04,2021-07-06,2022-06-02,2022-07-05,0,True,0.03759099561920721,
631,2022-07-06,True,,SPY220805C00383000,SPY220805P00383000,2022-08-05,30.0,383.0,383.25,0.058095238095238,413.47,0.0795042400521853,True,,False,631.0,653.0,22.0,0.9993476842791911,252,2021-06-04,2021-07-07,2022-06-02,2022-07-06,0,True,0.03800336677334915,
632,2022-07-07,True,,SPY220805C00389000,SPY220805P00389000,2022-08-05,29.0,389.0,388.99,0.0543715776755186,413.47,0.0629065014524795,True,,False,632.0,653.0,21.0,1.0000257076017378,252,2021-06-08,2021-07-08,2022-06-06,2022-07-07,0,True,0.03786257347707683,
633,2022-07-08,True,,SPY220808C00388000,SPY220808P00388000,2022-08-08,31.0,388.0,388.67,0.0527697018035865,412.99,0.0642961895695577,True,,False,633.0,654.0,21.0,0.9982761725885713,252,2021-06-09,2021-07-09,2022-06-07,2022-07-08,0,True,0.03801567933985355,
634,2022-07-11,True,,SPY220810C00384000,SPY220810P00384000,2022-08-10,30.0,384.0,384.23,0.0557478593550737,419.99,0.0936678551909013,True,,False,634.0,656.0,22.0,0.9994014002030034,252,2021-06-09,2021-07-12,2022-06-07,2022-07-11,0,True,0.03840313687199876,
635,2022-07-12,True,,SPY220810C00381000,SPY220810P00381000,2022-08-10,29.0,381.0,380.83,0.056271827324528,419.99,0.1023816401018827,True,,False,635.0,656.0,21.0,1.000446393403881,252,2021-06-11,2021-07-13,2022-06-09,2022-07-12,0,True,0.03826604370219711,
636,2022-07-13,True,,SPY220812C00379000,SPY220812P00379000,2022-08-12,30.0,379.0,378.83,0.0572288361534197,427.1,0.1269698809492385,True,,False,636.0,658.0,22.0,1.000448750098989,252,2021-06-11,2021-07-14,2022-06-09,2022-07-13,0,True,0.03870378196936049,
637,2022-07-14,True,,SPY220812C00378000,SPY220812P00378000,2022-08-12,29.0,378.0,377.91,0.0554497102484718,427.1,0.1299251144452383,True,,False,637.0,658.0,21.0,1.0002381519409382,252,2021-06-15,2021-07-15,2022-06-13,2022-07-14,0,True,0.03819268336981148,
638,2022-07-15,True,,SPY220815C00385000,SPY220815P00385000,2022-08-15,31.0,385.0,385.13,0.0513073507646768,428.86,0.113883623711474,True,,False,638.0,659.0,21.0,0.9996624516397061,252,2021-06-16,2021-07-16,2022-06-14,2022-07-15,0,True,0.03818877348310027,
639,2022-07-18,True,,SPY220817C00382000,SPY220817P00382000,2022-08-17,30.0,382.0,381.95,0.0539861238381987,426.65,0.116900117816468,True,,False,639.0,661.0,22.0,1.0001309071868045,252,2021-06-16,2021-07-19,2022-06-14,2022-07-18,0,True,0.038736725551136185,
640,2022-07-19,True,,SPY220817C00392000,SPY220817P00392000,2022-08-17,29.0,392.0,392.27,0.0509215591301909,426.65,0.0883320162133224,True,,False,640.0,661.0,21.0,0.9993116985749612,252,2021-06-18,2021-07-20,2022-06-16,2022-07-19,0,True,0.038364378893381734,
641,2022-07-20,True,,SPY220819C00395000,SPY220819P00395000,2022-08-19,30.0,395.0,394.77,0.050789067051701,422.14,0.0687488917597588,True,,False,641.0,663.0,22.0,1.0005826177267776,252,2021-06-18,2021-07-21,2022-06-16,2022-07-20,0,True,0.03909645755181187,
642,2022-07-21,True,,SPY220819C00399000,SPY220819P00399000,2022-08-19,29.0,399.0,398.79,0.0466536272223476,422.14,0.0580255272198399,True,,False,642.0,663.0,21.0,1.0005265929436544,252,2021-06-22,2021-07-22,2022-06-21,2022-07-21,0,True,0.038704229367095985,
643,2022-07-22,True,,SPY220822C00395000,SPY220822P00395000,2022-08-22,31.0,395.0,395.09,0.0475840947632185,413.35,0.0464451137715457,True,,False,643.0,664.0,21.0,0.9997722038016655,252,2021-06-23,2021-07-23,2022-06-22,2022-07-22,0,True,0.03876974027092482,
644,2022-07-25,True,,SPY220824C00396000,SPY220824P00396000,2022-08-24,30.0,396.0,395.57,0.0476021943018934,413.67,0.0446697171170716,True,,False,644.0,666.0,22.0,1.0010870389564426,252,2021-06-23,2021-07-26,2022-06-22,2022-07-25,0,True,0.039450626732034,
645,2022-07-26,True,,SPY220824C00391000,SPY220824P00391000,2022-08-24,29.0,391.0,390.89,0.0501931489677402,413.67,0.0579958556115531,True,,False,645.0,666.0,21.0,1.000281409092072,252,2021-06-25,2021-07-27,2022-06-24,2022-07-26,0,True,0.038674780612627746,
646,2022-07-27,True,,SPY220826C00401000,SPY220826P00401000,2022-08-26,30.0,401.0,401.04,0.0476261719529224,405.31,0.0107470576501097,True,,False,646.0,668.0,22.0,0.999900259325753,252,2021-06-25,2021-07-28,2022-06-24,2022-07-27,0,True,0.0393055544873717,
647,2022-07-28,True,,SPY220826C00406000,SPY220826P00406000,2022-08-26,29.0,406.0,406.07,0.0450907479006082,405.31,0.0016992144211589,True,,False,647.0,668.0,21.0,0.9998276159282883,252,2021-06-29,2021-07-29,2022-06-28,2022-07-28,0,True,0.03882431651822044,
648,2022-07-29,True,,SPY220829C00412000,SPY220829P00412000,2022-08-29,31.0,412.0,411.99,0.0433262943275322,402.63,0.0227432704677298,True,,False,648.0,669.0,21.0,1.0000242724337969,252,2021-06-30,2021-07-30,2022-06-29,2022-07-29,0,True,0.03904374772378343,
649,2022-08-01,True,,SPY220831C00411000,SPY220831P00411000,2022-08-31,30.0,411.0,410.77,0.0461328724103512,395.18,0.038513036492441,True,,False,649.0,671.0,22.0,1.0005599240450862,252,2021-06-30,2021-08-02,2022-06-29,2022-08-01,0,True,0.03983463091453043,
650,2022-08-02,True,,SPY220831C00408000,SPY220831P00408000,2022-08-31,29.0,408.0,408.06,0.0481669362348674,395.18,0.0314169484879674,True,,False,650.0,671.0,21.0,0.9998529627995882,252,2021-07-02,2021-08-03,2022-07-01,2022-08-02,0,True,0.03950446289121422,
651,2022-08-03,True,,SPY220902C00414000,SPY220902P00414000,2022-09-02,30.0,414.0,414.45,0.045264808782724,392.24,0.0525033176498974,True,,False,651.0,673.0,22.0,0.998914223669924,252,2021-07-02,2021-08-04,2022-07-01,2022-08-03,0,True,0.04022765988338524,
652,2022-08-04,True,,SPY220902C00414000,SPY220902P00414000,2022-09-02,29.0,414.0,414.17,0.0436656445420962,392.24,0.0525388125648887,True,,False,652.0,673.0,21.0,0.9995895405268368,252,2021-07-07,2021-08-05,2022-07-06,2022-08-04,0,True,0.040026181901756094,
653,2022-08-05,True,,SPY220902C00413000,SPY220902P00413000,2022-09-02,28.0,413.0,413.47,0.0417563547536701,392.24,0.0502092050209204,True,,False,653.0,673.0,20.0,0.9988632790770793,252,2021-07-09,2021-08-06,2022-07-08,2022-08-05,0,True,0.039746106705840396,
654,2022-08-08,True,,SPY220907C00412000,SPY220907P00412000,2022-09-07,30.0,412.0,412.99,0.0430276762149204,397.78,0.0344318264364755,True,,False,654.0,675.0,21.0,0.9976028475265745,252,2021-07-09,2021-08-09,2022-07-08,2022-08-08,0,True,0.04029304045173719,
655,2022-08-09,True,,SPY220909C00411000,SPY220909P00411000,2022-09-09,31.0,411.0,411.35,0.0454965357967667,406.6,0.0106964871763704,True,,False,655.0,677.0,22.0,0.9991491430655159,252,2021-07-09,2021-08-10,2022-07-08,2022-08-09,0,True,0.0410555425905058,
656,2022-08-10,True,,SPY220909C00420000,SPY220909P00420000,2022-09-09,30.0,420.0,419.99,0.0396676111335984,406.6,0.031905521560037,True,,False,656.0,677.0,21.0,1.0000238100907164,252,2021-07-13,2021-08-11,2022-07-12,2022-08-10,0,True,0.040948741447516986,
657,2022-08-11,True,,SPY220909C00420000,SPY220909P00420000,2022-09-09,29.0,420.0,419.99,0.0397866615871806,406.6,0.031905521560037,True,,False,657.0,677.0,20.0,1.0000238100907164,252,2021-07-15,2021-08-12,2022-07-14,2022-08-11,0,True,0.041050964486264385,
658,2022-08-12,True,,SPY220912C00427000,SPY220912P00427000,2022-09-12,31.0,427.0,427.1,0.0383048466401311,410.97,0.0375321938656051,True,,False,658.0,678.0,20.0,0.9997658627955982,252,2021-07-16,2021-08-13,2022-07-15,2022-08-12,0,True,0.041374516631075,
659,2022-08-15,True,,SPY220914C00428000,SPY220914P00428000,2022-09-14,30.0,428.0,428.86,0.040164622487525,394.6,0.0778808935316886,True,,False,659.0,680.0,21.0,0.997994683579723,252,2021-07-16,2021-08-16,2022-07-15,2022-08-15,0,True,0.04201656862888902,
660,2022-08-16,True,,SPY220914C00430000,SPY220914P00430000,2022-09-14,29.0,430.0,429.7,0.0385617872934605,394.6,0.0823830579474051,True,,False,660.0,680.0,20.0,1.0006981615080288,252,2021-07-20,2021-08-17,2022-07-19,2022-08-16,0,True,0.04195660989639326,
661,2022-08-17,True,,SPY220916C00427000,SPY220916P00427000,2022-09-16,30.0,427.0,426.65,0.0426930739482011,385.56,0.0971287940935192,True,,False,661.0,682.0,21.0,1.0008203445447088,252,2021-07-20,2021-08-18,2022-07-19,2022-08-17,0,True,0.042654965786821174,
662,2022-08-18,True,,SPY220916C00428000,SPY220916P00428000,2022-09-16,29.0,428.0,427.89,0.0400570240014957,385.56,0.0991843698146719,True,,False,662.0,682.0,20.0,1.0002570754165792,252,2021-07-22,2021-08-19,2022-07-21,2022-08-18,0,True,0.042376858803306265,
663,2022-08-19,True,,SPY220919C00422000,SPY220919P00422000,2022-09-19,31.0,422.0,422.14,0.0423911498554981,388.55,0.0792391149855498,True,,False,663.0,683.0,20.0,0.9996683564694178,252,2021-07-23,2021-08-20,2022-07-22,2022-08-19,0,True,0.042575398621497715,
664,2022-08-22,True,,SPY220921C00414000,SPY220921P00414000,2022-09-21,30.0,414.0,413.35,0.0489052860771743,377.39,0.0885690093141405,True,,False,664.0,685.0,21.0,1.001572517237208,252,2021-07-23,2021-08-23,2022-07-22,2022-08-22,0,True,0.04326185743620065,
665,2022-08-23,True,,SPY220923C00412500,SPY220923P00412500,2022-09-23,31.0,412.5,412.35,0.0505880926397477,367.95,0.1080392870134594,True,,False,665.0,687.0,22.0,1.0003637686431428,252,2021-07-23,2021-08-24,2022-07-22,2022-08-23,0,True,0.04388555326178307,
666,2022-08-24,True,,SPY220923C00414000,SPY220923P00414000,2022-09-23,30.0,414.0,413.67,0.047513718664636,367.95,0.1113206178838204,True,,False,666.0,687.0,21.0,1.0007977373268546,252,2021-07-27,2021-08-25,2022-07-26,2022-08-24,0,True,0.04347800398677004,
667,2022-08-25,True,,SPY220923C00420000,SPY220923P00420000,2022-09-23,29.0,420.0,419.51,0.0442063359633858,367.95,0.1240733236394841,True,,False,667.0,687.0,20.0,1.0011680293675955,252,2021-07-29,2021-08-26,2022-07-28,2022-08-25,0,True,0.043063661436425024,
668,2022-08-26,True,,SPY220926C00405000,SPY220926P00405000,2022-09-26,31.0,405.0,405.31,0.0521576077570254,364.31,0.1003922923194591,True,,False,668.0,688.0,20.0,0.9992351533394193,252,2021-07-30,2021-08-27,2022-07-29,2022-08-26,0,True,0.04295412634011299,
669,2022-08-29,True,,SPY220928C00403000,SPY220928P00403000,2022-09-28,30.0,403.0,402.63,0.0531381168815041,370.53,0.080644760698408,True,,False,669.0,690.0,21.0,1.0009189578521223,252,2021-07-30,2021-08-30,2022-07-29,2022-08-29,0,True,0.04353750037495333,
670,2022-08-30,True,,SPY220928C00398000,SPY220928P00398000,2022-09-28,29.0,398.0,398.21,0.0531880163732703,370.53,0.0689837020667487,True,,False,670.0,690.0,20.0,0.9994726400642877,252,2021-08-03,2021-08-31,2022-08-02,2022-08-30,0,True,0.04289461162558552,
671,2022-08-31,True,,SPY220930C00395000,SPY220930P00395000,2022-09-30,30.0,395.0,395.18,0.0540260134622197,357.18,0.0957032238473606,True,,False,671.0,692.0,21.0,0.999544511361911,252,2021-08-03,2021-09-01,2022-08-02,2022-08-31,0,True,0.04343191551415944,
672,2022-09-01,True,,SPY220930C00396000,SPY220930P00396000,2022-09-30,29.0,396.0,396.42,0.0514227334645073,357.18,0.0979264416527924,True,,False,672.0,692.0,20.0,0.9989405176328137,252,2021-08-05,2021-09-02,2022-08-04,2022-09-01,0,True,0.04298458867994235,
673,2022-09-02,True,,SPY221003C00392000,SPY221003P00392000,2022-10-03,31.0,392.0,392.24,0.0528757903324495,366.61,0.06473077707526,True,,False,673.0,693.0,20.0,0.9993881297165,252,2021-08-06,2021-09-03,2022-08-05,2022-09-02,0,True,0.04311988976566114,
674,2022-09-06,True,,SPY221007C00391000,SPY221007P00391000,2022-10-07,31.0,391.0,390.76,0.0564796806223769,362.79,0.0721926502200838,True,,False,674.0,697.0,23.0,1.0006141877367183,252,2021-08-04,2021-09-07,2022-08-03,2022-09-06,0,True,0.045311342731107825,
675,2022-09-07,True,,SPY221007C00398000,SPY221007P00398000,2022-10-07,30.0,398.0,397.78,0.0509829554024837,362.79,0.088516265272261,True,,False,675.0,697.0,22.0,1.0005530695359244,252,2021-08-06,2021-09-08,2022-08-05,2022-09-07,0,True,0.044475825467283576,
676,2022-09-08,True,,SPY221007C00400000,SPY221007P00400000,2022-10-07,29.0,400.0,400.38,0.0483165992307308,362.79,0.0929367101253808,True,,False,676.0,697.0,21.0,0.9990509016434388,252,2021-08-10,2021-09-09,2022-08-09,2022-09-08,0,True,0.043727639779499276,
677,2022-09-09,True,,SPY221010C00406000,SPY221010P00406000,2022-10-10,31.0,406.0,406.6,0.0466797835710772,360.02,0.1130841121495327,True,,False,677.0,698.0,21.0,0.9985243482538121,252,2021-08-11,2021-09-10,2022-08-10,2022-09-09,0,True,0.04373164184614776,
678,2022-09-12,True,,SPY221012C00410000,SPY221012P00410000,2022-10-12,30.0,410.0,410.97,0.0486775190403192,356.56,0.1300338224201279,True,,False,678.0,700.0,22.0,0.9976397303939459,252,2021-08-11,2021-09-13,2022-08-10,2022-09-12,0,True,0.04421273148053392,
679,2022-09-13,True,,SPY221014C00393000,SPY221014P00393000,2022-10-14,31.0,393.0,393.1,0.0565377766471635,357.63,0.0899771050623251,True,,False,679.0,702.0,23.0,0.9997456118036122,252,2021-08-11,2021-09-14,2022-08-10,2022-09-13,0,True,0.045501460585854976,
680,2022-09-14,True,,SPY221014C00395000,SPY221014P00395000,2022-10-14,30.0,395.0,394.6,0.0545108971109984,357.63,0.0947034972123669,True,,False,680.0,702.0,22.0,1.0010136847440445,252,2021-08-13,2021-09-15,2022-08-12,2022-09-14,0,True,0.04518657016961781,
681,2022-09-15,True,,SPY221014C00390000,SPY221014P00390000,2022-10-14,29.0,390.0,390.12,0.0544704193581462,357.63,0.0829744693940326,True,,False,681.0,702.0,21.0,0.9996924023377423,252,2021-08-17,2021-09-16,2022-08-16,2022-09-15,0,True,0.044891267306294225,
682,2022-09-16,True,,SPY221017C00386000,SPY221017P00386000,2022-10-17,31.0,386.0,385.56,0.0564244216205,366.82,0.0497458242556281,True,,False,682.0,703.0,21.0,1.0011411972196287,252,2021-08-18,2021-09-17,2022-08-17,2022-09-16,0,True,0.04548336038294925,
683,2022-09-19,True,,SPY221019C00388000,SPY221019P00388000,2022-10-19,30.0,388.0,388.55,0.0558615364817912,368.5,0.0501865911723072,True,,False,683.0,705.0,22.0,0.9985844807618067,252,2021-08-18,2021-09-20,2022-08-17,2022-09-19,0,True,0.045887696625039595,
684,2022-09-20,True,,SPY221019C00384000,SPY221019P00384000,2022-10-19,29.0,384.0,384.09,0.0579812023223723,368.5,0.0403551251008878,True,,False,684.0,705.0,21.0,0.9997656799187691,252,2021-08-20,2021-09-21,2022-08-19,2022-09-20,0,True,0.04590275911607616,
685,2022-09-21,True,,SPY221021C00377000,SPY221021P00377000,2022-10-21,30.0,377.0,377.39,0.0613423779114444,374.29,0.0071809003948169,True,,False,685.0,707.0,22.0,0.9989665862900449,252,2021-08-20,2021-09-22,2022-08-19,2022-09-21,0,True,0.046666501444359035,
686,2022-09-22,True,,SPY221021C00374000,SPY221021P00374000,2022-10-21,29.0,374.0,374.22,0.0585484474373363,374.29,0.0007749452193897,True,,False,686.0,707.0,21.0,0.9994121105232215,252,2021-08-24,2021-09-23,2022-08-23,2022-09-22,0,True,0.04638594273281901,
687,2022-09-23,True,,SPY221024C00368000,SPY221024P00368000,2022-10-24,31.0,368.0,367.95,0.062522081804593,378.87,0.0295420573447479,True,,False,687.0,708.0,21.0,1.0001358880282647,252,2021-08-25,2021-09-24,2022-08-24,2022-09-23,0,True,0.04690229290752443,
688,2022-09-26,True,,SPY221026C00364000,SPY221026P00364000,2022-10-26,30.0,364.0,364.31,0.0671955202986467,382.02,0.049463369108726,True,,False,688.0,710.0,22.0,0.9991490763360874,252,2021-08-25,2021-09-27,2022-08-24,2022-09-26,0,True,0.047847884565996444,
689,2022-09-27,True,,SPY221026C00364000,SPY221026P00364000,2022-10-26,29.0,364.0,363.38,0.0665831911497605,382.02,0.0495899609224502,True,,False,689.0,710.0,21.0,1.0017062028730255,252,2021-08-27,2021-09-28,2022-08-26,2022-09-27,0,True,0.04804744059935333,
690,2022-09-28,True,,SPY221028C00370000,SPY221028P00370000,2022-10-28,30.0,370.0,370.53,0.0634766415674844,389.02,0.0513318759614605,True,,False,690.0,712.0,22.0,0.9985696164952906,252,2021-08-27,2021-09-29,2022-08-26,2022-09-28,0,True,0.048469375107422524,
691,2022-09-29,True,,SPY221028C00363000,SPY221028P00363000,2022-10-28,29.0,363.0,362.79,0.0648584580611373,389.02,0.0717219327985886,True,,False,691.0,712.0,21.0,1.0005788472670138,252,2021-08-31,2021-09-30,2022-08-30,2022-09-29,0,True,0.04820259898347504,
692,2022-09-30,True,,SPY221031C00357000,SPY221031P00357000,2022-10-31,31.0,357.0,357.18,0.0650512346715941,386.21,0.0817794949325269,True,,False,692.0,713.0,21.0,0.9994960524105493,252,2021-09-01,2021-10-01,2022-08-31,2022-09-30,0,True,0.04820413400029335,
693,2022-10-03,True,,SPY221102C00367000,SPY221102P00367000,2022-11-02,30.0,367.0,366.61,0.0619732140421701,374.87,0.0214669539837975,True,,False,693.0,715.0,22.0,1.0010638007692096,252,2021-09-01,2021-10-04,2022-08-31,2022-10-03,0,True,0.049463114517899955,
694,2022-10-04,True,,SPY221102C00378000,SPY221102P00378000,2022-11-02,29.0,378.0,377.97,0.0584305632722173,374.87,0.008281080509035,True,,False,694.0,715.0,21.0,1.0000793713786809,252,2021-09-03,2021-10-05,2022-09-02,2022-10-04,0,True,0.0483749272999041,
695,2022-10-05,True,,SPY221104C00377000,SPY221104P00377000,2022-11-04,30.0,377.0,377.09,0.0601447930202339,376.35,0.0017237264313558,True,,False,695.0,717.0,22.0,0.9997613301864277,252,2021-09-03,2021-10-06,2022-09-02,2022-10-05,0,True,0.04919813967744668,
696,2022-10-06,True,,SPY221104C00373000,SPY221104P00373000,2022-11-04,29.0,373.0,373.2,0.0624732047159699,376.35,0.0089764201500536,True,,False,696.0,717.0,21.0,0.9994640943193999,252,2021-09-08,2021-10-07,2022-09-07,2022-10-06,0,True,0.048335879303832416,
697,2022-10-07,True,,SPY221107C00363000,SPY221107P00363000,2022-11-07,31.0,363.0,362.79,0.0645552523498442,379.95,0.0467212436946993,True,,False,697.0,718.0,21.0,1.0005788472670138,252,2021-09-09,2021-10-08,2022-09-08,2022-10-07,0,True,0.04878896623603165,
698,2022-10-10,True,,SPY221109C00360000,SPY221109P00360000,2022-11-09,30.0,360.0,360.02,0.0678017887895117,374.13,0.0392478195655796,True,,False,698.0,720.0,22.0,0.9999444475306928,252,2021-09-09,2021-10-11,2022-09-08,2022-10-10,0,True,0.049768024202561816,
699,2022-10-11,True,,SPY221109C00358000,SPY221109P00358000,2022-11-09,29.0,358.0,357.74,0.0685553754123106,374.13,0.0450886118410018,True,,False,699.0,720.0,21.0,1.000726784815788,252,2021-09-13,2021-10-12,2022-09-12,2022-10-11,0,True,0.04958938113351162,
700,2022-10-12,True,,SPY221111C00357000,SPY221111P00357000,2022-11-11,30.0,357.0,356.56,0.071110051604218,398.51,0.1164179941664796,True,,False,700.0,722.0,22.0,1.0012340139107023,252,2021-09-13,2021-10-13,2022-09-12,2022-10-12,0,True,0.05076425789334056,
701,2022-10-13,True,,SPY221111C00366000,SPY221111P00366000,2022-11-11,29.0,366.0,365.97,0.0673142607317539,398.51,0.088832417957756,True,,False,701.0,722.0,21.0,1.0000819739322895,252,2021-09-15,2021-10-14,2022-09-14,2022-10-13,0,True,0.049939427364732836,
702,2022-10-14,True,,SPY221114C00358000,SPY221114P00358000,2022-11-14,31.0,358.0,357.63,0.0674999300953499,395.12,0.1037944244051114,True,,False,702.0,723.0,21.0,1.0010345888208483,252,2021-09-16,2021-10-15,2022-09-15,2022-10-14,0,True,0.050389683844889954,
703,2022-10-17,True,,SPY221116C00366000,SPY221116P00366000,2022-11-16,30.0,366.0,366.82,0.0669401886483834,395.45,0.0802846082547298,True,,False,703.0,725.0,22.0,0.997764571179325,252,2021-09-16,2021-10-18,2022-09-15,2022-10-17,0,True,0.05096852597090039,
704,2022-10-18,True,,SPY221118C00371000,SPY221118P00371000,2022-11-18,31.0,371.0,371.13,0.0664053027241128,396.03,0.0674426750734243,True,,False,704.0,727.0,23.0,0.9996497184275052,252,2021-09-16,2021-10-19,2022-09-15,2022-10-18,0,True,0.05246783907482947,
705,2022-10-19,True,,SPY221118C00368000,SPY221118P00368000,2022-11-18,30.0,368.0,368.5,0.0659565807327001,396.03,0.0760651289009497,True,,False,705.0,727.0,22.0,0.9986431478968792,252,2021-09-20,2021-10-20,2022-09-19,2022-10-19,0,True,0.051341437516474436,
706,2022-10-20,True,,SPY221118C00365000,SPY221118P00365000,2022-11-18,29.0,365.0,365.41,0.0642839550094414,396.03,0.0849183109383978,True,,False,706.0,727.0,21.0,0.9988779726882132,252,2021-09-22,2021-10-21,2022-09-21,2022-10-20,0,True,0.05027328307868641,
707,2022-10-21,True,,SPY221121C00374000,SPY221121P00374000,2022-11-21,31.0,374.0,374.29,0.0640278928103876,394.59,0.0550108204867882,True,,False,707.0,728.0,21.0,0.9992251997114536,252,2021-09-23,2021-10-22,2022-09-22,2022-10-21,0,True,0.05019209387220748,
708,2022-10-24,True,,SPY221123C00378000,SPY221123P00378000,2022-11-23,30.0,378.0,378.87,0.0649431203315121,402.42,0.0644548261936812,True,,False,708.0,730.0,22.0,0.9977036978383086,252,2021-09-23,2021-10-25,2022-09-22,2022-10-24,0,True,0.050943446288307416,
709,2022-10-25,True,,SPY221123C00385000,SPY221123P00385000,2022-11-23,29.0,385.0,384.92,0.0605580380338771,402.42,0.0452561571235581,True,,False,709.0,730.0,21.0,1.0002078353943675,252,2021-09-27,2021-10-26,2022-09-26,2022-10-25,0,True,0.05052633380953659,
710,2022-10-26,True,,SPY221125C00382000,SPY221125P00382000,2022-11-25,30.0,382.0,382.02,0.0594078844039579,402.33,0.053217109051882,True,,False,710.0,731.0,21.0,0.9999476467200671,252,2021-09-28,2021-10-27,2022-09-27,2022-10-26,0,True,0.050560751959926195,
711,2022-10-27,True,,SPY221125C00380000,SPY221125P00380000,2022-11-25,29.0,380.0,379.98,0.0578319911574293,402.33,0.0587662508553081,True,,False,711.0,731.0,20.0,1.0000526343491762,252,2021-09-30,2021-10-28,2022-09-29,2022-10-27,0,True,0.049628506691201564,
712,2022-10-28,True,,SPY221128C00390000,SPY221128P00390000,2022-11-28,31.0,390.0,389.02,0.0563467173924219,395.91,0.0151920209757853,True,,False,712.0,732.0,20.0,1.00251915068634,252,2021-10-01,2021-10-29,2022-09-30,2022-10-28,0,True,0.050268497558134555,
713,2022-10-31,True,,SPY221130C00386000,SPY221130P00386000,2022-11-30,30.0,386.0,386.21,0.0557986587607778,407.68,0.0561352631987778,True,,False,713.0,734.0,21.0,0.9994562543693846,252,2021-10-01,2021-11-01,2022-09-30,2022-10-31,0,True,0.05049641573990895,
714,2022-11-01,True,,SPY221130C00385000,SPY221130P00385000,2022-11-30,29.0,385.0,384.52,0.0548476022053469,407.68,0.0589826276916675,True,,False,714.0,734.0,20.0,1.001248309580776,252,2021-10-05,2021-11-02,2022-10-04,2022-11-01,0,True,0.04973026048823194,
715,2022-11-02,True,,SPY221202C00375000,SPY221202P00375000,2022-12-02,30.0,375.0,374.87,0.0567396697521807,406.91,0.0851228425854296,True,,False,715.0,736.0,21.0,1.0003467868861204,252,2021-10-05,2021-11-03,2022-10-04,2022-11-02,0,True,0.05035341918439937,
716,2022-11-03,True,,SPY221202C00371000,SPY221202P00371000,2022-12-02,29.0,371.0,371.01,0.0551332848171208,406.91,0.0967898439395165,True,,False,716.0,736.0,20.0,0.9999730465486105,252,2021-10-07,2021-11-04,2022-10-06,2022-11-03,0,True,0.0489679226332933,
717,2022-11-04,True,,SPY221205C00376000,SPY221205P00376000,2022-12-05,31.0,376.0,376.35,0.0541517204729639,399.59,0.0626810150126211,True,,False,717.0,737.0,20.0,0.999070014614056,252,2021-10-08,2021-11-05,2022-10-07,2022-11-04,0,True,0.04866296811051605,
718,2022-11-07,True,,SPY221207C00380000,SPY221207P00380000,2022-12-07,30.0,380.0,379.95,0.0529016975917883,393.16,0.0346361363337281,True,,False,718.0,739.0,21.0,1.0001315962626662,252,2021-10-08,2021-11-08,2022-10-07,2022-11-07,0,True,0.04974295324971037,
719,2022-11-08,True,,SPY221207C00382000,SPY221207P00382000,2022-12-07,29.0,382.0,382.0,0.0537958115183246,393.16,0.0292146596858639,True,,False,719.0,739.0,20.0,1.0,252,2021-10-12,2021-11-09,2022-10-11,2022-11-08,0,True,0.04876492408328711,
720,2022-11-09,True,,SPY221209C00374000,SPY221209P00374000,2022-12-09,30.0,374.0,374.13,0.0563173228556918,393.28,0.0515328896372917,True,,False,720.0,741.0,21.0,0.999652527196429,252,2021-10-12,2021-11-10,2022-10-11,2022-11-09,0,True,0.049488168316371615,
721,2022-11-10,True,,SPY221209C00395000,SPY221209P00395000,2022-12-09,29.0,395.0,394.69,0.0502546302161189,393.28,0.0043578504649219,True,,False,721.0,741.0,20.0,1.0007854265372824,252,2021-10-14,2021-11-11,2022-10-13,2022-11-10,0,True,0.04888267005848876,
722,2022-11-11,True,,SPY221212C00398000,SPY221212P00398000,2022-12-12,31.0,398.0,398.51,0.046899701387669,398.95,0.0023838799528242,True,,False,722.0,742.0,20.0,0.9987202328674312,252,2021-10-15,2021-11-12,2022-10-14,2022-11-11,0,True,0.048689470949972787,
723,2022-11-14,True,,SPY221214C00395000,SPY221214P00395000,2022-12-14,30.0,395.0,395.12,0.0520854423972464,399.4,0.0111358574610244,True,,False,723.0,744.0,21.0,0.9996962947965174,252,2021-10-15,2021-11-15,2022-10-14,2022-11-14,0,True,0.04993300359091315,
724,2022-11-15,True,,SPY221214C00398000,SPY221214P00398000,2022-12-14,29.0,398.0,398.49,0.0511932545358729,399.4,0.0035132625661873,True,,False,724.0,744.0,20.0,0.9987703581018345,252,2021-10-19,2021-11-16,2022-10-18,2022-11-15,0,True,0.04892844083074679,
725,2022-11-16,True,,SPY221216C00395000,SPY221216P00395000,2022-12-16,30.0,395.0,395.45,0.0535718801365532,383.27,0.0296624099127576,True,,False,725.0,746.0,21.0,0.9988620558856999,252,2021-10-19,2021-11-17,2022-10-18,2022-11-16,0,True,0.04998366246008915,
726,2022-11-17,True,,SPY221216C00394000,SPY221216P00394000,2022-12-16,29.0,394.0,394.24,0.0526582792207792,383.27,0.0272169237012987,True,,False,726.0,746.0,20.0,0.9993912337662337,252,2021-10-21,2021-11-18,2022-10-20,2022-11-17,0,True,0.04936138984405171,
727,2022-11-18,True,,SPY221216C00396000,SPY221216P00396000,2022-12-16,28.0,396.0,396.03,0.0500088377143145,383.27,0.0321440294927152,True,,False,727.0,746.0,19.0,0.9999242481630181,252,2021-10-25,2021-11-19,2022-10-24,2022-11-18,0,True,0.048257598165531414,
728,2022-11-21,True,,SPY221223C00395000,SPY221223P00395000,2022-12-23,32.0,395.0,394.59,0.0504320940723282,382.91,0.0306393978560023,True,,False,728.0,751.0,23.0,1.001039053194455,252,2021-10-20,2021-11-22,2022-10-19,2022-11-21,0,True,0.05258554897906594,
729,2022-11-22,True,,SPY221223C00400000,SPY221223P00400000,2022-12-23,31.0,400.0,399.9,0.047024256064016,382.91,0.0427356839209801,True,,False,729.0,751.0,22.0,1.000250062515629,252,2021-10-22,2021-11-23,2022-10-21,2022-11-22,0,True,0.05172712879216185,
730,2022-11-23,True,,SPY221223C00402000,SPY221223P00402000,2022-12-23,30.0,402.0,402.42,0.0443566423140002,382.91,0.0474380000993985,True,,False,730.0,751.0,21.0,0.9989563142984941,252,2021-10-26,2021-11-24,2022-10-25,2022-11-23,0,True,0.05055070018570935,
731,2022-11-25,True,,SPY221223C00402000,SPY221223P00402000,2022-12-23,28.0,402.0,402.33,0.0427261203489672,382.91,0.0474486118360549,True,,False,731.0,751.0,20.0,0.999179777794348,252,2021-10-28,2021-11-26,2022-10-27,2022-11-25,0,True,0.049685013889375115,
732,2022-11-28,True,,SPY221230C00396000,SPY221230P00396000,2022-12-30,32.0,396.0,395.91,0.048925260791594,382.43,0.03427546664646,True,,False,732.0,755.0,23.0,1.000227324391907,252,2021-10-26,2021-11-29,2022-10-25,2022-11-28,0,True,0.05301852061216908,
733,2022-11-29,True,,SPY221230C00395000,SPY221230P00395000,2022-12-30,31.0,395.0,395.23,0.0478202565594717,382.43,0.0318042658705057,True,,False,733.0,755.0,22.0,0.9994180603699111,252,2021-10-28,2021-11-30,2022-10-27,2022-11-29,0,True,0.05191508277976853,
734,2022-11-30,True,,SPY221230C00408000,SPY221230P00408000,2022-12-30,30.0,408.0,407.68,0.0439192503924646,382.43,0.0627207613814756,True,,False,734.0,755.0,21.0,1.000784929356358,252,2021-11-01,2021-12-01,2022-10-31,2022-11-30,0,True,0.05133842073005282,
735,2022-12-01,True,,SPY221230C00407000,SPY221230P00407000,2022-12-30,29.0,407.0,407.38,0.0420246452943198,382.43,0.0603122391869998,True,,False,735.0,755.0,20.0,0.9990672099759439,252,2021-11-03,2021-12-02,2022-11-02,2022-12-01,0,True,0.050233373301354585,
736,2022-12-02,True,,SPY221230C00407000,SPY221230P00407000,2022-12-30,28.0,407.0,406.91,0.0392838711262932,382.43,0.0603819026320316,True,,False,736.0,755.0,19.0,1.0002211791305202,252,2021-11-05,2021-12-03,2022-11-04,2022-12-02,0,True,0.04949249190091045,
737,2022-12-05,True,,SPY230106C00400000,SPY230106P00400000,2023-01-06,32.0,400.0,399.59,0.0457594033884731,388.08,0.0298305763407493,True,,False,737.0,759.0,22.0,1.0010260517029956,252,2021-11-03,2021-12-06,2022-11-02,2022-12-05,0,True,0.05292566530037758,
738,2022-12-06,True,,SPY230106C00394000,SPY230106P00394000,2023-01-06,31.0,394.0,393.83,0.0486631287611405,388.08,0.0150318665414011,True,,False,738.0,759.0,21.0,1.0004316583297361,252,2021-11-05,2021-12-07,2022-11-04,2022-12-06,0,True,0.052027125236824824,
739,2022-12-07,True,,SPY230106C00393000,SPY230106P00393000,2023-01-06,30.0,393.0,393.16,0.0490004069589988,388.08,0.0125139892155865,True,,False,739.0,759.0,20.0,0.9995930410011191,252,2021-11-09,2021-12-08,2022-11-08,2022-12-07,0,True,0.050976587564246965,
740,2022-12-08,True,,SPY230106C00396000,SPY230106P00396000,2023-01-06,29.0,396.0,396.24,0.0465500706642438,388.08,0.0199878861296184,True,,False,740.0,759.0,19.0,0.9993943064809206,252,2021-11-11,2021-12-09,2022-11-10,2022-12-08,0,True,0.04965307849332285,
741,2022-12-09,True,,SPY230106C00393000,SPY230106P00393000,2023-01-06,28.0,393.0,393.28,0.0464554515866558,388.08,0.0125101708706265,True,,False,741.0,759.0,18.0,0.9992880390561433,252,2021-11-15,2021-12-10,2022-11-14,2022-12-09,0,True,0.04826502060445319,
742,2022-12-12,True,,SPY230113C00399000,SPY230113P00399000,2023-01-13,32.0,399.0,398.95,0.0550319588920917,398.5,0.0012532898859506,True,,False,742.0,764.0,22.0,1.0001253289885952,252,2021-11-10,2021-12-13,2022-11-09,2022-12-12,0,True,0.05360910094804722,
743,2022-12-13,True,,SPY230113C00402000,SPY230113P00402000,2023-01-13,31.0,402.0,401.97,0.0489464387889643,398.5,0.0087071174465756,True,,False,743.0,764.0,21.0,1.0000746324352563,252,2021-11-12,2021-12-14,2022-11-11,2022-12-13,0,True,0.052428645038770344,
744,2022-12-14,True,,SPY230113C00399000,SPY230113P00399000,2023-01-13,30.0,399.0,399.4,0.0453930896344516,398.5,0.001251877816725,True,,False,744.0,764.0,20.0,0.99899849774662,252,2021-11-16,2021-12-15,2022-11-15,2022-12-14,0,True,0.05107350590651536,
745,2022-12-15,True,,SPY230113C00390000,SPY230113P00390000,2023-01-13,29.0,390.0,389.63,0.0469548032749018,398.5,0.0218155686163796,True,,False,745.0,764.0,19.0,1.0009496188691835,252,2021-11-18,2021-12-16,2022-11-17,2022-12-15,0,True,0.04994271411972745,
746,2022-12-16,True,,SPY230113C00383000,SPY230113P00383000,2023-01-13,28.0,383.0,383.27,0.0472643306285386,398.5,0.0404414642419182,True,,False,746.0,764.0,18.0,0.9992955357841731,252,2021-11-22,2021-12-17,2022-11-21,2022-12-16,0,True,0.0484519451781934,
747,2022-12-19,True,,SPY230120C00380000,SPY230120P00380000,2023-01-20,32.0,380.0,380.02,0.0498789537392768,395.88,0.0417872743539813,True,,False,747.0,768.0,21.0,0.99994737119099,252,2021-11-18,2021-12-20,2022-11-17,2022-12-19,0,True,0.052651876085645845,
748,2022-12-20,True,,SPY230120C00381000,SPY230120P00381000,2023-01-20,31.0,381.0,380.54,0.0476822410259105,395.88,0.0391023282703526,True,,False,748.0,768.0,20.0,1.0012088085352393,252,2021-11-22,2021-12-21,2022-11-21,2022-12-20,0,True,0.051701635820158486,
749,2022-12-21,True,,SPY230120C00386000,SPY230120P00386000,2023-01-20,30.0,386.0,386.23,0.0443518110970147,395.88,0.025580612588354,True,,False,749.0,768.0,19.0,0.9994044999093804,252,2021-11-24,2021-12-22,2022-11-23,2022-12-21,0,True,0.0501076182737617,
750,2022-12-22,True,,SPY230120C00381000,SPY230120P00381000,2023-01-20,29.0,381.0,380.72,0.0470818449254044,395.88,0.0390838411430972,True,,False,750.0,768.0,18.0,1.0007354486236604,252,2021-11-29,2021-12-23,2022-11-28,2022-12-22,0,True,0.04906822962210769,
751,2022-12-23,True,,SPY230120C00383000,SPY230120P00383000,2023-01-20,28.0,383.0,382.91,0.0445143767464939,395.88,0.033637147110287,True,,False,751.0,768.0,17.0,1.0002350421770128,252,2021-12-01,2021-12-27,2022-11-30,2022-12-23,0,True,0.04806263175549948,
752,2022-12-27,True,,SPY230127C00381000,SPY230127P00381000,2023-01-27,31.0,381.0,381.4,0.0489774514944939,405.68,0.0647089669638175,True,,False,752.0,773.0,21.0,0.9989512323020452,252,2021-11-26,2021-12-28,2022-11-25,2022-12-27,0,True,0.05304619359122216,
753,2022-12-28,True,,SPY230127C00377000,SPY230127P00377000,2023-01-27,30.0,377.0,376.66,0.0494345032655445,405.68,0.0761429405830191,True,,False,753.0,773.0,20.0,1.0009026708437316,252,2021-11-30,2021-12-29,2022-11-29,2022-12-28,0,True,0.0522233077958365,
754,2022-12-29,True,,SPY230127C00383000,SPY230127P00383000,2023-01-27,29.0,383.0,383.44,0.0465001043187982,405.68,0.0591487586063008,True,,False,754.0,773.0,19.0,0.9988524932192782,252,2021-12-02,2021-12-30,2022-12-01,2022-12-29,0,True,0.05037177582921052,
755,2022-12-30,True,,SPY230127C00382500,SPY230127P00382500,2023-01-27,28.0,382.5,382.43,0.0456554140627042,405.68,0.0606123996548388,True,,False,755.0,773.0,18.0,1.0001830400334701,252,2021-12-06,2021-12-31,2022-12-05,2022-12-30,0,True,0.049228839168917175,
756,2023-01-03,True,,SPY230203C00381000,SPY230203P00381000,2023-02-03,31.0,381.0,380.82,0.0518617719657581,412.35,0.0823223570190641,True,,False,756.0,778.0,22.0,1.0004726642508273,252,2021-12-01,2022-01-03,2022-11-30,2023-01-03,0,True,0.05473414386839236,
757,2023-01-04,True,,SPY230203C00384000,SPY230203P00384000,2023-02-03,30.0,384.0,383.76,0.0489759224515322,412.35,0.0738742964352721,True,,False,757.0,778.0,21.0,1.0006253908692933,252,2021-12-03,2022-01-04,2022-12-02,2023-01-04,0,True,0.053569945890959716,
758,2023-01-05,True,,SPY230203C00379000,SPY230203P00379000,2023-02-03,29.0,379.0,379.38,0.0496731509304654,412.35,0.0879065844272234,True,,False,758.0,778.0,20.0,0.9989983657546523,252,2021-12-07,2022-01-05,2022-12-06,2023-01-05,0,True,0.05189584150584326,
759,2023-01-06,True,,SPY230203C00388000,SPY230203P00388000,2023-02-03,28.0,388.0,388.08,0.0451066790352504,412.35,0.0627447948876521,True,,False,759.0,778.0,19.0,0.9997938569367141,252,2021-12-09,2022-01-06,2022-12-08,2023-01-06,0,True,0.05065998222808801,
760,2023-01-09,True,,SPY230210C00388000,SPY230210P00388000,2023-02-10,32.0,388.0,387.86,0.0492961377816737,408.04,0.0516681276749343,True,,False,760.0,783.0,23.0,1.000360954983757,252,2021-12-06,2022-01-07,2022-12-05,2023-01-09,0,True,0.0561536083198445,
761,2023-01-10,True,,SPY230210C00391000,SPY230210P00391000,2023-02-10,31.0,391.0,390.58,0.0460853090275999,408.04,0.0436274258794613,True,,False,761.0,783.0,22.0,1.0010753238773107,252,2021-12-08,2022-01-10,2022-12-07,2023-01-10,0,True,0.05495716871174053,
762,2023-01-11,True,,SPY230210C00396000,SPY230210P00396000,2023-02-10,30.0,396.0,395.52,0.0461797127831715,408.04,0.0304409385113269,True,,False,762.0,783.0,21.0,1.0012135922330097,252,2021-12-10,2022-01-11,2022-12-09,2023-01-11,0,True,0.053772824397496165,
763,2023-01-12,True,,SPY230210C00397000,SPY230210P00397000,2023-02-10,29.0,397.0,396.96,0.040041817815397,408.04,0.0278113663845224,True,,False,763.0,783.0,20.0,1.0001007658202339,252,2021-12-14,2022-01-12,2022-12-13,2023-01-12,0,True,0.05231486150178338,
764,2023-01-13,True,,SPY230210C00398000,SPY230210P00398000,2023-02-10,28.0,398.0,398.5,0.0372271016311166,408.04,0.0251944792973651,True,,False,764.0,783.0,19.0,0.998745294855709,252,2021-12-16,2022-01-13,2022-12-15,2023-01-13,0,True,0.05063549978976024,
765,2023-01-17,True,,SPY230217C00398000,SPY230217P00398000,2023-02-17,31.0,398.0,397.77,0.0420343414536038,407.26,0.0232797848002614,True,,False,765.0,788.0,23.0,1.0005782235965508,252,2021-12-13,2022-01-14,2022-12-12,2023-01-17,0,True,0.0561511554154479,
766,2023-01-18,True,,SPY230217C00391000,SPY230217P00391000,2023-02-17,30.0,391.0,391.49,0.0441007433140054,407.26,0.0415336279343022,True,,False,766.0,788.0,22.0,0.9987483716059158,252,2021-12-15,2022-01-18,2022-12-14,2023-01-18,0,True,0.05445759976269604,
767,2023-01-19,True,,SPY230217C00389000,SPY230217P00389000,2023-02-17,29.0,389.0,388.64,0.0434978386167146,407.26,0.0469843557019349,True,,False,767.0,788.0,21.0,1.0009263071222725,252,2021-12-17,2022-01-19,2022-12-16,2023-01-19,0,True,0.053658334425396394,
768,2023-01-20,True,,SPY230217C00396000,SPY230217P00396000,2023-02-17,28.0,396.0,395.88,0.0409846418106496,407.26,0.028442962513893,True,,False,768.0,788.0,20.0,1.0003031221582297,252,2021-12-21,2022-01-20,2022-12-20,2023-01-20,0,True,0.05259712504003009,
769,2023-01-23,True,,SPY230224C00401000,SPY230224P00401000,2023-02-24,32.0,401.0,400.63,0.0423083643261862,396.38,0.011531837356164,True,,False,769.0,792.0,23.0,1.00092354541597,252,2021-12-17,2022-01-21,2022-12-16,2023-01-23,0,True,0.05626861992456522,
770,2023-01-24,True,,SPY230224C00400000,SPY230224P00400000,2023-02-24,31.0,400.0,400.2,0.0416041979010494,396.38,0.0090454772613693,True,,False,770.0,792.0,22.0,0.9995002498750625,252,2021-12-21,2022-01-24,2022-12-20,2023-01-24,0,True,0.05470885086600659,
771,2023-01-25,True,,SPY230224C00400000,SPY230224P00400000,2023-02-24,30.0,400.0,400.35,0.040552016985138,396.38,0.0090420881728487,True,,False,771.0,792.0,21.0,0.9991257649556637,252,2021-12-23,2022-01-25,2022-12-22,2023-01-25,0,True,0.05340863471156447,
772,2023-01-26,True,,SPY230224C00405000,SPY230224P00405000,2023-02-24,29.0,405.0,404.75,0.0387399629400864,396.38,0.0212970969734404,True,,False,772.0,792.0,20.0,1.0006176652254477,252,2021-12-28,2022-01-26,2022-12-27,2023-01-26,0,True,0.0524175672611788,
773,2023-01-27,True,,SPY230224C00406000,SPY230224P00406000,2023-02-24,28.0,406.0,405.68,0.0376528298166042,396.38,0.0237132715440741,True,,False,773.0,792.0,19.0,1.0007887990534412,252,2021-12-30,2022-01-27,2022-12-29,2023-01-27,0,True,0.050934281131230184,
774,2023-01-30,True,,SPY230303C00401000,SPY230303P00401000,2023-03-03,32.0,401.0,400.59,0.0436730822037494,404.19,0.0079632542000549,True,,False,774.0,797.0,23.0,1.0010234903517312,252,2021-12-27,2022-01-28,2022-12-23,2023-01-30,0,True,0.05611143378934641,
775,2023-01-31,True,,SPY230303C00406000,SPY230303P00406000,2023-03-03,31.0,406.0,406.48,0.0411951387522141,404.19,0.0044528636095256,True,,False,775.0,797.0,22.0,0.9988191300925015,252,2021-12-29,2022-01-31,2022-12-28,2023-01-31,0,True,0.0542821815446823,
776,2023-02-01,True,,SPY230303C00411000,SPY230303P00411000,2023-03-03,30.0,411.0,410.8,0.0376338851022395,404.19,0.0165774099318403,True,,False,776.0,797.0,21.0,1.0004868549172345,252,2021-12-31,2022-02-01,2022-12-30,2023-02-01,0,True,0.053351576764216944,
777,2023-02-02,True,,SPY230303C00417000,SPY230303P00417000,2023-03-03,29.0,417.0,416.78,0.0362061519266759,404.19,0.0307356399059455,True,,False,777.0,797.0,20.0,1.000527856423053,252,2022-01-04,2022-02-02,2023-01-04,2023-02-02,0,True,0.05231915747168109,
778,2023-02-03,True,,SPY230303C00412000,SPY230303P00412000,2023-03-03,28.0,412.0,412.35,0.0366678792288104,404.19,0.0189402206863101,True,,False,778.0,797.0,19.0,0.9991512064993331,252,2022-01-06,2022-02-03,2023-01-06,2023-02-03,0,True,0.05090794450904543,
779,2023-02-06,True,,SPY230310C00410000,SPY230310P00410000,2023-03-10,32.0,410.0,409.83,0.0419320205939047,385.91,0.0587804699509552,True,,False,779.0,802.0,23.0,1.000414806139131,252,2022-01-03,2022-02-04,2023-01-03,2023-02-06,0,True,0.05645160230952296,
780,2023-02-07,True,,SPY230310C00415000,SPY230310P00415000,2023-03-10,31.0,415.0,415.19,0.0392952624099809,385.91,0.0700643079072231,True,,False,780.0,802.0,22.0,0.9995423781882994,252,2022-01-05,2022-02-07,2023-01-05,2023-02-07,0,True,0.05497637163941439,
781,2023-02-08,True,,SPY230310C00411000,SPY230310P00411000,2023-03-10,30.0,411.0,410.65,0.0410081577986119,385.91,0.0610982588579081,True,,False,781.0,802.0,21.0,1.0008523073176672,252,2022-01-07,2022-02-08,2023-01-09,2023-02-08,0,True,0.053923731382686885,
782,2023-02-09,True,,SPY230310C00407000,SPY230310P00407000,2023-03-10,29.0,407.0,407.09,0.043135424598983,385.91,0.0518067257854527,True,,False,782.0,802.0,20.0,0.9997789186666339,252,2022-01-11,2022-02-09,2023-01-11,2023-02-09,0,True,0.05257586170223782,
783,2023-02-10,True,,SPY230310C00408000,SPY230310P00408000,2023-03-10,28.0,408.0,408.04,0.0419199098127634,385.91,0.0541368493284971,True,,False,783.0,802.0,19.0,0.9999019703950592,252,2022-01-13,2022-02-10,2023-01-13,2023-02-10,0,True,0.05106295303272694,
784,2023-02-13,True,,SPY230317C00413000,SPY230317P00413000,2023-03-17,32.0,413.0,412.83,0.0455514376377685,389.99,0.0557372283990988,True,,False,784.0,807.0,23.0,1.0004117917786983,252,2022-01-10,2022-02-11,2023-01-10,2023-02-13,0,True,0.05684243160155183,
785,2023-02-14,True,,SPY230317C00413000,SPY230317P00413000,2023-03-17,31.0,413.0,412.64,0.0412344901124466,389.99,0.0557628925940286,True,,False,785.0,807.0,22.0,1.000872431174874,252,2022-01-12,2022-02-14,2023-01-12,2023-02-14,0,True,0.05529853590710456,
786,2023-02-15,True,,SPY230317C00414000,SPY230317P00414000,2023-03-17,30.0,414.0,413.98,0.0393497270399536,389.99,0.0579979709164693,True,,False,786.0,807.0,21.0,1.0000483115126335,252,2022-01-14,2022-02-15,2023-01-17,2023-02-15,0,True,0.053735780129687084,
787,2023-02-16,True,,SPY230317C00408000,SPY230317P00408000,2023-03-17,29.0,408.0,408.28,0.0419197609483687,389.99,0.0441118840011756,True,,False,787.0,807.0,20.0,0.999314196139904,252,2022-01-19,2022-02-16,2023-01-19,2023-02-16,0,True,0.05257670616464093,
788,2023-02-17,True,,SPY230317C00407000,SPY230317P00407000,2023-03-17,28.0,407.0,407.26,0.0408338653440062,389.99,0.0417669302165692,True,,False,788.0,807.0,19.0,0.9993615871924569,252,2022-01-21,2022-02-17,2023-01-23,2023-02-17,0,True,0.05131881013725414,
789,2023-02-21,True,,SPY230324C00399000,SPY230324P00399000,2023-03-24,31.0,399.0,399.09,0.0492370142073216,395.75,0.0081435265228394,True,,False,789.0,812.0,23.0,0.9997744869578291,252,2022-01-18,2022-02-18,2023-01-18,2023-02-21,0,True,0.056329254887392585,
790,2023-02-22,True,,SPY230324C00399000,SPY230324P00399000,2023-03-24,30.0,399.0,398.54,0.0471345410749234,395.75,0.0081547648918552,True,,False,790.0,812.0,22.0,1.001154212877001,252,2022-01-20,2022-02-22,2023-01-20,2023-02-22,0,True,0.054933930038535174,
791,2023-02-23,True,,SPY230324C00401000,SPY230324P00401000,2023-03-24,29.0,401.0,400.66,0.043927519592672,395.75,0.0131033794239504,True,,False,791.0,812.0,21.0,1.000848599810313,252,2022-01-24,2022-02-23,2023-01-24,2023-02-23,0,True,0.05362860739474874,
792,2023-02-24,True,,SPY230324C00396000,SPY230324P00396000,2023-03-24,28.0,396.0,396.38,0.0451965285836823,395.75,0.0006307079065543,True,,False,792.0,812.0,20.0,0.9990413239820375,252,2022-01-26,2022-02-24,2023-01-26,2023-02-24,0,True,0.05242889157707388,
793,2023-02-27,True,,SPY230331C00398000,SPY230331P00398000,2023-03-31,32.0,398.0,397.73,0.0457219721921906,409.39,0.0286375179141628,True,,False,793.0,817.0,24.0,1.0006788524878687,252,2022-01-21,2022-02-25,2023-01-23,2023-02-27,0,True,0.05693105882866988,
794,2023-02-28,True,,SPY230331C00396000,SPY230331P00396000,2023-03-31,31.0,396.0,396.26,0.0446297885226871,409.39,0.0337909453389188,True,,False,794.0,817.0,23.0,0.9993438651390502,252,2022-01-25,2022-02-28,2023-01-25,2023-02-28,0,True,0.05585668879636049,
795,2023-03-01,True,,SPY230331C00395000,SPY230331P00395000,2023-03-31,30.0,395.0,394.74,0.04468764249886,409.39,0.0364543750316663,True,,False,795.0,817.0,22.0,1.0006586613973754,252,2022-01-27,2022-03-01,2023-01-27,2023-03-01,0,True,0.05469718568609673,
796,2023-03-02,True,,SPY230331C00398000,SPY230331P00398000,2023-03-31,29.0,398.0,397.81,0.0420803901359945,409.39,0.0286317588798672,True,,False,796.0,817.0,21.0,1.0004776149418064,252,2022-01-31,2022-03-02,2023-01-31,2023-03-02,0,True,0.05354556454437981,
797,2023-03-03,True,,SPY230331C00404000,SPY230331P00404000,2023-03-31,28.0,404.0,404.19,0.0385091169994309,409.39,0.0133353126005096,True,,False,797.0,817.0,20.0,0.9995299240456221,252,2022-02-02,2022-03-03,2023-02-02,2023-03-03,0,True,0.05247489365412247,
798,2023-03-06,True,,SPY230406C00404000,SPY230406P00404000,2023-04-06,31.0,404.0,404.47,0.0402131184018592,409.19,0.0128316067940761,True,,False,798.0,821.0,23.0,0.9988379855119044,252,2022-01-31,2022-03-04,2023-01-31,2023-03-06,0,True,0.05589160678479383,
799,2023-03-07,True,,SPY230406C00398000,SPY230406P00398000,2023-04-06,30.0,398.0,398.27,0.0422075476435584,409.19,0.0280965174379189,True,,False,799.0,821.0,22.0,0.9993220679438573,252,2022-02-02,2022-03-07,2023-02-02,2023-03-07,0,True,0.054519636567114164,
800,2023-03-08,True,,SPY230406C00399000,SPY230406P00399000,2023-04-06,29.0,399.0,398.92,0.0402461646445402,409.19,0.0255439687155319,True,,False,800.0,821.0,21.0,1.0002005414619473,252,2022-02-04,2022-03-08,2023-02-06,2023-03-08,0,True,0.053233215726404805,
801,2023-03-09,True,,SPY230406C00392000,SPY230406P00392000,2023-04-06,28.0,392.0,391.56,0.046148738379814,409.19,0.0439013178057002,True,,False,801.0,821.0,20.0,1.001123710287057,252,2022-02-08,2022-03-09,2023-02-08,2023-03-09,0,True,0.05226966945799823,
802,2023-03-10,True,,SPY230406C00386000,SPY230406P00386000,2023-04-06,27.0,386.0,385.91,0.0484309813168873,409.19,0.0600917312326708,True,,False,802.0,821.0,19.0,1.0002332149983155,252,2022-02-10,2022-03-10,2023-02-10,2023-03-10,0,True,0.05093256573550595,
803,2023-03-13,True,,SPY230414C00385000,SPY230414P00385000,2023-04-14,32.0,385.0,385.36,0.0567521278804234,412.46,0.0712580444259912,True,,False,803.0,826.0,23.0,0.9990658085945608,252,2022-02-07,2022-03-11,2023-02-07,2023-03-13,0,True,0.05572591102378491,
804,2023-03-14,True,,SPY230414C00392000,SPY230414P00392000,2023-04-14,31.0,392.0,391.73,0.0486049064406606,412.46,0.0522298521941132,True,,False,804.0,826.0,22.0,1.0006892502488958,252,2022-02-09,2022-03-14,2023-02-09,2023-03-14,0,True,0.05436026716622618,
805,2023-03-15,True,,SPY230414C00389000,SPY230414P00389000,2023-04-14,30.0,389.0,389.28,0.0515824085491163,412.46,0.0602651048088778,True,,False,805.0,826.0,21.0,0.9992807233867654,252,2022-02-11,2022-03-15,2023-02-13,2023-03-15,0,True,0.0529461693649604,
806,2023-03-16,True,,SPY230414C00396000,SPY230414P00396000,2023-04-14,29.0,396.0,396.11,0.0449243896897326,412.46,0.0415541137562797,True,,False,806.0,826.0,20.0,0.9997222993612885,252,2022-02-15,2022-03-16,2023-02-15,2023-03-16,0,True,0.05212123674182299,
807,2023-03-17,True,,SPY230414C00390000,SPY230414P00390000,2023-04-14,28.0,390.0,389.99,0.0507448908946383,412.46,0.0575912202876996,True,,False,807.0,826.0,19.0,1.0000256416831201,252,2022-02-17,2022-03-17,2023-02-17,2023-03-17,0,True,0.051044657977348855,
808,2023-03-20,True,,SPY230421C00394000,SPY230421P00394000,2023-04-21,32.0,394.0,393.74,0.0506425560014222,412.2,0.0462233961497434,True,,False,808.0,831.0,23.0,1.0006603342307105,252,2022-02-14,2022-03-18,2023-02-14,2023-03-20,0,True,0.05574228912150335,
809,2023-03-21,True,,SPY230421C00399000,SPY230421P00399000,2023-04-21,31.0,399.0,398.91,0.0450728234438845,412.2,0.0330901707151988,True,,False,809.0,831.0,22.0,1.0002256148003308,252,2022-02-16,2022-03-21,2023-02-16,2023-03-21,0,True,0.0545333214694629,
810,2023-03-22,True,,SPY230421C00392000,SPY230421P00392000,2023-04-21,30.0,392.0,392.11,0.0473081533243222,412.2,0.0515161561806635,True,,False,810.0,831.0,21.0,0.9997194664762439,252,2022-02-18,2022-03-22,2023-02-21,2023-03-22,0,True,0.053360072794845344,
811,2023-03-23,True,,SPY230421C00393000,SPY230421P00393000,2023-04-21,29.0,393.0,393.17,0.0470788717348729,412.2,0.048833837780095,True,,False,811.0,831.0,20.0,0.999567617061322,252,2022-02-23,2022-03-23,2023-02-23,2023-03-23,0,True,0.052061513055811554,
812,2023-03-24,True,,SPY230421C00396000,SPY230421P00396000,2023-04-21,28.0,396.0,395.75,0.0439292482627921,412.2,0.0409349336702463,True,,False,812.0,831.0,19.0,1.0006317119393557,252,2022-02-25,2022-03-24,2023-02-27,2023-03-24,0,True,0.0506113165475342,
813,2023-03-27,True,,SPY230428C00396000,SPY230428P00396000,2023-04-28,32.0,396.0,396.49,0.0454109813614466,415.93,0.0502660848949532,True,,False,813.0,836.0,23.0,0.9987641554641983,252,2022-02-22,2022-03-25,2023-02-22,2023-03-27,0,True,0.05579143856568563,
814,2023-03-28,True,,SPY230428C00396000,SPY230428P00396000,2023-04-28,31.0,396.0,395.6,0.0432760364004044,415.93,0.0503791708796764,True,,False,814.0,836.0,22.0,1.0010111223458038,252,2022-02-24,2022-03-28,2023-02-24,2023-03-28,0,True,0.05422502729200766,
815,2023-03-29,True,,SPY230428C00401000,SPY230428P00401000,2023-04-28,30.0,401.0,401.35,0.0405755574934595,415.93,0.0371994518500062,True,,False,815.0,836.0,21.0,0.9991279431917278,252,2022-02-28,2022-03-29,2023-02-28,2023-03-29,0,True,0.052546350041494785,
816,2023-03-30,True,,SPY230428C00404000,SPY230428P00404000,2023-04-28,29.0,404.0,403.7,0.0383576913549665,415.93,0.0295516472628189,True,,False,816.0,836.0,20.0,1.0007431260837256,252,2022-03-02,2022-03-30,2023-03-02,2023-03-30,0,True,0.05132855492596432,
817,2023-03-31,True,,SPY230428C00409000,SPY230428P00409000,2023-04-28,28.0,409.0,409.39,0.0370062776325752,415.93,0.0169276240259899,True,,False,817.0,836.0,19.0,0.9990473631500526,252,2022-03-04,2022-03-31,2023-03-06,2023-03-31,0,True,0.049665380476699585,
818,2023-04-03,True,,SPY230505C00411000,SPY230505P00411000,2023-05-05,32.0,411.0,410.95,0.040418542401752,412.63,0.0039664192724175,True,,False,818.0,841.0,23.0,1.000121669302835,252,2022-03-01,2022-04-01,2023-03-01,2023-04-03,0,True,0.05519496884271376,
819,2023-04-04,True,,SPY230505C00409000,SPY230505P00409000,2023-05-05,31.0,409.0,408.67,0.0404238138351236,412.63,0.0088824724105023,True,,False,819.0,841.0,22.0,1.0008074974918637,252,2022-03-03,2022-04-04,2023-03-03,2023-04-04,0,True,0.05362226653156435,
820,2023-04-05,True,,SPY230505C00407500,SPY230505P00407500,2023-05-05,30.0,407.5,407.6,0.0401987242394504,412.63,0.0125858684985279,True,,False,820.0,841.0,21.0,0.9997546614327771,252,2022-03-07,2022-04-05,2023-03-07,2023-04-05,0,True,0.05200814629517795,
821,2023-04-06,True,,SPY230505C00409000,SPY230505P00409000,2023-05-05,29.0,409.0,409.19,0.0381240988293946,412.63,0.0088711845353014,True,,False,821.0,841.0,20.0,0.9995356680270779,252,2022-03-09,2022-04-06,2023-03-09,2023-04-06,0,True,0.050458853516842365,
822,2023-04-10,True,,SPY230512C00410000,SPY230512P00410000,2023-05-12,32.0,410.0,409.61,0.0410390371328825,411.59,0.0038817411684284,True,,False,822.0,846.0,24.0,1.000952125192256,252,2022-03-04,2022-04-07,2023-03-06,2023-04-10,0,True,0.0560162843037621,
823,2023-04-11,True,,SPY230512C00410000,SPY230512P00410000,2023-05-12,31.0,410.0,409.72,0.0404422532461192,411.59,0.0038806990139606,True,,False,823.0,846.0,23.0,1.0006833935370496,252,2022-03-08,2022-04-08,2023-03-08,2023-04-11,0,True,0.05472504829953958,
824,2023-04-12,True,,SPY230512C00408000,SPY230512P00408000,2023-05-12,30.0,408.0,408.05,0.0396274966303149,411.59,0.0087979414287464,True,,False,824.0,846.0,22.0,0.999877465996814,252,2022-03-10,2022-04-11,2023-03-10,2023-04-12,0,True,0.05304152060879228,
825,2023-04-13,True,,SPY230512C00413000,SPY230512P00413000,2023-05-12,29.0,413.0,413.47,0.0362541417757031,411.59,0.003410162768762,True,,False,825.0,846.0,21.0,0.9988632790770793,252,2022-03-14,2022-04-12,2023-03-14,2023-04-13,0,True,0.051734730182522295,
826,2023-04-14,True,,SPY230512C00412500,SPY230512P00412500,2023-05-12,28.0,412.5,412.46,0.0338941958008049,411.59,0.002206274547835,True,,False,826.0,846.0,20.0,1.0000969791010037,252,2022-03-16,2022-04-13,2023-03-16,2023-04-14,0,True,0.05061043977109886,
827,2023-04-17,True,,SPY230519C00414000,SPY230519P00414000,2023-05-19,32.0,414.0,413.94,0.0355486302362661,418.62,0.0111610378315698,True,,False,827.0,851.0,24.0,1.0001449485432672,252,2022-03-11,2022-04-14,2023-03-13,2023-04-17,0,True,0.056015649611490956,
828,2023-04-18,True,,SPY230519C00414000,SPY230519P00414000,2023-05-19,31.0,414.0,414.21,0.0344631949977064,418.62,0.0111537625841964,True,,False,828.0,851.0,23.0,0.9994930107916274,252,2022-03-15,2022-04-18,2023-03-15,2023-04-18,0,True,0.05486878812922408,
829,2023-04-19,True,,SPY230519C00414000,SPY230519P00414000,2023-05-19,30.0,414.0,414.14,0.0335756024532766,418.62,0.0111556478485536,True,,False,829.0,851.0,22.0,0.9996619500651954,252,2022-03-17,2022-04-19,2023-03-17,2023-04-19,0,True,0.053507360657424695,
830,2023-04-20,True,,SPY230519C00412000,SPY230519P00412000,2023-05-19,29.0,412.0,411.88,0.0343303874915023,418.62,0.016072642517238,True,,False,830.0,851.0,21.0,1.0002913469942702,252,2022-03-21,2022-04-20,2023-03-21,2023-04-20,0,True,0.05243951117014774,
831,2023-04-21,True,,SPY230519C00412000,SPY230519P00412000,2023-05-19,28.0,412.0,412.2,0.0328723920426977,418.62,0.0160601649684619,True,,False,831.0,851.0,20.0,0.9995147986414362,252,2022-03-23,2022-04-21,2023-03-23,2023-04-21,0,True,0.051339698286732745,
832,2023-04-24,True,,SPY230526C00412500,SPY230526P00412500,2023-05-26,32.0,412.5,412.63,0.0354070232411603,420.02,0.0182245595327532,True,,False,832.0,856.0,24.0,0.9996849477740348,252,2022-03-18,2022-04-22,2023-03-20,2023-04-24,0,True,0.056373648683683074,
833,2023-04-25,True,,SPY230526C00406000,SPY230526P00406000,2023-05-26,31.0,406.0,406.08,0.0407924546887312,420.02,0.0345252167060677,True,,False,833.0,856.0,23.0,0.9998029944838456,252,2022-03-22,2022-04-25,2023-03-22,2023-04-25,0,True,0.05531874672572401,
834,2023-04-26,True,,SPY230526C00404000,SPY230526P00404000,2023-05-26,30.0,404.0,404.36,0.0401375012365219,420.02,0.0396181620338311,True,,False,834.0,856.0,22.0,0.9991097042239588,252,2022-03-24,2022-04-26,2023-03-24,2023-04-26,0,True,0.05376801043680503,
835,2023-04-27,True,,SPY230526C00412500,SPY230526P00412500,2023-05-26,29.0,412.5,412.41,0.0339225527993986,420.02,0.0182342814189762,True,,False,835.0,856.0,21.0,1.000218229431876,252,2022-03-28,2022-04-27,2023-03-28,2023-04-27,0,True,0.05239899383383432,
836,2023-04-28,True,,SPY230526C00416000,SPY230526P00416000,2023-05-26,28.0,416.0,415.93,0.0301493039694179,420.02,0.0096650878753635,True,,False,836.0,856.0,20.0,1.0001682975500685,252,2022-03-30,2022-04-28,2023-03-30,2023-04-28,0,True,0.050771797242044364,
837,2023-05-01,True,,SPY230602C00416000,SPY230602P00416000,2023-06-02,32.0,416.0,415.51,0.0328632283218213,427.92,0.0286876368799788,True,,False,837.0,860.0,23.0,1.0011792736636904,252,2022-03-28,2022-04-29,2023-03-28,2023-05-01,0,True,0.05512054128041153,
838,2023-05-02,True,,SPY230602C00411000,SPY230602P00411000,2023-06-02,31.0,411.0,410.84,0.0364862233472884,427.92,0.0411839158796612,True,,False,838.0,860.0,22.0,1.0003894460130465,252,2022-03-30,2022-05-02,2023-03-30,2023-05-02,0,True,0.05316470519700475,
839,2023-05-03,True,,SPY230602C00408000,SPY230602P00408000,2023-06-02,30.0,408.0,408.02,0.0381231312190578,427.92,0.0488211362188128,True,,False,839.0,860.0,21.0,0.9999509827949611,252,2022-04-01,2022-05-03,2023-04-03,2023-05-03,0,True,0.05133286608229593,
840,2023-05-04,True,,SPY230602C00405000,SPY230602P00405000,2023-06-02,29.0,405.0,405.13,0.0403697578555031,427.92,0.0565744328980821,True,,False,840.0,860.0,20.0,0.9996791153456915,252,2022-04-05,2022-05-04,2023-04-05,2023-05-04,0,True,0.04953488712415713,
841,2023-05-05,True,,SPY230602C00412500,SPY230602P00412500,2023-06-02,28.0,412.5,412.63,0.0327169619271502,427.92,0.0373700409567894,True,,False,841.0,860.0,19.0,0.9996849477740348,252,2022-04-07,2022-05-05,2023-04-10,2023-05-05,0,True,0.0479885671814625,
842,2023-05-08,True,,SPY230609C00412500,SPY230609P00412500,2023-06-09,32.0,412.5,412.74,0.0356156418084023,429.9,0.0421572903038231,True,,False,842.0,865.0,23.0,0.9994185201337403,252,2022-04-04,2022-05-06,2023-04-04,2023-05-08,0,True,0.05359423523973995,
843,2023-05-09,True,,SPY230609C00411000,SPY230609P00411000,2023-06-09,31.0,411.0,410.93,0.0366729126615238,429.9,0.0459932348575182,True,,False,843.0,865.0,22.0,1.0001703453142872,252,2022-04-06,2022-05-09,2023-04-06,2023-05-09,0,True,0.05169578241141851,
844,2023-05-10,True,,SPY230609C00413000,SPY230609P00413000,2023-06-09,30.0,413.0,412.85,0.0335109603972387,429.9,0.0409349642727382,True,,False,844.0,865.0,21.0,1.0003633280852609,252,2022-04-08,2022-05-10,2023-04-11,2023-05-10,0,True,0.04984543273919723,
845,2023-05-11,True,,SPY230609C00412000,SPY230609P00412000,2023-06-09,29.0,412.0,412.13,0.0325989372285443,429.9,0.0434328973867468,True,,False,845.0,865.0,20.0,0.9996845655497052,252,2022-04-12,2022-05-11,2023-04-13,2023-05-11,0,True,0.04805879825277826,
846,2023-05-12,True,,SPY230609C00412000,SPY230609P00412000,2023-06-09,28.0,412.0,411.59,0.0310989091085789,429.9,0.0434898807065282,True,,False,846.0,865.0,19.0,1.0009961369323843,252,2022-04-14,2022-05-12,2023-04-17,2023-05-12,0,True,0.046230233471908556,
847,2023-05-15,True,,SPY230616C00413000,SPY230616P00413000,2023-06-16,32.0,413.0,413.01,0.0352654899397109,439.46,0.0640662453693614,True,,False,847.0,870.0,23.0,0.9999757875111983,252,2022-04-11,2022-05-13,2023-04-12,2023-05-15,0,True,0.051496176104998195,
848,2023-05-16,True,,SPY230616C00410000,SPY230616P00410000,2023-06-16,31.0,410.0,410.25,0.0373308957952468,439.46,0.0718098720292504,True,,False,848.0,870.0,22.0,0.9993906154783668,252,2022-04-13,2022-05-16,2023-04-14,2023-05-16,0,True,0.04968062161719324,
849,2023-05-17,True,,SPY230616C00415000,SPY230616P00415000,2023-06-16,30.0,415.0,415.23,0.0334152156636081,439.46,0.0589071117212147,True,,False,849.0,870.0,21.0,0.9994460901187293,252,2022-04-18,2022-05-17,2023-04-18,2023-05-17,0,True,0.047986610769197635,
850,2023-05-18,True,,SPY230616C00419000,SPY230616P00419000,2023-06-16,29.0,419.0,419.23,0.0311165708560933,439.46,0.0488037592729527,True,,False,850.0,870.0,20.0,0.9994513751401378,252,2022-04-20,2022-05-18,2023-04-20,2023-05-18,0,True,0.04633676008242176,
851,2023-05-19,True,,SPY230616C00419000,SPY230616P00419000,2023-06-16,28.0,419.0,418.62,0.0314844011275142,439.46,0.0488748745879317,True,,False,851.0,870.0,19.0,1.000907744493813,252,2022-04-22,2022-05-19,2023-04-24,2023-05-19,0,True,0.044532068547442204,
852,2023-05-22,True,,SPY230623C00419000,SPY230623P00419000,2023-06-23,32.0,419.0,418.79,0.0333818859094056,433.21,0.033931087179732,True,,False,852.0,874.0,22.0,1.000501444638124,252,2022-04-20,2022-05-20,2023-04-20,2023-05-22,0,True,0.04828578704103831,
853,2023-05-23,True,,SPY230623C00414000,SPY230623P00414000,2023-06-23,31.0,414.0,414.09,0.036187785264073,433.21,0.0463908812093988,True,,False,853.0,874.0,21.0,0.99978265594436,252,2022-04-22,2022-05-23,2023-04-24,2023-05-23,0,True,0.04649946367301223,
854,2023-05-24,True,,SPY230623C00411000,SPY230623P00411000,2023-06-23,30.0,411.0,411.09,0.0387141501860906,433.21,0.0540270986888515,True,,False,854.0,874.0,20.0,0.9997810698387215,252,2022-04-26,2022-05-24,2023-04-26,2023-05-24,0,True,0.04506255162671568,
855,2023-05-25,True,,SPY230623C00415000,SPY230623P00415000,2023-06-23,29.0,415.0,414.65,0.0350657180754853,433.21,0.0439165561316772,True,,False,855.0,874.0,19.0,1.0008440853732063,252,2022-04-28,2022-05-25,2023-04-28,2023-05-25,0,True,0.04366027740159227,
856,2023-05-26,True,,SPY230623C00420000,SPY230623P00420000,2023-06-23,28.0,420.0,420.02,0.0318199133374601,433.21,0.0314508832912718,True,,False,856.0,874.0,18.0,0.9999523832198467,252,2022-05-02,2022-05-26,2023-05-02,2023-05-26,0,True,0.04240453340167055,
857,2023-05-30,True,,SPY230630C00420000,SPY230630P00420000,2023-06-30,31.0,420.0,420.18,0.0331167594840306,443.28,0.0554048265029272,True,,False,857.0,879.0,22.0,0.9995716121662145,252,2022-04-27,2022-05-27,2023-04-27,2023-05-30,0,True,0.047102145526425145,
858,2023-05-31,True,,SPY230630C00418000,SPY230630P00418000,2023-06-30,30.0,418.0,417.85,0.0323800406844561,443.28,0.0605001794902476,True,,False,858.0,879.0,21.0,1.000358980495393,252,2022-04-29,2022-05-31,2023-05-01,2023-05-31,0,True,0.045736090474034166,
859,2023-06-01,True,,SPY230630C00422000,SPY230630P00422000,2023-06-30,29.0,422.0,421.82,0.0282822056801479,443.28,0.0504480584135412,True,,False,859.0,879.0,20.0,1.0004267222986107,252,2022-05-03,2022-06-01,2023-05-03,2023-06-01,0,True,0.044679600542491926,
860,2023-06-02,True,,SPY230630C00428000,SPY230630P00428000,2023-06-30,28.0,428.0,427.92,0.0261497476163768,443.28,0.0357076088988595,True,,False,860.0,879.0,19.0,1.0001869508319312,252,2022-05-05,2022-06-02,2023-05-05,2023-06-02,0,True,0.04367138988914933,
861,2023-06-05,True,,SPY230707C00427000,SPY230707P00427000,2023-07-07,32.0,427.0,427.1,0.0286232732381175,438.55,0.0270428471084055,True,,False,861.0,883.0,22.0,0.9997658627955982,252,2022-05-03,2022-06-03,2023-05-03,2023-06-05,0,True,0.04731829398684231,
862,2023-06-06,True,,SPY230707C00428000,SPY230707P00428000,2023-07-07,31.0,428.0,428.03,0.0265518772048688,438.55,0.0246478050603929,True,,False,862.0,883.0,21.0,0.9999299114548046,252,2022-05-05,2022-06-06,2023-05-05,2023-06-06,0,True,0.04620566705822044,
863,2023-06-07,True,,SPY230707C00427000,SPY230707P00427000,2023-07-07,30.0,427.0,426.55,0.0257414136677997,438.55,0.0270777165631227,True,,False,863.0,883.0,20.0,1.0010549759699918,252,2022-05-09,2022-06-07,2023-05-09,2023-06-07,0,True,0.0450687067124862,
864,2023-06-08,True,,SPY230707C00429000,SPY230707P00429000,2023-07-07,29.0,429.0,429.13,0.0243632465686388,438.55,0.0222543285251555,True,,False,864.0,883.0,19.0,0.9996970614965163,252,2022-05-11,2022-06-08,2023-05-11,2023-06-08,0,True,0.04397955777272835,
865,2023-06-09,True,,SPY230707C00430000,SPY230707P00430000,2023-07-07,28.0,430.0,429.9,0.0241335194231216,438.55,0.0198883461270063,True,,False,865.0,883.0,18.0,1.0002326122354037,252,2022-05-13,2022-06-09,2023-05-15,2023-06-09,0,True,0.042611767416242,
866,2023-06-12,True,,SPY230714C00434000,SPY230714P00434000,2023-07-14,32.0,434.0,433.8,0.0282388197325956,449.28,0.0352236053480866,True,,False,866.0,888.0,22.0,1.0004610419548179,252,2022-05-10,2022-06-10,2023-05-10,2023-06-12,0,True,0.04789339976263431,
867,2023-06-13,True,,SPY230714C00437000,SPY230714P00437000,2023-07-14,31.0,437.0,436.66,0.0271034672285073,449.28,0.0281225667567443,True,,False,867.0,888.0,21.0,1.000778637841799,252,2022-05-12,2022-06-13,2023-05-12,2023-06-13,0,True,0.046778660703777245,
868,2023-06-14,True,,SPY230714C00437000,SPY230714P00437000,2023-07-14,30.0,437.0,437.18,0.0261905851136831,449.28,0.0280891166110068,True,,False,868.0,888.0,20.0,0.9995882702776888,252,2022-05-16,2022-06-14,2023-05-16,2023-06-14,0,True,0.04555848368833563,
869,2023-06-15,True,,SPY230714C00443000,SPY230714P00443000,2023-07-14,29.0,443.0,442.6,0.0265702666064166,449.28,0.0141888838680523,True,,False,869.0,888.0,19.0,1.0009037505648442,252,2022-05-18,2022-06-15,2023-05-18,2023-06-15,0,True,0.043909194273063556,
870,2023-06-16,True,,SPY230714C00439000,SPY230714P00439000,2023-07-14,28.0,439.0,439.46,0.0260774586993127,449.28,0.0233923451508669,True,,False,870.0,888.0,18.0,0.9989532608200974,252,2022-05-20,2022-06-16,2023-05-22,2023-06-16,0,True,0.0430758678988751,
871,2023-06-20,True,,SPY230721C00437000,SPY230721P00437000,2023-07-21,31.0,437.0,437.18,0.0283636030925476,452.18,0.0347225399149092,True,,False,871.0,893.0,22.0,0.9995882702776888,252,2022-05-17,2022-06-17,2023-05-17,2023-06-20,0,True,0.0482366689212418,
872,2023-06-21,True,,SPY230721C00435000,SPY230721P00435000,2023-07-21,30.0,435.0,434.94,0.0269692371361567,452.18,0.0394997011081988,True,,False,872.0,893.0,21.0,1.0001379500620775,252,2022-05-19,2022-06-21,2023-05-19,2023-06-21,0,True,0.04662632100204754,
873,2023-06-22,True,,SPY230721C00437000,SPY230721P00437000,2023-07-21,29.0,437.0,436.51,0.0249135185906393,452.18,0.0347758356051407,True,,False,873.0,893.0,20.0,1.001122540147992,252,2022-05-23,2022-06-22,2023-05-23,2023-06-22,0,True,0.04516717432356784,
874,2023-06-23,True,,SPY230721C00433000,SPY230721P00433000,2023-07-21,28.0,433.0,433.21,0.0255418849980379,452.18,0.0442741395627986,True,,False,874.0,893.0,19.0,0.9995152466471227,252,2022-05-25,2022-06-23,2023-05-25,2023-06-23,0,True,0.04409020647035026,
875,2023-06-26,True,,SPY230728C00431000,SPY230728P00431000,2023-07-28,32.0,431.0,431.44,0.0297144446504728,456.92,0.0600778787316892,True,,False,875.0,898.0,23.0,0.9989801594659744,252,2022-05-20,2022-06-24,2023-05-22,2023-06-26,0,True,0.049281760064290935,
876,2023-06-27,True,,SPY230728C00436000,SPY230728P00436000,2023-07-28,31.0,436.0,436.17,0.0276383061650273,456.92,0.0479629502258294,True,,False,876.0,898.0,22.0,0.999610243712314,252,2022-05-24,2022-06-27,2023-05-24,2023-06-27,0,True,0.04819001662543763,
877,2023-06-28,True,,SPY230728C00436000,SPY230728P00436000,2023-07-28,30.0,436.0,436.39,0.0273379316666284,456.92,0.0479387703659571,True,,False,877.0,898.0,21.0,0.9991063039941337,252,2022-05-26,2022-06-28,2023-05-26,2023-06-28,0,True,0.04713364180488403,
878,2023-06-29,True,,SPY230728C00438000,SPY230728P00438000,2023-07-28,29.0,438.0,438.11,0.0261578142475633,456.92,0.0431855013581064,True,,False,878.0,898.0,20.0,0.999748921503732,252,2022-05-31,2022-06-29,2023-05-31,2023-06-29,0,True,0.04529078204097225,
879,2023-06-30,True,,SPY230728C00443000,SPY230728P00443000,2023-07-28,28.0,443.0,443.28,0.0246683811586356,456.92,0.0314022739577693,True,,False,879.0,898.0,19.0,0.9993683450640679,252,2022-06-02,2022-06-30,2023-06-02,2023-06-30,0,True,0.043681182646088834,
880,2023-07-03,True,,SPY230804C00444000,SPY230804P00444000,2023-08-04,32.0,444.0,443.79,0.0273327474706505,446.81,0.0063318236102661,True,,False,880.0,903.0,23.0,1.0004731967822618,252,2022-05-27,2022-07-01,2023-05-30,2023-07-03,0,True,0.04939120967698122,
881,2023-07-05,True,,SPY230804C00443000,SPY230804P00443000,2023-08-04,30.0,443.0,443.13,0.0279263421569291,446.81,0.0085979283731636,True,,False,881.0,903.0,22.0,0.9997066323652202,252,2022-06-01,2022-07-05,2023-06-01,2023-07-05,0,True,0.048096169063772294,
882,2023-07-06,True,,SPY230804C00440000,SPY230804P00440000,2023-08-04,29.0,440.0,439.66,0.0291702679343128,446.81,0.0154892416867579,True,,False,882.0,903.0,21.0,1.0007733248419233,252,2022-06-03,2022-07-06,2023-06-05,2023-07-06,0,True,0.04610005973758561,
883,2023-07-07,True,,SPY230804C00439000,SPY230804P00439000,2023-08-04,28.0,439.0,438.55,0.0275909246380116,446.81,0.0178086877208984,True,,False,883.0,903.0,20.0,1.0010261087675294,252,2022-06-07,2022-07-07,2023-06-07,2023-07-07,0,True,0.04421489181306402,
884,2023-07-10,True,,SPY230811C00440000,SPY230811P00440000,2023-08-11,32.0,440.0,439.66,0.0305463312559705,445.65,0.0128508392849019,True,,False,884.0,908.0,24.0,1.0007733248419233,252,2022-06-02,2022-07-08,2023-06-02,2023-07-10,0,True,0.04979890955893552,
885,2023-07-11,True,,SPY230811C00442500,SPY230811P00442500,2023-08-11,31.0,442.5,442.46,0.0294263888261085,445.65,0.0071192876192197,True,,False,885.0,908.0,23.0,1.0000904036523075,252,2022-06-06,2022-07-11,2023-06-06,2023-07-11,0,True,0.04888248969831938,
886,2023-07-12,True,,SPY230811C00446000,SPY230811P00446000,2023-08-11,30.0,446.0,446.02,0.026590735841442,445.65,0.0007847181740729,True,,False,886.0,908.0,22.0,0.9999551589614816,252,2022-06-08,2022-07-12,2023-06-08,2023-07-12,0,True,0.04734783352001497,
887,2023-07-13,True,,SPY230811C00450000,SPY230811P00450000,2023-08-11,29.0,450.0,449.56,0.0257696414271732,445.65,0.0096761277693745,True,,False,887.0,908.0,21.0,1.0009787347628794,252,2022-06-10,2022-07-13,2023-06-12,2023-07-13,0,True,0.04544197394623313,
888,2023-07-14,True,,SPY230811C00449000,SPY230811P00449000,2023-08-11,28.0,449.0,449.28,0.0251513532763532,445.65,0.0074563746438746,True,,False,888.0,908.0,20.0,0.9993767806267807,252,2022-06-14,2022-07-14,2023-06-14,2023-07-14,0,True,0.0443806375050631,
889,2023-07-17,True,,SPY230818C00450000,SPY230818P00450000,2023-08-18,32.0,450.0,450.84,0.0279700115340253,436.5,0.029944104338568,True,,False,889.0,913.0,24.0,0.9981368112856003,252,2022-06-09,2022-07-15,2023-06-09,2023-07-17,0,True,0.05006461513157022,
890,2023-07-18,True,,SPY230818C00454000,SPY230818P00454000,2023-08-18,31.0,454.0,454.19,0.027114203306986,436.5,0.0385301305620995,True,,False,890.0,913.0,23.0,0.9995816728681829,252,2022-06-13,2022-07-18,2023-06-13,2023-07-18,0,True,0.04872110511827136,
891,2023-07-19,True,,SPY230818C00455000,SPY230818P00455000,2023-08-18,30.0,455.0,455.2,0.0273066783831282,436.5,0.0406414762741652,True,,False,891.0,913.0,22.0,0.9995606326889279,252,2022-06-15,2022-07-19,2023-06-15,2023-07-19,0,True,0.04734704084096718,
892,2023-07-20,True,,SPY230818C00452000,SPY230818P00452000,2023-08-18,29.0,452.0,452.18,0.027157326728294,436.5,0.0342783847140519,True,,False,892.0,913.0,21.0,0.9996019284355787,252,2022-06-17,2022-07-20,2023-06-20,2023-07-20,0,True,0.045890412511751716,
893,2023-07-21,True,,SPY230818C00452000,SPY230818P00452000,2023-08-18,28.0,452.0,452.18,0.0257309036224512,436.5,0.0342783847140519,True,,False,893.0,913.0,20.0,0.9996019284355787,252,2022-06-22,2022-07-21,2023-06-22,2023-07-21,0,True,0.04422509549802797,
894,2023-07-24,True,,SPY230825C00454000,SPY230825P00454000,2023-08-25,32.0,454.0,454.2,0.0283135182738881,439.97,0.0308894760017612,True,,False,894.0,918.0,24.0,0.9995596653456628,252,2022-06-16,2022-07-22,2023-06-16,2023-07-24,0,True,0.04944545164626512,
895,2023-07-25,True,,SPY230825C00455000,SPY230825P00455000,2023-08-25,31.0,455.0,455.44,0.0283242578605304,439.97,0.0330010539258738,True,,False,895.0,918.0,23.0,0.9990339012822765,252,2022-06-21,2022-07-25,2023-06-21,2023-07-25,0,True,0.04851320416521299,
896,2023-07-26,True,,SPY230825C00456000,SPY230825P00456000,2023-08-25,30.0,456.0,455.51,0.0259160062347698,439.97,0.0351913240104497,True,,False,896.0,918.0,22.0,1.0010757173278304,252,2022-06-23,2022-07-26,2023-06-23,2023-07-26,0,True,0.046502630146817124,
897,2023-07-27,True,,SPY230825C00452000,SPY230825P00452000,2023-08-25,29.0,452.0,452.49,0.0278569692147892,439.97,0.0265862228999535,True,,False,897.0,918.0,21.0,0.9989171031404008,252,2022-06-27,2022-07-27,2023-06-27,2023-07-27,0,True,0.04601259038830363,
898,2023-07-28,True,,SPY230825C00457000,SPY230825P00457000,2023-08-25,28.0,457.0,456.92,0.0252013481572266,439.97,0.0372712947561935,True,,False,898.0,918.0,20.0,1.00017508535411,252,2022-06-29,2022-07-28,2023-06-29,2023-07-28,0,True,0.04425496864500005,
899,2023-07-31,True,,SPY230901C00458000,SPY230901P00458000,2023-09-01,32.0,458.0,457.79,0.0281133270713646,451.19,0.014875816422377,True,,False,899.0,923.0,24.0,1.0004587256165491,252,2022-06-24,2022-07-29,2023-06-26,2023-07-31,0,True,0.04871329297106562,
900,2023-08-01,True,,SPY230901C00456000,SPY230901P00456000,2023-09-01,31.0,456.0,456.48,0.0285335611636873,451.19,0.010537153873116,True,,False,900.0,923.0,23.0,0.9989484752891693,252,2022-06-28,2022-08-01,2023-06-28,2023-08-01,0,True,0.04847082276757383,
901,2023-08-02,True,,SPY230901C00450000,SPY230901P00450000,2023-09-01,30.0,450.0,450.13,0.0318574633994623,451.19,0.0026436807144602,True,,False,901.0,923.0,22.0,0.9997111945437984,252,2022-06-30,2022-08-02,2023-06-30,2023-08-02,0,True,0.046609548581684326,
902,2023-08-03,True,,SPY230901C00449000,SPY230901P00449000,2023-09-01,29.0,449.0,448.84,0.0315034310667498,451.19,0.0048792442741288,True,,False,902.0,923.0,21.0,1.0003564744675164,252,2022-07-05,2022-08-03,2023-07-05,2023-08-03,0,True,0.04481728141824152,
903,2023-08-04,True,,SPY230901C00447000,SPY230901P00447000,2023-09-01,28.0,447.0,446.81,0.0318032273225755,451.19,0.009377587788993,True,,False,903.0,923.0,20.0,1.0004252366777826,252,2022-07-07,2022-08-04,2023-07-07,2023-08-04,0,True,0.04311962523886065,
904,2023-08-07,True,,SPY230908C00451000,SPY230908P00451000,2023-09-08,32.0,451.0,450.71,0.0312617869583546,445.52,0.0121585942180116,True,,False,904.0,927.0,23.0,1.0006434292560626,252,2022-07-05,2022-08-05,2023-07-05,2023-08-07,0,True,0.04682107493097665,
905,2023-08-08,True,,SPY230908C00449000,SPY230908P00449000,2023-09-08,31.0,449.0,448.75,0.0317548746518105,445.52,0.0077548746518106,True,,False,905.0,927.0,22.0,1.0005571030640668,252,2022-07-07,2022-08-08,2023-07-07,2023-08-08,0,True,0.0453312374590551,
906,2023-08-09,True,,SPY230908C00446000,SPY230908P00446000,2023-09-08,30.0,446.0,445.75,0.0324397083567021,445.52,0.0010768367919237,True,,False,906.0,927.0,21.0,1.0005608524957936,252,2022-07-11,2022-08-09,2023-07-11,2023-08-09,0,True,0.04388927194447647,
907,2023-08-10,True,,SPY230908C00446000,SPY230908P00446000,2023-09-08,29.0,446.0,445.91,0.0312507008140656,445.52,0.0010764504047902,True,,False,907.0,927.0,20.0,1.000201834450898,252,2022-07-13,2022-08-10,2023-07-13,2023-08-10,0,True,0.042245211293171867,
908,2023-08-11,True,,SPY230908C00446000,SPY230908P00446000,2023-09-08,28.0,446.0,445.65,0.0289689217996185,445.52,0.0010770784247728,True,,False,908.0,927.0,19.0,1.0007853696847302,252,2022-07-15,2022-08-11,2023-07-17,2023-08-11,0,True,0.040210213724459654,
909,2023-08-14,True,,SPY230915C00448000,SPY230915P00448000,2023-09-15,32.0,448.0,448.11,0.0315882261051973,443.37,0.0103322844837205,True,,False,909.0,932.0,23.0,0.9997545245587021,252,2022-07-12,2022-08-12,2023-07-12,2023-08-14,0,True,0.04581568974186325,
910,2023-08-15,True,,SPY230915C00443000,SPY230915P00443000,2023-09-15,31.0,443.0,442.89,0.0343200343200343,443.37,0.0008354218880534,True,,False,910.0,932.0,22.0,1.0002483686694212,252,2022-07-14,2022-08-15,2023-07-14,2023-08-15,0,True,0.04381950635423661,
911,2023-08-16,True,,SPY230915C00440000,SPY230915P00440000,2023-09-15,30.0,440.0,439.64,0.0348694386316076,443.37,0.0076653625693749,True,,False,911.0,932.0,21.0,1.0008188517878265,252,2022-07-18,2022-08-16,2023-07-18,2023-08-16,0,True,0.04200458598718577,
912,2023-08-17,True,,SPY230915C00436000,SPY230915P00436000,2023-09-15,29.0,436.0,436.29,0.0363978087969011,443.37,0.0168924339315592,True,,False,912.0,932.0,20.0,0.9993353044993009,252,2022-07-20,2022-08-17,2023-07-20,2023-08-17,0,True,0.04068890616479419,
913,2023-08-18,True,,SPY230915C00436000,SPY230915P00436000,2023-09-15,28.0,436.0,436.5,0.0344788087056128,443.37,0.0168843069873997,True,,False,913.0,932.0,19.0,0.9988545246277205,252,2022-07-22,2022-08-18,2023-07-24,2023-08-18,0,True,0.03939405369977727,
914,2023-08-21,True,,SPY230922C00439000,SPY230922P00439000,2023-09-22,32.0,439.0,439.34,0.0354509036281695,430.42,0.0195292939409113,True,,False,914.0,937.0,23.0,0.9992261118951155,252,2022-07-19,2022-08-19,2023-07-19,2023-08-21,0,True,0.044070902666235603,
915,2023-08-22,True,,SPY230922C00438000,SPY230922P00438000,2023-09-22,31.0,438.0,438.15,0.0348282551637567,430.42,0.0173000114116169,True,,False,915.0,937.0,22.0,0.999657651489216,252,2022-07-21,2022-08-22,2023-07-21,2023-08-22,0,True,0.04251425994357501,
916,2023-08-23,True,,SPY230922C00443000,SPY230922P00443000,2023-09-22,30.0,443.0,443.03,0.0319052885809087,430.42,0.0283953682594857,True,,False,916.0,937.0,21.0,0.9999322844954067,252,2022-07-25,2022-08-23,2023-07-25,2023-08-23,0,True,0.041295709730479566,
917,2023-08-24,True,,SPY230922C00437000,SPY230922P00437000,2023-09-22,29.0,437.0,436.89,0.0338185813362631,430.42,0.0150609993362173,True,,False,917.0,937.0,20.0,1.0002517796241617,252,2022-07-27,2022-08-24,2023-07-27,2023-08-24,0,True,0.039897414729056856,
918,2023-08-25,True,,SPY230922C00440000,SPY230922P00440000,2023-09-22,28.0,440.0,439.97,0.030297520285474,430.42,0.0217742118780825,True,,False,918.0,937.0,19.0,1.0000681864672591,252,2022-07-29,2022-08-25,2023-07-31,2023-08-25,0,True,0.03882667406989642,
919,2023-08-28,True,,SPY230929C00443000,SPY230929P00443000,2023-09-29,32.0,443.0,442.76,0.0312245912006504,427.48,0.0350528503026469,True,,False,919.0,942.0,23.0,1.0005420543861234,252,2022-07-26,2022-08-26,2023-07-26,2023-08-28,0,True,0.04325586298440051,
920,2023-08-29,True,,SPY230929C00449000,SPY230929P00449000,2023-09-29,31.0,449.0,449.16,0.0289763113367174,427.48,0.0479116573158784,True,,False,920.0,942.0,22.0,0.9996437794995101,252,2022-07-28,2022-08-29,2023-07-28,2023-08-29,0,True,0.04221780456718524,
921,2023-08-30,True,,SPY230929C00451000,SPY230929P00451000,2023-09-29,30.0,451.0,451.01,0.0269838806234895,427.48,0.052149619742356,True,,False,921.0,942.0,21.0,0.9999778275426265,252,2022-08-01,2022-08-30,2023-08-01,2023-08-30,0,True,0.04112247386717825,
922,2023-08-31,True,,SPY230929C00450000,SPY230929P00450000,2023-09-29,29.0,450.0,450.35,0.0261130232041745,427.48,0.050005551237926,True,,False,922.0,942.0,20.0,0.9992228266903519,252,2022-08-03,2022-08-31,2023-08-03,2023-08-31,0,True,0.03993589085913758,
923,2023-09-01,True,,SPY230929C00451000,SPY230929P00451000,2023-09-29,28.0,451.0,451.19,0.0242137458720273,427.48,0.0521288149116779,True,,False,923.0,942.0,19.0,0.9995788913761386,252,2022-08-05,2022-09-01,2023-08-07,2023-09-01,0,True,0.03858603870937833,
924,2023-09-05,True,,SPY231006C00449000,SPY231006P00449000,2023-10-06,31.0,449.0,449.24,0.0280362389813907,429.54,0.0433176030629507,True,,False,924.0,947.0,23.0,0.9994657644021013,252,2022-08-02,2022-09-02,2023-08-02,2023-09-05,0,True,0.04318010789458757,
925,2023-09-06,True,,SPY231006C00446000,SPY231006P00446000,2023-10-06,30.0,446.0,446.22,0.0285957599390435,429.54,0.0368876339025592,True,,False,925.0,947.0,22.0,0.9995069696562233,252,2022-08-04,2022-09-06,2023-08-04,2023-09-06,0,True,0.0417368963760178,
926,2023-09-07,True,,SPY231006C00445000,SPY231006P00445000,2023-10-06,29.0,445.0,444.85,0.0282342362594132,429.54,0.0347532876250421,True,,False,926.0,947.0,21.0,1.0003371923120152,252,2022-08-08,2022-09-07,2023-08-08,2023-09-07,0,True,0.04031582832949122,
927,2023-09-08,True,,SPY231006C00446000,SPY231006P00446000,2023-10-06,28.0,446.0,445.52,0.0261716645717364,429.54,0.036945591668163,True,,False,927.0,947.0,20.0,1.0010773927096428,252,2022-08-10,2022-09-08,2023-08-10,2023-09-08,0,True,0.038810238896830176,
928,2023-09-11,True,,SPY231013C00448000,SPY231013P00448000,2023-10-13,32.0,448.0,448.45,0.0282417214851153,431.5,0.0367933994871223,True,,False,928.0,952.0,24.0,0.9989965436503513,252,2022-08-05,2022-09-09,2023-08-07,2023-09-11,0,True,0.04350919505170122,
929,2023-09-12,True,,SPY231013C00446000,SPY231013P00446000,2023-10-13,31.0,446.0,445.99,0.028644140003139,431.5,0.0325119397295903,True,,False,929.0,952.0,23.0,1.0000224220273997,252,2022-08-09,2022-09-12,2023-08-09,2023-09-12,0,True,0.04241371221199155,
930,2023-09-13,True,,SPY231013C00447000,SPY231013P00447000,2023-10-13,30.0,447.0,446.51,0.0263375960224854,431.5,0.0347136682269154,True,,False,930.0,952.0,22.0,1.0010973998342703,252,2022-08-11,2022-09-13,2023-08-11,2023-09-13,0,True,0.04091033674054116,
931,2023-09-14,True,,SPY231013C00450000,SPY231013P00450000,2023-10-13,29.0,450.0,450.36,0.02403632649436,431.5,0.0410782485123012,True,,False,931.0,952.0,21.0,0.9992006394884092,252,2022-08-15,2022-09-14,2023-08-15,2023-09-14,0,True,0.039921564652366986,
932,2023-09-15,True,,SPY231013C00443000,SPY231013P00443000,2023-10-13,28.0,443.0,443.37,0.0267045582696167,431.5,0.0259377044003879,True,,False,932.0,952.0,20.0,0.9991654825540744,252,2022-08-17,2022-09-15,2023-08-17,2023-09-15,0,True,0.038282936096195805,
933,2023-09-18,True,,SPY231020C00444000,SPY231020P00444000,2023-10-20,32.0,444.0,443.63,0.0292698870680522,421.19,0.0514167211414917,True,,False,933.0,957.0,24.0,1.0008340283569641,252,2022-08-12,2022-09-16,2023-08-14,2023-09-18,0,True,0.042369515607137476,
934,2023-09-19,True,,SPY231020C00443000,SPY231020P00443000,2023-10-20,31.0,443.0,442.71,0.0293420071830317,421.19,0.0492647557091549,True,,False,934.0,957.0,23.0,1.000655056357435,252,2022-08-16,2022-09-19,2023-08-16,2023-09-19,0,True,0.04111991559076574,
935,2023-09-20,True,,SPY231020C00439000,SPY231020P00439000,2023-10-20,30.0,439.0,438.64,0.0307085537114718,421.19,0.0406027722049972,True,,False,935.0,957.0,22.0,1.0008207185847164,252,2022-08-18,2022-09-20,2023-08-18,2023-09-20,0,True,0.039392626127459376,
936,2023-09-21,True,,SPY231020C00431000,SPY231020P00431000,2023-10-20,29.0,431.0,431.39,0.03503790073947,421.19,0.022740443682051,True,,False,936.0,957.0,21.0,0.9990959456640164,252,2022-08-22,2022-09-21,2023-08-22,2023-09-21,0,True,0.0384077142119716,
937,2023-09-22,True,,SPY231020C00430000,SPY231020P00430000,2023-10-20,28.0,430.0,430.42,0.0343501696017843,421.19,0.0204683797221318,True,,False,937.0,957.0,20.0,0.9990242089122252,252,2022-08-24,2022-09-22,2023-08-24,2023-09-22,0,True,0.036935659397803446,
938,2023-09-25,True,,SPY231027C00432000,SPY231027P00432000,2023-10-27,32.0,432.0,432.23,0.0362422784165837,410.68,0.0493255905420724,True,,False,938.0,962.0,24.0,0.9994678758994053,252,2022-08-19,2022-09-23,2023-08-21,2023-09-25,0,True,0.0407810716106198,
939,2023-09-26,True,,SPY231027C00426000,SPY231027P00426000,2023-10-27,31.0,426.0,425.88,0.0396707992861839,410.68,0.0359725744341128,True,,False,939.0,962.0,23.0,1.0002817695125388,252,2022-08-23,2022-09-26,2023-08-23,2023-09-26,0,True,0.039445554827616434,
940,2023-09-27,True,,SPY231027C00426000,SPY231027P00426000,2023-10-27,30.0,426.0,426.05,0.0378007276141297,410.68,0.0359582208660955,True,,False,940.0,962.0,22.0,0.9998826428822908,252,2022-08-25,2022-09-27,2023-08-25,2023-09-27,0,True,0.037980656788925565,
941,2023-09-28,True,,SPY231027C00429000,SPY231027P00429000,2023-10-27,29.0,429.0,428.52,0.0350158685708951,410.68,0.0427517968822925,True,,False,941.0,962.0,21.0,1.00112013441613,252,2022-08-29,2022-09-28,2023-08-29,2023-09-28,0,True,0.036406193988051935,
942,2023-09-29,True,,SPY231027C00427000,SPY231027P00427000,2023-10-27,28.0,427.0,427.48,0.0356741835875362,410.68,0.0381772246654814,True,,False,942.0,962.0,20.0,0.9988771404510152,252,2022-08-31,2022-09-29,2023-08-31,2023-09-29,0,True,0.03586742825729581,
943,2023-10-02,True,,SPY231103C00427000,SPY231103P00427000,2023-11-03,32.0,427.0,427.31,0.038847674990054,434.69,0.0179963024502117,True,,False,943.0,967.0,24.0,0.9992745313706677,252,2022-08-26,2022-09-30,2023-08-28,2023-10-02,0,True,0.039024854340778715,
944,2023-10-03,True,,SPY231103C00422000,SPY231103P00422000,2023-11-03,31.0,422.0,421.59,0.0419127588415285,434.69,0.0301003344481605,True,,False,944.0,967.0,23.0,1.0009725088355985,252,2022-08-30,2022-10-03,2023-08-30,2023-10-03,0,True,0.037769923872110416,
945,2023-10-04,True,,SPY231103C00425000,SPY231103P00425000,2023-11-03,30.0,425.0,424.66,0.0388075166015165,434.69,0.0228182546036829,True,,False,945.0,967.0,22.0,1.00080064051241,252,2022-09-01,2022-10-04,2023-09-01,2023-10-04,0,True,0.03681276254929429,
946,2023-10-05,True,,SPY231103C00424000,SPY231103P00424000,2023-11-03,29.0,424.0,424.5,0.0380800942285041,434.69,0.0251825677267373,True,,False,946.0,967.0,21.0,0.9988221436984688,252,2022-09-06,2022-10-05,2023-09-06,2023-10-05,0,True,0.036603956227608786,
947,2023-10-06,True,,SPY231103C00430000,SPY231103P00430000,2023-11-03,28.0,430.0,429.54,0.0349909205196256,434.69,0.0109186571681333,True,,False,947.0,967.0,20.0,1.0010709130697955,252,2022-09-08,2022-10-06,2023-09-08,2023-10-06,0,True,0.035020310865566104,
948,2023-10-09,True,,SPY231110C00432500,SPY231110P00432500,2023-11-10,32.0,432.5,432.29,0.037613638992343,440.61,0.0187605542575586,True,,False,948.0,972.0,24.0,1.000485785005436,252,2022-09-02,2022-10-07,2023-09-05,2023-10-09,0,True,0.03829199149584181,
949,2023-10-10,True,,SPY231110C00435000,SPY231110P00435000,2023-11-10,31.0,435.0,434.54,0.0351866341418511,440.61,0.0129102038937727,True,,False,949.0,972.0,23.0,1.001058590693607,252,2022-09-07,2022-10-10,2023-09-07,2023-10-10,0,True,0.037439102327186585,
950,2023-10-11,True,,SPY231110C00436000,SPY231110P00436000,2023-11-10,30.0,436.0,436.32,0.0334387605427209,440.61,0.010565639897323,True,,False,950.0,972.0,22.0,0.9992665933259993,252,2022-09-09,2022-10-11,2023-09-11,2023-10-11,0,True,0.036610355595065175,
951,2023-10-12,True,,SPY231110C00434000,SPY231110P00434000,2023-11-10,29.0,434.0,433.66,0.0331250288244246,440.61,0.015242355762579,True,,False,951.0,972.0,21.0,1.0007840243508739,252,2022-09-13,2022-10-12,2023-09-13,2023-10-12,0,True,0.03492574860400707,
952,2023-10-13,True,,SPY231110C00431000,SPY231110P00431000,2023-11-10,28.0,431.0,431.5,0.0363267670915411,440.61,0.022271147161066,True,,False,952.0,972.0,20.0,0.9988412514484357,252,2022-09-15,2022-10-13,2023-09-15,2023-10-13,0,True,0.03419318121525722,
953,2023-10-16,True,,SPY231117C00436000,SPY231117P00436000,2023-11-17,32.0,436.0,436.04,0.0360058710210072,450.79,0.0339189065223374,True,,False,953.0,977.0,24.0,0.9999082652967617,252,2022-09-12,2022-10-14,2023-09-12,2023-10-16,0,True,0.037131552721710016,
954,2023-10-17,True,,SPY231117C00436000,SPY231117P00436000,2023-11-17,31.0,436.0,436.02,0.0361795330489427,450.79,0.0339204623641117,True,,False,954.0,977.0,23.0,0.9999541305444705,252,2022-09-14,2022-10-17,2023-09-14,2023-10-17,0,True,0.03623143070127068,
955,2023-10-18,True,,SPY231117C00430000,SPY231117P00430000,2023-11-17,30.0,430.0,430.21,0.0394226075637479,450.79,0.0483252365124009,True,,False,955.0,977.0,22.0,0.9995118662978546,252,2022-09-16,2022-10-18,2023-09-18,2023-10-18,0,True,0.0352182844741216,
956,2023-10-19,True,,SPY231117C00426000,SPY231117P00426000,2023-11-17,29.0,426.0,426.43,0.0421288370893229,450.79,0.0581338085969561,True,,False,956.0,977.0,21.0,0.9989916281687499,252,2022-09-20,2022-10-19,2023-09-20,2023-10-19,0,True,0.03457241034911627,
957,2023-10-20,True,,SPY231117C00421000,SPY231117P00421000,2023-11-17,28.0,421.0,421.19,0.042189985517225,450.79,0.0707281749329281,True,,False,957.0,977.0,20.0,0.9995488971722976,252,2022-09-22,2022-10-20,2023-09-22,2023-10-20,0,True,0.03337047600951815,
958,2023-10-23,True,,SPY231124C00420000,SPY231124P00420000,2023-11-24,32.0,420.0,420.46,0.043488084478904,455.3,0.08395566760215,True,,False,958.0,981.0,23.0,0.9989059601388955,252,2022-09-20,2022-10-21,2023-09-20,2023-10-23,0,True,0.036278844487359276,
959,2023-10-24,True,,SPY231124C00424000,SPY231124P00424000,2023-11-24,31.0,424.0,423.63,0.0393385737553997,455.3,0.0738852300356443,True,,False,959.0,981.0,22.0,1.0008734036777376,252,2022-09-22,2022-10-24,2023-09-22,2023-10-24,0,True,0.034772400563631865,
960,2023-10-25,True,,SPY231124C00417500,SPY231124P00417500,2023-11-24,30.0,417.5,417.55,0.0420668183451083,455.3,0.0905280804694048,True,,False,960.0,981.0,21.0,0.9998802538618129,252,2022-09-26,2022-10-25,2023-09-26,2023-10-25,0,True,0.03425744370848616,
961,2023-10-26,True,,SPY231124C00412500,SPY231124P00412500,2023-11-24,29.0,412.5,412.55,0.0422736637983274,455.3,0.1037450006059871,True,,False,961.0,981.0,20.0,0.9998788025693855,252,2022-09-28,2022-10-26,2023-09-28,2023-10-26,0,True,0.0330932855681214,
962,2023-10-27,True,,SPY231124C00411000,SPY231124P00411000,2023-11-24,28.0,411.0,410.68,0.0420522060972046,455.3,0.1078698743547287,True,,False,962.0,981.0,19.0,1.0007791954806662,252,2022-09-30,2022-10-27,2023-10-02,2023-10-27,0,True,0.032039705745032,
963,2023-10-30,True,,SPY231201C00416000,SPY231201P00416000,2023-12-01,32.0,416.0,415.59,0.0422411511345316,459.1,0.1037079814239996,True,,False,963.0,986.0,23.0,1.0009865492432446,252,2022-09-27,2022-10-28,2023-09-27,2023-10-30,0,True,0.03577295870976534,
964,2023-10-31,True,,SPY231201C00418000,SPY231201P00418000,2023-12-01,31.0,418.0,418.2,0.0386178861788617,459.1,0.0982783357245337,True,,False,964.0,986.0,22.0,0.9995217599234816,252,2022-09-29,2022-10-31,2023-09-29,2023-10-31,0,True,0.03488833902345901,
965,2023-11-01,True,,SPY231201C00422500,SPY231201P00422500,2023-12-01,30.0,422.5,422.66,0.0352647518099654,459.1,0.0865944257795864,True,,False,965.0,986.0,21.0,0.999621445133204,252,2022-10-03,2022-11-01,2023-10-03,2023-11-01,0,True,0.03366950584589679,
966,2023-11-02,True,,SPY231201C00431000,SPY231201P00431000,2023-12-01,29.0,431.0,430.76,0.0311890611941684,459.1,0.0652335407187297,True,,False,966.0,986.0,20.0,1.0005571547961742,252,2022-10-05,2022-11-02,2023-10-05,2023-11-02,0,True,0.032404544026591514,
967,2023-11-03,True,,SPY231201C00435000,SPY231201P00435000,2023-12-01,28.0,435.0,434.69,0.02896316915503,459.1,0.0554418091053394,True,,False,967.0,986.0,19.0,1.000713151901355,252,2022-10-07,2022-11-03,2023-10-09,2023-11-03,0,True,0.031560209894536624,
968,2023-11-06,True,,SPY231208C00436000,SPY231208P00436000,2023-12-08,32.0,436.0,435.69,0.0311574743510294,460.2,0.0555440795060708,True,,False,968.0,991.0,23.0,1.000711515068053,252,2022-10-04,2022-11-04,2023-10-04,2023-11-06,0,True,0.03532087005038746,
969,2023-11-07,True,,SPY231208C00437000,SPY231208P00437000,2023-12-08,31.0,437.0,436.93,0.0305769802943263,460.2,0.0530977502117043,True,,False,969.0,991.0,22.0,1.000160208729087,252,2022-10-06,2022-11-07,2023-10-06,2023-11-07,0,True,0.03441684770564389,
970,2023-11-08,True,,SPY231208C00437000,SPY231208P00437000,2023-12-08,30.0,437.0,437.25,0.0292510005717552,460.2,0.0530588907947398,True,,False,970.0,991.0,21.0,0.9994282447112636,252,2022-10-10,2022-11-08,2023-10-10,2023-11-08,0,True,0.033488324092866534,
971,2023-11-09,True,,SPY231208C00434000,SPY231208P00434000,2023-12-08,29.0,434.0,433.84,0.0302876636548036,460.2,0.0603909275308869,True,,False,971.0,991.0,20.0,1.0003687995574406,252,2022-10-12,2022-11-09,2023-10-12,2023-11-09,0,True,0.03185705190744841,
972,2023-11-10,True,,SPY231208C00441000,SPY231208P00441000,2023-12-08,28.0,441.0,440.61,0.0269512721000431,460.2,0.0435759515217539,True,,False,972.0,991.0,19.0,1.0008851365152855,252,2022-10-14,2022-11-10,2023-10-16,2023-11-10,0,True,0.030751218729024615,
973,2023-11-13,True,,SPY231215C00440000,SPY231215P00440000,2023-12-15,32.0,440.0,440.19,0.0323269497262545,469.33,0.0666303187260046,True,,False,973.0,996.0,23.0,0.9995683682046389,252,2022-10-11,2022-11-11,2023-10-11,2023-11-13,0,True,0.035240523037980837,
974,2023-11-14,True,,SPY231215C00449000,SPY231215P00449000,2023-12-15,31.0,449.0,448.73,0.0295277783968087,469.33,0.0453056403628016,True,,False,974.0,996.0,22.0,1.0006016981258217,252,2022-10-13,2022-11-14,2023-10-13,2023-11-14,0,True,0.03332535435530473,
975,2023-11-15,True,,SPY231215C00450000,SPY231215P00450000,2023-12-15,30.0,450.0,449.68,0.0284980430528375,469.33,0.0429861234655754,True,,False,975.0,996.0,21.0,1.0007116171499733,252,2022-10-17,2022-11-15,2023-10-17,2023-11-15,0,True,0.031979215173304425,
976,2023-11-16,True,,SPY231215C00450000,SPY231215P00450000,2023-12-15,29.0,450.0,450.23,0.027696954889723,469.33,0.0429336117095706,True,,False,976.0,996.0,20.0,0.999489149990005,252,2022-10-19,2022-11-16,2023-10-19,2023-11-16,0,True,0.031099066736594842,
977,2023-11-17,True,,SPY231215C00451000,SPY231215P00451000,2023-12-15,28.0,451.0,450.79,0.0264757425852392,469.33,0.0406619490228265,True,,False,977.0,996.0,19.0,1.000465848843142,252,2022-10-21,2022-11-17,2023-10-23,2023-11-17,0,True,0.03015958086135483,
978,2023-11-20,True,,SPY231222C00454000,SPY231222P00454000,2023-12-22,32.0,454.0,454.26,0.0272971426055562,473.65,0.0432571654999339,True,,False,978.0,1001.0,23.0,0.9994276405582706,252,2022-10-18,2022-11-18,2023-10-18,2023-11-20,0,True,0.03411534982428967,
979,2023-11-21,True,,SPY231222C00453000,SPY231222P00453000,2023-12-22,31.0,453.0,453.27,0.026661813047411,473.65,0.0455578352858119,True,,False,979.0,1001.0,22.0,0.9994043285458999,252,2022-10-20,2022-11-21,2023-10-20,2023-11-21,0,True,0.03295617302609905,
980,2023-11-22,True,,SPY231222C00455000,SPY231222P00455000,2023-12-22,30.0,455.0,455.02,0.0253725110984132,473.65,0.0409872093534349,True,,False,980.0,1001.0,21.0,0.9999560458880928,252,2022-10-24,2022-11-22,2023-10-24,2023-11-22,0,True,0.03204694397095436,
981,2023-11-24,True,,SPY231222C00455000,SPY231222P00455000,2023-12-22,28.0,455.0,455.3,0.0237755326158576,473.65,0.0409620030748956,True,,False,981.0,1001.0,20.0,0.999341093784318,252,2022-10-26,2022-11-23,2023-10-26,2023-11-24,0,True,0.03161882513725126,
982,2023-11-27,True,,SPY231229C00454000,SPY231229P00454000,2023-12-29,32.0,454.0,454.48,0.0256666960042246,475.31,0.0468887519802851,True,,False,982.0,1005.0,23.0,0.9989438479140996,252,2022-10-24,2022-11-25,2023-10-24,2023-11-27,0,True,0.03420376461817305,
983,2023-11-28,True,,SPY231229C00455000,SPY231229P00455000,2023-12-29,31.0,455.0,454.93,0.0248939397269909,475.31,0.0446442309805904,True,,False,983.0,1005.0,22.0,1.000153869826127,252,2022-10-26,2022-11-28,2023-10-26,2023-11-28,0,True,0.033163083435778326,
984,2023-11-29,True,,SPY231229C00455000,SPY231229P00455000,2023-12-29,30.0,455.0,454.61,0.0252964079100767,475.31,0.0446756560568399,True,,False,984.0,1005.0,21.0,1.0008578781812982,252,2022-10-28,2022-11-29,2023-10-30,2023-11-29,0,True,0.03263189111868143,
985,2023-11-30,True,,SPY231229C00456000,SPY231229P00456000,2023-12-29,29.0,456.0,456.4,0.0248356704645048,475.31,0.0423093777388256,True,,False,985.0,1005.0,20.0,0.9991235758106924,252,2022-11-01,2022-11-30,2023-11-01,2023-11-30,0,True,0.032516576435322034,
986,2023-12-01,True,,SPY231229C00459000,SPY231229P00459000,2023-12-29,28.0,459.0,459.1,0.0242975386626007,475.31,0.0355260291875408,True,,False,986.0,1005.0,19.0,0.9997821825310389,252,2022-11-03,2022-12-01,2023-11-03,2023-12-01,0,True,0.0316412882009286,
987,2023-12-04,True,,SPY240105C00457000,SPY240105P00457000,2024-01-05,32.0,457.0,456.69,0.0269438787799163,467.92,0.0239111870196413,True,,False,987.0,1009.0,22.0,1.0006787974337077,252,2022-11-01,2022-12-02,2023-11-01,2023-12-04,0,True,0.033869070464054817,
988,2023-12-05,True,,SPY240105C00457000,SPY240105P00457000,2024-01-05,31.0,457.0,456.6,0.0263250109505037,467.92,0.023915900131406,True,,False,988.0,1009.0,21.0,1.0008760402978536,252,2022-11-03,2022-12-05,2023-11-03,2023-12-05,0,True,0.03291260494350395,
989,2023-12-06,True,,SPY240105C00455000,SPY240105P00455000,2024-01-05,30.0,455.0,454.76,0.0261786436801829,467.92,0.0284105902014249,True,,False,989.0,1009.0,20.0,1.0005277509015744,252,2022-11-07,2022-12-06,2023-11-07,2023-12-06,0,True,0.031852896909313345,
990,2023-12-07,True,,SPY240105C00458000,SPY240105P00458000,2024-01-05,29.0,458.0,458.23,0.0258494642428474,467.92,0.0216485171202235,True,,False,990.0,1009.0,19.0,0.9994980686554786,252,2022-11-09,2022-12-07,2023-11-09,2023-12-07,0,True,0.03141425145348134,
991,2023-12-08,True,,SPY240105C00460000,SPY240105P00460000,2024-01-05,28.0,460.0,460.2,0.0237070838765754,467.92,0.0172099087353325,True,,False,991.0,1009.0,18.0,0.9995654063450674,252,2022-11-11,2022-12-08,2023-11-13,2023-12-08,0,True,0.03107573305369315,
992,2023-12-11,True,,SPY240112C00462000,SPY240112P00462000,2024-01-12,32.0,462.0,461.99,0.0265265481936838,476.68,0.0317755795579991,True,,False,992.0,1014.0,22.0,1.000021645490162,252,2022-11-08,2022-12-09,2023-11-08,2023-12-11,0,True,0.033979353459339216,
993,2023-12-12,True,,SPY240112C00464000,SPY240112P00464000,2024-01-12,31.0,464.0,464.1,0.0243697478991596,476.68,0.0273216979099332,True,,False,993.0,1014.0,21.0,0.9997845291962939,252,2022-11-10,2022-12-12,2023-11-10,2023-12-12,0,True,0.03322055809826062,
994,2023-12-13,True,,SPY240112C00470000,SPY240112P00470000,2024-01-12,30.0,470.0,470.5,0.0237832093517534,476.68,0.0141976620616365,True,,False,994.0,1014.0,20.0,0.9989373007438895,252,2022-11-14,2022-12-13,2023-11-14,2023-12-13,0,True,0.03268520960622816,
995,2023-12-14,True,,SPY240112C00472000,SPY240112P00472000,2024-01-12,29.0,472.0,472.01,0.0229656151352725,476.68,0.0099150441727929,True,,False,995.0,1014.0,19.0,0.9999788140081778,252,2022-11-16,2022-12-14,2023-11-16,2023-12-14,0,True,0.0318554954918848,
996,2023-12-15,True,,SPY240112C00469000,SPY240112P00469000,2024-01-12,28.0,469.0,469.33,0.0236187757015319,476.68,0.01636375258347,True,,False,996.0,1014.0,18.0,0.9992968700061791,252,2022-11-18,2022-12-15,2023-11-20,2023-12-15,0,True,0.031707679306522976,
997,2023-12-18,True,,SPY240119C00472000,SPY240119P00472000,2024-01-19,32.0,472.0,471.97,0.0260609784520202,482.43,0.0220988622158188,True,,False,997.0,1018.0,21.0,1.000063563362078,252,2022-11-16,2022-12-16,2023-11-16,2023-12-18,0,True,0.03379146181009285,
998,2023-12-19,True,,SPY240119C00475000,SPY240119P00475000,2024-01-19,31.0,475.0,474.84,0.0255875663381349,482.43,0.0156473759582175,True,,False,998.0,1018.0,20.0,1.000336955606099,252,2022-11-18,2022-12-19,2023-11-20,2023-12-19,0,True,0.032881916713927456,
999,2023-12-20,True,,SPY240119C00468000,SPY240119P00468000,2024-01-19,30.0,468.0,468.26,0.0270896510485627,482.43,0.0308162132148806,True,,False,999.0,1018.0,19.0,0.9994447529150472,252,2022-11-22,2022-12-20,2023-11-22,2023-12-20,0,True,0.032247047488418196,
1000,2023-12-21,True,,SPY240119C00473000,SPY240119P00473000,2024-01-19,29.0,473.0,472.7,0.0264861434313518,482.43,0.0199492278400677,True,,False,1000.0,1018.0,18.0,1.0006346519991538,252,2022-11-25,2022-12-21,2023-11-27,2023-12-21,0,True,0.031482763908898266,
1001,2023-12-22,True,,SPY240119C00474000,SPY240119P00474000,2024-01-19,28.0,474.0,473.65,0.0251134804180301,482.43,0.0177979520743164,True,,False,1001.0,1018.0,17.0,1.0007389422569408,252,2022-11-29,2022-12-22,2023-11-29,2023-12-22,0,True,0.03109932178340137,
1002,2023-12-26,True,,SPY240126C00476000,SPY240126P00476000,2024-01-26,31.0,476.0,475.65,0.0268369599495427,487.41,0.0239882266372333,True,,False,1002.0,1023.0,21.0,1.0007358351729214,252,2022-11-23,2022-12-23,2023-11-24,2023-12-26,0,True,0.03375677987858206,
1003,2023-12-27,True,,SPY240126C00477000,SPY240126P00477000,2024-01-26,30.0,477.0,476.51,0.0251621162200163,487.41,0.0218463411051185,True,,False,1003.0,1023.0,20.0,1.0010283100039874,252,2022-11-28,2022-12-27,2023-11-28,2023-12-27,0,True,0.03268087654625876,
1004,2023-12-28,True,,SPY240126C00477000,SPY240126P00477000,2024-01-26,29.0,477.0,476.69,0.0245652310726048,487.41,0.0218380918416581,True,,False,1004.0,1023.0,19.0,1.0006503178166104,252,2022-11-30,2022-12-28,2023-11-30,2023-12-28,0,True,0.03196595088088045,
1005,2023-12-29,True,,SPY240126C00475000,SPY240126P00475000,2024-01-26,28.0,475.0,475.31,0.0239843470577097,487.41,0.0261092760514191,True,,False,1005.0,1023.0,18.0,0.9993477940712377,252,2022-12-02,2022-12-29,2023-12-04,2023-12-29,0,True,0.03160882053222957,
1006,2024-01-02,True,,SPY240202C00472500,SPY240202P00472500,2024-02-02,31.0,472.5,472.65,0.027991113932085,494.35,0.0462287104622871,True,,False,1006.0,1028.0,22.0,0.999682640431609,252,2022-11-29,2022-12-30,2023-11-29,2024-01-02,0,True,0.03493937514942119,
1007,2024-01-03,True,,SPY240202C00469000,SPY240202P00469000,2024-02-02,30.0,469.0,468.79,0.0288828686618741,494.35,0.0540753855670983,True,,False,1007.0,1028.0,21.0,1.0004479617739286,252,2022-12-01,2023-01-03,2023-12-01,2024-01-03,0,True,0.03364669460010735,
1008,2024-01-04,True,,SPY240202C00467500,SPY240202P00467500,2024-02-02,29.0,467.5,467.28,0.028548193802431,494.35,0.0574601951720596,True,,False,1008.0,1028.0,20.0,1.0004708097928436,252,2022-12-05,2023-01-04,2023-12-05,2024-01-04,0,True,0.03239984357932651,
1009,2024-01-05,True,,SPY240202C00468000,SPY240202P00468000,2024-02-02,28.0,468.0,467.92,0.0267673961360916,494.35,0.0563130449649513,True,,False,1009.0,1028.0,19.0,1.000170969396478,252,2022-12-07,2023-01-05,2023-12-07,2024-01-05,0,True,0.03160792319884751,
1010,2024-01-08,True,,SPY240209C00475000,SPY240209P00475000,2024-02-09,32.0,475.0,474.6,0.027465233881163,501.2,0.0552043826380109,True,,False,1010.0,1033.0,23.0,1.000842815002107,252,2022-12-02,2023-01-06,2023-12-04,2024-01-08,0,True,0.035311604576053104,
1011,2024-01-09,True,,SPY240209C00474000,SPY240209P00474000,2024-02-09,31.0,474.0,473.88,0.0264518443487802,501.2,0.0573984975099181,True,,False,1011.0,1033.0,22.0,1.000253228665485,252,2022-12-06,2023-01-09,2023-12-06,2024-01-09,0,True,0.03436023601617814,
1012,2024-01-10,True,,SPY240209C00477000,SPY240209P00477000,2024-02-09,30.0,477.0,476.56,0.0255896424374685,501.2,0.0507805942588551,True,,False,1012.0,1033.0,21.0,1.0009232835319792,252,2022-12-08,2023-01-10,2023-12-08,2024-01-10,0,True,0.03331116221182597,
1013,2024-01-11,True,,SPY240209C00476000,SPY240209P00476000,2024-02-09,29.0,476.0,476.35,0.0247717014800042,501.2,0.052902277736958,True,,False,1013.0,1033.0,20.0,0.9992652461425422,252,2022-12-12,2023-01-11,2023-12-12,2024-01-11,0,True,0.03291919688176673,
1014,2024-01-12,True,,SPY240209C00477000,SPY240209P00477000,2024-02-09,28.0,477.0,476.68,0.0240937316438701,501.2,0.05076781069061,True,,False,1014.0,1033.0,19.0,1.0006713098934295,252,2022-12-14,2023-01-12,2023-12-14,2024-01-12,0,True,0.03142218216825887,
1015,2024-01-16,True,,SPY240216C00475000,SPY240216P00475000,2024-02-16,31.0,475.0,474.93,0.0283620744109658,499.51,0.0516076053313119,True,,False,1015.0,1038.0,23.0,1.000147390141705,252,2022-12-09,2023-01-13,2023-12-11,2024-01-16,0,True,0.035940723482374155,
1016,2024-01-17,True,,SPY240216C00472000,SPY240216P00472000,2024-02-16,30.0,472.0,472.29,0.029589870630333,499.51,0.0582481102712316,True,,False,1016.0,1038.0,22.0,0.9993859704842364,252,2022-12-13,2023-01-17,2023-12-13,2024-01-17,0,True,0.035063675176340466,
1017,2024-01-18,True,,SPY240216C00476000,SPY240216P00476000,2024-02-16,29.0,476.0,476.49,0.0279754034712166,499.51,0.0493399651619131,True,,False,1017.0,1038.0,21.0,0.9989716468341413,252,2022-12-15,2023-01-18,2023-12-15,2024-01-18,0,True,0.03422288047855901,
1018,2024-01-19,True,,SPY240216C00482000,SPY240216P00482000,2024-02-16,28.0,482.0,482.43,0.025889766390979,499.51,0.0362954210973612,True,,False,1018.0,1038.0,20.0,0.9991086789793338,252,2022-12-19,2023-01-19,2023-12-19,2024-01-19,0,True,0.03293782938686081,
1019,2024-01-22,True,,SPY240223C00483000,SPY240223P00483000,2024-02-23,32.0,483.0,483.45,0.0271486192987899,507.85,0.0514013858723756,True,,False,1019.0,1042.0,23.0,0.9990691901954701,252,2022-12-15,2023-01-20,2023-12-15,2024-01-22,0,True,0.03642847470444545,
1020,2024-01-23,True,,SPY240223C00485000,SPY240223P00485000,2024-02-23,31.0,485.0,484.86,0.0252753372107412,507.85,0.0471270057336138,True,,False,1020.0,1042.0,22.0,1.0002887431423504,252,2022-12-19,2023-01-23,2023-12-19,2024-01-23,0,True,0.034797772474945726,
1021,2024-01-24,True,,SPY240223C00485000,SPY240223P00485000,2024-02-23,30.0,485.0,485.39,0.0255567687838645,507.85,0.0470755474978883,True,,False,1021.0,1042.0,21.0,0.9991965223840623,252,2022-12-21,2023-01-24,2023-12-21,2024-01-24,0,True,0.03408931261656341,
1022,2024-01-25,True,,SPY240223C00488000,SPY240223P00488000,2024-02-23,29.0,488.0,488.03,0.0255004815277749,507.85,0.0406737290740323,True,,False,1022.0,1042.0,20.0,0.9999385283691576,252,2022-12-23,2023-01-25,2023-12-26,2024-01-25,0,True,0.03246867761612822,
1023,2024-01-26,True,,SPY240223C00487000,SPY240223P00487000,2024-02-23,28.0,487.0,487.41,0.0249584538684064,507.85,0.042777128085185,True,,False,1023.0,1042.0,19.0,0.9991588190640323,252,2022-12-28,2023-01-26,2023-12-28,2024-01-26,0,True,0.031455542672201686,
1024,2024-01-29,True,,SPY240229C00491000,SPY240229P00491000,2024-02-29,31.0,491.0,491.27,0.0268386019907586,508.08,0.0347670323854499,True,,False,1024.0,1046.0,22.0,0.9994504040547968,252,2022-12-23,2023-01-27,2023-12-26,2024-01-29,0,True,0.03482491876124499,
1025,2024-01-30,True,,SPY240229C00491000,SPY240229P00491000,2024-02-29,30.0,491.0,490.89,0.0257185927600888,508.08,0.0347939456904805,True,,False,1025.0,1046.0,21.0,1.0002240827884048,252,2022-12-28,2023-01-30,2023-12-28,2024-01-30,0,True,0.03331562582735795,
1026,2024-01-31,True,,SPY240301C00483000,SPY240301P00483000,2024-03-01,30.0,483.0,482.88,0.0285888833664678,512.85,0.0618166003976143,True,,False,1026.0,1047.0,21.0,1.000248508946322,252,2022-12-29,2023-01-31,2023-12-29,2024-01-31,0,True,0.03311721545677554,
1027,2024-02-01,True,,SPY240301C00489000,SPY240301P00489000,2024-03-01,29.0,489.0,489.2,0.0267681929681112,512.85,0.0487530662305805,True,,False,1027.0,1047.0,20.0,0.9995911692559281,252,2023-01-03,2023-02-01,2024-01-03,2024-02-01,0,True,0.03203551589494817,
1028,2024-02-02,True,,SPY240301C00494000,SPY240301P00494000,2024-03-01,28.0,494.0,494.35,0.0252655001517143,512.85,0.0381308789319308,True,,False,1028.0,1047.0,19.0,0.9992919995954282,252,2023-01-05,2023-02-02,2024-01-05,2024-02-02,0,True,0.03095995734612606,
1029,2024-02-05,True,,SPY240308C00492500,SPY240308P00492500,2024-03-08,32.0,492.5,492.55,0.0273474774134605,511.72,0.0390214191452644,True,,False,1029.0,1052.0,23.0,0.9998984874632016,252,2022-12-30,2023-02-03,2024-01-02,2024-02-05,0,True,0.035076267666636046,
1030,2024-02-06,True,,SPY240308C00494000,SPY240308P00494000,2024-03-08,31.0,494.0,493.98,0.0259322239766792,511.72,0.0358718976476781,True,,False,1030.0,1052.0,22.0,1.0000404874691282,252,2023-01-04,2023-02-06,2024-01-04,2024-02-06,0,True,0.03377481129998997,
1031,2024-02-07,True,,SPY240308C00498000,SPY240308P00498000,2024-03-08,30.0,498.0,498.1,0.0252158201164424,511.72,0.0275446697450311,True,,False,1031.0,1052.0,21.0,0.9997992371009837,252,2023-01-06,2023-02-07,2024-01-08,2024-02-07,0,True,0.03275766681103141,
1032,2024-02-08,True,,SPY240308C00498000,SPY240308P00498000,2024-03-08,29.0,498.0,498.32,0.0247230695135655,511.72,0.0275325092310162,True,,False,1032.0,1052.0,20.0,0.999357842350297,252,2023-01-10,2023-02-08,2024-01-10,2024-02-08,0,True,0.031604748266144254,
1033,2024-02-09,True,,SPY240308C00501000,SPY240308P00501000,2024-03-08,28.0,501.0,501.2,0.0241620111731843,511.72,0.0213886671987231,True,,False,1033.0,1052.0,19.0,0.9996009577015164,252,2023-01-12,2023-02-09,2024-01-12,2024-02-09,0,True,0.03046363854663623,
1034,2024-02-12,True,,SPY240315C00501000,SPY240315P00501000,2024-03-15,32.0,501.0,500.98,0.0281647969978841,509.83,0.0176254541099444,True,,False,1034.0,1057.0,23.0,1.0000399217533633,252,2023-01-09,2023-02-10,2024-01-09,2024-02-12,0,True,0.034741918022127144,
1035,2024-02-13,True,,SPY240315C00494000,SPY240315P00494000,2024-03-15,31.0,494.0,494.08,0.0297219073834196,509.83,0.0320393458549222,True,,False,1035.0,1057.0,22.0,0.9998380829015544,252,2023-01-11,2023-02-13,2024-01-11,2024-02-13,0,True,0.03363855232075416,
1036,2024-02-14,True,,SPY240315C00499000,SPY240315P00499000,2024-03-15,30.0,499.0,498.57,0.0274585313998034,509.83,0.0217221252782958,True,,False,1036.0,1057.0,21.0,1.0008624666546322,252,2023-01-13,2023-02-14,2024-01-16,2024-02-14,0,True,0.03234973658704493,
1037,2024-02-15,True,,SPY240315C00502000,SPY240315P00502000,2024-03-15,29.0,502.0,502.01,0.0269516543495149,509.83,0.0155972988585884,True,,False,1037.0,1057.0,20.0,0.9999800800780861,252,2023-01-18,2023-02-15,2024-01-18,2024-02-15,0,True,0.0316635341255146,
1038,2024-02-16,True,,SPY240315C00500000,SPY240315P00500000,2024-03-15,28.0,500.0,499.51,0.0266160837620868,509.83,0.0196792856999859,True,,False,1038.0,1057.0,19.0,1.0009809613421152,252,2023-01-20,2023-02-16,2024-01-22,2024-02-16,0,True,0.0300246202085462,
1039,2024-02-20,True,,SPY240322C00497000,SPY240322P00497000,2024-03-22,31.0,497.0,496.76,0.0298735808036073,521.21,0.0487358080360738,True,,False,1039.0,1062.0,23.0,1.000483130686851,252,2023-01-17,2023-02-17,2024-01-17,2024-02-20,0,True,0.034643540903512154,
1040,2024-02-21,True,,SPY240322C00497000,SPY240322P00497000,2024-03-22,30.0,497.0,497.21,0.0291426157961424,521.21,0.0486916996842381,True,,False,1040.0,1062.0,22.0,0.9995776432493313,252,2023-01-19,2023-02-21,2024-01-19,2024-02-21,0,True,0.03391815292714671,
1041,2024-02-22,True,,SPY240322C00507000,SPY240322P00507000,2024-03-22,29.0,507.0,507.5,0.0273990147783251,521.21,0.028,True,,False,1041.0,1062.0,21.0,0.9990147783251232,252,2023-01-23,2023-02-22,2024-01-23,2024-02-22,0,True,0.03322986018778018,
1042,2024-02-23,True,,SPY240322C00508000,SPY240322P00508000,2024-03-22,28.0,508.0,507.85,0.025578418824456,521.21,0.0260116176036231,True,,False,1042.0,1062.0,20.0,1.0002953628039775,252,2023-01-25,2023-02-23,2024-01-25,2024-02-23,0,True,0.031667197765003964,
1043,2024-02-26,True,,SPY240328C00506000,SPY240328P00506000,2024-03-28,31.0,506.0,505.99,0.026798948595822,523.07,0.0337358445819088,True,,False,1043.0,1066.0,23.0,1.0000197632364276,252,2023-01-23,2023-02-24,2024-01-23,2024-02-26,0,True,0.03526237245288156,
1044,2024-02-27,True,,SPY240328C00507000,SPY240328P00507000,2024-03-28,30.0,507.0,506.93,0.0256149764267255,523.07,0.0317006292782041,True,,False,1044.0,1066.0,22.0,1.0001380861262896,252,2023-01-25,2023-02-27,2024-01-25,2024-02-27,0,True,0.03423522459431025,
1045,2024-02-28,True,,SPY240328C00506000,SPY240328P00506000,2024-03-28,29.0,506.0,506.26,0.0255896179828546,523.07,0.0337178524868645,True,,False,1045.0,1066.0,21.0,0.9994864298976811,252,2023-01-27,2023-02-28,2024-01-29,2024-02-28,0,True,0.033527421596785546,
1046,2024-02-29,True,,SPY240328C00508000,SPY240328P00508000,2024-03-28,28.0,508.0,508.08,0.0248189261533616,523.07,0.0296606833569517,True,,False,1046.0,1066.0,20.0,0.9998425444811841,252,2023-01-31,2023-03-01,2024-01-31,2024-02-29,0,True,0.03223957181235347,
1047,2024-03-01,True,,SPY240328C00513000,SPY240328P00513000,2024-03-28,27.0,513.0,512.85,0.023866627668909,523.07,0.0196353709661695,True,,False,1047.0,1066.0,19.0,1.000292483182217,252,2023-02-02,2023-03-02,2024-02-02,2024-03-01,0,True,0.0308798382814103,
1048,2024-03-04,True,,SPY240405C00512000,SPY240405P00512000,2024-04-05,32.0,512.0,512.3,0.0272008588717548,518.43,0.0125512395081006,True,,False,1048.0,1071.0,23.0,0.9994144056217061,252,2023-01-30,2023-03-03,2024-01-30,2024-03-04,0,True,0.036088387183181,
1049,2024-03-05,True,,SPY240405C00507000,SPY240405P00507000,2024-04-05,31.0,507.0,507.18,0.0285993138530699,518.43,0.0225363776174138,True,,False,1049.0,1071.0,22.0,0.9996450964154738,252,2023-02-01,2023-03-06,2024-02-01,2024-03-05,0,True,0.03503321493923559,
1050,2024-03-06,True,,SPY240405C00510000,SPY240405P00510000,2024-04-05,30.0,510.0,509.75,0.0282687591956841,518.43,0.0165375183913682,True,,False,1050.0,1071.0,21.0,1.0004904364884748,252,2023-02-03,2023-03-07,2024-02-05,2024-03-06,0,True,0.03349159320759672,
1051,2024-03-07,True,,SPY240405C00515000,SPY240405P00515000,2024-04-05,29.0,515.0,514.81,0.0277189642780831,518.43,0.0066626522406323,True,,False,1051.0,1071.0,20.0,1.0003690681999184,252,2023-02-07,2023-03-08,2024-02-07,2024-03-07,0,True,0.032186044179771466,
1052,2024-03-08,True,,SPY240405C00512000,SPY240405P00512000,2024-04-05,28.0,512.0,511.72,0.0275736731024779,518.43,0.0125654654889391,True,,False,1052.0,1071.0,19.0,1.0005471742359102,252,2023-02-09,2023-03-09,2024-02-09,2024-03-08,0,True,0.03073745634319281,
1053,2024-03-11,True,,SPY240412C00511000,SPY240412P00511000,2024-04-12,32.0,511.0,511.28,0.0309419496166484,510.85,0.0002933813174776,True,,False,1053.0,1076.0,23.0,0.9994523548740417,252,2023-02-06,2023-03-10,2024-02-06,2024-03-11,0,True,0.03636650915766875,
1054,2024-03-12,True,,SPY240412C00517000,SPY240412P00517000,2024-04-12,31.0,517.0,516.78,0.0276036224312086,510.85,0.0119006153488911,True,,False,1054.0,1076.0,22.0,1.0004257130693912,252,2023-02-08,2023-03-13,2024-02-08,2024-03-12,0,True,0.03455162273191256,
1055,2024-03-13,True,,SPY240412C00516000,SPY240412P00516000,2024-04-12,30.0,516.0,515.97,0.0268523363761459,510.85,0.0099812004573908,True,,False,1055.0,1076.0,21.0,1.0000581429152857,252,2023-02-10,2023-03-14,2024-02-12,2024-03-13,0,True,0.033386400720171745,
1056,2024-03-14,True,,SPY240412C00515000,SPY240412P00515000,2024-04-12,29.0,515.0,514.95,0.0271482668220215,510.85,0.0080590348577531,True,,False,1056.0,1076.0,20.0,1.000097096805515,252,2023-02-14,2023-03-15,2024-02-14,2024-03-14,0,True,0.03194677975588438,
1057,2024-03-15,True,,SPY240412C00510000,SPY240412P00510000,2024-04-12,28.0,510.0,509.83,0.0282054802581252,510.85,0.0016672224074692,True,,False,1057.0,1076.0,19.0,1.000333444481494,252,2023-02-16,2023-03-16,2024-02-16,2024-03-15,0,True,0.030340771815104972,
1058,2024-03-18,True,,SPY240419C00513000,SPY240419P00513000,2024-04-19,32.0,513.0,512.86,0.030232422103498,495.16,0.0347853215302421,True,,False,1058.0,1081.0,23.0,1.0002729789806184,252,2023-02-13,2023-03-17,2024-02-13,2024-03-18,0,True,0.03559489785523163,
1059,2024-03-19,True,,SPY240419C00516000,SPY240419P00516000,2024-04-19,31.0,516.0,515.71,0.0284365244032498,495.16,0.0404103081189039,True,,False,1059.0,1081.0,22.0,1.0005623315429213,252,2023-02-15,2023-03-20,2024-02-15,2024-03-19,0,True,0.034086369690727335,
1060,2024-03-20,True,,SPY240419C00520000,SPY240419P00520000,2024-04-19,30.0,520.0,520.48,0.0268502151859821,495.16,0.0477251767599138,True,,False,1060.0,1081.0,21.0,0.9990777743621272,252,2023-02-17,2023-03-21,2024-02-20,2024-03-20,0,True,0.03365994127280944,
1061,2024-03-21,True,,SPY240419C00522000,SPY240419P00522000,2024-04-19,29.0,522.0,522.2,0.0253063960168517,495.16,0.0513979318268862,True,,False,1061.0,1081.0,20.0,0.9996170049789352,252,2023-02-22,2023-03-22,2024-02-22,2024-03-21,0,True,0.03210037204513999,
1062,2024-03-22,True,,SPY240419C00521000,SPY240419P00521000,2024-04-19,28.0,521.0,521.21,0.0246541701041806,495.16,0.0495769459526869,True,,False,1062.0,1081.0,19.0,0.9995970913835114,252,2023-02-24,2023-03-23,2024-02-26,2024-03-22,0,True,0.030903744737612062,
1063,2024-03-25,True,,SPY240426C00520000,SPY240426P00520000,2024-04-26,32.0,520.0,519.77,0.0272812974969698,508.26,0.0225869134424841,True,,False,1063.0,1086.0,23.0,1.000442503414972,252,2023-02-21,2023-03-24,2024-02-21,2024-03-25,0,True,0.03548771852973235,
1064,2024-03-26,True,,SPY240426C00519000,SPY240426P00519000,2024-04-26,31.0,519.0,518.81,0.0264740463753589,508.26,0.0207012200998438,True,,False,1064.0,1086.0,22.0,1.0003662227019527,252,2023-02-23,2023-03-27,2024-02-23,2024-03-26,0,True,0.03439504131067784,
1065,2024-03-27,True,,SPY240426C00523000,SPY240426P00523000,2024-04-26,30.0,523.0,523.17,0.0249823193225911,508.26,0.0281743983791119,True,,False,1065.0,1086.0,21.0,0.9996750578205937,252,2023-02-27,2023-03-28,2024-02-27,2024-03-27,0,True,0.033718181550441526,
1066,2024-03-28,True,,SPY240426C00523000,SPY240426P00523000,2024-04-26,29.0,523.0,523.07,0.0248437111667654,508.26,0.028179784732445,True,,False,1066.0,1086.0,20.0,0.9998661746993709,252,2023-03-01,2023-03-29,2024-02-29,2024-03-28,0,True,0.032369793220069394,
1067,2024-04-01,True,,SPY240430C00522000,SPY240430P00522000,2024-04-30,29.0,522.0,522.16,0.0256817833614217,501.98,0.0383407384709667,True,,False,1067.0,1088.0,21.0,0.9996935805117206,252,2023-03-01,2023-03-30,2024-02-29,2024-04-01,0,True,0.03387953683457166,
1068,2024-04-02,True,,SPY240503C00519000,SPY240503P00519000,2024-05-03,31.0,519.0,518.84,0.0299417932310538,511.29,0.0148600724693546,True,,False,1068.0,1091.0,23.0,1.000308380232827,252,2023-02-28,2023-03-31,2024-02-28,2024-04-02,0,True,0.035901752376404195,
1069,2024-04-03,True,,SPY240503C00519000,SPY240503P00519000,2024-05-03,30.0,519.0,519.41,0.0296393985483529,511.29,0.0148437650411042,True,,False,1069.0,1091.0,22.0,0.9992106428447662,252,2023-03-02,2023-04-03,2024-03-01,2024-04-03,0,True,0.035261576544640044,
1070,2024-04-04,True,,SPY240503C00513000,SPY240503P00513000,2024-05-03,29.0,513.0,513.07,0.0325978911259672,511.29,0.0033328785545831,True,,False,1070.0,1091.0,21.0,0.9998635663749584,252,2023-03-06,2023-04-04,2024-03-05,2024-04-04,0,True,0.03365747902003289,
1071,2024-04-05,True,,SPY240503C00518000,SPY240503P00518000,2024-05-03,28.0,518.0,518.43,0.0311517466196014,511.29,0.0129429238277105,True,,False,1071.0,1091.0,20.0,0.9991705726906237,252,2023-03-08,2023-04-05,2024-03-07,2024-04-05,0,True,0.03268563523437012,
1072,2024-04-08,True,,SPY240510C00519000,SPY240510P00519000,2024-05-10,32.0,519.0,518.72,0.0316741209130166,520.84,0.0035471930906848,True,,False,1072.0,1096.0,24.0,1.0005397902529303,252,2023-03-03,2023-04-06,2024-03-04,2024-04-08,0,True,0.036583147282587186,
1073,2024-04-09,True,,SPY240510C00519000,SPY240510P00519000,2024-05-10,31.0,519.0,519.32,0.0314545944696911,520.84,0.0035430948162982,True,,False,1073.0,1096.0,23.0,0.9993838095971654,252,2023-03-07,2023-04-10,2024-03-06,2024-04-09,0,True,0.036257320807110006,
1074,2024-04-10,True,,SPY240510C00514000,SPY240510P00514000,2024-05-10,30.0,514.0,514.12,0.0322687310355559,520.84,0.0133042869369019,True,,False,1074.0,1096.0,22.0,0.9997665914572473,252,2023-03-09,2023-04-11,2024-03-08,2024-04-10,0,True,0.03474017233341479,
1075,2024-04-11,True,,SPY240510C00518000,SPY240510P00518000,2024-05-10,29.0,518.0,518.0,0.0301351351351351,520.84,0.0054826254826255,True,,False,1075.0,1096.0,21.0,1.0,252,2023-03-13,2023-04-12,2024-03-12,2024-04-11,0,True,0.03310348341075382,
1076,2024-04-12,True,,SPY240510C00511000,SPY240510P00511000,2024-05-10,28.0,511.0,510.85,0.0335910737006949,520.84,0.019262014289909,True,,False,1076.0,1096.0,20.0,1.0002936282666144,252,2023-03-15,2023-04-13,2024-03-14,2024-04-12,0,True,0.031328481618313586,
1077,2024-04-15,True,,SPY240517C00504000,SPY240517P00504000,2024-05-17,32.0,504.0,504.45,0.0404599068292199,529.45,0.0504509862226187,True,,False,1077.0,1101.0,24.0,0.9991079393398752,252,2023-03-10,2023-04-14,2024-03-11,2024-04-15,0,True,0.03706131774449607,
1078,2024-04-16,True,,SPY240517C00504000,SPY240517P00504000,2024-05-17,31.0,504.0,503.53,0.0382300955255893,529.45,0.0505431652533117,True,,False,1078.0,1101.0,23.0,1.0009334101245209,252,2023-03-14,2023-04-17,2024-03-13,2024-04-16,0,True,0.03469401931067793,
1079,2024-04-17,True,,SPY240517C00500000,SPY240517P00500000,2024-05-17,30.0,500.0,500.55,0.0380381580261712,529.45,0.0588352811906903,True,,False,1079.0,1101.0,22.0,0.9989012086704625,252,2023-03-16,2023-04-18,2024-03-15,2024-04-17,0,True,0.03438591240423325,
1080,2024-04-18,True,,SPY240517C00500000,SPY240517P00500000,2024-05-17,29.0,500.0,499.52,0.0366852178090967,529.45,0.0589565983344011,True,,False,1080.0,1101.0,21.0,1.0009609224855862,252,2023-03-20,2023-04-19,2024-03-19,2024-04-18,0,True,0.03187466876894025,
1081,2024-04-19,True,,SPY240517C00495000,SPY240517P00495000,2024-05-17,28.0,495.0,495.16,0.0371597059536311,529.45,0.0695734712012279,True,,False,1081.0,1101.0,20.0,0.9996768721221423,252,2023-03-22,2023-04-20,2024-03-21,2024-04-19,0,True,0.031228168676173385,
1082,2024-04-22,True,,SPY240524C00500000,SPY240524P00500000,2024-05-24,32.0,500.0,499.72,0.0362002721524053,529.44,0.0589129912751141,True,,False,1082.0,1106.0,24.0,1.0005603137757144,252,2023-03-17,2023-04-21,2024-03-18,2024-04-22,0,True,0.035638411810563736,
1083,2024-04-23,True,,SPY240524C00506000,SPY240524P00506000,2024-05-24,31.0,506.0,505.65,0.0331948976564817,529.44,0.0463561752200139,True,,False,1083.0,1106.0,23.0,1.000692178384258,252,2023-03-21,2023-04-24,2024-03-20,2024-04-23,0,True,0.034345506049494184,
1084,2024-04-24,True,,SPY240524C00505000,SPY240524P00505000,2024-05-24,30.0,505.0,505.41,0.032686333867553,529.44,0.0483567796442493,True,,False,1084.0,1106.0,22.0,0.9991887774282265,252,2023-03-23,2023-04-25,2024-03-22,2024-04-24,0,True,0.033912317218939315,
1085,2024-04-25,True,,SPY240524C00503000,SPY240524P00503000,2024-05-24,29.0,503.0,503.49,0.0346084331367057,529.44,0.0525134560765855,True,,False,1085.0,1106.0,21.0,0.9990267929849649,252,2023-03-27,2023-04-26,2024-03-26,2024-04-25,0,True,0.03273689881430121,
1086,2024-04-26,True,,SPY240524C00508000,SPY240524P00508000,2024-05-24,28.0,508.0,508.26,0.0302896155510958,529.44,0.0421831346161414,True,,False,1086.0,1106.0,20.0,0.9994884507929013,252,2023-03-29,2023-04-27,2024-03-28,2024-04-26,0,True,0.031192360065966915,
1087,2024-04-29,True,,SPY240531C00510000,SPY240531P00510000,2024-05-31,32.0,510.0,510.06,0.0311728031996235,527.37,0.0340548170803435,True,,False,1087.0,1110.0,23.0,0.9998823667803788,252,2023-03-27,2023-04-28,2024-03-26,2024-04-29,0,True,0.03460924149523651,
1088,2024-04-30,True,,SPY240531C00502000,SPY240531P00502000,2024-05-31,31.0,502.0,501.98,0.0331885732499302,527.37,0.0505398621459022,True,,False,1088.0,1110.0,22.0,1.0000398422247898,252,2023-03-29,2023-05-01,2024-03-28,2024-04-30,0,True,0.03337257549779744,
1089,2024-05-01,True,,SPY240531C00500000,SPY240531P00500000,2024-05-31,30.0,500.0,500.35,0.032647146997102,527.37,0.0547017088038373,True,,False,1089.0,1110.0,21.0,0.9993004896572398,252,2023-03-31,2023-05-02,2024-04-02,2024-05-01,0,True,0.03257461085961868,
1090,2024-05-02,True,,SPY240531C00505000,SPY240531P00505000,2024-05-31,29.0,505.0,505.03,0.030592242045027,527.37,0.0442943983525731,True,,False,1090.0,1110.0,20.0,0.9999405975882621,252,2023-04-04,2023-05-03,2024-04-04,2024-05-02,0,True,0.031123221115422917,
1091,2024-05-03,True,,SPY240531C00511000,SPY240531P00511000,2024-05-31,28.0,511.0,511.29,0.0275186293492929,527.37,0.0320170549003501,True,,False,1091.0,1110.0,19.0,0.9994328072131275,252,2023-04-06,2023-05-04,2024-04-08,2024-05-03,0,True,0.030289036211199185,
1092,2024-05-06,True,,SPY240607C00517000,SPY240607P00517000,2024-06-07,32.0,517.0,516.57,0.0291925586077395,534.01,0.0329287415064753,True,,False,1092.0,1115.0,23.0,1.000832413806454,252,2023-04-03,2023-05-05,2024-04-03,2024-05-06,0,True,0.03415964692465112,
1093,2024-05-07,True,,SPY240607C00517000,SPY240607P00517000,2024-06-07,31.0,517.0,517.14,0.0281838573693777,534.01,0.0328924469195962,True,,False,1093.0,1115.0,22.0,0.9997292802722667,252,2023-04-05,2023-05-08,2024-04-05,2024-05-07,0,True,0.033565934011768564,
1094,2024-05-08,True,,SPY240607C00517000,SPY240607P00517000,2024-06-07,30.0,517.0,517.19,0.0270016821670952,534.01,0.032889267000522,True,,False,1094.0,1115.0,21.0,0.9996326301745972,252,2023-04-10,2023-05-09,2024-04-09,2024-05-08,0,True,0.032414991106288225,
1095,2024-05-09,True,,SPY240607C00520000,SPY240607P00520000,2024-06-07,29.0,520.0,520.17,0.0256935232712382,534.01,0.0269335025087951,True,,False,1095.0,1115.0,20.0,0.9996731837668456,252,2023-04-12,2023-05-10,2024-04-11,2024-05-09,0,True,0.031257549259713927,
1096,2024-05-10,True,,SPY240607C00521000,SPY240607P00521000,2024-06-07,28.0,521.0,520.84,0.0244700867828891,534.01,0.0249788802703325,True,,False,1096.0,1115.0,19.0,1.0003071960678902,252,2023-04-14,2023-05-11,2024-04-15,2024-05-10,0,True,0.030039070725098396,
1097,2024-05-13,True,,SPY240614C00521000,SPY240614P00521000,2024-06-14,32.0,521.0,520.91,0.0292085005087251,542.78,0.0418114453552436,True,,False,1097.0,1120.0,23.0,1.0001727745675837,252,2023-04-11,2023-05-12,2024-04-10,2024-05-13,0,True,0.03441667209012905,
1098,2024-05-14,True,,SPY240614C00523000,SPY240614P00523000,2024-06-14,31.0,523.0,523.3,0.0282247276896617,542.78,0.0377985858971908,True,,False,1098.0,1120.0,22.0,0.9994267150773936,252,2023-04-13,2023-05-15,2024-04-12,2024-05-14,0,True,0.03373125873156254,
1099,2024-05-15,True,,SPY240614C00530000,SPY240614P00530000,2024-06-14,30.0,530.0,529.78,0.0248876892294914,542.78,0.0241232209596435,True,,False,1099.0,1120.0,21.0,1.0004152667144852,252,2023-04-17,2023-05-16,2024-04-16,2024-05-15,0,True,0.03246475003685592,
1100,2024-05-16,True,,SPY240614C00529000,SPY240614P00529000,2024-06-14,29.0,529.0,528.69,0.024239157162042,542.78,0.0260644233861052,True,,False,1100.0,1120.0,20.0,1.0005863549528078,252,2023-04-19,2023-05-17,2024-04-18,2024-05-16,0,True,0.03156776733810032,
1101,2024-05-17,True,,SPY240614C00529000,SPY240614P00529000,2024-06-14,28.0,529.0,529.45,0.0234394182642364,542.78,0.0260270091604494,True,,False,1101.0,1120.0,19.0,0.9991500613844555,252,2023-04-21,2023-05-18,2024-04-22,2024-05-17,0,True,0.03151297872606151,
1102,2024-05-20,True,,SPY240621C00530000,SPY240621P00530000,2024-06-21,32.0,530.0,530.06,0.025563143795042,544.51,0.0273742595177904,True,,False,1102.0,1124.0,22.0,0.9998868052673283,252,2023-04-19,2023-05-19,2024-04-18,2024-05-20,0,True,0.034311702043843005,
1103,2024-05-21,True,,SPY240621C00531000,SPY240621P00531000,2024-06-21,31.0,531.0,531.36,0.0245784402288467,544.51,0.0254253236976814,True,,False,1103.0,1124.0,21.0,0.9993224932249323,252,2023-04-21,2023-05-22,2024-04-22,2024-05-21,0,True,0.03379345036866025,
1104,2024-05-22,True,,SPY240621C00530000,SPY240621P00530000,2024-06-21,30.0,530.0,529.83,0.0247437857425966,544.51,0.0273861427250249,True,,False,1104.0,1124.0,20.0,1.0003208576335805,252,2023-04-25,2023-05-23,2024-04-24,2024-05-22,0,True,0.03239344420150265,
1105,2024-05-23,True,,SPY240621C00526000,SPY240621P00526000,2024-06-21,29.0,526.0,525.96,0.0247452277739752,544.51,0.0351927903262605,True,,False,1105.0,1124.0,19.0,1.0000760514107536,252,2023-04-27,2023-05-24,2024-04-26,2024-05-23,0,True,0.03148577925843013,
1106,2024-05-24,True,,SPY240621C00529000,SPY240621P00529000,2024-06-21,28.0,529.0,529.44,0.0228826684799032,544.51,0.029295104261106,True,,False,1106.0,1124.0,18.0,0.9991689332124508,252,2023-05-01,2023-05-25,2024-04-30,2024-05-24,0,True,0.03133998221430145,
1107,2024-05-28,True,,SPY240628C00530000,SPY240628P00530000,2024-06-28,31.0,530.0,529.81,0.0248674052962382,544.22,0.0268398104981031,True,,False,1107.0,1129.0,22.0,1.000358619127612,252,2023-04-26,2023-05-26,2024-04-25,2024-05-28,0,True,0.034951555791940266,
1108,2024-05-29,True,,SPY240628C00526000,SPY240628P00526000,2024-06-28,30.0,526.0,526.1,0.0270100741303934,544.22,0.0346321992016727,True,,False,1108.0,1129.0,21.0,0.9998099220680479,252,2023-04-28,2023-05-30,2024-04-29,2024-05-29,0,True,0.0341162750681563,
1109,2024-05-30,True,,SPY240628C00523000,SPY240628P00523000,2024-06-28,29.0,523.0,522.61,0.0274774688582308,544.22,0.0406038920035973,True,,False,1109.0,1129.0,20.0,1.0007462543770689,252,2023-05-02,2023-05-31,2024-05-01,2024-05-30,0,True,0.032817467594459165,
1110,2024-05-31,True,,SPY240628C00527000,SPY240628P00527000,2024-06-28,28.0,527.0,527.37,0.0248876500369759,544.22,0.0326525968485124,True,,False,1110.0,1129.0,19.0,0.9992984052941957,252,2023-05-04,2023-06-01,2024-05-03,2024-05-31,0,True,0.032436093967868604,
1111,2024-06-03,True,,SPY240705C00528000,SPY240705P00528000,2024-07-05,32.0,528.0,527.8,0.026979916635089,554.64,0.0504736642667676,True,,False,1111.0,1133.0,22.0,1.0003789314134142,252,2023-05-02,2023-06-02,2024-05-01,2024-06-03,0,True,0.03529052210719596,
1112,2024-06-04,True,,SPY240705C00528000,SPY240705P00528000,2024-07-05,31.0,528.0,528.39,0.0271011941936826,554.64,0.0504173053994208,True,,False,1112.0,1133.0,21.0,0.9992619088173509,252,2023-05-04,2023-06-05,2024-05-03,2024-06-04,0,True,0.0346963695307561,
1113,2024-06-05,True,,SPY240705C00535000,SPY240705P00535000,2024-07-05,30.0,535.0,534.67,0.0251182972674733,554.64,0.0367329380739521,True,,False,1113.0,1133.0,20.0,1.0006172031346439,252,2023-05-08,2023-06-06,2024-05-07,2024-06-05,0,True,0.032839505394413424,
1114,2024-06-06,True,,SPY240705C00535000,SPY240705P00535000,2024-07-05,29.0,535.0,534.66,0.0245763662888564,554.64,0.0367336251075449,True,,False,1114.0,1133.0,19.0,1.000635918153593,252,2023-05-10,2023-06-07,2024-05-09,2024-06-06,0,True,0.031610083572476286,
1115,2024-06-07,True,,SPY240705C00534000,SPY240705P00534000,2024-07-05,28.0,534.0,534.01,0.0233984382314937,554.64,0.0386509615924795,True,,False,1115.0,1133.0,18.0,0.9999812737589184,252,2023-05-12,2023-06-08,2024-05-13,2024-06-07,0,True,0.03102019082977738,
1116,2024-06-10,True,,SPY240712C00536000,SPY240712P00536000,2024-07-12,32.0,536.0,535.66,0.0263693387596609,559.99,0.0447858716349923,True,,False,1116.0,1138.0,22.0,1.0006347309860733,252,2023-05-09,2023-06-09,2024-05-08,2024-06-10,0,True,0.03508162093254651,
1117,2024-06-11,True,,SPY240712C00537000,SPY240712P00537000,2024-07-12,31.0,537.0,536.95,0.0261011267343328,559.99,0.0428159046466151,True,,False,1117.0,1138.0,21.0,1.0000931185399011,252,2023-05-11,2023-06-12,2024-05-10,2024-06-11,0,True,0.034122422529232754,
1118,2024-06-12,True,,SPY240712C00541000,SPY240712P00541000,2024-07-12,30.0,541.0,541.36,0.0233024235259346,559.99,0.0350783212649623,True,,False,1118.0,1138.0,20.0,0.9993350081276784,252,2023-05-15,2023-06-13,2024-05-14,2024-06-12,0,True,0.03319053747067287,
1119,2024-06-13,True,,SPY240712C00542000,SPY240712P00542000,2024-07-12,29.0,542.0,542.45,0.022416812609457,559.99,0.0331643469444188,True,,False,1119.0,1138.0,19.0,0.9991704304544197,252,2023-05-17,2023-06-14,2024-05-16,2024-06-13,0,True,0.03187969515143361,
1120,2024-06-14,True,,SPY240712C00543000,SPY240712P00543000,2024-07-12,28.0,543.0,542.78,0.0228821990493385,559.99,0.0313018165739342,True,,False,1120.0,1138.0,18.0,1.0004053207561074,252,2023-05-19,2023-06-15,2024-05-20,2024-06-14,0,True,0.03033350641791736,
1121,2024-06-17,True,,SPY240719C00547000,SPY240719P00547000,2024-07-19,32.0,547.0,547.1,0.0252604642661305,548.99,0.0036373606287698,True,,False,1121.0,1143.0,22.0,0.9998172180588557,252,2023-05-16,2023-06-16,2024-05-15,2024-06-17,0,True,0.03503493266662268,
1122,2024-06-18,True,,SPY240719C00548000,SPY240719P00548000,2024-07-19,31.0,548.0,548.49,0.0247588834800999,548.99,0.0018049554230706,True,,False,1122.0,1143.0,21.0,0.9991066382249448,252,2023-05-18,2023-06-20,2024-05-17,2024-06-18,0,True,0.034029019255856156,
1123,2024-06-20,True,,SPY240719C00547000,SPY240719P00547000,2024-07-19,29.0,547.0,547.0,0.0252102376599634,548.99,0.0036380255941499,True,,False,1123.0,1143.0,20.0,1.0,252,2023-05-22,2023-06-21,2024-05-21,2024-06-20,0,True,0.032360244030695706,
1124,2024-06-21,True,,SPY240719C00545000,SPY240719P00545000,2024-07-19,28.0,545.0,544.51,0.0249490367486363,548.99,0.0073276891149841,True,,False,1124.0,1143.0,19.0,1.0008998916457,252,2023-05-24,2023-06-22,2024-05-23,2024-06-21,0,True,0.030689846932111804,
1125,2024-06-24,True,,SPY240726C00542500,SPY240726P00542500,2024-07-26,32.0,542.5,542.74,0.027978405866529,544.44,0.0035744555404061,True,,False,1125.0,1148.0,23.0,0.9995577993145889,252,2023-05-19,2023-06-23,2024-05-20,2024-06-24,0,True,0.035905340060171285,
1126,2024-06-25,True,,SPY240726C00545000,SPY240726P00545000,2024-07-26,31.0,545.0,544.83,0.026320136556357,544.44,0.0010278435475284,True,,False,1126.0,1148.0,22.0,1.000312023934071,252,2023-05-23,2023-06-26,2024-05-22,2024-06-25,0,True,0.03444271508543647,
1127,2024-06-26,True,,SPY240726C00546000,SPY240726P00546000,2024-07-26,30.0,546.0,545.51,0.0249491301717658,544.44,0.0028597092628915,True,,False,1127.0,1148.0,21.0,1.0008982420120622,252,2023-05-25,2023-06-27,2024-05-24,2024-06-26,0,True,0.03292950014601768,
1128,2024-06-27,True,,SPY240726C00546000,SPY240726P00546000,2024-07-26,29.0,546.0,546.37,0.0244705968482896,544.44,0.0028552080092244,True,,False,1128.0,1148.0,20.0,0.9993228032285814,252,2023-05-30,2023-06-28,2024-05-29,2024-06-27,0,True,0.032394879730979084,
1129,2024-06-28,True,,SPY240726C00544000,SPY240726P00544000,2024-07-26,28.0,544.0,544.22,0.024475395979567,544.44,0.0008084965638897,True,,False,1129.0,1148.0,19.0,0.9995957517180551,252,2023-06-01,2023-06-29,2024-05-31,2024-06-28,0,True,0.03110634255693425,
1130,2024-07-01,True,,SPY240731C00545000,SPY240731P00545000,2024-07-31,30.0,545.0,545.34,0.0243242747643671,550.81,0.0106539039865037,True,,False,1130.0,1151.0,21.0,0.9993765357391718,252,2023-05-31,2023-06-30,2024-05-30,2024-07-01,0,True,0.03351834777562859,
1131,2024-07-02,True,,SPY240731C00549000,SPY240731P00549000,2024-07-31,29.0,549.0,549.01,0.0229504016320285,550.81,0.0032968434090452,True,,False,1131.0,1151.0,20.0,0.9999817853955302,252,2023-06-02,2023-07-03,2024-06-03,2024-07-02,0,True,0.03200759058228619,
1132,2024-07-03,True,,SPY240802C00551000,SPY240802P00551000,2024-08-02,30.0,551.0,551.46,0.0243988684582743,532.9,0.0328219635150328,True,,False,1132.0,1153.0,21.0,0.999165850650999,252,2023-06-02,2023-07-05,2024-06-03,2024-07-03,0,True,0.03350953527039357,
1133,2024-07-05,True,,SPY240802C00555000,SPY240802P00555000,2024-08-02,28.0,555.0,554.64,0.0234025674311264,532.9,0.0398456656570027,True,,False,1133.0,1153.0,20.0,1.0006490696668109,252,2023-06-06,2023-07-06,2024-06-05,2024-07-05,0,True,0.03173294811126183,
1134,2024-07-08,True,,SPY240809C00555000,SPY240809P00555000,2024-08-09,32.0,555.0,555.28,0.0256627287134418,532.99,0.0396376602794986,True,,False,1134.0,1158.0,24.0,0.9994957498919465,252,2023-06-01,2023-07-07,2024-05-31,2024-07-08,0,True,0.0365723948961516,
1135,2024-07-09,True,,SPY240809C00556000,SPY240809P00556000,2024-08-09,31.0,556.0,555.82,0.0251790147889604,532.99,0.0413982944118599,True,,False,1135.0,1158.0,23.0,1.0003238458493755,252,2023-06-05,2023-07-10,2024-06-04,2024-07-09,0,True,0.03527987157365121,
1136,2024-07-10,True,,SPY240809C00561000,SPY240809P00561000,2024-08-09,30.0,561.0,561.32,0.0251193615050238,532.99,0.04990023515998,True,,False,1136.0,1158.0,22.0,0.9994299151998859,252,2023-06-07,2023-07-11,2024-06-06,2024-07-10,0,True,0.03474708929714348,
1137,2024-07-11,True,,SPY240809C00556000,SPY240809P00556000,2024-08-09,29.0,556.0,556.48,0.0254187032777458,532.99,0.0413491949396204,True,,False,1137.0,1158.0,21.0,0.9991374353076481,252,2023-06-09,2023-07-12,2024-06-10,2024-07-11,0,True,0.03378667031525625,
1138,2024-07-12,True,,SPY240809C00560000,SPY240809P00560000,2024-08-09,28.0,560.0,559.99,0.0231789853390239,532.99,0.0482330041607885,True,,False,1138.0,1158.0,20.0,1.0000178574617404,252,2023-06-13,2023-07-13,2024-06-12,2024-07-12,0,True,0.03225818692356774,
1139,2024-07-15,True,,SPY240816C00562000,SPY240816P00562000,2024-08-16,32.0,562.0,561.53,0.0268819119192207,554.31,0.0136947269068439,True,,False,1139.0,1163.0,24.0,1.0008369989136823,252,2023-06-08,2023-07-14,2024-06-07,2024-07-15,0,True,0.03621932738255035,
1140,2024-07-16,True,,SPY240816C00565000,SPY240816P00565000,2024-08-16,31.0,565.0,564.86,0.0263251071061856,554.31,0.0189250433735793,True,,False,1140.0,1163.0,23.0,1.000247849024537,252,2023-06-12,2023-07-17,2024-06-11,2024-07-16,0,True,0.035465545520465235,
1141,2024-07-17,True,,SPY240816C00557000,SPY240816P00557000,2024-08-16,30.0,557.0,556.94,0.0287822745717671,554.31,0.0048299637303839,True,,False,1141.0,1163.0,22.0,1.0001077315330196,252,2023-06-14,2023-07-18,2024-06-13,2024-07-17,0,True,0.03448068687354636,
1142,2024-07-18,True,,SPY240816C00553000,SPY240816P00553000,2024-08-16,29.0,553.0,552.66,0.0301722578076936,554.31,0.0023703542865413,True,,False,1142.0,1163.0,21.0,1.000615206456049,252,2023-06-16,2023-07-19,2024-06-17,2024-07-18,0,True,0.033102050773818475,
1143,2024-07-19,True,,SPY240816C00549000,SPY240816P00549000,2024-08-16,28.0,549.0,548.99,0.0310388167361882,554.31,0.0096723073280022,True,,False,1143.0,1163.0,20.0,1.0000182152680377,252,2023-06-21,2023-07-20,2024-06-20,2024-07-19,0,True,0.03207749117038185,
1144,2024-07-22,True,,SPY240823C00555000,SPY240823P00555000,2024-08-23,32.0,555.0,554.65,0.030893356170558,562.13,0.0128549535743261,True,,False,1144.0,1168.0,24.0,1.0006310285765798,252,2023-06-15,2023-07-21,2024-06-14,2024-07-22,0,True,0.03601832449365315,
1145,2024-07-23,True,,SPY240823C00554000,SPY240823P00554000,2024-08-23,31.0,554.0,553.78,0.0302827837769511,562.13,0.0146809202210263,True,,False,1145.0,1168.0,23.0,1.0003972696738777,252,2023-06-20,2023-07-24,2024-06-18,2024-07-23,0,True,0.03504577821527642,
1146,2024-07-24,True,,SPY240823C00541000,SPY240823P00541000,2024-08-23,30.0,541.0,541.23,0.0363800971860392,562.13,0.0390407035825804,True,,False,1146.0,1168.0,22.0,0.9995750420338857,252,2023-06-22,2023-07-25,2024-06-21,2024-07-24,0,True,0.034236242802994345,
1147,2024-07-25,True,,SPY240823C00538000,SPY240823P00538000,2024-08-23,29.0,538.0,538.41,0.0369699671254248,562.13,0.0448171467840493,True,,False,1147.0,1168.0,21.0,0.9992384985420034,252,2023-06-26,2023-07-26,2024-06-25,2024-07-25,0,True,0.03310206643734002,
1148,2024-07-26,True,,SPY240823C00544000,SPY240823P00544000,2024-08-23,28.0,544.0,544.44,0.032749246932628,562.13,0.0333002718389537,True,,False,1148.0,1168.0,20.0,0.9991918301373888,252,2023-06-28,2023-07-27,2024-06-27,2024-07-26,0,True,0.03179148663346241,
1149,2024-07-29,True,,SPY240830C00545000,SPY240830P00545000,2024-08-30,32.0,545.0,544.76,0.0358598281812174,563.68,0.0342903296864673,True,,False,1149.0,1173.0,24.0,1.0004405609809826,252,2023-06-23,2023-07-28,2024-06-24,2024-07-29,0,True,0.0355713331187878,
1150,2024-07-30,True,,SPY240830C00542000,SPY240830P00542000,2024-08-30,31.0,542.0,542.0,0.0368634686346863,563.68,0.0399999999999999,True,,False,1150.0,1173.0,23.0,1.0,252,2023-06-27,2023-07-31,2024-06-26,2024-07-30,0,True,0.03442506651925233,
1151,2024-07-31,True,,SPY240830C00551000,SPY240830P00551000,2024-08-30,30.0,551.0,550.81,0.034249559739293,563.68,0.023020642326755,True,,False,1151.0,1173.0,22.0,1.0003449465332874,252,2023-06-29,2023-08-01,2024-06-28,2024-07-31,0,True,0.033060500226411084,
1152,2024-08-01,True,,SPY240830C00543000,SPY240830P00543000,2024-08-30,29.0,543.0,543.01,0.0376144085744277,563.68,0.0380840131857607,True,,False,1152.0,1173.0,21.0,0.999981584132889,252,2023-07-03,2023-08-02,2024-07-02,2024-08-01,0,True,0.03203694445681422,
1153,2024-08-02,True,,SPY240830C00533000,SPY240830P00533000,2024-08-30,28.0,533.0,532.9,0.0439482079189341,563.68,0.0575717770688683,True,,False,1153.0,1173.0,20.0,1.00018765246763,252,2023-07-06,2023-08-03,2024-07-05,2024-08-02,0,True,0.031002335481477752,
1154,2024-08-05,True,,SPY240906C00517000,SPY240906P00517000,2024-09-06,32.0,517.0,517.38,0.0693010939734817,540.36,0.0451505663148943,True,,False,1154.0,1177.0,23.0,0.9992655301712474,252,2023-07-03,2023-08-04,2024-07-02,2024-08-05,0,True,0.03454403995743293,
1155,2024-08-06,True,,SPY240906C00522000,SPY240906P00522000,2024-09-06,31.0,522.0,522.15,0.0522550991094513,540.36,0.0351623096811261,True,,False,1155.0,1177.0,22.0,0.9997127262280954,252,2023-07-06,2023-08-07,2024-07-05,2024-08-06,0,True,0.03362628605900349,
1156,2024-08-07,True,,SPY240906C00519000,SPY240906P00519000,2024-09-06,30.0,519.0,518.66,0.0519319014383218,540.36,0.0411830486253037,True,,False,1156.0,1177.0,21.0,1.0006555354181932,252,2023-07-10,2023-08-08,2024-07-09,2024-08-07,0,True,0.032406595746178095,
1157,2024-08-08,True,,SPY240906C00531000,SPY240906P00531000,2024-09-06,29.0,531.0,530.65,0.0441533967775369,540.36,0.0176387449354565,True,,False,1157.0,1177.0,20.0,1.0006595684537831,252,2023-07-12,2023-08-09,2024-07-11,2024-08-08,0,True,0.03151746930375917,
1158,2024-08-09,True,,SPY240906C00533000,SPY240906P00533000,2024-09-06,28.0,533.0,532.99,0.0384247359237509,540.36,0.013808889472598,True,,False,1158.0,1177.0,19.0,1.0000187620780878,252,2023-07-14,2023-08-10,2024-07-15,2024-08-09,0,True,0.030947877736060954,
1159,2024-08-12,True,,SPY240913C00533000,SPY240913P00533000,2024-09-13,32.0,533.0,533.27,0.0416205674423837,562.01,0.0544002100249404,True,,False,1159.0,1182.0,23.0,0.9994936898756728,252,2023-07-11,2023-08-11,2024-07-10,2024-08-12,0,True,0.03513823218559793,
1160,2024-08-13,True,,SPY240913C00542000,SPY240913P00542000,2024-09-13,31.0,542.0,542.04,0.0363441812412368,562.01,0.0369160947531547,True,,False,1160.0,1182.0,22.0,0.9999262047081396,252,2023-07-13,2023-08-14,2024-07-12,2024-08-13,0,True,0.0341923892173791,
1161,2024-08-14,True,,SPY240913C00544000,SPY240913P00544000,2024-09-13,30.0,544.0,543.75,0.0324781609195402,562.01,0.0331218390804597,True,,False,1161.0,1182.0,21.0,1.0004597701149425,252,2023-07-17,2023-08-15,2024-07-16,2024-08-14,0,True,0.033187431588201095,
1162,2024-08-15,True,,SPY240913C00553000,SPY240913P00553000,2024-09-13,29.0,553.0,553.07,0.028974632505831,562.01,0.0162908854213752,True,,False,1162.0,1182.0,20.0,0.9998734337425641,252,2023-07-19,2023-08-16,2024-07-18,2024-08-15,0,True,0.0322686127844088,
1163,2024-08-16,True,,SPY240913C00554000,SPY240913P00554000,2024-09-13,28.0,554.0,554.31,0.0282152586098031,562.01,0.0144503977918493,True,,False,1163.0,1182.0,19.0,0.9994407461528748,252,2023-07-21,2023-08-17,2024-07-22,2024-08-16,0,True,0.03125269557713453,
1164,2024-08-19,True,,SPY240920C00560000,SPY240920P00560000,2024-09-20,32.0,560.0,559.61,0.0298154071585568,568.25,0.0147424098926037,True,,False,1164.0,1187.0,23.0,1.0006969139221957,252,2023-07-18,2023-08-18,2024-07-17,2024-08-19,0,True,0.03476611110459021,
1165,2024-08-20,True,,SPY240920C00559000,SPY240920P00559000,2024-09-20,31.0,559.0,558.7,0.0312242706282441,568.25,0.0165562913907284,True,,False,1165.0,1187.0,22.0,1.0005369608018613,252,2023-07-20,2023-08-21,2024-07-19,2024-08-20,0,True,0.03382380235302588,
1166,2024-08-21,True,,SPY240920C00561000,SPY240920P00561000,2024-09-20,30.0,561.0,560.62,0.0307962612821519,568.25,0.012932110877243,True,,False,1166.0,1187.0,21.0,1.0006778209839107,252,2023-07-24,2023-08-22,2024-07-23,2024-08-21,0,True,0.03267215085304324,
1167,2024-08-22,True,,SPY240920C00556000,SPY240920P00556000,2024-09-20,29.0,556.0,556.22,0.0325770378627161,568.25,0.0220236597029952,True,,False,1167.0,1187.0,20.0,0.9996044730502319,252,2023-07-26,2023-08-23,2024-07-25,2024-08-22,0,True,0.03207622157340257,
1168,2024-08-23,True,,SPY240920C00562000,SPY240920P00562000,2024-09-20,28.0,562.0,562.13,0.0287744827708892,568.25,0.011118424563713,True,,False,1168.0,1187.0,19.0,0.9997687367690747,252,2023-07-28,2023-08-24,2024-07-29,2024-08-23,0,True,0.031009582293921246,
1169,2024-08-26,True,,SPY240927C00561000,SPY240927P00561000,2024-09-27,32.0,561.0,560.79,0.0304570338272793,571.47,0.0186700904081742,True,,False,1169.0,1192.0,23.0,1.0003744717273846,252,2023-07-25,2023-08-25,2024-07-24,2024-08-26,0,True,0.03455490210541568,
1170,2024-08-27,True,,SPY240927C00562000,SPY240927P00562000,2024-09-27,31.0,562.0,561.56,0.0290618989956549,571.47,0.0168637367333856,True,,False,1170.0,1192.0,22.0,1.0007835315905693,252,2023-07-27,2023-08-28,2024-07-26,2024-08-27,0,True,0.033573496849042754,
1171,2024-08-28,True,,SPY240927C00558000,SPY240927P00558000,2024-09-27,30.0,558.0,558.3,0.0313541106931757,571.47,0.0241268135411069,True,,False,1171.0,1192.0,21.0,0.9994626544868351,252,2023-07-31,2023-08-29,2024-07-30,2024-08-28,0,True,0.03316631414602424,
1172,2024-08-29,True,,SPY240927C00558000,SPY240927P00558000,2024-09-27,29.0,558.0,558.35,0.0289513745858332,571.47,0.024124652995433,True,,False,1172.0,1192.0,20.0,0.9993731530402077,252,2023-08-02,2023-08-30,2024-08-01,2024-08-29,0,True,0.03216671990913484,
1173,2024-08-30,True,,SPY240930C00564000,SPY240930P00564000,2024-09-30,31.0,564.0,563.68,0.0261495884189611,573.76,0.0173147885325006,True,,False,1173.0,1193.0,20.0,1.0005676979846723,252,2023-08-03,2023-08-31,2024-08-02,2024-08-30,0,True,0.03183950751920299,
1174,2024-09-03,True,,SPY241004C00552000,SPY241004P00552000,2024-10-04,31.0,552.0,552.08,0.0363443703811041,572.98,0.0380017388784234,True,,False,1174.0,1197.0,23.0,0.9998550934647152,252,2023-08-01,2023-09-01,2024-07-31,2024-09-03,0,True,0.03491039540806513,
1175,2024-09-04,True,,SPY241004C00551000,SPY241004P00551000,2024-10-04,30.0,551.0,550.95,0.0376440693347853,572.98,0.0398947272892277,True,,False,1175.0,1197.0,22.0,1.0000907523368725,252,2023-08-03,2023-09-05,2024-08-02,2024-09-04,0,True,0.034094849614750726,
1176,2024-09-05,True,,SPY241004C00525000,SPY241004P00525000,2024-10-04,29.0,525.0,549.61,0.0598060442859482,572.98,0.0872982660431943,True,,False,1176.0,1197.0,21.0,0.9552227943450811,252,2023-08-07,2023-09-06,2024-08-06,2024-09-05,0,True,0.06435572743673586,
1177,2024-09-06,True,,SPY241004C00540000,SPY241004P00540000,2024-10-04,28.0,540.0,540.36,0.0404822710785402,572.98,0.0610333851506403,True,,False,1177.0,1197.0,20.0,0.9993337774816788,252,2023-08-09,2023-09-07,2024-08-08,2024-09-06,0,True,0.033123731857570234,
1178,2024-09-09,True,,SPY241011C00546000,SPY241011P00546000,2024-10-11,32.0,546.0,546.41,0.0394758514668472,579.58,0.0614556834611373,True,,False,1178.0,1202.0,24.0,0.9992496477004448,252,2023-08-04,2023-09-08,2024-08-05,2024-09-09,0,True,0.03626055161634378,
1179,2024-09-10,True,,SPY241011C00549000,SPY241011P00549000,2024-10-11,31.0,549.0,548.79,0.037746679057563,579.58,0.0557225896973342,True,,False,1179.0,1202.0,23.0,1.0003826600338928,252,2023-08-08,2023-09-11,2024-08-07,2024-09-10,0,True,0.03530248731192293,
1180,2024-09-11,True,,SPY241011C00554000,SPY241011P00554000,2024-10-11,30.0,554.0,554.42,0.0346307853252047,579.58,0.0461383066988926,True,,False,1180.0,1202.0,22.0,0.9992424515710112,252,2023-08-10,2023-09-12,2024-08-09,2024-09-11,0,True,0.03527711646925346,
1181,2024-09-12,True,,SPY241011C00559000,SPY241011P00559000,2024-10-11,29.0,559.0,559.09,0.0319626535978107,579.58,0.0368098159509203,True,,False,1181.0,1202.0,21.0,0.9998390241284945,252,2023-08-14,2023-09-13,2024-08-13,2024-09-12,0,True,0.03424096925318255,
1182,2024-09-13,True,,SPY241011C00562000,SPY241011P00562000,2024-10-11,28.0,562.0,562.01,0.0301507090621163,579.58,0.0312805821960464,True,,False,1182.0,1202.0,20.0,0.9999822067223003,252,2023-08-16,2023-09-14,2024-08-15,2024-09-13,0,True,0.033209889242882054,
1183,2024-09-16,True,,SPY241018C00563000,SPY241018P00563000,2024-10-18,32.0,563.0,562.84,0.0329312060265794,584.59,0.0383590363158269,True,,False,1183.0,1207.0,24.0,1.0002842726174401,252,2023-08-11,2023-09-15,2024-08-12,2024-09-16,0,True,0.036825656509557464,
1184,2024-09-17,True,,SPY241018C00563000,SPY241018P00563000,2024-10-18,31.0,563.0,563.07,0.0328999946720656,584.59,0.0383433676097111,True,,False,1184.0,1207.0,23.0,0.9998756815316034,252,2023-08-15,2023-09-18,2024-08-14,2024-09-17,0,True,0.03632702409952212,
1185,2024-09-18,True,,SPY241018C00561000,SPY241018P00561000,2024-10-18,30.0,561.0,561.4,0.0335500534378339,584.59,0.0420199501246883,True,,False,1185.0,1207.0,22.0,0.9992874955468473,252,2023-08-17,2023-09-19,2024-08-16,2024-09-18,0,True,0.03578688540034161,
1186,2024-09-19,True,,SPY241018C00571000,SPY241018P00571000,2024-10-18,29.0,571.0,570.98,0.0281971347507793,584.59,0.0238011839293846,True,,False,1186.0,1207.0,21.0,1.0000350274965848,252,2023-08-21,2023-09-20,2024-08-20,2024-09-19,0,True,0.034276914252719184,
1187,2024-09-20,True,,SPY241018C00568000,SPY241018P00568000,2024-10-18,28.0,568.0,568.25,0.0279014518257809,584.59,0.0291948966124065,True,,False,1187.0,1207.0,20.0,0.9995600527936648,252,2023-08-23,2023-09-21,2024-08-22,2024-09-20,0,True,0.033424049380913125,
1188,2024-09-23,True,,SPY241025C00570000,SPY241025P00570000,2024-10-25,32.0,570.0,569.67,0.0296926290659504,579.04,0.0158688363438481,True,,False,1188.0,1212.0,24.0,1.0005792827426405,252,2023-08-18,2023-09-22,2024-08-19,2024-09-23,0,True,0.03713877560832806,
1189,2024-09-24,True,,SPY241025C00571000,SPY241025P00571000,2024-10-25,31.0,571.0,571.3,0.0284614038158585,579.04,0.0140731664624539,True,,False,1189.0,1212.0,23.0,0.9994748818484159,252,2023-08-22,2023-09-25,2024-08-21,2024-09-24,0,True,0.036743692950337206,
1190,2024-09-25,True,,SPY241025C00570000,SPY241025P00570000,2024-10-25,30.0,570.0,570.04,0.0285243140832222,579.04,0.0158585362430705,True,,False,1190.0,1212.0,22.0,0.9999298294856502,252,2023-08-24,2023-09-26,2024-08-23,2024-09-25,0,True,0.0355422224412252,
1191,2024-09-26,True,,SPY241025C00572000,SPY241025P00572000,2024-10-25,29.0,572.0,572.3,0.0278962082823693,579.04,0.0123012406080726,True,,False,1191.0,1212.0,21.0,0.999475799405906,252,2023-08-28,2023-09-27,2024-08-27,2024-09-26,0,True,0.03457015680111087,
1192,2024-09-27,True,,SPY241025C00571000,SPY241025P00571000,2024-10-25,28.0,571.0,571.47,0.0296778483559941,579.04,0.01406897999895,True,,False,1192.0,1212.0,20.0,0.999177559626927,252,2023-08-30,2023-09-28,2024-08-29,2024-09-27,0,True,0.03343991015359923,
1193,2024-09-30,True,,SPY241031C00574000,SPY241031P00574000,2024-10-31,31.0,574.0,573.76,0.030247838817624,568.64,0.0093418851087562,True,,False,1193.0,1216.0,23.0,1.0004182933630787,252,2023-08-28,2023-09-29,2024-08-27,2024-09-30,0,True,0.03617877301713689,
1194,2024-10-01,True,,SPY241031C00569000,SPY241031P00569000,2024-10-31,30.0,569.0,568.62,0.0338187190039041,568.64,0.0006331117442228,True,,False,1194.0,1216.0,22.0,1.000668284618902,252,2023-08-30,2023-10-02,2024-08-29,2024-10-01,0,True,0.034941412140446056,
1195,2024-10-02,True,,SPY241101C00569000,SPY241101P00569000,2024-11-01,30.0,569.0,568.86,0.0343581900643392,571.04,0.0035861196076362,True,,False,1195.0,1217.0,22.0,1.000246106247583,252,2023-08-31,2023-10-03,2024-08-30,2024-10-02,0,True,0.03499189061827693,
1196,2024-10-03,True,,SPY241101C00568000,SPY241101P00568000,2024-11-01,29.0,568.0,567.82,0.0353016801098939,571.04,0.0053538093057658,True,,False,1196.0,1217.0,21.0,1.0003170018667886,252,2023-09-05,2023-10-04,2024-09-04,2024-10-03,0,True,0.033601152255340876,
1197,2024-10-04,True,,SPY241101C00573000,SPY241101P00573000,2024-11-01,28.0,573.0,572.98,0.0311965513630493,571.04,0.0034207127648435,True,,False,1197.0,1217.0,20.0,1.0000349052322943,252,2023-09-07,2023-10-05,2024-09-06,2024-10-04,0,True,0.03262030872507029,
1198,2024-10-07,True,,SPY241108C00568000,SPY241108P00568000,2024-11-08,32.0,568.0,567.8,0.0436597393448397,598.19,0.0531701303275802,True,,False,1198.0,1222.0,24.0,1.0003522367030646,252,2023-09-01,2023-10-06,2024-09-03,2024-10-07,0,True,0.036607002127542934,
1199,2024-10-08,True,,SPY241108C00573000,SPY241108P00573000,2024-11-08,31.0,573.0,573.17,0.0403021791091648,598.19,0.0439485667428512,True,,False,1199.0,1222.0,23.0,0.9997034038766859,252,2023-09-06,2023-10-09,2024-09-05,2024-10-08,0,True,0.03596929181056979,
1200,2024-10-09,True,,SPY241108C00574000,SPY241108P00574000,2024-11-08,30.0,574.0,577.14,0.0394704924281803,598.19,0.0419135738295735,True,,False,1200.0,1222.0,22.0,0.9945593790068268,252,2023-09-08,2023-10-10,2024-09-09,2024-10-09,0,True,0.03833675095470775,
1201,2024-10-10,True,,SPY241108C00576000,SPY241108P00576000,2024-11-08,29.0,576.0,576.13,0.0374394667870098,598.19,0.0385156127957232,True,,False,1201.0,1222.0,21.0,0.999774356482044,252,2023-09-12,2023-10-11,2024-09-11,2024-10-10,0,True,0.034048772550686,
1202,2024-10-11,True,,SPY241108C00580000,SPY241108P00580000,2024-11-08,28.0,580.0,579.58,0.035370440663929,598.19,0.0313847958866766,True,,False,1202.0,1222.0,20.0,1.0007246626867732,252,2023-09-14,2023-10-12,2024-09-13,2024-10-11,0,True,0.032274341287365275,
1203,2024-10-14,True,,SPY241115C00584000,SPY241115P00584000,2024-11-15,32.0,584.0,584.32,0.037179969879518,585.75,0.0029949342825848,True,,False,1203.0,1227.0,24.0,0.9994523548740415,252,2023-09-11,2023-10-13,2024-09-10,2024-10-14,0,True,0.03763906815776748,
1204,2024-10-15,True,,SPY241115C00580000,SPY241115P00580000,2024-11-15,31.0,580.0,579.78,0.0377729483597226,585.75,0.0099175549346303,True,,False,1204.0,1227.0,23.0,1.0003794542757598,252,2023-09-13,2023-10-16,2024-09-12,2024-10-15,0,True,0.036073065991108655,
1205,2024-10-16,True,,SPY241115C00582000,SPY241115P00582000,2024-11-15,30.0,582.0,582.3,0.0360552979563798,585.75,0.0064399793920659,True,,False,1205.0,1227.0,22.0,0.9994848016486348,252,2023-09-15,2023-10-17,2024-09-16,2024-10-16,0,True,0.035590347001009326,
1206,2024-10-17,True,,SPY241115C00582000,SPY241115P00582000,2024-11-15,29.0,582.0,582.35,0.0344208809135399,585.75,0.0064394264617498,True,,False,1206.0,1227.0,21.0,0.99939898686357,252,2023-09-19,2023-10-18,2024-09-18,2024-10-17,0,True,0.03450195984439571,
1207,2024-10-18,True,,SPY241115C00585000,SPY241115P00585000,2024-11-15,28.0,585.0,584.59,0.0323389041892608,585.75,0.0012829504439008,True,,False,1207.0,1227.0,20.0,1.0007013462426657,252,2023-09-21,2023-10-19,2024-09-20,2024-10-18,0,True,0.032413315161629194,
1208,2024-10-21,True,,SPY241122C00584000,SPY241122P00584000,2024-11-22,32.0,584.0,583.63,0.035913164162226,595.51,0.0197213988314514,True,,False,1208.0,1232.0,24.0,1.0006339632986652,252,2023-09-18,2023-10-20,2024-09-17,2024-10-21,0,True,0.03701870691715899,
1209,2024-10-22,True,,SPY241122C00583000,SPY241122P00583000,2024-11-22,31.0,583.0,583.32,0.0357779606391003,595.51,0.0214462044846739,True,,False,1209.0,1232.0,23.0,0.9994514160323663,252,2023-09-20,2023-10-23,2024-09-19,2024-10-22,0,True,0.03666410684551951,
1210,2024-10-23,True,,SPY241122C00578000,SPY241122P00578000,2024-11-22,30.0,578.0,577.99,0.0377947715358397,595.51,0.0302946417758092,True,,False,1210.0,1232.0,22.0,1.0000173013373934,252,2023-09-22,2023-10-24,2024-09-23,2024-10-23,0,True,0.03522076335092506,
1211,2024-10-24,True,,SPY241122C00579000,SPY241122P00579000,2024-11-22,29.0,579.0,579.24,0.0370917063738692,595.51,0.0285028658241833,True,,False,1211.0,1232.0,21.0,0.9995856639734825,252,2023-09-26,2023-10-25,2024-09-25,2024-10-24,0,True,0.03432035132330618,
1212,2024-10-25,True,,SPY241122C00579000,SPY241122P00579000,2024-11-22,28.0,579.0,579.04,0.0376139817629179,595.51,0.0285127106935617,True,,False,1212.0,1232.0,20.0,0.9999309201436861,252,2023-09-28,2023-10-26,2024-09-27,2024-10-25,0,True,0.03291913627039285,
1213,2024-10-28,True,,SPY241129C00581000,SPY241129P00581000,2024-11-29,32.0,581.0,580.83,0.0384622006439061,602.55,0.0371020780607061,True,,False,1213.0,1236.0,23.0,1.0002926846065112,252,2023-09-26,2023-10-27,2024-09-25,2024-10-28,0,True,0.035825681556102516,
1214,2024-10-29,True,,SPY241129C00580000,SPY241129P00580000,2024-11-29,31.0,580.0,581.77,0.0390962064045928,602.55,0.0387610223971671,True,,False,1214.0,1236.0,22.0,0.9969575605479829,252,2023-09-28,2023-10-30,2024-09-27,2024-10-29,0,True,0.037164822147867586,
1215,2024-10-30,True,,SPY241129C00580000,SPY241129P00580000,2024-11-29,30.0,580.0,580.01,0.0383700281029637,602.55,0.0388786400234477,True,,False,1215.0,1236.0,21.0,0.9999827589179497,252,2023-10-02,2023-10-31,2024-10-01,2024-10-30,0,True,0.033820698079054134,
1216,2024-10-31,True,,SPY241129C00569000,SPY241129P00569000,2024-11-29,29.0,569.0,568.64,0.0427950900393922,602.55,0.059000422059651,True,,False,1216.0,1236.0,20.0,1.000633089476646,252,2023-10-04,2023-11-01,2024-10-03,2024-10-31,0,True,0.0321899551587228,
1217,2024-11-01,True,,SPY241129C00571000,SPY241129P00571000,2024-11-29,28.0,571.0,571.04,0.0407064303726534,602.55,0.0552500700476323,True,,False,1217.0,1236.0,19.0,0.9999299523676101,252,2023-10-06,2023-11-02,2024-10-07,2024-11-01,0,True,0.03170120290310273,
1218,2024-11-04,True,,SPY241206C00570000,SPY241206P00570000,2024-12-06,32.0,570.0,569.81,0.0428651655815096,607.81,0.0663554518172723,True,,False,1218.0,1241.0,23.0,1.000333444481494,252,2023-10-03,2023-11-03,2024-10-02,2024-11-04,0,True,0.035562085778866874,
1219,2024-11-05,True,,SPY241206C00577000,SPY241206P00577000,2024-12-06,31.0,577.0,576.7,0.0391364661002254,607.81,0.0534246575342464,True,,False,1219.0,1241.0,22.0,1.0005202011444425,252,2023-10-05,2023-11-06,2024-10-04,2024-11-05,0,True,0.03431731085967632,
1220,2024-11-06,True,,SPY241206C00592000,SPY241206P00592000,2024-12-06,30.0,592.0,591.04,0.0296511234434217,607.81,0.0267494585814833,True,,False,1220.0,1241.0,21.0,1.0016242555495398,252,2023-10-09,2023-11-07,2024-10-08,2024-11-06,0,True,0.03261612413006688,
1221,2024-11-07,True,,SPY241206C00596000,SPY241206P00596000,2024-12-06,29.0,596.0,595.61,0.027685901848525,607.81,0.0198284112086767,True,,False,1221.0,1241.0,20.0,1.000654790886654,252,2023-10-11,2023-11-08,2024-10-10,2024-11-07,0,True,0.0322781290126334,
1222,2024-11-08,True,,SPY241206C00598000,SPY241206P00598000,2024-12-06,28.0,598.0,598.19,0.0265551079088583,607.81,0.0163994717397481,True,,False,1222.0,1241.0,19.0,0.9996823751650812,252,2023-10-13,2023-11-09,2024-10-14,2024-11-08,0,True,0.03212373249195339,
1223,2024-11-11,True,,SPY241213C00599000,SPY241213P00599000,2024-12-13,32.0,599.0,598.76,0.029151913955508,604.21,0.0087013160531766,True,,False,1223.0,1246.0,23.0,1.0004008283786492,252,2023-10-10,2023-11-10,2024-10-09,2024-11-11,0,True,0.03578929643894876,
1224,2024-11-12,True,,SPY241213C00597000,SPY241213P00597000,2024-12-13,31.0,597.0,596.9,0.0287569107053107,604.21,0.0120790752219802,True,,False,1224.0,1246.0,22.0,1.0001675322499581,252,2023-10-12,2023-11-13,2024-10-11,2024-11-12,0,True,0.035038242591248984,
1225,2024-11-13,True,,SPY241213C00597000,SPY241213P00597000,2024-12-13,30.0,597.0,597.19,0.027378221336593,604.21,0.012073209531305,True,,False,1225.0,1246.0,21.0,0.9996818432994523,252,2023-10-16,2023-11-14,2024-10-15,2024-11-13,0,True,0.034342860502924774,
1226,2024-11-14,True,,SPY241213C00593000,SPY241213P00593000,2024-12-13,29.0,593.0,593.35,0.0264177972528861,604.21,0.0188927277323671,True,,False,1226.0,1246.0,20.0,0.9994101289289626,252,2023-10-18,2023-11-15,2024-10-17,2024-11-14,0,True,0.033456788919182,
1227,2024-11-15,True,,SPY241213C00586000,SPY241213P00586000,2024-12-13,28.0,586.0,585.75,0.0292787025181391,604.21,0.0310883482714469,True,,False,1227.0,1246.0,19.0,1.0004268032437047,252,2023-10-20,2023-11-16,2024-10-21,2024-11-15,0,True,0.031520149070134534,
1228,2024-11-18,True,,SPY241220C00588000,SPY241220P00588000,2024-12-20,32.0,588.0,588.15,0.0316075830995494,591.15,0.0053557765876051,True,,False,1228.0,1251.0,23.0,0.9997449630196379,252,2023-10-17,2023-11-17,2024-10-16,2024-11-18,0,True,0.03613960174425309,
1229,2024-11-19,True,,SPY241220C00590000,SPY241220P00590000,2024-12-20,31.0,590.0,590.3,0.0321277316618668,591.15,0.00194816195155,True,,False,1229.0,1251.0,22.0,0.9994917838387262,252,2023-10-19,2023-11-20,2024-10-18,2024-11-19,0,True,0.03514581101001983,
1230,2024-11-20,True,,SPY241220C00591000,SPY241220P00591000,2024-12-20,30.0,591.0,590.5,0.0322099915325994,591.15,0.0002540220152412,True,,False,1230.0,1251.0,21.0,1.0008467400508043,252,2023-10-23,2023-11-21,2024-10-22,2024-11-20,0,True,0.03277615112374202,
1231,2024-11-21,True,,SPY241220C00594000,SPY241220P00594000,2024-12-20,29.0,594.0,593.67,0.0307157174861455,591.15,0.0048006468239931,True,,False,1231.0,1251.0,20.0,1.000555864369094,252,2023-10-25,2023-11-22,2024-10-24,2024-11-21,0,True,0.03161446515877862,
1232,2024-11-22,True,,SPY241220C00596000,SPY241220P00596000,2024-12-20,28.0,596.0,595.51,0.0268929153162835,591.15,0.0081442796930362,True,,False,1232.0,1251.0,19.0,1.0008228241339356,252,2023-10-27,2023-11-24,2024-10-28,2024-11-22,0,True,0.03004817027524459,
1233,2024-11-25,True,,SPY241227C00597500,SPY241227P00597500,2024-12-27,32.0,597.5,597.53,0.0265174970294378,595.01,0.0041671547872073,True,,False,1233.0,1255.0,22.0,0.9999497933158168,252,2023-10-25,2023-11-27,2024-10-24,2024-11-25,0,True,0.033993677109956745,
1234,2024-11-26,True,,SPY241227C00601000,SPY241227P00601000,2024-12-27,31.0,601.0,600.65,0.0249313243985682,595.01,0.0099725297594273,True,,False,1234.0,1255.0,21.0,1.0005827020727545,252,2023-10-27,2023-11-28,2024-10-28,2024-11-26,0,True,0.03207610630717606,
1235,2024-11-27,True,,SPY241227C00599000,SPY241227P00599000,2024-12-27,30.0,599.0,598.83,0.0241888348947113,595.01,0.0066629928360302,True,,False,1235.0,1255.0,20.0,1.0002838869128132,252,2023-10-31,2023-11-29,2024-10-30,2024-11-27,0,True,0.030731390958608138,
1236,2024-11-29,True,,SPY241227C00602500,SPY241227P00602500,2024-12-27,28.0,602.5,602.55,0.0225873371504439,595.01,0.0124305036926396,True,,False,1236.0,1255.0,19.0,0.9999170193344952,252,2023-11-02,2023-11-30,2024-11-01,2024-11-29,0,True,0.029903699915331244,
1237,2024-12-02,True,,SPY241231C00604000,SPY241231P00604000,2024-12-31,29.0,604.0,603.63,0.0227043056176797,586.08,0.0296870599539452,True,,False,1237.0,1257.0,20.0,1.0006129582691383,252,2023-11-02,2023-12-01,2024-11-01,2024-12-02,0,True,0.0302919636847846,
1238,2024-12-03,True,,SPY250103C00604000,SPY250103P00604000,2025-01-03,31.0,604.0,603.91,0.0235051580533523,591.95,0.0199533043003095,True,,False,1238.0,1259.0,21.0,1.000149028828799,252,2023-11-02,2023-12-04,2024-11-01,2024-12-03,0,True,0.03162085034580108,
1239,2024-12-04,True,,SPY250103C00608000,SPY250103P00608000,2025-01-03,30.0,608.0,607.66,0.0221587729980581,591.95,0.0264127966296941,True,,False,1239.0,1259.0,20.0,1.0005595234177007,252,2023-11-06,2023-12-05,2024-11-05,2024-12-04,0,True,0.030319581957535747,
1240,2024-12-05,True,,SPY250103C00607000,SPY250103P00607000,2025-01-03,29.0,607.0,606.66,0.0220387037220189,591.95,0.0248079649226913,True,,False,1240.0,1259.0,19.0,1.0005604457191837,252,2023-11-08,2023-12-06,2024-11-07,2024-12-05,0,True,0.029234578167548705,
1241,2024-12-06,True,,SPY250103C00608000,SPY250103P00608000,2025-01-03,28.0,608.0,607.81,0.0207877461706783,591.95,0.0264062782777512,True,,False,1241.0,1259.0,18.0,1.0003125976867773,252,2023-11-10,2023-12-07,2024-11-11,2024-12-06,0,True,0.02816846280283267,
1242,2024-12-09,True,,SPY250110C00605000,SPY250110P00605000,2025-01-10,32.0,605.0,604.68,0.0256003175233181,580.49,0.040533836078587,True,,False,1242.0,1263.0,21.0,1.000529205530198,252,2023-11-08,2023-12-08,2024-11-07,2024-12-09,0,True,0.031189057499197082,
1243,2024-12-10,True,,SPY250110C00603000,SPY250110P00603000,2025-01-10,31.0,603.0,602.8,0.025149303251493,580.49,0.037342402123424,True,,False,1243.0,1263.0,20.0,1.000331785003318,252,2023-11-10,2023-12-11,2024-11-11,2024-12-10,0,True,0.02995795502580745,
1244,2024-12-11,True,,SPY250110C00607500,SPY250110P00607500,2025-01-10,30.0,607.5,607.46,0.0232525598393309,580.49,0.0444638330095808,True,,False,1244.0,1263.0,19.0,1.000065847957067,252,2023-11-14,2023-12-12,2024-11-13,2024-12-11,0,True,0.029034330499638918,
1245,2024-12-12,True,,SPY250110C00565000,SPY250110P00565000,2025-01-10,29.0,565.0,604.33,0.07060711862724,580.49,0.0256316912944914,True,,False,1245.0,1263.0,18.0,0.9349196630979763,252,2023-11-16,2023-12-13,2024-11-15,2024-12-12,0,True,0.0853786291478482,
1246,2024-12-13,True,,SPY250110C00604000,SPY250110P00604000,2025-01-10,28.0,604.0,604.21,0.0224756293341718,580.49,0.0389103126396451,True,,False,1246.0,1263.0,17.0,0.9996524387216364,252,2023-11-20,2023-12-14,2024-11-19,2024-12-13,0,True,0.027507543473326648,
1247,2024-12-16,True,,SPY250117C00607000,SPY250117P00607000,2025-01-17,32.0,607.0,606.79,0.02654954761944,597.58,0.0155243164851101,True,,False,1247.0,1268.0,21.0,1.0003460834885216,252,2023-11-15,2023-12-15,2024-11-14,2024-12-16,0,True,0.030436138615688682,
1248,2024-12-17,True,,SPY250117C00604000,SPY250117P00604000,2025-01-17,31.0,604.0,604.29,0.0277350278839629,597.58,0.0106240381273891,True,,False,1248.0,1268.0,20.0,0.9995200979662083,252,2023-11-17,2023-12-18,2024-11-18,2024-12-17,0,True,0.030026313464601665,
1249,2024-12-18,True,,SPY250117C00586000,SPY250117P00586000,2025-01-17,30.0,586.0,586.28,0.042087398512656,597.58,0.0197516544995565,True,,False,1249.0,1268.0,19.0,0.9995224124991472,252,2023-11-21,2023-12-19,2024-11-20,2024-12-18,0,True,0.029027216374203847,
1250,2024-12-19,True,,SPY250117C00586000,SPY250117P00586000,2025-01-17,29.0,586.0,586.1,0.0400870158675993,597.58,0.0197577205255076,True,,False,1250.0,1268.0,18.0,0.9998293806517659,252,2023-11-24,2023-12-20,2024-11-22,2024-12-19,0,True,0.027819205284405363,
1251,2024-12-20,True,,SPY250117C00591000,SPY250117P00591000,2025-01-17,28.0,591.0,591.15,0.0331303391694155,597.58,0.0111308466548254,True,,False,1251.0,1268.0,17.0,0.9997462572951028,252,2023-11-28,2023-12-21,2024-11-26,2024-12-20,0,True,0.027085486380126467,
1252,2024-12-23,True,,SPY250124C00595000,SPY250124P00595000,2025-01-24,32.0,595.0,594.69,0.0317140022532748,607.97,0.021809682355513,True,,False,1252.0,1272.0,20.0,1.000521279994619,252,2023-11-24,2023-12-22,2024-11-22,2024-12-23,0,True,0.02873909538163644,
1253,2024-12-24,True,,SPY250124C00602000,SPY250124P00602000,2025-01-24,31.0,602.0,601.3,0.0251787793114917,607.97,0.0099284882754033,True,,False,1253.0,1272.0,19.0,1.0011641443538999,252,2023-11-28,2023-12-26,2024-11-26,2024-12-24,0,True,0.02741136507727398,
1254,2024-12-26,True,,SPY250124C00601000,SPY250124P00601000,2025-01-24,29.0,601.0,601.34,0.0256843050520504,607.97,0.0115907805900156,True,,False,1254.0,1272.0,18.0,0.9994345960687797,252,2023-11-30,2023-12-27,2024-11-29,2024-12-26,0,True,0.027562292988414828,
1255,2024-12-27,True,,SPY250124C00595000,SPY250124P00595000,2025-01-24,28.0,595.0,595.01,0.0282096099225223,607.97,0.0217979529755802,True,,False,1255.0,1272.0,17.0,0.9999831935597722,252,2023-12-04,2023-12-28,2024-12-03,2024-12-27,0,True,0.026402779788362165,
1256,2024-12-30,True,,SPY250131C00588000,SPY250131P00588000,2025-01-31,32.0,588.0,588.22,0.0343408928632144,601.82,0.0234946108598824,True,,False,1256.0,1277.0,21.0,0.9996259902757472,252,2023-11-29,2023-12-29,2024-11-27,2024-12-30,0,True,0.029690869442210426,
1257,2024-12-31,True,,SPY250131C00586000,SPY250131P00586000,2025-01-31,31.0,586.0,586.08,0.0336302211302211,601.82,0.026992901992902,True,,False,1257.0,1277.0,20.0,0.9998634998634998,252,2023-12-01,2024-01-02,2024-12-02,2024-12-31,0,True,0.028569738636746337,
1258,2025-01-02,True,,SPY250131C00585000,SPY250131P00585000,2025-01-31,29.0,585.0,584.64,0.0339012041598248,601.82,0.0287698412698413,True,,False,1258.0,1277.0,19.0,1.000615763546798,252,2023-12-05,2024-01-03,2024-12-04,2025-01-02,0,True,0.027395617765478712,
1259,2025-01-03,True,,SPY250131C00592000,SPY250131P00592000,2025-01-31,28.0,592.0,591.95,0.0297660275361094,601.82,0.0165892389559929,True,,False,1259.0,1277.0,18.0,1.0000844665934623,252,2023-12-07,2024-01-04,2024-12-06,2025-01-03,0,True,0.02693523216371571,
1260,2025-01-06,True,,SPY250207C00595000,SPY250207P00595000,2025-02-07,32.0,595.0,595.36,0.0321822090835796,600.77,0.0096916151572157,True,,False,1260.0,1282.0,22.0,0.999395323837678,252,2023-12-04,2024-01-05,2024-12-03,2025-01-06,0,True,0.030568040619652005,
1261,2025-01-07,True,,SPY250207C00589000,SPY250207P00589000,2025-02-07,31.0,589.0,588.63,0.0347926541290793,600.77,0.0199955829638312,True,,False,1261.0,1282.0,21.0,1.0006285782240116,252,2023-12-06,2024-01-08,2024-12-05,2025-01-07,0,True,0.02895376912715999,
1262,2025-01-08,True,,SPY250207C00590000,SPY250207P00590000,2025-02-07,30.0,590.0,589.49,0.0342753905918675,600.77,0.0182700300259546,True,,False,1262.0,1282.0,20.0,1.0008651546251845,252,2023-12-08,2024-01-09,2024-12-09,2025-01-08,0,True,0.027885689957133662,
1263,2025-01-10,True,,SPY250207C00580000,SPY250207P00580000,2025-02-07,28.0,580.0,580.49,0.0362710813278437,600.77,0.0357801167978776,True,,False,1263.0,1282.0,19.0,0.9991558855449706,252,2023-12-12,2024-01-10,2024-12-11,2025-01-10,0,True,0.0283110621714114,
1264,2025-01-13,True,,SPY250214C00581000,SPY250214P00581000,2025-02-14,32.0,581.0,581.39,0.0385541546982232,609.7,0.0493644541529782,True,,False,1264.0,1287.0,23.0,0.9993291938285832,252,2023-12-07,2024-01-11,2024-12-06,2025-01-13,0,True,0.031494202758807675,
1265,2025-01-14,True,,SPY250214C00582000,SPY250214P00582000,2025-02-14,31.0,582.0,582.19,0.0375908208660402,609.7,0.0475789690650819,True,,False,1265.0,1287.0,22.0,0.9996736460605643,252,2023-12-11,2024-01-12,2024-12-10,2025-01-14,0,True,0.030354157666252633,
1266,2025-01-15,True,,SPY250214C00593000,SPY250214P00593000,2025-02-14,30.0,593.0,592.78,0.0309305307196599,609.7,0.0281723404973178,True,,False,1266.0,1287.0,21.0,1.000371132629306,252,2023-12-13,2024-01-16,2024-12-12,2025-01-15,0,True,0.02911125778098282,
1267,2025-01-16,True,,SPY250214C00592000,SPY250214P00592000,2025-02-14,29.0,592.0,591.64,0.0306858900682847,609.7,0.0299168413224258,True,,False,1267.0,1287.0,20.0,1.0006084781285918,252,2023-12-15,2024-01-17,2024-12-16,2025-01-16,0,True,0.028283998152932647,
1268,2025-01-17,True,,SPY250214C00597500,SPY250214P00597500,2025-02-14,28.0,597.5,597.58,0.0294772248067204,609.7,0.020415676562134,True,,False,1268.0,1287.0,19.0,0.9998661267110679,252,2023-12-19,2024-01-18,2024-12-18,2025-01-17,0,True,0.02818281708685671,
1269,2025-01-21,True,,SPY250221C00603000,SPY250221P00603000,2025-02-21,31.0,603.0,603.05,0.0286377580631788,599.94,0.0050742061188955,True,,False,1269.0,1291.0,22.0,0.9999170881353122,252,2023-12-15,2024-01-19,2024-12-16,2025-01-21,0,True,0.030174576737926645,
1270,2025-01-22,True,,SPY250221C00606000,SPY250221P00606000,2025-02-21,30.0,606.0,606.44,0.0275954752325044,599.94,0.0099927445419166,True,,False,1270.0,1291.0,21.0,0.9992744541916759,252,2023-12-19,2024-01-22,2024-12-18,2025-01-22,0,True,0.02984863762129157,
1271,2025-01-23,True,,SPY250221C00610000,SPY250221P00610000,2025-02-21,29.0,610.0,609.75,0.0264452644526445,599.94,0.0164985649856497,True,,False,1271.0,1291.0,20.0,1.000410004100041,252,2023-12-21,2024-01-23,2024-12-20,2025-01-23,0,True,0.028570346906355674,
1272,2025-01-24,True,,SPY250221C00608000,SPY250221P00608000,2025-02-21,28.0,608.0,607.97,0.0259716762340247,599.94,0.0132572330871588,True,,False,1272.0,1291.0,19.0,1.0000493445400267,252,2023-12-26,2024-01-24,2024-12-24,2025-01-24,0,True,0.028123451437246014,
1273,2025-01-27,True,,SPY250228C00599000,SPY250228P00599000,2025-02-28,32.0,599.0,599.37,0.0345446051687605,594.18,0.0080417771993927,True,,False,1273.0,1296.0,23.0,0.9993826851527438,252,2023-12-20,2024-01-25,2024-12-19,2025-01-27,0,True,0.031140552046842507,
1274,2025-01-28,True,,SPY250228C00605000,SPY250228P00605000,2025-02-28,31.0,605.0,604.52,0.030834380996493,594.18,0.0178984979818699,True,,False,1274.0,1296.0,22.0,1.0007940183947595,252,2023-12-22,2024-01-26,2024-12-23,2025-01-28,0,True,0.029535555994641048,
1275,2025-01-29,True,,SPY250228C00600000,SPY250228P00600000,2025-02-28,30.0,600.0,601.81,0.0316129675478971,594.18,0.0096708263405394,True,,False,1275.0,1296.0,21.0,0.9969924062411726,252,2023-12-27,2024-01-29,2024-12-26,2025-01-29,0,True,0.030979801069356237,
1276,2025-01-30,True,,SPY250228C00605000,SPY250228P00605000,2025-02-28,29.0,605.0,605.04,0.0295600290889858,594.18,0.0178831151659395,True,,False,1276.0,1296.0,20.0,0.9999338886685178,252,2023-12-29,2024-01-30,2024-12-30,2025-01-30,0,True,0.028614735577124007,
1277,2025-01-31,True,,SPY250228C00602000,SPY250228P00602000,2025-02-28,28.0,602.0,601.82,0.0302997574025456,594.18,0.0129939184473763,True,,False,1277.0,1296.0,19.0,1.0002990927519855,252,2024-01-03,2024-01-31,2025-01-02,2025-01-31,0,True,0.02784536485010838,
1278,2025-02-03,True,,SPY250307C00598000,SPY250307P00598000,2025-03-07,32.0,598.0,597.77,0.0363183164093213,575.92,0.0369372835706041,True,,False,1278.0,1301.0,23.0,1.0003847633705272,252,2023-12-28,2024-02-01,2024-12-27,2025-02-03,0,True,0.0301204568291017,
1279,2025-02-04,True,,SPY250307C00610000,SPY250307P00610000,2025-03-07,31.0,610.0,601.78,0.0314982219415733,575.92,0.0566319917577853,True,,False,1279.0,1301.0,22.0,1.0136594768852405,252,2024-01-02,2024-02-02,2024-12-31,2025-02-04,0,True,0.02337531492638452,
1280,2025-02-05,True,,SPY250307C00604000,SPY250307P00604000,2025-03-07,30.0,604.0,604.22,0.0300966535367912,575.92,0.0464731389229089,True,,False,1280.0,1301.0,21.0,0.9996358942107179,252,2024-01-04,2024-02-05,2025-01-03,2025-02-05,0,True,0.02920702220773909,
1281,2025-02-06,True,,SPY250307C00606000,SPY250307P00606000,2025-03-07,29.0,606.0,606.32,0.0284008444385802,575.92,0.0496107665918987,True,,False,1281.0,1301.0,20.0,0.9994722258873201,252,2024-01-08,2024-02-06,2025-01-07,2025-02-06,0,True,0.028494615718503577,
1282,2025-02-07,True,,SPY250307C00601000,SPY250307P00601000,2025-03-07,28.0,601.0,600.77,0.0296452885463655,575.92,0.0417464254207101,True,,False,1282.0,1301.0,19.0,1.0003828420194085,252,2024-01-10,2024-02-07,2025-01-10,2025-02-07,0,True,0.027389708986356447,
1283,2025-02-10,True,,SPY250314C00605000,SPY250314P00605000,2025-03-14,32.0,605.0,604.85,0.0301645035959328,562.81,0.0697528312804828,True,,False,1283.0,1306.0,23.0,1.000247995370753,252,2024-01-05,2024-02-08,2025-01-06,2025-02-10,0,True,0.029778392534418014,
1284,2025-02-11,True,,SPY250314C00605000,SPY250314P00605000,2025-03-14,31.0,605.0,605.31,0.0299928962019461,562.81,0.0696998232310717,True,,False,1284.0,1306.0,22.0,0.9994878657216965,252,2024-01-09,2024-02-09,2025-01-08,2025-02-11,0,True,0.02943489284675206,
1285,2025-02-12,True,,SPY250314C00603000,SPY250314P00603000,2025-03-14,30.0,603.0,603.36,0.0302224211084592,562.81,0.0666103155661629,True,,False,1285.0,1306.0,21.0,0.9994033412887828,252,2024-01-11,2024-02-12,2025-01-13,2025-02-12,0,True,0.028877566254520533,
1286,2025-02-13,True,,SPY250314C00610000,SPY250314P00610000,2025-03-14,29.0,610.0,609.73,0.0268725501451462,562.81,0.0773949125022551,True,,False,1286.0,1306.0,20.0,1.000442818952651,252,2024-01-16,2024-02-13,2025-01-15,2025-02-13,0,True,0.02764041986766709,
1287,2025-02-14,True,,SPY250314C00610000,SPY250314P00610000,2025-03-14,28.0,610.0,609.7,0.0256191569624405,562.81,0.0773987206823028,True,,False,1287.0,1306.0,19.0,1.0004920452681645,252,2024-01-18,2024-02-14,2025-01-17,2025-02-14,0,True,0.02695284420567726,
1288,2025-02-18,True,,SPY250321C00611000,SPY250321P00611000,2025-03-21,31.0,611.0,611.49,0.0286676805834927,563.98,0.0768941438126543,True,,False,1288.0,1311.0,23.0,0.9991986786374266,252,2024-01-12,2024-02-15,2025-01-14,2025-02-18,0,True,0.03015394795834371,
1289,2025-02-19,True,,SPY250321C00613000,SPY250321P00613000,2025-03-21,30.0,613.0,612.93,0.0273114385003181,563.98,0.079976506289462,True,,False,1289.0,1311.0,22.0,1.000114205537337,252,2024-01-17,2024-02-16,2025-01-16,2025-02-19,0,True,0.02887971568606448,
1290,2025-02-20,True,,SPY250321C00610000,SPY250321P00610000,2025-03-21,29.0,610.0,610.38,0.0276221370293915,563.98,0.0753956551656345,True,,False,1290.0,1311.0,21.0,0.999377437006455,252,2024-01-19,2024-02-20,2025-01-21,2025-02-20,0,True,0.02848788096291786,
1291,2025-02-21,True,,SPY250321C00600000,SPY250321P00600000,2025-03-21,28.0,600.0,599.94,0.0323949061572823,563.98,0.06003933726706,True,,False,1291.0,1311.0,20.0,1.000100010001,252,2024-01-23,2024-02-21,2025-01-23,2025-02-21,0,True,0.027364873580024172,
1292,2025-02-24,True,,SPY250328C00597000,SPY250328P00597000,2025-03-28,32.0,597.0,597.21,0.0361765543108789,555.66,0.0692218817501381,True,,False,1292.0,1316.0,24.0,0.9996483648967699,252,2024-01-18,2024-02-22,2025-01-17,2025-02-24,0,True,0.030129633888342874,
1293,2025-02-25,True,,SPY250328C00594000,SPY250328P00594000,2025-03-28,31.0,594.0,594.24,0.0370136645126548,555.66,0.0645193861066236,True,,False,1293.0,1316.0,23.0,0.9995961227786753,252,2024-01-22,2024-02-23,2025-01-22,2025-02-25,0,True,0.029306233873333268,
1294,2025-02-26,True,,SPY250328C00595000,SPY250328P00595000,2025-03-28,30.0,595.0,594.54,0.0363474282638678,555.66,0.0661688027718909,True,,False,1294.0,1316.0,22.0,1.0007737074040435,252,2024-01-24,2024-02-26,2025-01-24,2025-02-26,0,True,0.027966753407678617,
1295,2025-02-27,True,,SPY250328C00585000,SPY250328P00585000,2025-03-28,29.0,585.0,585.05,0.0406802837364327,555.66,0.0501495598666781,True,,False,1295.0,1316.0,21.0,0.9999145372190412,252,2024-01-26,2024-02-27,2025-01-28,2025-02-27,0,True,0.027803482979737327,
1296,2025-02-28,True,,SPY250331C00594000,SPY250331P00594000,2025-03-31,31.0,594.0,594.18,0.0365377495035174,559.39,0.0582483422531893,True,,False,1296.0,1317.0,21.0,0.9996970614965163,252,2024-01-29,2024-02-28,2025-01-29,2025-02-28,0,True,0.027808109450830204,
1297,2025-03-03,True,,SPY250331C00584000,SPY250331P00584000,2025-03-31,28.0,584.0,583.77,0.0414546824948181,559.39,0.0421570138924576,True,,False,1297.0,1317.0,20.0,1.0003939907840418,252,2024-01-31,2024-02-29,2025-01-31,2025-03-03,0,True,0.026841105039685932,
1298,2025-03-04,True,,SPY250404C00577000,SPY250404P00577000,2025-04-04,31.0,577.0,576.86,0.0466664355302846,505.28,0.124328259889748,True,,False,1298.0,1321.0,23.0,1.0002426932011232,252,2024-01-29,2024-03-01,2025-01-29,2025-03-04,0,True,0.028667186994910963,
1299,2025-03-05,True,,SPY250404C00583000,SPY250404P00583000,2025-04-04,30.0,583.0,583.06,0.042851507563544,505.28,0.133296744760402,True,,False,1299.0,1321.0,22.0,0.9998970946386307,252,2024-01-31,2024-03-04,2025-01-31,2025-03-05,0,True,0.028252068336998025,
1300,2025-03-06,True,,SPY250404C00571000,SPY250404P00571000,2025-04-04,29.0,571.0,572.71,0.049562605856367,505.28,0.1147526671439297,True,,False,1300.0,1321.0,21.0,0.9970141956662184,252,2024-02-02,2024-03-05,2025-02-04,2025-03-06,0,True,0.029056441067657212,
1301,2025-03-07,True,,SPY250404C00576000,SPY250404P00576000,2025-04-04,28.0,576.0,575.92,0.0442509376302264,505.28,0.1227948326156411,True,,False,1301.0,1321.0,20.0,1.000138908181692,252,2024-02-06,2024-03-06,2025-02-06,2025-03-07,0,True,0.026986399971126503,
1302,2025-03-10,True,,SPY250411C00560000,SPY250411P00560000,2025-04-11,32.0,560.0,560.58,0.0557904313389703,533.94,0.0464875664490348,True,,False,1302.0,1326.0,24.0,0.9989653573085019,252,2024-02-01,2024-03-07,2025-02-03,2025-03-10,0,True,0.029969763256571347,
1303,2025-03-11,True,,SPY250411C00556000,SPY250411P00556000,2025-04-11,31.0,556.0,555.92,0.0552597496042596,533.94,0.0396819686285795,True,,False,1303.0,1326.0,23.0,1.0001439055979278,252,2024-02-05,2024-03-08,2025-02-05,2025-03-11,0,True,0.02891667614095517,
1304,2025-03-12,True,,SPY250411C00559000,SPY250411P00559000,2025-04-11,30.0,559.0,558.87,0.0497611251274894,533.94,0.0448404816862596,True,,False,1304.0,1326.0,22.0,1.0002326122354035,252,2024-02-07,2024-03-11,2025-02-07,2025-03-12,0,True,0.028484145691772763,
1305,2025-03-13,True,,SPY250411C00551000,SPY250411P00551000,2025-04-11,29.0,551.0,551.42,0.050995611330746,533.94,0.030938304740488,True,,False,1305.0,1326.0,21.0,0.9992383301294839,252,2024-02-09,2024-03-12,2025-02-11,2025-03-13,0,True,0.02871249596634248,
1306,2025-03-14,True,,SPY250411C00563000,SPY250411P00563000,2025-04-11,28.0,563.0,562.81,0.043185089106448,533.94,0.0516337662799167,True,,False,1306.0,1326.0,20.0,1.000337591727226,252,2024-02-13,2024-03-13,2025-02-13,2025-03-14,0,True,0.027868456781418385,
1307,2025-03-17,True,,SPY250417C00567000,SPY250417P00567000,2025-04-17,31.0,567.0,567.15,0.0423432954244908,526.41,0.0715683681565724,True,,False,1307.0,1330.0,23.0,0.9997355197037822,252,2024-02-09,2024-03-14,2025-02-11,2025-03-17,0,True,0.02968678190049486,
1308,2025-03-18,True,,SPY250417C00561000,SPY250417P00561000,2025-04-17,30.0,561.0,561.02,0.0443567074257602,526.41,0.0616555559516595,True,,False,1308.0,1330.0,22.0,0.9999643506470358,252,2024-02-13,2024-03-15,2025-02-13,2025-03-18,0,True,0.02931604193013638,
1309,2025-03-19,True,,SPY250417C00567000,SPY250417P00567000,2025-04-17,29.0,567.0,567.13,0.039982014705623,526.41,0.0715708920353358,True,,False,1309.0,1330.0,21.0,0.9997707756599016,252,2024-02-15,2024-03-18,2025-02-18,2025-03-19,0,True,0.029110567037431968,
1310,2025-03-20,True,,SPY250417C00565000,SPY250417P00565000,2025-04-17,28.0,565.0,565.49,0.0393021980936886,526.41,0.0682417018868592,True,,False,1310.0,1330.0,20.0,0.9991334948451785,252,2024-02-20,2024-03-19,2025-02-20,2025-03-20,0,True,0.029104428313915402,
1311,2025-03-21,True,,SPY250417C00564000,SPY250417P00564000,2025-04-17,27.0,564.0,563.98,0.0382726337813397,526.41,0.0666512996914784,True,,False,1311.0,1330.0,19.0,1.0000354622504344,252,2024-02-22,2024-03-20,2025-02-24,2025-03-21,0,True,0.02822959918720841,
1312,2025-03-24,True,,SPY250425C00574000,SPY250425P00574000,2025-04-25,32.0,574.0,574.08,0.0367544593088071,550.64,0.0406911928651059,True,,False,1312.0,1335.0,23.0,0.9998606465997769,252,2024-02-16,2024-03-21,2025-02-19,2025-03-24,0,True,0.0304147305086127,
1313,2025-03-25,True,,SPY250425C00575000,SPY250425P00575000,2025-04-25,31.0,575.0,575.46,0.0354325235463802,550.64,0.0423313523094568,True,,False,1313.0,1335.0,22.0,0.9992006394884092,252,2024-02-21,2024-03-22,2025-02-21,2025-03-25,0,True,0.03020254470929747,
1314,2025-03-26,True,,SPY250425C00569000,SPY250425P00569000,2025-04-25,30.0,569.0,568.59,0.037320389032519,550.64,0.0322904025747902,True,,False,1314.0,1335.0,21.0,1.0007210819747092,252,2024-02-23,2024-03-25,2025-02-25,2025-03-26,0,True,0.02912451062806417,
1315,2025-03-27,True,,SPY250425C00567000,SPY250425P00567000,2025-04-25,29.0,567.0,567.08,0.0376313747619383,550.64,0.0288495450377372,True,,False,1315.0,1335.0,20.0,0.9998589264301332,252,2024-02-27,2024-03-26,2025-02-27,2025-03-27,0,True,0.02894123094205526,
1316,2025-03-28,True,,SPY250425C00556000,SPY250425P00556000,2025-04-25,28.0,556.0,555.66,0.0426429831191736,550.64,0.0096461865169348,True,,False,1316.0,1335.0,19.0,1.0006118849656265,252,2024-02-29,2024-03-27,2025-03-03,2025-03-28,0,True,0.02824518418313377,
1317,2025-03-31,True,,SPY250430C00559000,SPY250430P00559000,2025-04-30,30.0,559.0,559.39,0.04318096497971,554.54,0.0079729705572141,True,,False,1317.0,1338.0,21.0,0.9993028119916337,252,2024-02-28,2024-03-28,2025-02-28,2025-03-31,0,True,0.029944832108839345,
1318,2025-04-01,True,,SPY250430C00561000,SPY250430P00561000,2025-04-30,29.0,561.0,560.97,0.0420967253150792,554.54,0.0115157673315864,True,,False,1318.0,1338.0,20.0,1.0000534787956574,252,2024-03-01,2024-04-01,2025-03-04,2025-04-01,0,True,0.029058060947569755,
1319,2025-04-02,True,,SPY250502C00565000,SPY250502P00565000,2025-05-02,30.0,565.0,564.52,0.0422925671366824,566.76,0.0031176929072486,True,,False,1319.0,1340.0,21.0,1.000850279883795,252,2024-03-01,2024-04-02,2025-03-04,2025-04-02,0,True,0.029401884451607137,
1320,2025-04-03,True,,SPY250502C00537000,SPY250502P00537000,2025-05-02,29.0,537.0,536.7,0.0585615800260853,566.76,0.0554499720514253,True,,False,1320.0,1340.0,20.0,1.0005589714924539,252,2024-03-05,2024-04-03,2025-03-06,2025-04-03,0,True,0.029139395811649763,
1321,2025-04-04,True,,SPY250502C00505000,SPY250502P00505000,2025-05-02,28.0,505.0,505.28,0.0847846738442052,566.76,0.1222292590246991,True,,False,1321.0,1340.0,19.0,0.9994458518049399,252,2024-03-07,2024-04-04,2025-03-10,2025-04-04,0,True,0.029177955450919325,
1322,2025-04-07,True,,SPY250509C00505000,SPY250509P00505000,2025-05-09,32.0,505.0,504.38,0.0918751734803124,564.34,0.1176493913319323,True,,False,1322.0,1345.0,23.0,1.001229231928308,252,2024-03-04,2024-04-05,2025-03-05,2025-04-07,0,True,0.03158618941737751,
1323,2025-04-08,True,,SPY250509C00495000,SPY250509P00495000,2025-05-09,31.0,495.0,496.48,0.0992084273283918,564.34,0.139663229133097,True,,False,1323.0,1345.0,22.0,0.9970190138575572,252,2024-03-06,2024-04-08,2025-03-07,2025-04-08,0,True,0.03289709630560964,
1324,2025-04-09,True,,SPY250509C00510000,SPY250509P00510000,2025-05-09,30.0,510.0,548.62,0.0904724581677664,564.34,0.0990485217454705,True,,False,1324.0,1345.0,21.0,0.9296051912070286,252,2024-03-08,2024-04-09,2025-03-11,2025-04-09,0,True,0.07825554912314771,
1325,2025-04-10,True,,SPY250509C00525000,SPY250509P00525000,2025-05-09,29.0,525.0,524.58,0.07961607381143,564.34,0.0749933279957299,True,,False,1325.0,1345.0,20.0,1.00080064051241,252,2024-03-12,2024-04-10,2025-03-13,2025-04-10,0,True,0.030397821936263458,
1326,2025-04-11,True,,SPY250509C00534000,SPY250509P00534000,2025-05-09,28.0,534.0,533.94,0.0724987826347529,564.34,0.0568228639922089,True,,False,1326.0,1345.0,19.0,1.000112372176649,252,2024-03-14,2024-04-11,2025-03-17,2025-04-11,0,True,0.03015037124316322,
1327,2025-04-14,True,,SPY250516C00539000,SPY250516P00539000,2025-05-16,32.0,539.0,539.12,0.0622217688084285,594.2,0.1023890784982936,True,,False,1327.0,1350.0,23.0,0.9997774150467428,252,2024-03-11,2024-04-12,2025-03-12,2025-04-14,0,True,0.03305734859201818,
1328,2025-04-15,True,,SPY250516C00538000,SPY250516P00538000,2025-05-16,31.0,538.0,537.61,0.0590390803742489,594.2,0.104536745968267,True,,False,1328.0,1350.0,22.0,1.000725432934655,252,2024-03-13,2024-04-15,2025-03-14,2025-04-15,0,True,0.03218593531427425,
1329,2025-04-16,True,,SPY250516C00526000,SPY250516P00526000,2025-05-16,30.0,526.0,525.66,0.0654034927519689,594.2,0.1297416581060001,True,,False,1329.0,1350.0,21.0,1.0006468059201765,252,2024-03-15,2024-04-16,2025-03-18,2025-04-16,0,True,0.031830623092577864,
1330,2025-04-17,True,,SPY250516C00526000,SPY250516P00526000,2025-05-16,29.0,526.0,526.41,0.0598202921677019,594.2,0.1295568093311298,True,,False,1330.0,1350.0,20.0,0.9992211394160446,252,2024-03-19,2024-04-17,2025-03-20,2025-04-17,0,True,0.03181550332421154,
1331,2025-04-21,True,,SPY250523C00514000,SPY250523P00514000,2025-05-23,32.0,514.0,513.88,0.070969876235697,579.11,0.126702732155367,True,,False,1331.0,1355.0,24.0,1.0002335175527362,252,2024-03-14,2024-04-18,2025-03-17,2025-04-21,0,True,0.03432519848944121,
1332,2025-04-22,True,,SPY250523C00527000,SPY250523P00527000,2025-05-23,31.0,527.0,527.25,0.0635087719298245,579.11,0.0988335704125178,True,,False,1332.0,1355.0,23.0,0.9995258416311048,252,2024-03-18,2024-04-19,2025-03-19,2025-04-22,0,True,0.03400915822231835,
1333,2025-04-23,True,,SPY250523C00535000,SPY250523P00535000,2025-05-23,30.0,535.0,535.42,0.0587856262373463,579.11,0.0823839229016473,True,,False,1333.0,1355.0,22.0,0.9992155690859513,252,2024-03-20,2024-04-22,2025-03-21,2025-04-23,0,True,0.03350317571235239,
1334,2025-04-24,True,,SPY250523C00547000,SPY250523P00547000,2025-05-23,29.0,547.0,546.69,0.052891035138744,579.11,0.0587352978836269,True,,False,1334.0,1355.0,21.0,1.000567048967422,252,2024-03-22,2024-04-23,2025-03-25,2025-04-24,0,True,0.03259119236914899,
1335,2025-04-25,True,,SPY250523C00550000,SPY250523P00550000,2025-05-23,28.0,550.0,550.64,0.0486524771175359,579.11,0.0528657562109545,True,,False,1335.0,1355.0,20.0,0.9988377161121604,252,2024-03-26,2024-04-24,2025-03-27,2025-04-25,0,True,0.03239495439623514,
1336,2025-04-28,True,,SPY250530C00551000,SPY250530P00551000,2025-05-30,32.0,551.0,550.85,0.052010529182173,589.39,0.069692293727875,True,,False,1336.0,1359.0,23.0,1.0002723064355088,252,2024-03-22,2024-04-25,2025-03-25,2025-04-28,0,True,0.03394504071679046,
1337,2025-04-29,True,,SPY250530C00554000,SPY250530P00554000,2025-05-30,31.0,554.0,554.32,0.0495562130177514,589.39,0.0638439890316062,True,,False,1337.0,1359.0,22.0,0.9994227161206523,252,2024-03-26,2024-04-26,2025-03-27,2025-04-29,0,True,0.03348511196849765,
1338,2025-04-30,True,,SPY250530C00555000,SPY250530P00555000,2025-05-30,30.0,555.0,554.54,0.0501496736033469,589.39,0.0620153640855483,True,,False,1338.0,1359.0,21.0,1.0008295163558987,252,2024-03-28,2024-04-29,2025-03-31,2025-04-30,0,True,0.032343116165083265,
1339,2025-05-01,True,,SPY250530C00558000,SPY250530P00558000,2025-05-30,29.0,558.0,558.47,0.0476301323258187,589.39,0.0562071373574229,True,,False,1339.0,1359.0,20.0,0.9991584149551452,252,2024-04-02,2024-04-30,2025-04-02,2025-05-01,0,True,0.03200303258133555,
1340,2025-05-02,True,,SPY250530C00567000,SPY250530P00567000,2025-05-30,28.0,567.0,566.76,0.0425929846848754,589.39,0.0395052579575128,True,,False,1340.0,1359.0,19.0,1.0004234596654669,252,2024-04-04,2024-05-01,2025-04-04,2025-05-02,0,True,0.03139132517818773,
1341,2025-05-05,True,,SPY250606C00564000,SPY250606P00564000,2025-06-06,32.0,564.0,563.51,0.0475945413568525,599.14,0.0623591418075987,True,,False,1341.0,1364.0,23.0,1.0008695497861617,252,2024-04-01,2024-05-02,2025-04-01,2025-05-05,0,True,0.03340179731496439,
1342,2025-05-06,True,,SPY250606C00559000,SPY250606P00559000,2025-06-06,31.0,559.0,558.8,0.0496599856836077,599.14,0.0718324982104509,True,,False,1342.0,1364.0,22.0,1.0003579098067288,252,2024-04-03,2024-05-03,2025-04-03,2025-05-06,0,True,0.03281443017730664,
1343,2025-05-07,True,,SPY250606C00561000,SPY250606P00561000,2025-06-06,30.0,561.0,561.15,0.0471353470551546,599.14,0.0679675666042947,True,,False,1343.0,1364.0,21.0,0.9997326917936381,252,2024-04-05,2024-05-06,2025-04-07,2025-05-07,0,True,0.03323741170053801,
1344,2025-05-08,True,,SPY250606C00565000,SPY250606P00565000,2025-06-06,29.0,565.0,565.06,0.0442076947580787,599.14,0.0604183626517537,True,,False,1344.0,1364.0,20.0,0.9998938165858494,252,2024-04-09,2024-05-07,2025-04-09,2025-05-08,0,True,0.03312697481907095,
1345,2025-05-09,True,,SPY250606C00564000,SPY250606P00564000,2025-06-06,28.0,564.0,564.34,0.043103448275862,599.14,0.0622674274373604,True,,False,1345.0,1364.0,19.0,0.9993975263139242,252,2024-04-11,2024-05-08,2025-04-11,2025-05-09,0,True,0.03298741136351547,
1346,2025-05-12,True,,SPY250613C00583000,SPY250613P00583000,2025-06-13,32.0,583.0,582.99,0.0373762843273469,597.0,0.0240141340331738,True,,False,1346.0,1369.0,23.0,1.0000171529528807,252,2024-04-08,2024-05-09,2025-04-08,2025-05-12,0,True,0.035279105238790395,
1347,2025-05-13,True,,SPY250613C00587000,SPY250613P00587000,2025-06-13,31.0,587.0,586.84,0.0356229977506645,597.0,0.0170404198759457,True,,False,1347.0,1369.0,22.0,1.000272646718015,252,2024-04-10,2024-05-10,2025-04-10,2025-05-13,0,True,0.03489530109802483,
1348,2025-05-14,True,,SPY250613C00588000,SPY250613P00588000,2025-06-13,30.0,588.0,587.59,0.035900883268946,597.0,0.015316802532378,True,,False,1348.0,1369.0,21.0,1.0006977654486973,252,2024-04-12,2024-05-13,2025-04-14,2025-05-14,0,True,0.03466465409766055,
1349,2025-05-15,True,,SPY250613C00590000,SPY250613P00590000,2025-06-13,29.0,590.0,590.46,0.0343545710124309,597.0,0.0118551637706195,True,,False,1349.0,1369.0,20.0,0.9992209463807878,252,2024-04-16,2024-05-14,2025-04-16,2025-05-15,0,True,0.0349680425547606,
1350,2025-05-16,True,,SPY250613C00594000,SPY250613P00594000,2025-06-13,28.0,594.0,594.2,0.0327330865028609,597.0,0.0050488051161225,True,,False,1350.0,1369.0,19.0,0.9996634129922585,252,2024-04-18,2024-05-15,2025-04-21,2025-05-16,0,True,0.034637691854726496,
1351,2025-05-19,True,,SPY250620C00595000,SPY250620P00595000,2025-06-20,32.0,595.0,594.85,0.0367739766327645,594.28,0.0012103891737413,True,,False,1351.0,1373.0,22.0,1.0002521644111961,252,2024-04-16,2024-05-16,2025-04-16,2025-05-19,0,True,0.03624864842355271,
1352,2025-05-20,True,,SPY250620C00593000,SPY250620P00593000,2025-06-20,31.0,593.0,592.85,0.0361811588091422,594.28,0.0021590621573753,True,,False,1352.0,1373.0,21.0,1.0002530150965674,252,2024-04-18,2024-05-17,2025-04-21,2025-05-20,0,True,0.03618977110745502,
1353,2025-05-21,True,,SPY250620C00583000,SPY250620P00583000,2025-06-20,30.0,583.0,582.86,0.0407301924990563,594.28,0.0193528463095768,True,,False,1353.0,1373.0,20.0,1.0002401949010054,252,2024-04-22,2024-05-20,2025-04-23,2025-05-21,0,True,0.03570774917122925,
1354,2025-05-22,True,,SPY250620C00583000,SPY250620P00583000,2025-06-20,29.0,583.0,583.09,0.0393592755835291,594.28,0.0193452125743881,True,,False,1354.0,1373.0,19.0,0.9998456498996724,252,2024-04-24,2024-05-21,2025-04-25,2025-05-22,0,True,0.035072463146914354,
1355,2025-05-23,True,,SPY250620C00579000,SPY250620P00579000,2025-06-20,28.0,579.0,579.11,0.0417019219146621,594.28,0.0263853153977654,True,,False,1355.0,1373.0,18.0,0.9998100533577385,252,2024-04-26,2024-05-22,2025-04-29,2025-05-23,0,True,0.03403923623504714,
1356,2025-05-27,True,,SPY250627C00591000,SPY250627P00591000,2025-06-27,31.0,591.0,591.15,0.0363021229806309,614.91,0.040446587160619,True,,False,1356.0,1378.0,22.0,0.9997462572951028,252,2024-04-23,2024-05-23,2025-04-24,2025-05-27,0,True,0.03732067450871792,
1357,2025-05-28,True,,SPY250627C00588000,SPY250627P00588000,2025-06-27,30.0,588.0,587.73,0.0367430622905075,614.91,0.0457863304578632,True,,False,1357.0,1378.0,21.0,1.0004593946199785,252,2024-04-25,2024-05-24,2025-04-28,2025-05-28,0,True,0.03656594664192338,
1358,2025-05-29,True,,SPY250627C00590000,SPY250627P00590000,2025-06-27,29.0,590.0,590.05,0.035641047368867,614.91,0.0422167612914159,True,,False,1358.0,1378.0,20.0,0.9999152614185239,252,2024-04-29,2024-05-28,2025-04-30,2025-05-29,0,True,0.03609473451468296,
1359,2025-05-30,True,,SPY250630C00589000,SPY250630P00589000,2025-06-30,31.0,589.0,589.39,0.0356555082373301,617.85,0.048948913283225,True,,False,1359.0,1379.0,20.0,0.9993382989192215,252,2024-04-30,2024-05-29,2025-05-01,2025-05-30,0,True,0.03635768448476465,
1360,2025-06-02,True,,SPY250703C00592500,SPY250703P00592500,2025-07-03,31.0,592.5,592.71,0.0359956808557304,625.34,0.0554065225827133,True,,False,1360.0,1382.0,22.0,0.9996456951966392,252,2024-04-29,2024-05-30,2025-04-30,2025-06-02,0,True,0.03773408981414777,
1361,2025-06-03,True,,SPY250703C00596000,SPY250703P00596000,2025-07-03,30.0,596.0,596.09,0.0336778003321646,625.34,0.0492207552550789,True,,False,1361.0,1382.0,21.0,0.9998490160881746,252,2024-05-01,2024-05-31,2025-05-02,2025-06-03,0,True,0.037062575023323656,
1362,2025-06-04,True,,SPY250703C00596000,SPY250703P00596000,2025-07-03,29.0,596.0,595.93,0.0331246958535398,625.34,0.049233970432769,True,,False,1362.0,1382.0,20.0,1.0001174634604737,252,2024-05-03,2024-06-03,2025-05-06,2025-06-04,0,True,0.03622382334343903,
1363,2025-06-05,True,,SPY250703C00595000,SPY250703P00595000,2025-07-03,28.0,595.0,593.05,0.032973610994014,625.34,0.0511592614450721,True,,False,1363.0,1382.0,19.0,1.003288087007841,252,2024-05-07,2024-06-04,2025-05-08,2025-06-05,0,True,0.03455244868967661,
1364,2025-06-06,True,,SPY250703C00599000,SPY250703P00599000,2025-07-03,27.0,599.0,599.14,0.0298594652335013,625.34,0.0439630136529025,True,,False,1364.0,1382.0,18.0,0.9997663317421638,252,2024-05-09,2024-06-05,2025-05-12,2025-06-06,0,True,0.03463925337926723,
1365,2025-06-09,True,,SPY250711C00600000,SPY250711P00600000,2025-07-11,32.0,600.0,599.68,0.0336762940234791,623.62,0.0393876734258271,True,,False,1365.0,1387.0,22.0,1.0005336179295625,252,2024-05-06,2024-06-06,2025-05-07,2025-06-09,0,True,0.03779247135760685,
1366,2025-06-10,True,,SPY250711C00603000,SPY250711P00603000,2025-07-11,31.0,603.0,603.08,0.0323588910260661,623.62,0.0341911520859587,True,,False,1366.0,1387.0,21.0,0.9998673476155733,252,2024-05-08,2024-06-07,2025-05-09,2025-06-10,0,True,0.03751276633005283,
1367,2025-06-11,True,,SPY250711C00601000,SPY250711P00601000,2025-07-11,30.0,601.0,601.36,0.0324015564719968,623.62,0.0376147399228415,True,,False,1367.0,1387.0,20.0,0.9994013569243049,252,2024-05-10,2024-06-10,2025-05-13,2025-06-11,0,True,0.036823481111049876,
1368,2025-06-12,True,,SPY250711C00604000,SPY250711P00604000,2025-07-11,29.0,604.0,603.75,0.0320414078674948,623.62,0.0324968944099378,True,,False,1368.0,1387.0,19.0,1.0004140786749482,252,2024-05-14,2024-06-11,2025-05-15,2025-06-12,0,True,0.03552111735653584,
1369,2025-06-13,True,,SPY250711C00597000,SPY250711P00597000,2025-07-11,28.0,597.0,597.0,0.0358542713567839,623.62,0.0445896147403685,True,,False,1369.0,1387.0,18.0,1.0,252,2024-05-16,2024-06-12,2025-05-19,2025-06-13,0,True,0.03443732664076034,
1370,2025-06-16,True,,SPY250718C00603000,SPY250718P00603000,2025-07-18,32.0,603.0,602.68,0.0351596203623813,627.58,0.0407844959182319,True,,False,1370.0,1392.0,22.0,1.0005309617043872,252,2024-05-13,2024-06-13,2025-05-14,2025-06-16,0,True,0.03793810849121032,
1371,2025-06-17,True,,SPY250718C00598000,SPY250718P00598000,2025-07-18,31.0,598.0,597.53,0.0393118337154619,627.58,0.0495037906046559,True,,False,1371.0,1392.0,21.0,1.0007865713855373,252,2024-05-15,2024-06-14,2025-05-16,2025-06-17,0,True,0.03694272914429744,
1372,2025-06-18,True,,SPY250718C00597000,SPY250718P00597000,2025-07-18,30.0,597.0,597.44,0.0372003883235136,627.58,0.0511850562399572,True,,False,1372.0,1392.0,20.0,0.999263524370648,252,2024-05-17,2024-06-17,2025-05-20,2025-06-18,0,True,0.03655612534422719,
1373,2025-06-20,True,,SPY250718C00594000,SPY250718P00594000,2025-07-18,28.0,594.0,594.28,0.0374402638486908,627.58,0.0565053510129905,True,,False,1373.0,1392.0,19.0,0.9995288416234772,252,2024-05-21,2024-06-18,2025-05-22,2025-06-20,0,True,0.03556576391260697,
1374,2025-06-23,True,,SPY250725C00600000,SPY250725P00600000,2025-07-25,32.0,600.0,600.15,0.0373906523369157,637.1,0.0618178788636174,True,,False,1374.0,1397.0,23.0,0.9997500624843789,252,2024-05-16,2024-06-20,2025-05-19,2025-06-23,0,True,0.03873309822168028,
1375,2025-06-24,True,,SPY250725C00607000,SPY250725P00607000,2025-07-25,31.0,607.0,606.78,0.0329279145654108,637.1,0.0496061175384818,True,,False,1375.0,1397.0,22.0,1.0003625696298495,252,2024-05-20,2024-06-21,2025-05-21,2025-06-24,0,True,0.037560091208592335,
1376,2025-06-25,True,,SPY250725C00607000,SPY250725P00607000,2025-07-25,30.0,607.0,607.12,0.0318223744893925,637.1,0.0495783370668072,True,,False,1376.0,1397.0,21.0,0.9998023455000659,252,2024-05-22,2024-06-24,2025-05-23,2025-06-25,0,True,0.03716519809631821,
1377,2025-06-26,True,,SPY250725C00612000,SPY250725P00612000,2025-07-25,29.0,612.0,611.87,0.030602905846013,637.1,0.0410217856734274,True,,False,1377.0,1397.0,20.0,1.0002124634317746,252,2024-05-24,2024-06-25,2025-05-28,2025-06-26,0,True,0.03626231675206797,
1378,2025-06-27,True,,SPY250725C00615000,SPY250725P00615000,2025-07-25,28.0,615.0,614.91,0.0294352018994649,637.1,0.0359402188938219,True,,False,1378.0,1397.0,19.0,1.000146362882373,252,2024-05-29,2024-06-26,2025-05-30,2025-06-27,0,True,0.0354547359675197,
1379,2025-06-30,True,,SPY250731C00618000,SPY250731P00618000,2025-07-31,31.0,618.0,617.85,0.0323460386825281,632.08,0.0227887027595695,True,,False,1379.0,1401.0,22.0,1.0002427773731488,252,2024-05-24,2024-06-27,2025-05-28,2025-06-30,0,True,0.03789694029819269,
1380,2025-07-01,True,,SPY250731C00618000,SPY250731P00618000,2025-07-31,30.0,618.0,617.65,0.0320812758034485,632.08,0.0227960819234194,True,,False,1380.0,1401.0,21.0,1.0005666639682669,252,2024-05-29,2024-06-28,2025-05-30,2025-07-01,0,True,0.03712671776299371,
1381,2025-07-02,True,,SPY250801C00620000,SPY250801P00620000,2025-08-01,30.0,620.0,620.45,0.0325892497380933,621.72,0.002772181481183,True,,False,1381.0,1402.0,21.0,0.9992747199613183,252,2024-05-30,2024-07-01,2025-06-02,2025-07-02,0,True,0.037609099651769264,
1382,2025-07-03,True,,SPY250801C00625000,SPY250801P00625000,2025-08-01,29.0,625.0,625.34,0.0315428406946621,621.72,0.0052451466402276,True,,False,1382.0,1402.0,20.0,0.9994562957750983,252,2024-06-03,2024-07-02,2025-06-04,2025-07-03,0,True,0.03671902273152338,
1383,2025-07-07,True,,SPY250808C00621000,SPY250808P00621000,2025-08-08,32.0,621.0,620.68,0.0358155571308887,637.18,0.0260681832828509,True,,False,1383.0,1407.0,24.0,1.0005155635754335,252,2024-05-29,2024-07-03,2025-05-30,2025-07-07,0,True,0.040053569601698716,
1384,2025-07-08,True,,SPY250808C00620000,SPY250808P00620000,2025-08-08,31.0,620.0,620.34,0.0337395621755811,637.18,0.0276944901183221,True,,False,1384.0,1407.0,23.0,0.9994519134668085,252,2024-05-31,2024-07-05,2025-06-03,2025-07-08,0,True,0.03937938038469665,
1385,2025-07-09,True,,SPY250808C00624000,SPY250808P00624000,2025-08-08,30.0,624.0,624.06,0.0312790436816972,637.18,0.0211197641252442,True,,False,1385.0,1407.0,22.0,0.9999038553985194,252,2024-06-04,2024-07-08,2025-06-05,2025-07-09,0,True,0.03819173663824798,
1386,2025-07-10,True,,SPY250808C00626000,SPY250808P00626000,2025-08-08,29.0,626.0,625.82,0.0298168802531079,637.18,0.017864561695056,True,,False,1386.0,1407.0,21.0,1.0002876226390973,252,2024-06-06,2024-07-09,2025-06-09,2025-07-10,0,True,0.0372855235425291,
1387,2025-07-11,True,,SPY250808C00624000,SPY250808P00624000,2025-08-08,28.0,624.0,623.62,0.0301305282062794,637.18,0.021134665341073,True,,False,1387.0,1407.0,20.0,1.0006093454347198,252,2024-06-10,2024-07-10,2025-06-11,2025-07-11,0,True,0.03631260903764723,
1388,2025-07-14,True,,SPY250815C00625000,SPY250815P00625000,2025-08-15,32.0,625.0,624.81,0.0341223732014532,643.44,0.0295129719434709,True,,False,1388.0,1412.0,24.0,1.0003040924441031,252,2024-06-05,2024-07-11,2025-06-06,2025-07-14,0,True,0.03996133681225196,
1389,2025-07-15,True,,SPY250815C00620000,SPY250815P00620000,2025-08-15,31.0,620.0,622.14,0.0353135950107692,643.44,0.0376764072395281,True,,False,1389.0,1412.0,23.0,0.9965602597486096,252,2024-06-07,2024-07-12,2025-06-10,2025-07-15,0,True,0.040360073088274245,
1390,2025-07-16,True,,SPY250815C00625000,SPY250815P00625000,2025-08-15,30.0,625.0,624.22,0.0329130755182467,643.44,0.0295408670020186,True,,False,1390.0,1412.0,22.0,1.0012495594501938,252,2024-06-11,2024-07-15,2025-06-12,2025-07-16,0,True,0.03760449726536473,
1391,2025-07-17,True,,SPY250815C00630000,SPY250815P00630000,2025-08-15,29.0,630.0,628.04,0.030292656518693,643.44,0.0213999108337049,True,,False,1391.0,1412.0,21.0,1.0031208203299153,252,2024-06-13,2024-07-16,2025-06-16,2025-07-17,0,True,0.036337409863417804,
1392,2025-07-18,True,,SPY250815C00630000,SPY250815P00630000,2025-08-15,28.0,630.0,627.58,0.0293428726218171,643.44,0.0214155964179866,True,,False,1392.0,1412.0,20.0,1.0038560820931195,252,2024-06-17,2024-07-17,2025-06-18,2025-07-18,0,True,0.03539452030247661,
1393,2025-07-21,True,,SPY250822C00629000,SPY250822P00629000,2025-08-22,32.0,629.0,628.77,0.0328896098732445,645.31,0.0259395327385211,True,,False,1393.0,1417.0,24.0,1.0003657935334065,252,2024-06-12,2024-07-18,2025-06-13,2025-07-21,0,True,0.03985539697996698,
1394,2025-07-22,True,,SPY250822C00629000,SPY250822P00629000,2025-08-22,31.0,629.0,628.86,0.0320182552555417,645.31,0.0259358203733739,True,,False,1394.0,1417.0,23.0,1.0002226250675825,252,2024-06-14,2024-07-19,2025-06-17,2025-07-22,0,True,0.039104244479908325,
1395,2025-07-23,True,,SPY250822C00634000,SPY250822P00634000,2025-08-22,30.0,634.0,634.21,0.0297456678387284,645.31,0.017833209820091,True,,False,1395.0,1417.0,22.0,0.9996688793932609,252,2024-06-18,2024-07-22,2025-06-20,2025-07-23,0,True,0.03862304000315576,
1396,2025-07-24,True,,SPY250822C00634000,SPY250822P00634000,2025-08-22,29.0,634.0,634.42,0.0289240566186438,645.31,0.0178273068314365,True,,False,1396.0,1417.0,21.0,0.9993379779956496,252,2024-06-21,2024-07-23,2025-06-24,2025-07-24,0,True,0.0382082114969845,
1397,2025-07-25,True,,SPY250822C00637000,SPY250822P00637000,2025-08-22,28.0,637.0,637.1,0.0270601161513106,645.31,0.0130434782608694,True,,False,1397.0,1417.0,20.0,0.9998430387694239,252,2024-06-25,2024-07-24,2025-06-26,2025-07-25,0,True,0.037323295910994474,
1398,2025-07-28,True,,SPY250829C00637000,SPY250829P00637000,2025-08-29,32.0,637.0,636.94,0.0297437749238546,645.05,0.0126385530819228,True,,False,1398.0,1422.0,24.0,1.0000942003956417,252,2024-06-20,2024-07-25,2025-06-23,2025-07-28,0,True,0.04081233610512384,
1399,2025-07-29,True,,SPY250829C00635000,SPY250829P00635000,2025-08-29,31.0,635.0,635.26,0.0306882221452633,645.05,0.0158202940528286,True,,False,1399.0,1422.0,23.0,0.9995907187608224,252,2024-06-24,2024-07-26,2025-06-25,2025-07-29,0,True,0.04024593612702184,
1400,2025-07-30,True,,SPY250829C00634000,SPY250829P00634000,2025-08-29,30.0,634.0,634.46,0.0313888976452416,645.05,0.0174163855877438,True,,False,1400.0,1422.0,22.0,0.9992749739936323,252,2024-06-26,2024-07-29,2025-06-27,2025-07-30,0,True,0.0395171012715599,
1401,2025-07-31,True,,SPY250829C00632000,SPY250829P00632000,2025-08-29,29.0,632.0,632.08,0.0308821668143273,645.05,0.0206461207442095,True,,False,1401.0,1422.0,21.0,0.9998734337425642,252,2024-06-28,2024-07-30,2025-07-01,2025-07-31,0,True,0.03857598667741674,
1402,2025-08-01,True,,SPY250829C00622000,SPY250829P00622000,2025-08-29,28.0,622.0,621.72,0.0365518239722061,645.05,0.0370745673293443,True,,False,1402.0,1422.0,20.0,1.0004503635076882,252,2024-07-02,2024-07-31,2025-07-03,2025-08-01,0,True,0.037444525376235105,
1403,2025-08-04,True,,SPY250905C00631000,SPY250905P00631000,2025-09-05,32.0,631.0,631.17,0.0336359459416638,647.24,0.0257299935041272,True,,False,1403.0,1426.0,23.0,0.9997306589349938,252,2024-06-28,2024-08-01,2025-07-01,2025-08-04,0,True,0.04049520316116315,
1404,2025-08-05,True,,SPY250905C00628000,SPY250905P00628000,2025-09-05,31.0,628.0,627.97,0.0343089638040033,647.24,0.0306384062932942,True,,False,1404.0,1426.0,22.0,1.0000477729827857,252,2024-07-02,2024-08-02,2025-07-03,2025-08-05,0,True,0.03934065833344026,
1405,2025-08-06,True,,SPY250905C00633000,SPY250905P00633000,2025-09-05,30.0,633.0,632.78,0.0310850532570561,647.24,0.0225038718037864,True,,False,1405.0,1426.0,21.0,1.000347672176744,252,2024-07-05,2024-08-05,2025-07-08,2025-08-06,0,True,0.03833296292571196,
1406,2025-08-07,True,,SPY250905C00632000,SPY250905P00632000,2025-09-05,29.0,632.0,632.25,0.0310478449980229,647.24,0.0241043890865955,True,,False,1406.0,1426.0,20.0,0.9996045867931989,252,2024-07-09,2024-08-06,2025-07-10,2025-08-07,0,True,0.037474604573516264,
1407,2025-08-08,True,,SPY250905C00637000,SPY250905P00637000,2025-09-05,28.0,637.0,637.18,0.0277551084465928,647.24,0.016070812015443,True,,False,1407.0,1426.0,19.0,0.9997175052575411,252,2024-07-11,2024-08-07,2025-07-14,2025-08-08,0,True,0.03614006699710508,
1408,2025-08-11,True,,SPY250912C00636000,SPY250912P00636000,2025-09-12,32.0,636.0,635.92,0.0314269090451629,657.41,0.0336677569505597,True,,False,1408.0,1431.0,23.0,1.0001258019876715,252,2024-07-08,2024-08-08,2025-07-09,2025-08-11,0,True,0.03989579640653235,
1409,2025-08-12,True,,SPY250912C00643000,SPY250912P00643000,2025-09-12,31.0,643.0,642.69,0.0278672454838257,657.41,0.0224213851156855,True,,False,1409.0,1431.0,22.0,1.0004823476326066,252,2024-07-10,2024-08-09,2025-07-11,2025-08-12,0,True,0.038546243099934964,
1410,2025-08-13,True,,SPY250912C00645000,SPY250912P00645000,2025-09-12,30.0,645.0,644.89,0.0266867217665028,657.41,0.0192435919304066,True,,False,1410.0,1431.0,21.0,1.0001705717254106,252,2024-07-12,2024-08-12,2025-07-15,2025-08-13,0,True,0.037703138821698796,
1411,2025-08-14,True,,SPY250912C00645000,SPY250912P00645000,2025-09-12,29.0,645.0,644.95,0.0264206527637801,657.41,0.0192418016900534,True,,False,1411.0,1431.0,20.0,1.000077525389565,252,2024-07-16,2024-08-13,2025-07-17,2025-08-14,0,True,0.036696574424482875,
1412,2025-08-15,True,,SPY250912C00643000,SPY250912P00643000,2025-09-12,28.0,643.0,643.44,0.0267080069625761,657.41,0.0223952505284097,True,,False,1412.0,1431.0,19.0,0.9993161755563843,252,2024-07-18,2024-08-14,2025-07-21,2025-08-15,0,True,0.035833832244204444,
1413,2025-08-18,True,,SPY250919C00643000,SPY250919P00643000,2025-09-19,32.0,643.0,643.3,0.0292009948702005,663.7,0.0321778330483445,True,,False,1413.0,1436.0,23.0,0.9995336545935023,252,2024-07-15,2024-08-15,2025-07-16,2025-08-18,0,True,0.040035400963555755,
1414,2025-08-19,True,,SPY250919C00640000,SPY250919P00640000,2025-09-19,31.0,640.0,639.81,0.0296963160938403,663.7,0.0370422469170535,True,,False,1414.0,1436.0,22.0,1.0002969631609384,252,2024-07-17,2024-08-16,2025-07-18,2025-08-19,0,True,0.03847846021873577,
1415,2025-08-20,True,,SPY250919C00638000,SPY250919P00638000,2025-09-19,30.0,638.0,638.11,0.0301750481891836,663.7,0.040275187663569,True,,False,1415.0,1436.0,21.0,0.9998276159282882,252,2024-07-19,2024-08-19,2025-07-22,2025-08-20,0,True,0.03779732177277655,
1416,2025-08-21,True,,SPY250919C00636000,SPY250919P00636000,2025-09-19,29.0,636.0,635.55,0.0316261505782393,663.7,0.0435842970655338,True,,False,1416.0,1436.0,20.0,1.000708048147274,252,2024-07-23,2024-08-20,2025-07-24,2025-08-21,0,True,0.03637648432975248,
1417,2025-08-22,True,,SPY250919C00645000,SPY250919P00645000,2025-09-19,28.0,645.0,645.31,0.0260882366614495,663.7,0.0289783204971254,True,,False,1417.0,1436.0,19.0,0.9995196107297268,252,2024-07-25,2024-08-21,2025-07-28,2025-08-22,0,True,0.03569355718821759,
1418,2025-08-25,True,,SPY250926C00642500,SPY250926P00642500,2025-09-26,32.0,642.5,642.47,0.0283203885006303,661.82,0.0300714430245771,True,,False,1418.0,1441.0,23.0,1.0000466947873052,252,2024-07-22,2024-08-22,2025-07-23,2025-08-25,0,True,0.039857365541430094,
1419,2025-08-26,True,,SPY250926C00645000,SPY250926P00645000,2025-09-26,31.0,645.0,645.16,0.0272103044206088,661.82,0.0260710521421043,True,,False,1419.0,1441.0,22.0,0.9997519995039991,252,2024-07-24,2024-08-23,2025-07-25,2025-08-26,0,True,0.038801350665705996,
1420,2025-08-27,True,,SPY250926C00647000,SPY250926P00647000,2025-09-26,30.0,647.0,646.63,0.026901009851074,661.82,0.0229188252942177,True,,False,1420.0,1441.0,21.0,1.0005721973926356,252,2024-07-26,2024-08-26,2025-07-29,2025-08-27,0,True,0.037247279489301524,
1421,2025-08-28,True,,SPY250926C00649000,SPY250926P00649000,2025-09-26,29.0,649.0,648.92,0.0254576835357208,661.82,0.0197559021142822,True,,False,1421.0,1441.0,20.0,1.0001232817604635,252,2024-07-30,2024-08-27,2025-07-31,2025-08-28,0,True,0.036411260279295844,
1422,2025-08-29,True,,SPY250926C00645000,SPY250926P00645000,2025-09-26,28.0,645.0,645.05,0.0265870862723819,661.82,0.0260754980234091,True,,False,1422.0,1441.0,19.0,0.9999224866289436,252,2024-08-01,2024-08-28,2025-08-04,2025-08-29,0,True,0.035387580394802574,
1423,2025-09-02,True,,SPY251003C00640000,SPY251003P00640000,2025-10-03,31.0,640.0,640.27,0.032314492323551,669.21,0.0456213784809534,True,,False,1423.0,1446.0,23.0,0.9995783029034626,252,2024-07-29,2024-08-29,2025-07-30,2025-09-02,0,True,0.039892954170965784,
1424,2025-09-03,True,,SPY251003C00644000,SPY251003P00644000,2025-10-03,30.0,644.0,643.74,0.0295227887035138,669.21,0.0391617733867711,True,,False,1424.0,1446.0,22.0,1.0004038897691614,252,2024-07-31,2024-08-30,2025-08-01,2025-09-03,0,True,0.03824162223950823,
1425,2025-09-04,True,,SPY251003C00649000,SPY251003P00649000,2025-10-03,29.0,649.0,649.12,0.0273061991619423,669.21,0.0311344589598225,True,,False,1425.0,1446.0,21.0,0.999815134335716,252,2024-08-02,2024-09-03,2025-08-05,2025-09-04,0,True,0.03753245163011314,
1426,2025-09-05,True,,SPY251003C00647000,SPY251003P00647000,2025-10-03,28.0,647.0,647.24,0.0263348989555651,669.21,0.0343149372721093,True,,False,1426.0,1446.0,20.0,0.9996291947345652,252,2024-08-06,2024-09-04,2025-08-07,2025-09-05,0,True,0.03632856095191954,
1427,2025-09-08,True,,SPY251010C00649000,SPY251010P00649000,2025-10-10,32.0,649.0,648.83,0.0284280936454849,653.02,0.0061957677665952,True,,False,1427.0,1451.0,24.0,1.0002620100796817,252,2024-08-01,2024-09-05,2025-08-04,2025-09-08,0,True,0.040946566627652406,
1428,2025-09-09,True,,SPY251010C00650000,SPY251010P00650000,2025-10-10,31.0,650.0,650.33,0.0280549874679009,653.02,0.0046437962265311,True,,False,1428.0,1451.0,23.0,0.9994925653129949,252,2024-08-05,2024-09-06,2025-08-06,2025-09-09,0,True,0.04007545020232022,
1429,2025-09-10,True,,SPY251010C00652000,SPY251010P00652000,2025-10-10,30.0,652.0,652.21,0.0274374817926741,653.02,0.0015639134634549,True,,False,1429.0,1451.0,22.0,0.9996780178163475,252,2024-08-07,2024-09-09,2025-08-08,2025-09-10,0,True,0.038441939772768705,
1430,2025-09-11,True,,SPY251010C00658000,SPY251010P00658000,2025-10-10,29.0,658.0,657.63,0.0259264327965573,653.02,0.0075726472332466,True,,False,1430.0,1451.0,21.0,1.0005626264008638,252,2024-08-09,2024-09-10,2025-08-12,2025-09-11,0,True,0.036766030745294026,
1431,2025-09-12,True,,SPY251010C00657000,SPY251010P00657000,2025-10-10,28.0,657.0,657.41,0.0256004624207115,653.02,0.0060540606318735,True,,False,1431.0,1451.0,20.0,0.9993763404876713,252,2024-08-13,2024-09-11,2025-08-14,2025-09-12,0,True,0.03607356402586361,
1432,2025-09-15,True,,SPY251017C00661000,SPY251017P00661000,2025-10-17,32.0,661.0,660.91,0.0292929445764173,664.39,0.005129291431511,True,,False,1432.0,1456.0,24.0,1.0001361758787128,252,2024-08-08,2024-09-12,2025-08-11,2025-09-15,0,True,0.040905364189642704,
1433,2025-09-16,True,,SPY251017C00660000,SPY251017P00660000,2025-10-17,31.0,660.0,660.0,0.0301590909090909,664.39,0.0066515151515151,True,,False,1433.0,1456.0,23.0,1.0,252,2024-08-12,2024-09-13,2025-08-13,2025-09-16,0,True,0.03946280211634854,
1434,2025-09-17,True,,SPY251017C00659000,SPY251017P00659000,2025-10-17,30.0,659.0,659.18,0.0288464455839072,664.39,0.0081768257532085,True,,False,1434.0,1456.0,22.0,0.9997269334627872,252,2024-08-14,2024-09-16,2025-08-15,2025-09-17,0,True,0.03808779145014005,
1435,2025-09-18,True,,SPY251017C00662000,SPY251017P00662000,2025-10-17,29.0,662.0,662.26,0.0280327967867604,664.39,0.0036088545284329,True,,False,1435.0,1456.0,21.0,0.9996074049466976,252,2024-08-16,2024-09-17,2025-08-19,2025-09-18,0,True,0.0371171464809044,
1436,2025-09-19,True,,SPY251017C00664000,SPY251017P00664000,2025-10-17,28.0,664.0,663.7,0.0276555672743709,664.39,0.0005876148862437,True,,False,1436.0,1456.0,20.0,1.0004520114509567,252,2024-08-20,2024-09-18,2025-08-21,2025-09-19,0,True,0.03590000032686545,
1437,2025-09-22,True,,SPY251024C00667000,SPY251024P00667000,2025-10-24,32.0,667.0,666.84,0.0312668706136404,677.25,0.0153710035390798,True,,False,1437.0,1461.0,24.0,1.0002399376162197,252,2024-08-15,2024-09-19,2025-08-18,2025-09-22,0,True,0.04049834965659666,
1438,2025-09-23,True,,SPY251024C00663000,SPY251024P00663000,2025-10-24,31.0,663.0,663.21,0.0323426968833401,677.25,0.0214864070204007,True,,False,1438.0,1461.0,23.0,0.9996833582123309,252,2024-08-19,2024-09-20,2025-08-20,2025-09-23,0,True,0.03958053940611129,
1439,2025-09-24,True,,SPY251024C00661000,SPY251024P00661000,2025-10-24,30.0,661.0,661.1,0.031266071698684,677.25,0.0245802450461352,True,,False,1439.0,1461.0,22.0,0.9998487369535622,252,2024-08-21,2024-09-23,2025-08-22,2025-09-24,0,True,0.03833407177734786,
1440,2025-09-25,True,,SPY251024C00658000,SPY251024P00658000,2025-10-24,29.0,658.0,658.05,0.0312590228706025,677.25,0.0292530962692804,True,,False,1440.0,1461.0,21.0,0.9999240179317682,252,2024-08-23,2024-09-24,2025-08-26,2025-09-25,0,True,0.03731770142805871,
1441,2025-09-26,True,,SPY251024C00662000,SPY251024P00662000,2025-10-24,28.0,662.0,661.82,0.0278247861956423,677.25,0.0230425191139584,True,,False,1441.0,1461.0,20.0,1.0002719772747877,252,2024-08-27,2024-09-25,2025-08-28,2025-09-26,0,True,0.036181592876824965,
1442,2025-09-29,True,,SPY251031C00664000,SPY251031P00664000,2025-10-31,32.0,664.0,663.68,0.0317246263259402,682.06,0.0272119093539054,True,,False,1442.0,1466.0,24.0,1.0004821600771456,252,2024-08-22,2024-09-26,2025-08-25,2025-09-29,0,True,0.040594084755069725,
1443,2025-09-30,True,,SPY251031C00666000,SPY251031P00666000,2025-10-31,31.0,666.0,666.18,0.0309450899156384,682.06,0.0241075985469391,True,,False,1443.0,1466.0,23.0,0.999729802756012,252,2024-08-26,2024-09-27,2025-08-27,2025-09-30,0,True,0.0397645301238177,
1444,2025-10-01,True,,SPY251031C00668000,SPY251031P00668000,2025-10-31,30.0,668.0,668.45,0.0306230832523,682.06,0.0210337347595182,True,,False,1444.0,1466.0,22.0,0.999326800807839,252,2024-08-28,2024-09-30,2025-08-29,2025-10-01,0,True,0.038752348239175206,
1445,2025-10-02,True,,SPY251031C00669000,SPY251031P00669000,2025-10-31,29.0,669.0,669.22,0.0307671617704192,682.06,0.0195152565673469,True,,False,1445.0,1466.0,21.0,0.9996712590777322,252,2024-08-30,2024-10-01,2025-09-03,2025-10-02,0,True,0.037670027166901834,
1446,2025-10-03,True,,SPY251031C00669000,SPY251031P00669000,2025-10-31,28.0,669.0,669.21,0.0297290835462709,682.06,0.0195155481836791,True,,False,1446.0,1466.0,20.0,0.9996861971578428,252,2024-09-04,2024-10-02,2025-09-05,2025-10-03,0,True,0.036684504455203215,
1447,2025-10-06,True,,SPY251107C00672000,SPY251107P00672000,2025-11-07,32.0,672.0,671.61,0.0320870743437411,670.97,0.0015336281472878,True,,False,1447.0,1471.0,24.0,1.0005806941528566,252,2024-08-29,2024-10-03,2025-09-02,2025-10-06,0,True,0.040882331190746496,
1448,2025-10-07,True,,SPY251107C00669000,SPY251107P00669000,2025-11-07,31.0,669.0,669.12,0.0333348278335724,670.97,0.0029441654710665,True,,False,1448.0,1471.0,23.0,0.9998206599713055,252,2024-09-03,2024-10-04,2025-09-04,2025-10-07,0,True,0.0401238372907778,
1449,2025-10-08,True,,SPY251107C00673000,SPY251107P00673000,2025-11-07,30.0,673.0,673.11,0.0307750590542407,670.97,0.0030158517924261,True,,False,1449.0,1471.0,22.0,0.9998365794595236,252,2024-09-05,2024-10-07,2025-09-08,2025-10-08,0,True,0.03877905512481229,
1450,2025-10-09,True,,SPY251107C00671000,SPY251107P00671000,2025-11-07,29.0,671.0,671.16,0.0306260802193217,670.97,4.469873055601156e-05,True,,False,1450.0,1471.0,21.0,0.9997616067703677,252,2024-09-09,2024-10-08,2025-09-10,2025-10-09,0,True,0.03763191885459954,
1451,2025-10-10,True,,SPY251107C00653000,SPY251107P00653000,2025-11-07,28.0,653.0,653.02,0.0405117760558635,670.97,0.0275182995926618,True,,False,1451.0,1471.0,20.0,0.9999693730666749,252,2024-09-11,2024-10-09,2025-09-12,2025-10-10,0,True,0.036216025249957394,
1452,2025-10-13,True,,SPY251114C00663000,SPY251114P00663000,2025-11-14,32.0,663.0,663.04,0.0368605212355212,671.93,0.0134682673745173,True,,False,1452.0,1476.0,24.0,0.9999396718146719,252,2024-09-06,2024-10-10,2025-09-09,2025-10-13,0,True,0.04112068360587367,
1453,2025-10-14,True,,SPY251114C00662000,SPY251114P00662000,2025-11-14,31.0,662.0,662.23,0.0390725276716548,671.93,0.0149947903296437,True,,False,1453.0,1476.0,23.0,0.9996526886429186,252,2024-09-10,2024-10-11,2025-09-11,2025-10-14,0,True,0.039681432822636684,
1454,2025-10-15,True,,SPY251114C00665000,SPY251114P00665000,2025-11-14,30.0,665.0,665.17,0.038516469473969,671.93,0.0104183892839423,True,,False,1454.0,1476.0,22.0,0.9997444262369019,252,2024-09-12,2024-10-14,2025-09-15,2025-10-15,0,True,0.038068323493742263,
1455,2025-10-16,True,,SPY251114C00661000,SPY251114P00661000,2025-11-14,29.0,661.0,660.64,0.0446385323322838,671.93,0.0165445628481471,True,,False,1455.0,1476.0,21.0,1.0005449261322354,252,2024-09-16,2024-10-15,2025-09-17,2025-10-16,0,True,0.036527582306385746,
1456,2025-10-17,True,,SPY251114C00664000,SPY251114P00664000,2025-11-14,28.0,664.0,664.39,0.0377188097352458,671.93,0.0119357606225258,True,,False,1456.0,1476.0,20.0,0.99941299537922,252,2024-09-18,2024-10-16,2025-09-19,2025-10-17,0,True,0.03585349014392147,
1457,2025-10-20,True,,SPY251121C00671000,SPY251121P00671000,2025-11-21,32.0,671.0,671.3,0.0353344257410993,659.03,0.0178310740354536,True,,False,1457.0,1481.0,24.0,0.9995531059138985,252,2024-09-13,2024-10-17,2025-09-16,2025-10-20,0,True,0.04040360907146186,
1458,2025-10-21,True,,SPY251121C00671000,SPY251121P00671000,2025-11-21,31.0,671.0,671.29,0.0339346631113229,659.03,0.0178313396594616,True,,False,1458.0,1481.0,23.0,0.9995679959481,252,2024-09-17,2024-10-18,2025-09-18,2025-10-21,0,True,0.03905612931575711,
1459,2025-10-22,True,,SPY251121C00668000,SPY251121P00668000,2025-11-21,30.0,668.0,667.8,0.0348457622042527,659.03,0.0134321653189578,True,,False,1459.0,1481.0,22.0,1.0002994908655287,252,2024-09-19,2024-10-21,2025-09-22,2025-10-22,0,True,0.03720944131661942,
1460,2025-10-23,True,,SPY251121C00672000,SPY251121P00672000,2025-11-21,29.0,672.0,671.76,0.0317896272478266,659.03,0.0193074907705133,True,,False,1460.0,1481.0,21.0,1.0003572704537336,252,2024-09-23,2024-10-22,2025-09-24,2025-10-23,0,True,0.03618357495384297,
1461,2025-10-24,True,,SPY251121C00677000,SPY251121P00677000,2025-11-21,28.0,677.0,677.25,0.0294942783314876,659.03,0.0265337763012182,True,,False,1461.0,1481.0,20.0,0.9996308600959763,252,2024-09-25,2024-10-23,2025-09-26,2025-10-24,0,True,0.03552882290875848,
1462,2025-10-27,True,,SPY251128C00685000,SPY251128P00685000,2025-11-28,32.0,685.0,685.24,0.031353978168233,683.39,0.0023495417663884,True,,False,1462.0,1485.0,23.0,0.9996497577491098,252,2024-09-23,2024-10-24,2025-09-24,2025-10-27,0,True,0.03883778248299396,
1463,2025-10-28,True,,SPY251128C00687000,SPY251128P00687000,2025-11-28,31.0,687.0,687.06,0.0322097051203679,683.39,0.005254271824877,True,,False,1463.0,1485.0,22.0,0.9999126713824121,252,2024-09-25,2024-10-25,2025-09-26,2025-10-28,0,True,0.037545612796052986,
1464,2025-10-29,True,,SPY251128C00687000,SPY251128P00687000,2025-11-28,30.0,687.0,687.39,0.0330089177904828,683.39,0.0052517493708084,True,,False,1464.0,1485.0,21.0,0.9994326364945664,252,2024-09-27,2024-10-28,2025-09-30,2025-10-29,0,True,0.036873306421852596,
1465,2025-10-30,True,,SPY251128C00680000,SPY251128P00680000,2025-11-28,29.0,680.0,679.83,0.0336113440124737,683.39,0.0049865407528352,True,,False,1465.0,1485.0,20.0,1.0002500625156288,252,2024-10-01,2024-10-29,2025-10-02,2025-10-30,0,True,0.035487161704557305,
1466,2025-10-31,True,,SPY251128C00682000,SPY251128P00682000,2025-11-28,28.0,682.0,682.06,0.0326290942145852,683.39,0.0020379438759053,True,,False,1466.0,1485.0,19.0,0.9999120311996013,252,2024-10-03,2024-10-30,2025-10-06,2025-10-31,0,True,0.034459971869429985,
1467,2025-11-03,True,,SPY251205C00683000,SPY251205P00683000,2025-12-05,32.0,683.0,683.34,0.0351874615857406,685.69,0.0039365469605175,True,,False,1467.0,1490.0,23.0,0.9995024438785962,252,2024-09-30,2024-10-31,2025-10-01,2025-11-03,0,True,0.03919477326646232,
1468,2025-11-04,True,,SPY251205C00675000,SPY251205P00675000,2025-12-05,31.0,675.0,675.24,0.037505183342219,685.69,0.0158314080919377,True,,False,1468.0,1490.0,22.0,0.9996445708192643,252,2024-10-02,2024-11-01,2025-10-03,2025-11-04,0,True,0.037857819796181,
1469,2025-11-05,True,,SPY251205C00678000,SPY251205P00678000,2025-12-05,30.0,678.0,677.58,0.0344387378612119,685.69,0.0113492133770182,True,,False,1469.0,1490.0,21.0,1.000619853006287,252,2024-10-04,2024-11-04,2025-10-07,2025-11-05,0,True,0.0364050616770753,
1470,2025-11-06,True,,SPY251205C00670000,SPY251205P00670000,2025-12-05,29.0,670.0,670.31,0.037527412689651,685.69,0.0234070803061271,True,,False,1470.0,1490.0,20.0,0.9995375274126898,252,2024-10-08,2024-11-05,2025-10-09,2025-11-06,0,True,0.035802947323591044,
1471,2025-11-07,True,,SPY251205C00671000,SPY251205P00671000,2025-12-05,28.0,671.0,670.97,0.0356126205344501,685.69,0.0218936763193586,True,,False,1471.0,1490.0,19.0,1.0000447113879904,252,2024-10-10,2024-11-06,2025-10-13,2025-11-07,0,True,0.0345262939326965,
1472,2025-11-10,True,,SPY251212C00681000,SPY251212P00681000,2025-12-12,32.0,681.0,681.44,0.0354469945996712,681.76,0.0011152852782343,True,,False,1472.0,1495.0,23.0,0.9993543085231275,252,2024-10-07,2024-11-07,2025-10-08,2025-11-10,0,True,0.03917288838716246,
1473,2025-11-11,True,,SPY251212C00683000,SPY251212P00683000,2025-12-12,31.0,683.0,683.0,0.0341068814055636,681.76,0.0018155197657393,True,,False,1473.0,1495.0,22.0,1.0,252,2024-10-09,2024-11-08,2025-10-10,2025-11-11,0,True,0.03761664077150131,
1474,2025-11-12,True,,SPY251212C00683000,SPY251212P00683000,2025-12-12,30.0,683.0,683.38,0.0340586496531944,681.76,0.0018145102285697,True,,False,1474.0,1495.0,21.0,0.9994439404138254,252,2024-10-11,2024-11-11,2025-10-14,2025-11-12,0,True,0.03689382216621777,
1475,2025-11-13,True,,SPY251212C00672000,SPY251212P00672000,2025-12-12,29.0,672.0,672.04,0.0382715314564609,681.76,0.0145229450627938,True,,False,1475.0,1495.0,20.0,0.9999404797333492,252,2024-10-15,2024-11-12,2025-10-16,2025-11-13,0,True,0.03567135684785158,
1476,2025-11-14,True,,SPY251212C00672000,SPY251212P00672000,2025-12-12,28.0,672.0,671.93,0.0372062566041105,681.76,0.0145253225782447,True,,False,1476.0,1495.0,19.0,1.0001041775184916,252,2024-10-17,2024-11-13,2025-10-20,2025-11-14,0,True,0.03437130550334582,
1477,2025-11-17,True,,SPY251219C00666000,SPY251219P00666000,2025-12-19,32.0,666.0,665.67,0.0444364324665374,680.59,0.0219177670617573,True,,False,1477.0,1500.0,23.0,1.0004957411329938,252,2024-10-14,2024-11-14,2025-10-15,2025-11-17,0,True,0.038228447234362924,
1478,2025-11-18,True,,SPY251219C00660000,SPY251219P00660000,2025-12-19,31.0,660.0,660.08,0.0474033450490849,680.59,0.0311931887043995,True,,False,1478.0,1500.0,22.0,0.9998788025693854,252,2024-10-16,2024-11-15,2025-10-17,2025-11-18,0,True,0.037348798504818696,
1479,2025-11-19,True,,SPY251219C00663000,SPY251219P00663000,2025-12-19,30.0,663.0,662.63,0.0450779469688966,680.59,0.0265457344219248,True,,False,1479.0,1500.0,21.0,1.0005583809969365,252,2024-10-18,2024-11-18,2025-10-21,2025-11-19,0,True,0.036195942186216655,
1480,2025-11-20,True,,SPY251219C00653000,SPY251219P00653000,2025-12-19,29.0,653.0,652.53,0.0493923651019876,680.59,0.0422815809234825,True,,False,1480.0,1500.0,20.0,1.0007202733973917,252,2024-10-22,2024-11-19,2025-10-23,2025-11-20,0,True,0.035316713585429226,
1481,2025-11-21,True,,SPY251219C00659000,SPY251219P00659000,2025-12-19,28.0,659.0,659.03,0.0438750891461693,680.59,0.0327602688800206,True,,False,1481.0,1500.0,19.0,0.9999544785518111,252,2024-10-24,2024-11-20,2025-10-27,2025-11-21,0,True,0.03457331365957186,
1482,2025-11-24,True,,SPY251226C00669000,SPY251226P00669000,2025-12-26,32.0,669.0,668.73,0.0389992971752426,690.31,0.031866373573789,True,,False,1482.0,1504.0,22.0,1.0004037503925352,252,2024-10-22,2024-11-21,2025-10-23,2025-11-24,0,True,0.03720779645881645,
1483,2025-11-25,True,,SPY251226C00675000,SPY251226P00675000,2025-12-26,31.0,675.0,675.02,0.034695268288347,690.31,0.0226808094574974,True,,False,1483.0,1504.0,21.0,0.9999703712482594,252,2024-10-24,2024-11-22,2025-10-27,2025-11-25,0,True,0.03650070250071593,
1484,2025-11-26,True,,SPY251226C00680000,SPY251226P00680000,2025-12-26,30.0,680.0,679.68,0.0321621939736346,690.31,0.0151689030131825,True,,False,1484.0,1504.0,20.0,1.0004708097928439,252,2024-10-28,2024-11-25,2025-10-29,2025-11-26,0,True,0.03540196850820226,
1485,2025-11-28,True,,SPY251226C00683000,SPY251226P00683000,2025-12-26,28.0,683.0,683.39,0.0300633605993649,690.31,0.0106966739343565,True,,False,1485.0,1504.0,19.0,0.9994293156177293,252,2024-10-30,2024-11-26,2025-10-31,2025-11-28,0,True,0.034575768302428596,
1486,2025-12-01,True,,SPY251231C00680000,SPY251231P00680000,2025-12-31,30.0,680.0,680.27,0.0324944507327972,681.92,0.002822408749467,True,,False,1486.0,1507.0,21.0,0.9996030987696062,252,2024-10-29,2024-11-27,2025-10-30,2025-12-01,0,True,0.03633865997992241,
1487,2025-12-02,True,,SPY251231C00682000,SPY251231P00682000,2025-12-31,29.0,682.0,681.53,0.0307836779011929,681.92,0.0001173829471924,True,,False,1487.0,1507.0,20.0,1.000689624814755,252,2024-10-31,2024-11-29,2025-11-03,2025-12-02,0,True,0.03500309912483705,
1488,2025-12-03,True,,SPY260102C00684000,SPY260102P00684000,2026-01-02,30.0,684.0,683.89,0.0305531591337788,683.17,0.0012136454693006,True,,False,1488.0,1508.0,20.0,1.0001608445802688,252,2024-11-01,2024-12-02,2025-11-04,2025-12-03,0,True,0.035001945986559965,
1489,2025-12-04,True,,SPY260102C00684000,SPY260102P00684000,2026-01-02,29.0,684.0,684.39,0.0293253846491035,683.17,0.0012127588071129,True,,False,1489.0,1508.0,19.0,0.9994301494761759,252,2024-11-05,2024-12-03,2025-11-06,2025-12-04,0,True,0.033939632850024125,
1490,2025-12-05,True,,SPY260102C00686000,SPY260102P00686000,2026-01-02,28.0,686.0,685.69,0.0278114016538085,683.17,0.004127229506045,True,,False,1490.0,1508.0,18.0,1.000452099345185,252,2024-11-07,2024-12-04,2025-11-10,2025-12-05,0,True,0.03220103607475183,
1491,2025-12-08,True,,SPY260109C00684000,SPY260109P00684000,2026-01-09,32.0,684.0,683.63,0.0325175899243743,694.07,0.0147301903076226,True,,False,1491.0,1513.0,22.0,1.000541228442286,252,2024-11-04,2024-12-05,2025-11-05,2025-12-08,0,True,0.03600720561264329,
1492,2025-12-09,True,,SPY260109C00683000,SPY260109P00683000,2026-01-09,31.0,683.0,683.04,0.0322967908175216,694.07,0.016206957132818,True,,False,1492.0,1513.0,21.0,0.999941438275943,252,2024-11-06,2024-12-06,2025-11-07,2025-12-09,0,True,0.03525057852589221,
1493,2025-12-10,True,,SPY260109C00688000,SPY260109P00688000,2026-01-09,30.0,688.0,687.57,0.0291679392643658,694.07,0.0088281920386288,True,,False,1493.0,1513.0,20.0,1.0006253908692933,252,2024-11-08,2024-12-09,2025-11-11,2025-12-10,0,True,0.03421825742298887,
1494,2025-12-11,True,,SPY260109C00689000,SPY260109P00689000,2026-01-09,29.0,689.0,689.17,0.0270760479997678,694.07,0.0073566754211588,True,,False,1494.0,1513.0,19.0,0.9997533264651683,252,2024-11-12,2024-12-10,2025-11-13,2025-12-11,0,True,0.03356654977032158,
1495,2025-12-12,True,,SPY260109C00682000,SPY260109P00682000,2026-01-09,28.0,682.0,681.76,0.0275830204177423,694.07,0.0177041774231401,True,,False,1495.0,1513.0,18.0,1.0003520300398967,252,2024-11-14,2024-12-11,2025-11-17,2025-12-12,0,True,0.03225315876559699,
1496,2025-12-15,True,,SPY260116C00681000,SPY260116P00681000,2026-01-16,32.0,681.0,680.73,0.0314294948070453,691.66,0.0156596594832018,True,,False,1496.0,1518.0,22.0,1.0003966330263099,252,2024-11-11,2024-12-12,2025-11-12,2025-12-15,0,True,0.035639203300874486,
1497,2025-12-16,True,,SPY260116C00679000,SPY260116P00679000,2026-01-16,31.0,679.0,678.87,0.0308159146817505,691.66,0.0186486367051128,True,,False,1497.0,1518.0,21.0,1.000191494689705,252,2024-11-13,2024-12-13,2025-11-14,2025-12-16,0,True,0.03501943032515755,
1498,2025-12-17,True,,SPY260116C00671000,SPY260116P00671000,2026-01-16,30.0,671.0,671.4,0.0339737861185582,691.66,0.0307715221924336,True,,False,1498.0,1518.0,20.0,0.9994042299672327,252,2024-11-15,2024-12-16,2025-11-18,2025-12-17,0,True,0.03467431667228874,
1499,2025-12-18,True,,SPY260116C00676000,SPY260116P00676000,2026-01-16,29.0,676.0,676.47,0.0305556787440684,691.66,0.0231495853474654,True,,False,1499.0,1518.0,19.0,0.999305216787145,252,2024-11-19,2024-12-17,2025-11-20,2025-12-18,0,True,0.03376443370156112,
1500,2025-12-19,True,,SPY260116C00681000,SPY260116P00681000,2026-01-16,28.0,681.0,680.59,0.0268076227978665,691.66,0.015662880735832,True,,False,1500.0,1518.0,18.0,1.0006024184898397,252,2024-11-21,2024-12-18,2025-11-24,2025-12-19,0,True,0.032135208870675246,
1501,2025-12-22,True,,SPY260123C00685000,SPY260123P00685000,2026-01-23,32.0,685.0,684.83,0.0273060467561292,689.23,0.0061767153892207,True,,False,1501.0,1522.0,21.0,1.000248236788692,252,2024-11-19,2024-12-19,2025-11-20,2025-12-22,0,True,0.03515821772685345,
1502,2025-12-23,True,,SPY260123C00688000,SPY260123P00688000,2026-01-23,31.0,688.0,687.96,0.0264114192685621,689.23,0.0017878946450375,True,,False,1502.0,1522.0,20.0,1.0000581429152857,252,2024-11-21,2024-12-20,2025-11-24,2025-12-23,0,True,0.03466000201883174,
1503,2025-12-24,True,,SPY260123C00690000,SPY260123P00690000,2026-01-23,30.0,690.0,690.38,0.0254569946985718,689.23,0.0011153277904921,True,,False,1503.0,1522.0,19.0,0.9994495784930039,252,2024-11-25,2024-12-23,2025-11-26,2025-12-24,0,True,0.03388438448300556,
1504,2025-12-26,True,,SPY260123C00690000,SPY260123P00690000,2026-01-23,28.0,690.0,690.31,0.0243296489982761,689.23,0.0011154408888759,True,,False,1504.0,1522.0,18.0,0.9995509263953877,252,2024-11-27,2024-12-24,2025-12-01,2025-12-26,0,True,0.03257704924676622,
1505,2025-12-29,True,,SPY260130C00688000,SPY260130P00688000,2026-01-30,32.0,688.0,687.85,0.0290106854692156,691.97,0.0057716071817983,True,,False,1505.0,1527.0,22.0,1.0002180708003199,252,2024-11-22,2024-12-26,2025-11-25,2025-12-29,0,True,0.03635284893377837,
1506,2025-12-30,True,,SPY260130C00687000,SPY260130P00687000,2026-01-30,31.0,687.0,687.01,0.0287040945546644,691.97,0.0072342469541928,True,,False,1506.0,1527.0,21.0,0.9999854441711183,252,2024-11-26,2024-12-27,2025-11-28,2025-12-30,0,True,0.03561641453498746,
1507,2025-12-31,True,,SPY260130C00682000,SPY260130P00682000,2026-01-30,30.0,682.0,681.92,0.0294389371187236,691.97,0.0146204833411544,True,,False,1507.0,1527.0,20.0,1.0001173158141718,252,2024-11-29,2024-12-30,2025-12-02,2025-12-31,0,True,0.03477823309687841,
1508,2026-01-02,True,,SPY260130C00683000,SPY260130P00683000,2026-01-30,28.0,683.0,683.17,0.0277895692141048,691.97,0.0131299676508043,True,,False,1508.0,1527.0,19.0,0.9997511600333739,252,2024-12-03,2024-12-31,2025-12-04,2026-01-02,0,True,0.03370835263057721,
1509,2026-01-05,True,,SPY260206C00688000,SPY260206P00688000,2026-02-06,32.0,688.0,687.72,0.0302594078985633,690.62,0.0038096899901122,True,,False,1509.0,1532.0,23.0,1.0004071424416914,252,2024-11-27,2025-01-02,2025-12-01,2026-01-05,0,True,0.0371011212289753,
1510,2026-01-06,True,,SPY260206C00692000,SPY260206P00692000,2026-02-06,31.0,692.0,691.81,0.0292854974631763,690.62,0.0019947673494167,True,,False,1510.0,1532.0,22.0,1.0002746418814414,252,2024-12-02,2025-01-03,2025-12-03,2026-01-06,0,True,0.036135307637726176,
1511,2026-01-07,True,,SPY260206C00690000,SPY260206P00690000,2026-02-06,30.0,690.0,689.58,0.0295252182487891,690.62,0.0008990980016821,True,,False,1511.0,1532.0,21.0,1.0006090663882363,252,2024-12-04,2025-01-06,2025-12-05,2026-01-07,0,True,0.03503719205533414,
1512,2026-01-08,True,,SPY260206C00690000,SPY260206P00690000,2026-02-06,29.0,690.0,689.51,0.0289118359414656,690.62,0.0008991892793433,True,,False,1512.0,1532.0,20.0,1.000710649591739,252,2024-12-06,2025-01-07,2025-12-09,2026-01-08,0,True,0.0341441840077947,
1513,2026-01-09,True,,SPY260206C00694000,SPY260206P00694000,2026-02-06,28.0,694.0,694.07,0.0263950322013629,690.62,0.0048698258100767,True,,False,1513.0,1532.0,19.0,0.9998991456193179,252,2024-12-10,2025-01-08,2025-12-11,2026-01-09,0,True,0.03323854668466375,
1514,2026-01-12,True,,SPY260213C00695000,SPY260213P00695000,2026-02-13,32.0,695.0,695.16,0.0299859025260371,681.75,0.0190603602048449,True,,False,1514.0,1537.0,23.0,0.9997698371597906,252,2024-12-05,2025-01-10,2025-12-08,2026-01-12,0,True,0.03717182132595619,
1515,2026-01-13,True,,SPY260213C00694000,SPY260213P00694000,2026-02-13,31.0,694.0,693.77,0.0306297476108796,681.75,0.0176571486227424,True,,False,1515.0,1537.0,22.0,1.0003315219741413,252,2024-12-09,2025-01-13,2025-12-10,2026-01-13,0,True,0.03577066129284201,
1516,2026-01-14,True,,SPY260213C00690000,SPY260213P00690000,2026-02-13,30.0,690.0,690.36,0.0316284257488846,681.75,0.0119502868068833,True,,False,1516.0,1537.0,21.0,0.999478532939336,252,2024-12-11,2025-01-14,2025-12-12,2026-01-14,0,True,0.03514529384741047,
1517,2026-01-15,True,,SPY260213C00692000,SPY260213P00692000,2026-02-13,29.0,692.0,692.24,0.0294406564197388,681.75,0.0148070033514388,True,,False,1517.0,1537.0,20.0,0.9996532994337224,252,2024-12-13,2025-01-15,2025-12-16,2026-01-15,0,True,0.034190344601425164,
1518,2026-01-16,True,,SPY260213C00692000,SPY260213P00692000,2026-02-13,28.0,692.0,691.66,0.0286773848422635,681.75,0.0148194199462163,True,,False,1518.0,1537.0,19.0,1.0004915710030942,252,2024-12-17,2025-01-16,2025-12-18,2026-01-16,0,True,0.032741953491503065,
1519,2026-01-20,True,,SPY260220C00678000,SPY260220P00678000,2026-02-20,31.0,678.0,677.58,0.0385858496413707,689.43,0.0168688568139554,True,,False,1519.0,1541.0,22.0,1.000619853006287,252,2024-12-13,2025-01-17,2025-12-16,2026-01-20,0,True,0.03530140861303553,
1520,2026-01-21,True,,SPY260220C00685000,SPY260220P00685000,2026-02-20,30.0,685.0,685.4,0.0332579515611321,689.43,0.0064633790487305,True,,False,1520.0,1541.0,21.0,0.9994163991829589,252,2024-12-17,2025-01-21,2025-12-18,2026-01-21,0,True,0.035040472642109646,
1521,2026-01-22,True,,SPY260220C00689000,SPY260220P00689000,2026-02-20,29.0,689.0,688.98,0.0298847571772765,689.43,0.0006241110046735,True,,False,1521.0,1541.0,20.0,1.000029028418822,252,2024-12-19,2025-01-22,2025-12-22,2026-01-22,0,True,0.03386333051487447,
1522,2026-01-23,True,,SPY260220C00689000,SPY260220P00689000,2026-02-20,28.0,689.0,689.23,0.0294966847061213,689.43,0.0006238846248711,True,,False,1522.0,1541.0,19.0,0.9996662942704176,252,2024-12-23,2025-01-23,2025-12-24,2026-01-23,0,True,0.03279269662349549,
1523,2026-01-26,True,,SPY260227C00693000,SPY260227P00693000,2026-02-27,32.0,693.0,692.73,0.0319388506344463,685.99,0.0101193827320889,True,,False,1523.0,1546.0,23.0,1.0003897622450304,252,2024-12-18,2025-01-24,2025-12-19,2026-01-26,0,True,0.03658090899494875,
1524,2026-01-27,True,,SPY260227C00695000,SPY260227P00695000,2026-02-27,31.0,695.0,695.49,0.0315964284173748,685.99,0.0129548951099224,True,,False,1524.0,1546.0,22.0,0.9992954607542883,252,2024-12-20,2025-01-27,2025-12-23,2026-01-27,0,True,0.03582889928511581,
1525,2026-01-28,True,,SPY260227C00695000,SPY260227P00695000,2026-02-27,30.0,695.0,695.42,0.0314126714791061,685.99,0.0129561991314601,True,,False,1525.0,1546.0,21.0,0.9993960484311639,252,2024-12-24,2025-01-28,2025-12-26,2026-01-28,0,True,0.0347674194404332,
1526,2026-01-29,True,,SPY260227C00694000,SPY260227P00694000,2026-02-27,29.0,694.0,694.04,0.0314967437035329,685.99,0.0115411215491902,True,,False,1526.0,1546.0,20.0,0.9999423664342113,252,2024-12-27,2025-01-29,2025-12-30,2026-01-29,0,True,0.03365572330562014,
1527,2026-01-30,True,,SPY260227C00692000,SPY260227P00692000,2026-02-27,28.0,692.0,691.97,0.0318944462910241,685.99,0.0086853476306776,True,,False,1527.0,1546.0,19.0,1.0000433544806855,252,2024-12-31,2025-01-30,2026-01-02,2026-01-30,0,True,0.03252749550272079,
1528,2026-02-02,True,,SPY260306C00695000,SPY260306P00695000,2026-03-06,32.0,695.0,695.41,0.0326210437008383,672.38,0.0325275736615809,True,,False,1528.0,1551.0,23.0,0.9994104197523763,252,2024-12-26,2025-01-31,2025-12-29,2026-02-02,0,True,0.036860285574616444,
1529,2026-02-03,True,,SPY260306C00690000,SPY260306P00690000,2026-03-06,31.0,690.0,689.53,0.035002102881673,672.38,0.0255536379852943,True,,False,1529.0,1551.0,22.0,1.0006816237147043,252,2024-12-30,2025-02-03,2025-12-31,2026-02-03,0,True,0.03514183336736009,
1530,2026-02-04,True,,SPY260306C00686000,SPY260306P00686000,2026-03-06,30.0,686.0,686.19,0.0374240370742797,672.38,0.0198487299436016,True,,False,1530.0,1551.0,21.0,0.9997231087599644,252,2025-01-02,2025-02-04,2026-01-05,2026-02-04,0,True,0.0345230384543057,
1531,2026-02-05,True,,SPY260306C00678000,SPY260306P00678000,2026-03-06,29.0,678.0,677.62,0.041830229332074,672.38,0.008293733951182,True,,False,1531.0,1551.0,20.0,1.0005607862813966,252,2025-01-06,2025-02-05,2026-01-07,2026-02-05,0,True,0.0331809964495581,
1532,2026-02-06,True,,SPY260306C00691000,SPY260306P00691000,2026-03-06,28.0,691.0,690.62,0.0329486548318901,672.38,0.0269612811676464,True,,False,1532.0,1551.0,19.0,1.0005502302279112,252,2025-01-08,2025-02-06,2026-01-09,2026-02-06,0,True,0.03203669426082043,
1533,2026-02-09,True,,SPY260313C00694000,SPY260313P00694000,2026-03-13,32.0,694.0,693.95,0.0345053678218891,662.29,0.045694934793573,True,,False,1533.0,1556.0,23.0,1.000072051300526,252,2025-01-03,2025-02-07,2026-01-06,2026-02-09,0,True,0.036238850095540495,
1534,2026-02-10,True,,SPY260313C00692000,SPY260313P00692000,2026-03-13,31.0,692.0,692.12,0.034596601745362,662.29,0.0429260821822805,True,,False,1534.0,1556.0,22.0,0.9998266196613304,252,2025-01-07,2025-02-10,2026-01-08,2026-02-10,0,True,0.03523302165865368,
1535,2026-02-11,True,,SPY260313C00692000,SPY260313P00692000,2026-03-13,30.0,692.0,691.96,0.0338169836406728,662.29,0.0429360078617261,True,,False,1535.0,1556.0,21.0,1.0000578068096422,252,2025-01-10,2025-02-11,2026-01-12,2026-02-11,0,True,0.03404252928330835,
1536,2026-02-12,True,,SPY260313C00681000,SPY260313P00681000,2026-03-13,29.0,681.0,681.27,0.0396392032527485,662.29,0.0274634139181235,True,,False,1536.0,1556.0,20.0,0.9996036813598134,252,2025-01-14,2025-02-12,2026-01-14,2026-02-12,0,True,0.03312894723652402,
1537,2026-02-13,True,,SPY260313C00682000,SPY260313P00682000,2026-03-13,28.0,682.0,681.75,0.0379464613127979,662.29,0.0289108910891089,True,,False,1537.0,1556.0,19.0,1.0003667033370003,252,2025-01-16,2025-02-13,2026-01-16,2026-02-13,0,True,0.031634719010536064,
1538,2026-02-17,True,,SPY260320C00683000,SPY260320P00683000,2026-03-20,31.0,683.0,682.85,0.039957530936516,648.57,0.0504210295086767,True,,False,1538.0,1561.0,23.0,1.0002196675697443,252,2025-01-13,2025-02-14,2026-01-13,2026-02-17,0,True,0.0358837736851794,
1539,2026-02-18,True,,SPY260320C00686000,SPY260320P00686000,2026-03-20,30.0,686.0,686.29,0.0381908522636203,648.57,0.0545396261055821,True,,False,1539.0,1561.0,22.0,0.9995774381092541,252,2025-01-15,2025-02-18,2026-01-15,2026-02-18,0,True,0.03481521175585354,
1540,2026-02-19,True,,SPY260320C00684000,SPY260320P00684000,2026-03-20,29.0,684.0,684.48,0.0389711898083216,648.57,0.0517619214586254,True,,False,1540.0,1561.0,21.0,0.9992987377279102,252,2025-01-17,2025-02-19,2026-01-20,2026-02-19,0,True,0.0338773369001477,
1541,2026-02-20,True,,SPY260320C00689000,SPY260320P00689000,2026-03-20,28.0,689.0,689.43,0.0353625458712269,648.57,0.058642646824188,True,,False,1541.0,1561.0,20.0,0.9993762963607619,252,2025-01-22,2025-02-20,2026-01-22,2026-02-20,0,True,0.03285028903221038,
1542,2026-02-23,True,,SPY260327C00682000,SPY260327P00682000,2026-03-27,32.0,682.0,682.39,0.0419188440627793,634.09,0.0702091179530766,True,,False,1542.0,1566.0,24.0,0.9994284793153475,252,2025-01-16,2025-02-21,2026-01-16,2026-02-23,0,True,0.03694513656666759,
1543,2026-02-24,True,,SPY260327C00687000,SPY260327P00687000,2026-03-27,31.0,687.0,687.35,0.0378700807448897,634.09,0.0769767949370771,True,,False,1543.0,1566.0,23.0,0.9994907979922892,252,2025-01-21,2025-02-24,2026-01-21,2026-02-24,0,True,0.035671278624567045,
1544,2026-02-25,True,,SPY260327C00693000,SPY260327P00693000,2026-03-27,30.0,693.0,693.15,0.0332395585371131,634.09,0.0849888191589121,True,,False,1544.0,1566.0,22.0,0.9997835966241073,252,2025-01-23,2025-02-25,2026-01-23,2026-02-25,0,True,0.03445284731921654,
1545,2026-02-26,True,,SPY260327C00689000,SPY260327P00689000,2026-03-27,29.0,689.0,689.3,0.0339257217466995,634.09,0.0796605251704627,True,,False,1545.0,1566.0,21.0,0.9995647758595677,252,2025-01-27,2025-02-26,2026-01-27,2026-02-26,0,True,0.033502897256050254,
1546,2026-02-27,True,,SPY260327C00686000,SPY260327P00686000,2026-03-27,28.0,686.0,685.99,0.0355471654105745,634.09,0.0756716570212393,True,,False,1546.0,1566.0,20.0,1.0000145774719749,252,2025-01-29,2025-02-27,2026-01-29,2026-02-27,0,True,0.03248351231222029,
1547,2026-03-02,True,,SPY260331C00686000,SPY260331P00686000,2026-03-31,29.0,686.0,686.38,0.0377123459308254,650.34,0.0519537282554852,True,,False,1547.0,1568.0,21.0,0.9994463708150004,252,2025-01-29,2025-02-28,2026-01-29,2026-03-02,0,True,0.033494283450921765,
1548,2026-03-03,True,,SPY260402C00680000,SPY260402P00680000,2026-04-02,30.0,680.0,680.33,0.0432804668322725,655.83,0.0355268766627959,True,,False,1548.0,1570.0,22.0,0.9995149412784972,252,2025-01-29,2025-03-03,2026-01-29,2026-03-03,0,True,0.03441626583058661,
1549,2026-03-04,True,,SPY260402C00685000,SPY260402P00685000,2026-04-02,29.0,685.0,685.13,0.0383357902879745,655.83,0.0425758615153328,True,,False,1549.0,1570.0,21.0,0.9998102549881045,252,2025-01-31,2025-03-04,2026-02-02,2026-03-04,0,True,0.03326600949164558,
1550,2026-03-05,True,,SPY260402C00681000,SPY260402P00681000,2026-04-02,28.0,681.0,681.31,0.0413174619483054,655.83,0.0369435352482716,True,,False,1550.0,1570.0,20.0,0.9995449942023455,252,2025-02-04,2025-03-05,2026-02-04,2026-03-05,0,True,0.03241163253847342,
1551,2026-03-06,True,,SPY260402C00672000,SPY260402P00672000,2026-04-02,27.0,672.0,672.38,0.0502171391177607,655.83,0.024048900919123,True,,False,1551.0,1570.0,19.0,0.9994348433921295,252,2025-02-06,2025-03-06,2026-02-06,2026-03-06,0,True,0.031438853176455284,
1552,2026-03-09,True,,SPY260410C00678000,SPY260410P00678000,2026-04-10,32.0,678.0,678.27,0.0467660371238592,679.46,0.0021525351261297,True,,False,1552.0,1575.0,23.0,0.9996019284355788,252,2025-02-03,2025-03-07,2026-02-03,2026-03-09,0,True,0.0350970162131974,
1553,2026-03-10,True,,SPY260410C00677000,SPY260410P00677000,2026-04-10,31.0,677.0,677.18,0.0466936412770607,679.46,0.0036327121297144,True,,False,1553.0,1575.0,22.0,0.9997341917953868,252,2025-02-05,2025-03-10,2026-02-05,2026-03-10,0,True,0.033828183048028246,
1554,2026-03-11,True,,SPY260410C00676000,SPY260410P00676000,2026-04-10,30.0,676.0,676.33,0.0446823296319843,679.46,0.0051158458149128,True,,False,1554.0,1575.0,21.0,0.9995120725089822,252,2025-02-07,2025-03-11,2026-02-09,2026-03-11,0,True,0.03277384549182276,
1555,2026-03-12,True,,SPY260410C00666000,SPY260410P00666000,2026-04-10,29.0,666.0,666.06,0.0511065069212983,679.46,0.0202083896345675,True,,False,1555.0,1575.0,20.0,0.9999099180254032,252,2025-02-11,2025-03-12,2026-02-11,2026-03-12,0,True,0.03157956627058807,
1556,2026-03-13,True,,SPY260410C00662000,SPY260410P00662000,2026-04-10,28.0,662.0,662.29,0.0512086850171375,679.46,0.0263630735780398,True,,False,1556.0,1575.0,19.0,0.9995621253529421,252,2025-02-13,2025-03-13,2026-02-13,2026-03-13,0,True,0.030561185378839194,
1557,2026-03-16,True,,SPY260417C00669000,SPY260417P00669000,2026-04-17,32.0,669.0,669.03,0.0466122595399309,710.14,0.0614920108216372,True,,False,1557.0,1580.0,23.0,0.9999551589614816,252,2025-02-10,2025-03-14,2026-02-10,2026-03-16,0,True,0.0340747529708555,
1558,2026-03-17,True,,SPY260417C00671000,SPY260417P00671000,2026-04-17,31.0,671.0,670.79,0.0430164432982006,710.14,0.0583491107500111,True,,False,1558.0,1580.0,22.0,1.0003130637010094,252,2025-02-12,2025-03-17,2026-02-12,2026-03-17,0,True,0.032672063334086496,
1559,2026-03-18,True,,SPY260417C00661000,SPY260417P00661000,2026-04-17,30.0,661.0,661.43,0.0484027032339023,710.14,0.0742935760397925,True,,False,1559.0,1580.0,21.0,0.9993498934127573,252,2025-02-14,2025-03-18,2026-02-17,2026-03-18,0,True,0.03193262203138078,
1560,2026-03-19,True,,SPY260417C00660000,SPY260417P00660000,2026-04-17,29.0,660.0,659.8,0.0463625341012428,710.14,0.0759927250682024,True,,False,1560.0,1580.0,20.0,1.00030312215823,252,2025-02-19,2025-03-19,2026-02-19,2026-03-19,0,True,0.030402914433593952,
1561,2026-03-20,True,,SPY260417C00649000,SPY260417P00649000,2026-04-17,28.0,649.0,648.57,0.0519373390690287,710.14,0.0942689301077755,True,,False,1561.0,1580.0,19.0,1.0006629970550596,252,2025-02-21,2025-03-20,2026-02-23,2026-03-20,0,True,0.029193992861692854,
1562,2026-03-23,True,,SPY260424C00655000,SPY260424P00655000,2026-04-24,32.0,655.0,655.38,0.0524047117702706,713.94,0.0899325582105039,True,,False,1562.0,1585.0,23.0,0.9994201837102139,252,2025-02-18,2025-03-21,2026-02-18,2026-03-23,0,True,0.03370189698087459,
1563,2026-03-24,True,,SPY260424C00653000,SPY260424P00653000,2026-04-24,31.0,653.0,653.18,0.0526501117609234,713.94,0.0932974065341866,True,,False,1563.0,1585.0,22.0,0.9997244251201813,252,2025-02-20,2025-03-24,2026-02-20,2026-03-24,0,True,0.03231501639249665,
1564,2026-03-25,True,,SPY260424C00657000,SPY260424P00657000,2026-04-24,30.0,657.0,656.82,0.049153497152949,713.94,0.0866904174659724,True,,False,1564.0,1585.0,21.0,1.000274047684297,252,2025-02-24,2025-03-25,2026-02-24,2026-03-25,0,True,0.031030548704721408,
1565,2026-03-26,True,,SPY260424C00645000,SPY260424P00645000,2026-04-24,29.0,645.0,645.09,0.054907067230929,713.94,0.1068688090033949,True,,False,1565.0,1585.0,20.0,0.9998604845835465,252,2025-02-26,2025-03-26,2026-02-26,2026-03-26,0,True,0.0305322993800937,
1566,2026-03-27,True,,SPY260424C00634000,SPY260424P00634000,2026-04-24,28.0,634.0,634.09,0.0590531312589695,713.94,0.1260704316421959,True,,False,1566.0,1585.0,19.0,0.9998580643126369,252,2025-02-28,2025-03-27,2026-03-02,2026-03-27,0,True,0.029835431850139597,
1567,2026-03-30,True,,SPY260430C00632000,SPY260430P00632000,2026-04-30,31.0,632.0,631.97,0.0600898776840672,718.66,0.1371267623463138,True,,False,1567.0,1589.0,22.0,1.000047470607782,252,2025-02-26,2025-03-28,2026-02-26,2026-03-30,0,True,0.03247307219210412,
1568,2026-03-31,True,,SPY260430C00650000,SPY260430P00650000,2026-04-30,30.0,650.0,650.34,0.0495279392317864,718.66,0.1055755450994863,True,,False,1568.0,1589.0,21.0,0.9994771965433465,252,2025-02-28,2025-03-31,2026-03-02,2026-03-31,0,True,0.03180833039649257,
1569,2026-04-01,True,,SPY260501C00655000,SPY260501P00655000,2026-05-01,30.0,655.0,655.24,0.047929003113363,720.65,0.100192295952628,True,,False,1569.0,1590.0,21.0,0.9996337219949942,252,2025-03-03,2025-04-01,2026-03-03,2026-04-01,0,True,0.03165027852520504,
1570,2026-04-02,True,,SPY260501C00656000,SPY260501P00656000,2026-05-01,29.0,656.0,655.83,0.0458731683515545,720.65,0.0985773752344357,True,,False,1570.0,1590.0,20.0,1.0002592135156976,252,2025-03-05,2025-04-02,2026-03-05,2026-04-02,0,True,0.030651612955388065,
1571,2026-04-06,True,,SPY260508C00659000,SPY260508P00659000,2026-05-08,32.0,659.0,658.93,0.0478275385852822,737.62,0.1193146464723111,True,,False,1571.0,1595.0,24.0,1.0001062328320156,252,2025-02-28,2025-04-03,2026-03-02,2026-04-06,0,True,0.034591752063857735,
1572,2026-04-07,True,,SPY260508C00659000,SPY260508P00659000,2026-05-08,31.0,659.0,659.22,0.0505825065987075,737.62,0.1192621583083037,True,,False,1572.0,1595.0,23.0,0.9996662722611571,252,2025-03-04,2025-04-04,2026-03-04,2026-04-07,0,True,0.03331279272880952,
1573,2026-04-08,True,,SPY260508C00676000,SPY260508P00676000,2026-05-08,30.0,676.0,676.01,0.0396739693199804,737.62,0.0911524977441162,True,,False,1573.0,1595.0,22.0,0.9999852073194183,252,2025-03-06,2025-04-07,2026-03-06,2026-04-08,0,True,0.031738058445226106,
1574,2026-04-09,True,,SPY260508C00680000,SPY260508P00680000,2026-05-08,29.0,680.0,679.91,0.0361959671132944,737.62,0.0847465105675751,True,,False,1574.0,1595.0,21.0,1.0001323704607963,252,2025-03-10,2025-04-08,2026-03-10,2026-04-09,0,True,0.03031438940872167,
1575,2026-04-10,True,,SPY260508C00679000,SPY260508P00679000,2026-05-08,28.0,679.0,679.46,0.0355576487210431,737.62,0.0862743943720013,True,,False,1575.0,1595.0,20.0,0.999322991787596,252,2025-03-12,2025-04-09,2026-03-12,2026-04-10,0,True,0.02966672025078885,
1576,2026-04-13,True,,SPY260515C00686000,SPY260515P00686000,2026-05-15,32.0,686.0,686.1,0.0367657775834426,739.17,0.0774959918379244,True,,False,1576.0,1600.0,24.0,0.9998542486518,252,2025-03-07,2025-04-10,2026-03-09,2026-04-13,0,True,0.03280756538617196,
1577,2026-04-14,True,,SPY260515C00694000,SPY260515P00694000,2026-05-15,31.0,694.0,694.46,0.0351208132937822,739.17,0.065043343029116,True,,False,1577.0,1600.0,23.0,0.9993376148374276,252,2025-03-11,2025-04-11,2026-03-11,2026-04-14,0,True,0.03173423157950116,
1578,2026-04-15,True,,SPY260515C00700000,SPY260515P00700000,2026-05-15,30.0,700.0,699.94,0.0345601051518701,739.17,0.0559619395948223,True,,False,1578.0,1600.0,22.0,1.0000857216332828,252,2025-03-13,2025-04-14,2026-03-13,2026-04-15,0,True,0.030661240992895626,
1579,2026-04-16,True,,SPY260515C00702000,SPY260515P00702000,2026-05-15,29.0,702.0,701.66,0.0335133825499529,739.17,0.0529743750534446,True,,False,1579.0,1600.0,21.0,1.000484565174016,252,2025-03-17,2025-04-15,2026-03-17,2026-04-16,0,True,0.029787345768975217,
1580,2026-04-17,True,,SPY260515C00710000,SPY260515P00710000,2026-05-15,28.0,710.0,710.14,0.0323034894527839,739.17,0.0410764074689497,True,,False,1580.0,1600.0,20.0,0.9998028557749177,252,2025-03-19,2025-04-16,2026-03-19,2026-04-17,0,True,0.029643947646203823,
1581,2026-04-20,True,,SPY260522C00709000,SPY260522P00709000,2026-05-22,32.0,709.0,708.72,0.0373137487301049,745.64,0.0516988373405576,True,,False,1581.0,1605.0,24.0,1.0003950784512925,252,2025-03-14,2025-04-17,2026-03-16,2026-04-20,0,True,0.03251406149898074,
1582,2026-04-21,True,,SPY260522C00705000,SPY260522P00705000,2026-05-22,31.0,705.0,704.08,0.0395125553914327,745.64,0.0577207135552777,True,,False,1582.0,1605.0,23.0,1.0013066696966253,252,2025-03-18,2025-04-21,2026-03-18,2026-04-21,0,True,0.030941394535950337,
1583,2026-04-22,True,,SPY260522C00711000,SPY260522P00711000,2026-05-22,30.0,711.0,711.21,0.0360652971696123,745.64,0.0487057268598585,True,,False,1583.0,1605.0,22.0,0.9997047285611844,252,2025-03-20,2025-04-22,2026-03-20,2026-04-22,0,True,0.031034058884961253,
1584,2026-04-23,True,,SPY260522C00708000,SPY260522P00708000,2026-05-22,29.0,708.0,708.45,0.0368198179123438,745.64,0.0531300726939092,True,,False,1584.0,1605.0,21.0,0.9993648105017996,252,2025-03-24,2025-04-23,2026-03-24,2026-04-23,0,True,0.030612818294448292,
1585,2026-04-24,True,,SPY260522C00714000,SPY260522P00714000,2026-05-22,28.0,714.0,713.94,0.0352760736196319,745.64,0.0443174496456284,True,,False,1585.0,1605.0,20.0,1.000084040675687,252,2025-03-26,2025-04-24,2026-03-26,2026-04-24,0,True,0.02974292606623333,
1586,2026-04-27,True,,SPY260529C00715000,SPY260529P00715000,2026-05-29,32.0,715.0,715.17,0.0363759665534068,756.48,0.058000195757652,True,,False,1586.0,1609.0,23.0,0.9997622942796818,252,2025-03-24,2025-04-25,2026-03-24,2026-04-27,0,True,0.032214104769818404,
1587,2026-04-28,True,,SPY260529C00712000,SPY260529P00712000,2026-05-29,31.0,712.0,711.69,0.035766977195127,756.48,0.0624991218086526,True,,False,1587.0,1609.0,22.0,1.0004355829082887,252,2025-03-26,2025-04-28,2026-03-26,2026-04-28,0,True,0.031277706817676845,
1588,2026-04-29,True,,SPY260529C00712000,SPY260529P00712000,2026-05-29,30.0,712.0,711.58,0.0356249473003738,756.48,0.0625087832710306,True,,False,1588.0,1609.0,21.0,1.0005902358132606,252,2025-03-28,2025-04-29,2026-03-30,2026-04-29,0,True,0.030987186866878593,
1589,2026-04-30,True,,SPY260529C00719000,SPY260529P00719000,2026-05-29,29.0,719.0,718.66,0.0324075362480171,756.48,0.0521526173712186,True,,False,1589.0,1609.0,20.0,1.0004731027189493,252,2025-04-01,2025-04-30,2026-04-01,2026-04-30,0,True,0.03095783509372612,
1590,2026-05-01,True,,SPY260529C00721000,SPY260529P00721000,2026-05-29,28.0,721.0,720.65,0.031617289946576,756.48,0.0492333310206064,True,,False,1590.0,1609.0,19.0,1.0004856726566294,252,2025-04-03,2025-05-01,2026-04-06,2026-05-01,0,True,0.030659813995122,
1591,2026-05-04,True,,SPY260605C00718000,SPY260605P00718000,2026-06-05,32.0,718.0,718.01,0.0366777621481595,737.55,0.0272280330357515,True,,False,1591.0,1614.0,23.0,0.999986072617373,252,2025-03-31,2025-05-02,2026-03-31,2026-05-04,0,True,0.0337870487260047,
1592,2026-05-05,True,,SPY260605C00724000,SPY260605P00724000,2026-06-05,31.0,724.0,723.77,0.0345482680962184,737.55,0.0187214170247453,True,,False,1592.0,1614.0,22.0,1.0003177805103831,252,2025-04-02,2025-05-05,2026-04-02,2026-05-05,0,True,0.0333112179208345,
1593,2026-05-06,True,,SPY260605C00734000,SPY260605P00734000,2026-06-05,30.0,734.0,733.83,0.0341359715465434,737.55,0.0048376326942206,True,,False,1593.0,1614.0,21.0,1.0002316612839486,252,2025-04-04,2025-05-06,2026-04-07,2026-05-06,0,True,0.03293979076602343,
1594,2026-05-07,True,,SPY260605C00732000,SPY260605P00732000,2026-06-05,29.0,732.0,731.58,0.033031247437054,737.55,0.0075863200196833,True,,False,1594.0,1614.0,20.0,1.0005740998933814,252,2025-04-08,2025-05-07,2026-04-09,2026-05-07,0,True,0.03147604147243871,
1595,2026-05-08,True,,SPY260605C00738000,SPY260605P00738000,2026-06-05,28.0,738.0,737.62,0.032049022531927,737.55,0.0006100702258616,True,,False,1595.0,1614.0,19.0,1.0005151704129498,252,2025-04-10,2025-05-08,2026-04-13,2026-05-08,0,True,0.030497704158846606,
1596,2026-05-11,True,,SPY260612C00739000,SPY260612P00739000,2026-06-12,32.0,739.0,739.3,0.0370079805221155,741.75,0.00371973488435,True,,False,1596.0,1619.0,23.0,0.9995942107398892,252,2025-04-07,2025-05-09,2026-04-08,2026-05-11,0,True,0.03543453586775277,
1597,2026-05-12,True,,SPY260612C00738000,SPY260612P00738000,2026-06-12,31.0,738.0,738.18,0.0355130185049716,741.75,0.0050800617735511,True,,False,1597.0,1619.0,22.0,0.9997561570348696,252,2025-04-09,2025-05-12,2026-04-10,2026-05-12,0,True,0.033938420674087304,
1598,2026-05-13,True,,SPY260612C00742000,SPY260612P00742000,2026-06-12,30.0,742.0,742.31,0.0351874553757863,741.75,0.0003367865177621,True,,False,1598.0,1619.0,21.0,0.999582384717975,252,2025-04-11,2025-05-13,2026-04-14,2026-05-13,0,True,0.032943815186335206,
1599,2026-05-14,True,,SPY260612C00748000,SPY260612P00748000,2026-06-12,29.0,748.0,748.17,0.0333413529010786,741.75,0.0083537164013526,True,,False,1599.0,1619.0,20.0,0.9997727789138833,252,2025-04-15,2025-05-14,2026-04-16,2026-05-14,0,True,0.03166971548050928,
1600,2026-05-15,True,,SPY260612C00739000,SPY260612P00739000,2026-06-12,28.0,739.0,739.17,0.0339434771432823,741.75,0.0037203890850548,True,,False,1600.0,1619.0,19.0,0.9997700123111057,252,2025-04-17,2025-05-15,2026-04-20,2026-05-15,0,True,0.030300400712528635,
1601,2026-05-18,True,,SPY260618C00739000,SPY260618P00739000,2026-06-18,31.0,739.0,738.65,0.0356596493603195,746.74,0.0104785757801394,True,,False,1601.0,1623.0,22.0,1.0004738374060786,252,2025-04-15,2025-05-16,2026-04-16,2026-05-18,0,True,0.033095741262171595,
1602,2026-05-19,True,,SPY260618C00734000,SPY260618P00734000,2026-06-18,30.0,734.0,733.73,0.0359669088084172,746.74,0.0173633352868221,True,,False,1602.0,1623.0,21.0,1.0003679827729546,252,2025-04-17,2025-05-19,2026-04-20,2026-05-19,0,True,0.031602615085594574,
1603,2026-05-20,True,,SPY260618C00741000,SPY260618P00741000,2026-06-18,29.0,741.0,741.25,0.034185497470489,746.74,0.0077436762225969,True,,False,1603.0,1623.0,20.0,0.9996627318718381,252,2025-04-22,2025-05-20,2026-04-22,2026-05-20,0,True,0.03040186642794675,
1604,2026-05-21,True,,SPY260618C00743000,SPY260618P00743000,2026-06-18,28.0,743.0,742.72,0.0320443774235243,746.74,0.0050355450236966,True,,False,1604.0,1623.0,19.0,1.0003769926755708,252,2025-04-24,2025-05-21,2026-04-24,2026-05-21,0,True,0.028597836576146708,
1605,2026-05-22,True,,SPY260618C00746000,SPY260618P00746000,2026-06-18,27.0,746.0,745.64,0.0309666863365699,746.74,0.00099243602811,True,,False,1605.0,1623.0,18.0,1.0004828067163778,252,2025-04-28,2025-05-22,2026-04-28,2026-05-22,0,True,0.027435149827051395,
1606,2026-05-26,True,,SPY260626C00751000,SPY260626P00751000,2026-06-26,31.0,751.0,750.59,0.0332205331805646,728.99,0.0293235987689684,True,,False,1606.0,1628.0,22.0,1.0005462369602578,252,2025-04-23,2025-05-23,2026-04-23,2026-05-26,0,True,0.03162043645497631,
1607,2026-05-27,True,,SPY260626C00750000,SPY260626P00750000,2026-06-26,30.0,750.0,750.46,0.0316805692508594,728.99,0.0279961623537563,True,,False,1607.0,1628.0,21.0,0.9993870426138635,252,2025-04-25,2025-05-27,2026-04-27,2026-05-27,0,True,0.031049355908146933,
1608,2026-05-28,True,,SPY260626C00755000,SPY260626P00755000,2026-06-26,29.0,755.0,754.6,0.0298900079512324,728.99,0.0344685926318579,True,,False,1608.0,1628.0,20.0,1.0005300821627352,252,2025-04-29,2025-05-28,2026-04-29,2026-05-28,0,True,0.02933443951395402,
1609,2026-05-29,True,,SPY260626C00756000,SPY260626P00756000,2026-06-26,28.0,756.0,756.48,0.0281963832487309,728.99,0.0357048434856175,True,,False,1609.0,1628.0,19.0,0.9993654822335025,252,2025-05-01,2025-05-29,2026-05-01,2026-05-29,0,True,0.02895049973858594,
1610,2026-06-01,True,,SPY260630C00759000,SPY260630P00759000,2026-06-30,29.0,759.0,758.54,0.0292535660611174,746.77,0.0161230785456271,True,,False,1610.0,1630.0,20.0,1.0006064281382656,252,2025-05-01,2025-05-30,2026-05-01,2026-06-01,0,True,0.029216487486641303,
1611,2026-06-02,True,,SPY260702C00760000,SPY260702P00760000,2026-07-02,30.0,760.0,759.57,0.0302605421488473,744.78,0.020037652882552,True,,False,1611.0,1632.0,21.0,1.0005661097726344,252,2025-05-01,2025-06-02,2026-05-01,2026-06-02,0,True,0.030206296534278806,
1612,2026-06-03,True,,SPY260702C00760000,SPY260702P00760000,2026-07-02,29.0,760.0,754.24,0.0296921404327534,744.78,0.0201792532880781,True,,False,1612.0,1632.0,20.0,1.0076368264743318,252,2025-05-05,2025-06-03,2026-05-05,2026-06-03,0,True,0.025987758556320274,
1613,2026-06-04,True,,SPY260702C00757000,SPY260702P00757000,2026-07-02,28.0,757.0,757.09,0.0287284206633293,744.78,0.0161407494485464,True,,False,1613.0,1632.0,19.0,0.9998811237765655,252,2025-05-07,2025-06-04,2026-05-07,2026-06-04,0,True,0.028479301992955407,
1614,2026-06-05,True,,SPY260702C00738000,SPY260702P00738000,2026-07-02,27.0,738.0,737.55,0.0363432987594061,744.78,0.0091925971120601,True,,False,1614.0,1632.0,18.0,1.0006101281269066,252,2025-05-09,2025-06-05,2026-05-11,2026-06-05,0,True,0.026805206169777697,
1615,2026-06-08,True,,SPY260710C00739000,SPY260710P00739000,2026-07-10,32.0,739.0,739.22,0.0369646384026406,754.95,0.0215767971645789,True,,False,1615.0,1637.0,22.0,0.9997023890046265,252,2025-05-06,2025-06-06,2026-05-06,2026-06-08,0,True,0.031367584192514425,
1616,2026-06-09,True,,SPY260710C00737000,SPY260710P00737000,2026-07-10,31.0,737.0,737.05,0.0380910385998236,754.95,0.0243538430228614,True,,False,1616.0,1637.0,21.0,0.9999321619971508,252,2025-05-08,2025-06-09,2026-05-08,2026-06-09,0,True,0.029841820701805927,
1617,2026-06-10,True,,SPY260710C00725000,SPY260710P00725000,2026-07-10,30.0,725.0,725.43,0.0423472974649518,754.95,0.041285858042816,True,,False,1617.0,1637.0,20.0,0.9994072481149112,252,2025-05-12,2025-06-10,2026-05-12,2026-06-10,0,True,0.028912570162318293,
1618,2026-06-11,True,,SPY260710C00738000,SPY260710P00738000,2026-07-10,29.0,738.0,737.76,0.0371191173281283,754.95,0.0229749512036435,True,,False,1618.0,1637.0,19.0,1.0003253090435915,252,2025-05-14,2025-06-11,2026-05-14,2026-06-11,0,True,0.027493054572872218,
1619,2026-06-12,True,,SPY260710C00742000,SPY260710P00742000,2026-07-10,28.0,742.0,741.75,0.0329221435793731,754.95,0.017458712504213,True,,False,1619.0,1637.0,18.0,1.0003370407819345,252,2025-05-16,2025-06-12,2026-05-18,2026-06-12,0,True,0.0265530619886427,
1620,2026-06-15,True,,SPY260717C00755000,SPY260717P00755000,2026-07-17,32.0,755.0,754.83,0.031735622590517,743.29,0.0155134268643271,True,,False,1620.0,1642.0,22.0,1.000225216273863,252,2025-05-13,2025-06-13,2026-05-13,2026-06-15,0,True,0.030034473958135577,
1621,2026-06-16,True,,SPY260717C00750000,SPY260717P00750000,2026-07-17,31.0,750.0,750.33,0.0321125371503205,743.29,0.0089427318646462,True,,False,1621.0,1642.0,21.0,0.9995601935148534,252,2025-05-15,2025-06-16,2026-05-15,2026-06-16,0,True,0.02940751807053487,
1622,2026-06-17,True,,SPY260717C00741000,SPY260717P00741000,2026-07-17,30.0,741.0,740.96,0.0354405096091556,743.29,0.0030905851867846,True,,False,1622.0,1642.0,20.0,1.0000539840207299,252,2025-05-19,2025-06-17,2026-05-19,2026-06-17,0,True,0.028360706524809595,
1623,2026-06-18,True,,SPY260717C00746000,SPY260717P00746000,2026-07-17,29.0,746.0,746.74,0.0321664836489273,743.29,0.0036291078554785,True,,False,1623.0,1642.0,19.0,0.999009025899242,252,2025-05-21,2025-06-18,2026-05-21,2026-06-18,0,True,0.028109496248406425,
1624,2026-06-22,True,,SPY260724C00744000,SPY260724P00744000,2026-07-24,32.0,744.0,744.39,0.0352704899313531,738.93,0.0068109458751461,True,,False,1624.0,1647.0,23.0,0.9994760810865272,252,2025-05-16,2025-06-20,2026-05-18,2026-06-22,0,True,0.031153797498069916,
1625,2026-06-23,True,,SPY260724C00734000,SPY260724P00734000,2026-07-24,31.0,734.0,733.58,0.0389255432263693,738.93,0.0067204667520924,True,,False,1625.0,1647.0,22.0,1.000572534692876,252,2025-05-20,2025-06-23,2026-05-20,2026-06-23,0,True,0.02976119426234829,
1626,2026-06-24,True,,SPY260724C00733000,SPY260724P00733000,2026-07-24,30.0,733.0,733.24,0.0380230211117778,738.93,0.0080873929409196,True,,False,1626.0,1647.0,21.0,0.9996726856145327,252,2025-05-22,2025-06-24,2026-05-22,2026-06-24,0,True,0.02930352065431259,
1627,2026-06-25,True,,SPY260724C00734000,SPY260724P00734000,2026-07-24,29.0,734.0,734.3,0.0367629034454582,738.93,0.0067138771619228,True,,False,1627.0,1647.0,20.0,0.9995914476372055,252,2025-05-27,2025-06-25,2026-05-27,2026-06-25,0,True,0.02844274448755601,
1628,2026-06-26,True,,SPY260724C00730000,SPY260724P00730000,2026-07-24,28.0,730.0,728.99,0.0360087243995116,738.93,0.0122498251004814,True,,False,1628.0,1647.0,19.0,1.0013854785388003,252,2025-05-29,2025-06-26,2026-05-29,2026-06-26,0,True,0.026858163277437674,
1629,2026-06-29,True,,SPY260731C00741000,SPY260731P00741000,2026-07-31,32.0,741.0,741.0,0.035910931174089,747.03,0.0081376518218623,True,,False,1629.0,1652.0,23.0,1.0,252,2025-05-23,2025-06-27,2026-05-26,2026-06-29,0,True,0.030577249253295434,
1630,2026-06-30,True,,SPY260731C00747000,SPY260731P00747000,2026-07-31,31.0,747.0,746.77,0.0322790149577513,747.03,4.017301177065591e-05,True,,False,1630.0,1652.0,22.0,1.000307993090242,252,2025-05-28,2025-06-30,2026-05-28,2026-06-30,0,True,0.02947754776626443,
1631,2026-07-01,True,,SPY260731C00746000,SPY260731P00746000,2026-07-31,30.0,746.0,745.76,0.0316656833297575,747.03,0.0013811413859686,True,,False,1631.0,1652.0,21.0,1.0003218193520704,252,2025-05-30,2025-07-01,2026-06-01,2026-07-01,0,True,0.0284867018202594,
1632,2026-07-02,True,,SPY260731C00745000,SPY260731P00745000,2026-07-31,29.0,745.0,744.78,0.0305526464190767,747.03,0.0027256371008888,True,,False,1632.0,1652.0,20.0,1.0002953892424609,252,2025-06-03,2025-07-02,2026-06-03,2026-07-02,0,True,0.02770402419720018,
1633,2026-07-06,True,,SPY260807C00751000,SPY260807P00751000,2026-08-07,32.0,751.0,751.28,0.031579437759557,773.26,0.0296294324353103,True,,False,1633.0,1657.0,24.0,0.9996273027366628,252,2025-05-29,2025-07-03,2026-05-29,2026-07-06,0,True,0.031176654767929083,
1634,2026-07-07,True,,SPY260807C00748000,SPY260807P00748000,2026-08-07,31.0,748.0,747.71,0.0315362908079335,773.26,0.0337831512217303,True,,False,1634.0,1657.0,23.0,1.0003878509047626,252,2025-06-02,2025-07-07,2026-06-02,2026-07-07,0,True,0.02953527343752196,
1635,2026-07-08,True,,SPY260807C00745000,SPY260807P00745000,2026-08-07,30.0,745.0,745.4,0.0323718808693319,773.26,0.0379125301851354,True,,False,1635.0,1657.0,22.0,0.9994633753689295,252,2025-06-04,2025-07-08,2026-06-04,2026-07-08,0,True,0.02917886089371107,
1636,2026-07-09,True,,SPY260807C00752000,SPY260807P00752000,2026-08-07,29.0,752.0,751.71,0.0295526200263399,773.26,0.0282821832887682,True,,False,1636.0,1657.0,21.0,1.0003857870721422,252,2025-06-06,2025-07-09,2026-06-08,2026-07-09,0,True,0.027796559952173335,
1637,2026-07-10,True,,SPY260807C00755000,SPY260807P00755000,2026-08-07,28.0,755.0,754.95,0.0278693953241936,773.26,0.0241870322537916,True,,False,1637.0,1657.0,20.0,1.0000662295516258,252,2025-06-10,2025-07-10,2026-06-10,2026-07-10,0,True,0.027324108868027736,
1638,2026-07-13,True,,SPY260814C00749000,SPY260814P00749000,2026-08-14,32.0,749.0,749.17,0.0339776018794132,776.34,0.0364937197164862,True,,False,1638.0,1662.0,24.0,0.9997730822109802,252,2025-06-05,2025-07-11,2026-06-05,2026-07-13,0,True,0.030294910490440422,
1639,2026-07-14,True,,SPY260814C00752000,SPY260814P00752000,2026-08-14,31.0,752.0,751.83,0.0320617692829496,776.34,0.0323743399438703,True,,False,1639.0,1662.0,23.0,1.000226114946198,252,2025-06-09,2025-07-14,2026-06-09,2026-07-14,0,True,0.02900362186030155,
1640,2026-07-15,True,,SPY260814C00755000,SPY260814P00755000,2026-08-14,30.0,755.0,754.81,0.0298286986128959,776.34,0.0282720154740928,True,,False,1640.0,1662.0,22.0,1.0002517189756364,252,2025-06-11,2025-07-15,2026-06-11,2026-07-15,0,True,0.02841731168311305,
1641,2026-07-16,True,,SPY260814C00751000,SPY260814P00751000,2026-08-14,29.0,751.0,750.72,0.0308304028132992,776.34,0.033754262574595,True,,False,1641.0,1662.0,21.0,1.0003729752770674,252,2025-06-13,2025-07-16,2026-06-15,2026-07-16,0,True,0.0274503205236517,
1642,2026-07-17,True,,SPY260814C00743000,SPY260814P00743000,2026-08-14,28.0,743.0,743.29,0.0339907707624211,776.34,0.0448546327812832,True,,False,1642.0,1662.0,20.0,0.9996098427262576,252,2025-06-17,2025-07-17,2026-06-17,2026-07-17,0,True,0.026918157486760207,
1643,2026-07-20,True,,SPY260821C00742000,SPY260821P00742000,2026-08-21,32.0,742.0,742.09,0.0364511043134929,765.72,0.0319637779784123,True,,False,1643.0,1667.0,24.0,0.9998787209098626,252,2025-06-12,2025-07-18,2026-06-12,2026-07-20,0,True,0.02973947168075504,
1644,2026-07-21,True,,SPY260821C00748000,SPY260821P00748000,2026-08-21,31.0,748.0,748.28,0.0328620302560538,765.72,0.0236809750360827,True,,False,1644.0,1667.0,23.0,0.9996258085208746,252,2025-06-16,2025-07-21,2026-06-16,2026-07-21,0,True,0.028809330679337095,
1645,2026-07-22,True,,SPY260821C00749000,SPY260821P00749000,2026-08-21,30.0,749.0,747.41,0.0314218434326541,765.72,0.0223705864251214,True,,False,1645.0,1667.0,22.0,1.0021273464363603,252,2025-06-18,2025-07-22,2026-06-18,2026-07-22,0,True,0.0269455872428596,
1646,2026-07-23,True,,SPY260821C00738000,SPY260821P00738000,2026-08-21,29.0,738.0,738.18,0.0357297678073098,765.72,0.0375518166300902,True,,False,1646.0,1667.0,21.0,0.9997561570348696,252,2025-06-23,2025-07-23,2026-06-23,2026-07-23,0,True,0.026848081753237767,
1647,2026-07-24,True,,SPY260821C00739000,SPY260821P00739000,2026-08-21,28.0,739.0,738.93,0.0339003694531281,765.72,0.0361603940833367,True,,False,1647.0,1667.0,20.0,1.0000947315713262,252,2025-06-25,2025-07-24,2026-06-25,2026-07-24,0,True,0.025868470599158942,
1648,2026-07-27,True,,SPY260828C00739000,SPY260828P00739000,2026-08-28,32.0,739.0,739.09,0.0369237846541016,769.35,0.0410640111488452,True,,False,1648.0,1672.0,24.0,0.9998782286325075,252,2025-06-20,2025-07-25,2026-06-22,2026-07-27,0,True,0.028839996308446695,
1649,2026-07-28,True,,SPY260828C00741000,SPY260828P00741000,2026-08-28,31.0,741.0,740.86,0.0356275139702507,769.35,0.0382663391194018,True,,False,1649.0,1672.0,23.0,1.0001889695758983,252,2025-06-24,2025-07-28,2026-06-24,2026-07-28,0,True,0.027582374375304763,
1650,2026-07-29,True,,SPY260828C00729000,SPY260828P00729000,2026-08-28,30.0,729.0,729.46,0.0397759986839579,769.35,0.0553148904669207,True,,False,1650.0,1672.0,22.0,0.9993693965399062,252,2025-06-26,2025-07-29,2026-06-26,2026-07-29,0,True,0.027204638260507348,
1651,2026-07-30,True,,SPY260828C00742000,SPY260828P00742000,2026-08-28,29.0,742.0,741.69,0.0327293073925764,769.35,0.0368752443743343,True,,False,1651.0,1672.0,21.0,1.0004179643786486,252,2025-06-30,2025-07-30,2026-06-30,2026-07-30,0,True,0.025859068855611754,
1652,2026-07-31,True,,SPY260831C00747000,SPY260831P00747000,2026-08-31,31.0,747.0,747.03,0.0303334538104226,767.05,0.0268396182214903,True,,False,1652.0,1673.0,21.0,0.9999598409702422,252,2025-07-01,2025-07-31,2026-07-01,2026-07-31,0,True,0.02596639219493594,
1653,2026-08-03,True,,SPY260831C00758000,SPY260831P00758000,2026-08-31,28.0,758.0,757.67,0.0280597093721541,767.05,0.0119445141024455,True,,False,1653.0,1673.0,20.0,1.0004355458181002,252,2025-07-03,2025-08-01,2026-07-06,2026-08-03,0,True,0.025166745897003434,
1654,2026-08-04,True,,SPY260904C00770000,SPY260904P00770000,2026-09-04,31.0,770.0,771.33,0.0332477668442819,,,False,expiration_after_available_price_history,True,,,,,0,,,,,0,False,,expiration_not_in_available_session_calendar
1655,2026-08-05,True,,SPY260904C00770000,SPY260904P00770000,2026-09-04,30.0,770.0,769.79,0.0309045324049416,,,False,expiration_after_available_price_history,True,,,,,0,,,,,0,False,,expiration_not_in_available_session_calendar
1656,2026-08-06,True,,SPY260904C00769000,SPY260904P00769000,2026-09-04,29.0,769.0,768.56,0.0290998750910794,,,False,expiration_after_available_price_history,True,,,,,0,,,,,0,False,,expiration_not_in_available_session_calendar
1657,2026-08-07,True,,SPY260904C00773000,SPY260904P00773000,2026-09-04,28.0,773.0,773.26,0.0279466156273439,,,False,expiration_after_available_price_history,True,,,,,0,,,,,0,False,,expiration_not_in_available_session_calendar
1658,2026-08-10,True,,SPY260911C00773000,SPY260911P00773000,2026-09-11,32.0,773.0,773.03,0.0308073425352185,,,False,expiration_after_available_price_history,True,,,,,0,,,,,0,False,,expiration_not_in_available_session_calendar
1659,2026-08-11,True,,SPY260911C00771000,SPY260911P00771000,2026-09-11,31.0,771.0,770.56,0.029828955564784,,,False,expiration_after_available_price_history,True,,,,,0,,,,,0,False,,expiration_not_in_available_session_calendar
1660,2026-08-12,True,,SPY260911C00772000,SPY260911P00772000,2026-09-11,30.0,772.0,772.49,0.0280262527670261,,,False,expiration_after_available_price_history,True,,,,,0,,,,,0,False,,expiration_not_in_available_session_calendar
1661,2026-08-13,True,,SPY260911C00778000,SPY260911P00778000,2026-09-11,29.0,778.0,777.88,0.0273628323134673,,,False,expiration_after_available_price_history,True,,,,,0,,,,,0,False,,expiration_not_in_available_session_calendar
1662,2026-08-14,True,,SPY260911C00776000,SPY260911P00776000,2026-09-11,28.0,776.0,776.34,0.0258907179843882,,,False,expiration_after_available_price_history,True,,,,,0,,,,,0,False,,expiration_not_in_available_session_calendar
1663,2026-08-17,True,,SPY260918C00773000,SPY260918P00773000,2026-09-18,32.0,773.0,772.67,0.030336366107135,,,False,expiration_after_available_price_history,True,,,,,0,,,,,0,False,,expiration_not_in_available_session_calendar
1664,2026-08-18,True,,SPY260918C00767000,SPY260918P00767000,2026-09-18,31.0,767.0,767.45,0.0309792168870936,,,False,expiration_after_available_price_history,True,,,,,0,,,,,0,False,,expiration_not_in_available_session_calendar
1665,2026-08-19,True,,SPY260918C00769000,SPY260918P00769000,2026-09-18,30.0,769.0,769.06,0.0286973708163212,,,False,expiration_after_available_price_history,True,,,,,0,,,,,0,False,,expiration_not_in_available_session_calendar
1666,2026-08-20,True,,SPY260918C00763000,SPY260918P00763000,2026-09-18,29.0,763.0,762.6,0.0298780487804878,,,False,expiration_after_available_price_history,True,,,,,0,,,,,0,False,,expiration_not_in_available_session_calendar
1667,2026-08-21,True,,SPY260918C00766000,SPY260918P00766000,2026-09-18,28.0,766.0,765.72,0.0278561354019746,,,False,expiration_after_available_price_history,True,,,,,0,,,,,0,False,,expiration_not_in_available_session_calendar
1668,2026-08-24,True,,SPY260925C00763000,SPY260925P00763000,2026-09-25,32.0,763.0,763.47,0.0308525547827681,,,False,expiration_after_available_price_history,True,,,,,0,,,,,0,False,,expiration_not_in_available_session_calendar
1669,2026-08-25,True,,SPY260925C00766000,SPY260925P00766000,2026-09-25,31.0,766.0,765.91,0.0296575315637607,,,False,expiration_after_available_price_history,True,,,,,0,,,,,0,False,,expiration_not_in_available_session_calendar
1670,2026-08-26,True,,SPY260925C00766000,SPY260925P00766000,2026-09-25,30.0,766.0,766.08,0.0291157581453634,,,False,expiration_after_available_price_history,True,,,,,0,,,,,0,False,,expiration_not_in_available_session_calendar
1671,2026-08-27,True,,SPY260925C00771000,SPY260925P00771000,2026-09-25,29.0,771.0,771.1,0.0265464920243807,,,False,expiration_after_available_price_history,True,,,,,0,,,,,0,False,,expiration_not_in_available_session_calendar
1672,2026-08-28,True,,SPY260925C00769000,SPY260925P00769000,2026-09-25,28.0,769.0,769.35,0.0255735361019042,,,False,expiration_after_available_price_history,True,,,,,0,,,,,0,False,,expiration_not_in_available_session_calendar
1673,2026-08-31,True,,SPY260930C00767000,SPY260930P00767000,2026-09-30,30.0,767.0,767.05,0.0272472459422462,,,False,expiration_after_available_price_history,True,,,,,0,,,,,0,False,,expiration_not_in_available_session_calendar
