series_row_index,observation_date,pair_available,absence_reason,call_contractID,put_contractID,expiration,dte,strike,spy_close_t,straddle_mid_rel_t,spy_close_T,terminal_move_rel,terminal_followup_complete,terminal_absence_reason,censored_at_history_end
0,2020-01-02,True,,SPY200131C00325000,SPY200131P00325000,2020-01-31,29.0,325.0,324.87,0.0228399051928463,321.73,0.01006556468741337,True,,False
1,2020-01-03,True,,SPY200203C00322000,SPY200203P00322000,2020-02-03,31.0,322.0,322.41,0.0278992587078564,324.12,0.006575478428088473,True,,False
2,2020-01-06,True,,SPY200205C00324000,SPY200205P00324000,2020-02-05,30.0,324.0,323.64,0.0260474601408972,332.86,0.027376096897787708,True,,False
3,2020-01-07,True,,SPY200207C00322500,SPY200207P00322500,2020-02-07,31.0,322.5,322.73,0.0278561026244848,332.2,0.03005608403309264,True,,False
4,2020-01-08,True,,SPY200207C00324000,SPY200207P00324000,2020-02-07,30.0,324.0,324.45,0.0266142703035906,332.2,0.0252735398366466,True,,False
5,2020-01-09,True,,SPY200207C00327000,SPY200207P00327000,2020-02-07,29.0,327.0,326.65,0.0230675034440532,332.2,0.015919179549977007,True,,False
6,2020-01-10,True,,SPY200210C00326000,SPY200210P00326000,2020-02-10,31.0,326.0,325.71,0.0238709281262472,334.68,0.02664947345798412,True,,False
7,2020-01-13,True,,SPY200212C00328000,SPY200212P00328000,2020-02-12,30.0,328.0,327.95,0.0234029577679524,337.42,0.028723890837017887,True,,False
8,2020-01-14,True,,SPY200214C00327500,SPY200214P00327500,2020-02-14,31.0,327.5,327.45,0.0249198350893266,337.6,0.03084440372575973,True,,False
9,2020-01-15,True,,SPY200214C00328000,SPY200214P00328000,2020-02-14,30.0,328.0,328.19,0.0240866571193515,337.6,0.029251348304335973,True,,False
10,2020-01-16,True,,SPY200214C00331000,SPY200214P00331000,2020-02-14,29.0,331.0,330.92,0.022679197389097,337.6,0.019944397437447185,True,,False
11,2020-01-17,True,,SPY200214C00332000,SPY200214P00332000,2020-02-14,28.0,332.0,331.95,0.0219310137068835,337.6,0.01687001054375666,True,,False
12,2020-01-21,True,,SPY200219C00331000,SPY200219P00331000,2020-02-19,29.0,331.0,331.3,0.0242529429520072,338.34,0.022155146392997208,True,,False
13,2020-01-22,True,,SPY200221C00331000,SPY200221P00331000,2020-02-21,30.0,331.0,331.34,0.025532685459045,333.48,0.00748475885797072,True,,False
14,2020-01-23,True,,SPY200221C00332000,SPY200221P00332000,2020-02-21,29.0,332.0,331.72,0.0247196430724707,333.48,0.004461594115519167,True,,False
15,2020-01-24,True,,SPY200224C00329000,SPY200224P00329000,2020-02-24,31.0,329.0,328.77,0.0291693281017124,322.42,0.020013991544240606,True,,False
16,2020-01-27,True,,SPY200226C00323000,SPY200226P00323000,2020-02-26,30.0,323.0,323.5,0.0370788253477588,311.5,0.03554868624420402,True,,False
17,2020-01-28,True,,SPY200226C00327000,SPY200226P00327000,2020-02-26,29.0,327.0,326.89,0.0321514882682247,311.5,0.04741656214628774,True,,False
18,2020-01-29,True,,SPY200228C00327000,SPY200228P00327000,2020-02-28,30.0,327.0,326.62,0.0331424897434327,296.26,0.0941154858857388,True,,False
19,2020-01-30,True,,SPY200228C00327500,SPY200228P00327500,2020-02-28,29.0,327.5,327.68,0.0311889648437499,296.26,0.09533691406250003,True,,False
20,2020-01-31,True,,SPY200302C00322000,SPY200302P00322000,2020-03-02,31.0,322.0,321.73,0.0376713393217915,309.09,0.040126814409598185,True,,False
21,2020-02-03,True,,SPY200304C00324000,SPY200304P00324000,2020-03-04,30.0,324.0,324.12,0.0371158830062939,312.86,0.0343699864247809,True,,False
22,2020-02-04,True,,SPY200304C00329000,SPY200304P00329000,2020-03-04,29.0,329.0,329.06,0.0317115419680301,312.86,0.049048805688932065,True,,False
23,2020-02-05,True,,SPY200306C00333000,SPY200306P00333000,2020-03-06,30.0,333.0,332.86,0.0298023192933966,297.46,0.10677161569428595,True,,False
24,2020-02-06,True,,SPY200306C00334000,SPY200306P00334000,2020-03-06,29.0,334.0,333.98,0.0282202527097431,297.46,0.10940774896700407,True,,False
25,2020-02-07,True,,SPY200309C00332000,SPY200309P00332000,2020-03-09,31.0,332.0,332.2,0.0303130644190246,274.23,0.17390126429861524,True,,False
26,2020-02-10,True,,SPY200311C00335000,SPY200311P00335000,2020-03-11,30.0,335.0,334.68,0.0285944783076371,274.36,0.18118800047806854,True,,False
27,2020-02-11,True,,SPY200311C00335000,SPY200311P00335000,2020-03-11,29.0,335.0,335.26,0.0284853546501222,274.36,0.18087454512915346,True,,False
28,2020-02-12,True,,SPY200313C00337500,SPY200313P00337500,2020-03-13,30.0,337.5,337.42,0.0260802560606958,269.32,0.20206271116116414,True,,False
29,2020-02-13,True,,SPY200313C00337000,SPY200313P00337000,2020-03-13,29.0,337.0,337.06,0.0267014774817539,269.32,0.20079511066279002,True,,False
30,2020-02-14,True,,SPY200316C00338000,SPY200316P00338000,2020-03-16,31.0,338.0,337.6,0.0255331753554502,239.85,0.290728672985782,True,,False
31,2020-02-18,True,,SPY200318C00337000,SPY200318P00337000,2020-03-18,29.0,337.0,336.73,0.0267870400617705,240.0,0.28806462150684525,True,,False
32,2020-02-19,True,,SPY200320C00338000,SPY200320P00338000,2020-03-20,30.0,338.0,338.34,0.0281225985694863,228.8,0.32275226103919136,True,,False
33,2020-02-20,True,,SPY200320C00337000,SPY200320P00337000,2020-03-20,29.0,337.0,336.95,0.0293515358361774,228.8,0.32111589256566253,True,,False
34,2020-02-21,True,,SPY200323C00333000,SPY200323P00333000,2020-03-23,31.0,333.0,333.48,0.0344698332733597,222.95,0.3300047978889289,True,,False
35,2020-02-24,True,,SPY200325C00322000,SPY200325P00322000,2020-03-25,30.0,322.0,322.42,0.0496557285528192,246.79,0.2332671670491905,True,,False
36,2020-02-25,True,,SPY200327C00312500,SPY200327P00312500,2020-03-27,31.0,312.5,312.65,0.057092595554134,253.42,0.1889652966576044,True,,False
37,2020-02-26,True,,SPY200327C00311000,SPY200327P00311000,2020-03-27,30.0,311.0,311.5,0.0555858747993579,253.42,0.18484751203852332,True,,False
38,2020-02-27,True,,SPY200327C00297500,SPY200327P00297500,2020-03-27,29.0,297.5,297.51,0.0780982151860441,253.42,0.1481630869550604,True,,False
39,2020-02-28,True,,SPY200330C00296000,SPY200330P00296000,2020-03-30,31.0,296.0,296.26,0.0865118477013434,261.65,0.11594545331803154,True,,False
40,2020-03-02,True,,SPY200401C00309000,SPY200401P00309000,2020-04-01,30.0,309.0,309.09,0.0606781196415283,246.15,0.20333883334950986,True,,False
41,2020-03-03,True,,SPY200401C00300000,SPY200401P00300000,2020-04-01,29.0,300.0,300.24,0.0734579003463895,246.15,0.17935651478816944,True,,False
42,2020-03-04,True,,SPY200403C00313000,SPY200403P00313000,2020-04-03,30.0,313.0,312.86,0.0587962667007607,248.19,0.20715335933005177,True,,False
43,2020-03-05,True,,SPY200403C00302500,SPY200403P00302500,2020-04-03,29.0,302.5,302.46,0.0772168220591152,248.19,0.17956093367718048,True,,False
44,2020-03-06,True,,SPY200406C00297000,SPY200406P00297000,2020-04-06,31.0,297.0,297.46,0.0828514758286828,264.86,0.10804814092651109,True,,False
45,2020-03-09,True,,SPY200408C00274000,SPY200408P00274000,2020-04-08,30.0,274.0,274.23,0.1135907814608175,274.03,0.0001093972213104792,True,,False
46,2020-03-10,True,,SPY200409C00288000,SPY200409P00288000,2020-04-09,30.0,288.0,288.42,0.0960404964981624,278.2,0.03397822619790587,True,,False
47,2020-03-11,True,,SPY200409C00274000,SPY200409P00274000,2020-04-09,29.0,274.0,274.36,0.1126804198862808,278.2,0.015308353987461687,True,,False
48,2020-03-12,True,,SPY200409C00248000,SPY200409P00248000,2020-04-09,28.0,248.0,248.11,0.1580347426544677,278.2,0.12172020474789402,True,,False
49,2020-03-13,True,,SPY200413C00269000,SPY200413P00269000,2020-04-13,31.0,269.0,269.32,0.1202472894697757,275.66,0.02472894697757324,True,,False
50,2020-03-16,True,,SPY200415C00240000,SPY200415P00240000,2020-04-15,30.0,240.0,239.85,0.1766729205753596,277.76,0.15743172816343545,True,,False
51,2020-03-17,True,,SPY200415C00253000,SPY200415P00253000,2020-04-15,29.0,253.0,252.8,0.1512460443037974,277.76,0.0979430379746835,True,,False
52,2020-03-18,True,,SPY200417C00240000,SPY200417P00240000,2020-04-17,30.0,240.0,240.0,0.1667291666666666,286.64,0.19433333333333327,True,,False
53,2020-03-19,True,,SPY200417C00241000,SPY200417P00241000,2020-04-17,29.0,241.0,240.51,0.1510124319155128,286.64,0.18976341940044067,True,,False
54,2020-03-20,True,,SPY200420C00229000,SPY200420P00229000,2020-04-20,31.0,229.0,228.8,0.1370192307692307,281.59,0.22985139860139847,True,,False
55,2020-03-23,True,,SPY200422C00223000,SPY200422P00223000,2020-04-22,30.0,223.0,222.95,0.1280331912984974,279.1,0.25162592509531295,True,,False
56,2020-03-24,True,,SPY200422C00243000,SPY200422P00243000,2020-04-22,29.0,243.0,243.15,0.1223524573308657,279.1,0.1484680238535884,True,,False
57,2020-03-25,True,,SPY200424C00247000,SPY200424P00247000,2020-04-24,30.0,247.0,246.79,0.131913772843308,282.97,0.14575144860002442,True,,False
58,2020-03-26,True,,SPY200424C00261000,SPY200424P00261000,2020-04-24,29.0,261.0,261.2,0.1210566615620214,282.97,0.08411179173047484,True,,False
59,2020-03-27,True,,SPY200427C00252000,SPY200427P00252000,2020-04-27,31.0,252.0,253.42,0.1323099992107963,287.05,0.13830794728119333,True,,False
60,2020-03-30,True,,SPY200429C00262000,SPY200429P00262000,2020-04-29,30.0,262.0,261.65,0.1117141219185935,293.21,0.11928148289699975,True,,False
61,2020-03-31,True,,SPY200429C00258000,SPY200429P00258000,2020-04-29,29.0,258.0,257.75,0.1011833171677982,293.21,0.13660523763336557,True,,False
62,2020-04-01,True,,SPY200501C00246000,SPY200501P00246000,2020-05-01,30.0,246.0,246.15,0.1199674994921795,282.79,0.14946171033922412,True,,False
63,2020-04-02,True,,SPY200501C00252000,SPY200501P00252000,2020-05-01,29.0,252.0,251.83,0.1042171306039788,282.79,0.12226502005321058,True,,False
64,2020-04-03,True,,SPY200504C00248000,SPY200504P00248000,2020-05-04,31.0,248.0,248.19,0.0984326524034006,283.57,0.1433176195656553,True,,False
65,2020-04-06,True,,SPY200506C00265000,SPY200506P00265000,2020-05-06,30.0,265.0,264.86,0.0879332477535301,284.25,0.07267990636562711,True,,False
66,2020-04-07,True,,SPY200506C00265000,SPY200506P00265000,2020-05-06,29.0,265.0,265.13,0.0917474446497944,284.25,0.07260589144947761,True,,False
67,2020-04-08,True,,SPY200508C00274000,SPY200508P00274000,2020-05-08,30.0,274.0,274.03,0.0869247892566507,292.44,0.06729190234645842,True,,False
68,2020-04-09,True,,SPY200508C00278000,SPY200508P00278000,2020-05-08,29.0,278.0,278.2,0.0836987778576563,292.44,0.051905104241552834,True,,False
69,2020-04-13,True,,SPY200513C00276000,SPY200513P00276000,2020-05-13,30.0,276.0,275.66,0.0844881375607632,281.6,0.02031488065007626,True,,False
70,2020-04-14,True,,SPY200513C00284000,SPY200513P00284000,2020-05-13,29.0,284.0,283.79,0.074738362873956,281.6,0.008456957609499901,True,,False
71,2020-04-15,True,,SPY200515C00278000,SPY200515P00278000,2020-05-15,30.0,278.0,277.76,0.0828953052995391,286.28,0.029809907834101285,True,,False
72,2020-04-16,True,,SPY200515C00279000,SPY200515P00279000,2020-05-15,29.0,279.0,279.1,0.0803296309566463,286.28,0.026083840917233866,True,,False
73,2020-04-17,True,,SPY200518C00287000,SPY200518P00287000,2020-05-18,31.0,287.0,286.64,0.0751465252581635,295.0,0.027909572983533353,True,,False
74,2020-04-20,True,,SPY200520C00282000,SPY200520P00282000,2020-05-20,30.0,282.0,281.59,0.0858695266167122,296.93,0.05302034873397496,True,,False
75,2020-04-21,True,,SPY200520C00273000,SPY200520P00273000,2020-05-20,29.0,273.0,273.04,0.092056108995019,296.93,0.08764283621447409,True,,False
76,2020-04-22,True,,SPY200522C00279000,SPY200522P00279000,2020-05-22,30.0,279.0,279.1,0.0849874596918667,295.44,0.05890361877463274,True,,False
77,2020-04-23,True,,SPY200522C00279000,SPY200522P00279000,2020-05-22,29.0,279.0,279.08,0.0813745162677368,295.44,0.05890784004586498,True,,False
78,2020-04-24,True,,SPY200522C00283000,SPY200522P00283000,2020-05-22,28.0,283.0,282.97,0.0687882107643919,295.44,0.043962257483125405,True,,False
79,2020-04-27,True,,SPY200527C00287000,SPY200527P00287000,2020-05-27,30.0,287.0,287.05,0.0630203797247866,303.53,0.05758578644835385,True,,False
80,2020-04-28,True,,SPY200527C00286000,SPY200527P00286000,2020-05-27,29.0,286.0,285.73,0.0640814755188464,303.53,0.06135162566058857,True,,False
81,2020-04-29,True,,SPY200529C00293000,SPY200529P00293000,2020-05-29,30.0,293.0,293.21,0.0594966065277446,304.32,0.03860714163909824,True,,False
82,2020-04-30,True,,SPY200529C00290000,SPY200529P00290000,2020-05-29,29.0,290.0,290.48,0.0645999724593775,304.32,0.049297714128339276,True,,False
83,2020-05-01,True,,SPY200601C00283000,SPY200601P00283000,2020-06-01,31.0,283.0,282.79,0.0732522366420311,305.55,0.07974115067718097,True,,False
84,2020-05-04,True,,SPY200603C00284000,SPY200603P00284000,2020-06-03,30.0,284.0,283.57,0.0697887646789152,312.18,0.09937581549529219,True,,False
85,2020-05-05,True,,SPY200603C00286000,SPY200603P00286000,2020-06-03,29.0,286.0,286.19,0.0647821377406618,312.18,0.0914776896467382,True,,False
86,2020-05-06,True,,SPY200605C00284000,SPY200605P00284000,2020-06-05,30.0,284.0,284.25,0.0685664028144239,319.34,0.12432717678100255,True,,False
87,2020-05-07,True,,SPY200605C00288000,SPY200605P00288000,2020-06-05,29.0,288.0,287.68,0.0617005005561735,319.34,0.10894048943270292,True,,False
88,2020-05-08,True,,SPY200608C00292000,SPY200608P00292000,2020-06-08,31.0,292.0,292.44,0.0544043222541376,323.2,0.10668855149774309,True,,False
89,2020-05-11,True,,SPY200610C00292000,SPY200610P00292000,2020-06-10,30.0,292.0,292.5,0.0532136752136752,319.0,0.09230769230769231,True,,False
90,2020-05-12,True,,SPY200610C00287000,SPY200610P00287000,2020-06-10,29.0,287.0,286.67,0.0622318345135521,319.0,0.11162660899291868,True,,False
91,2020-05-13,True,,SPY200612C00282000,SPY200612P00282000,2020-06-12,30.0,282.0,281.6,0.070809659090909,304.21,0.07887073863636355,True,,False
92,2020-05-14,True,,SPY200612C00285000,SPY200612P00285000,2020-06-12,29.0,285.0,284.97,0.0646910201073797,304.21,0.06741060462504818,True,,False
93,2020-05-15,True,,SPY200615C00286000,SPY200615P00286000,2020-06-15,31.0,286.0,286.28,0.0622467514321643,307.05,0.07352941176470593,True,,False
94,2020-05-18,True,,SPY200617C00295000,SPY200617P00295000,2020-06-17,30.0,295.0,295.0,0.0556949152542372,311.66,0.05647457627118652,True,,False
95,2020-05-19,True,,SPY200617C00292000,SPY200617P00292000,2020-06-17,29.0,292.0,291.97,0.0580196595540637,311.66,0.0673356851731343,True,,False
96,2020-05-20,True,,SPY200619C00297000,SPY200619P00297000,2020-06-19,30.0,297.0,296.93,0.0559222712423803,308.64,0.03920115852221057,True,,False
97,2020-05-21,True,,SPY200619C00295000,SPY200619P00295000,2020-06-19,29.0,295.0,294.88,0.0575318773738469,308.64,0.04625610417797065,True,,False
98,2020-05-22,True,,SPY200622C00295000,SPY200622P00295000,2020-06-22,31.0,295.0,295.44,0.0565427836447332,310.62,0.052870295152992165,True,,False
99,2020-05-26,True,,SPY200624C00299000,SPY200624P00299000,2020-06-24,29.0,299.0,299.08,0.0530794436271231,304.09,0.017018857830680672,True,,False
100,2020-05-27,True,,SPY200626C00304000,SPY200626P00304000,2020-06-26,30.0,304.0,303.53,0.0520212170131453,300.05,0.013013540671432771,True,,False
101,2020-05-28,True,,SPY200626C00303000,SPY200626P00303000,2020-06-26,29.0,303.0,302.97,0.0536356734990263,300.05,0.00973693765059243,True,,False
102,2020-05-29,True,,SPY200629C00304000,SPY200629P00304000,2020-06-29,31.0,304.0,304.32,0.0524447949526813,304.46,0.0015115667718190705,True,,False
103,2020-06-01,True,,SPY200701C00306000,SPY200701P00306000,2020-07-01,30.0,306.0,305.55,0.0525773195876288,310.52,0.014792996236295146,True,,False
104,2020-06-02,True,,SPY200702C00308000,SPY200702P00308000,2020-07-02,30.0,308.0,308.08,0.0500843936639833,312.23,0.013730199948065498,True,,False
105,2020-06-03,True,,SPY200702C00312000,SPY200702P00312000,2020-07-02,29.0,312.0,312.18,0.0476167595617912,312.23,0.0007367544365430783,True,,False
106,2020-06-04,True,,SPY200702C00311000,SPY200702P00311000,2020-07-02,28.0,311.0,311.36,0.0474852261048304,312.23,0.003950411099691733,True,,False
107,2020-06-05,True,,SPY200706C00319000,SPY200706P00319000,2020-07-06,31.0,319.0,319.34,0.0449990605624099,317.05,0.006106344335191297,True,,False
108,2020-06-08,True,,SPY200708C00323000,SPY200708P00323000,2020-07-08,30.0,323.0,323.2,0.047184405940594,316.18,0.021101485148514832,True,,False
109,2020-06-09,True,,SPY200708C00321000,SPY200708P00321000,2020-07-08,29.0,321.0,320.79,0.0504847407961594,316.18,0.015025406028866215,True,,False
110,2020-06-10,True,,SPY200710C00319000,SPY200710P00319000,2020-07-10,30.0,319.0,319.0,0.0520846394984325,317.59,0.004420062695924844,True,,False
111,2020-06-11,True,,SPY200710C00301000,SPY200710P00301000,2020-07-10,29.0,301.0,300.61,0.0765942583413725,317.59,0.055187784837497006,True,,False
112,2020-06-12,True,,SPY200713C00304000,SPY200713P00304000,2020-07-13,31.0,304.0,304.21,0.0679957923802636,314.84,0.035633279642352245,True,,False
113,2020-06-15,True,,SPY200715C00307000,SPY200715P00307000,2020-07-15,30.0,307.0,307.05,0.0654942191825435,321.85,0.04836345872007824,True,,False
114,2020-06-16,True,,SPY200715C00313000,SPY200715P00313000,2020-07-15,29.0,313.0,312.96,0.0627396472392638,321.85,0.02827837423312891,True,,False
115,2020-06-17,True,,SPY200717C00312000,SPY200717P00312000,2020-07-17,30.0,312.0,311.66,0.0633382532246679,321.72,0.031187832894821365,True,,False
116,2020-06-18,True,,SPY200717C00312000,SPY200717P00312000,2020-07-17,29.0,312.0,311.78,0.060379113477452,321.72,0.031175829110270153,True,,False
117,2020-06-19,True,,SPY200720C00309000,SPY200720P00309000,2020-07-20,31.0,309.0,308.64,0.0642658113011923,324.32,0.04963711767755312,True,,False
118,2020-06-22,True,,SPY200722C00311000,SPY200722P00311000,2020-07-22,30.0,311.0,310.62,0.0593812375249501,326.86,0.05105917197862344,True,,False
119,2020-06-23,False,no_same_strike_expiration_pair_27_33_dte,,,,,,312.05,,,,False,no_straddle_available,False
120,2020-06-24,True,,SPY200724C00304000,SPY200724P00304000,2020-07-24,30.0,304.0,304.09,0.0667894373376303,320.88,0.05550988194284586,True,,False
121,2020-06-25,True,,SPY200724C00307000,SPY200724P00307000,2020-07-24,29.0,307.0,307.35,0.0604847893281275,320.88,0.04516024076785422,True,,False
122,2020-06-26,True,,SPY200727C00300000,SPY200727P00300000,2020-07-27,31.0,300.0,300.05,0.0674220963172804,323.22,0.07738710214964181,True,,False
123,2020-06-29,True,,SPY200729C00304000,SPY200729P00304000,2020-07-29,30.0,304.0,304.46,0.0609111213295671,325.12,0.06936871838665179,True,,False
124,2020-06-30,True,,SPY200729C00308000,SPY200729P00308000,2020-07-29,29.0,308.0,308.36,0.055292515241925,325.12,0.055519522635880156,True,,False
125,2020-07-01,True,,SPY200731C00311000,SPY200731P00311000,2020-07-31,30.0,311.0,310.52,0.0532332861007342,326.52,0.04998067757310313,True,,False
126,2020-07-02,True,,SPY200731C00312000,SPY200731P00312000,2020-07-31,29.0,312.0,312.23,0.0508279153188354,326.52,0.046504179611184,True,,False
127,2020-07-06,True,,SPY200805C00317000,SPY200805P00317000,2020-08-05,30.0,317.0,317.05,0.0513956789149976,332.11,0.047658098091783674,True,,False
128,2020-07-07,True,,SPY200805C00314000,SPY200805P00314000,2020-08-05,29.0,314.0,313.78,0.0541143476320989,332.11,0.05771559691503606,True,,False
129,2020-07-08,True,,SPY200807C00316000,SPY200807P00316000,2020-08-07,30.0,316.0,316.18,0.0531817319248529,334.57,0.0587323676386868,True,,False
130,2020-07-09,True,,SPY200807C00314000,SPY200807P00314000,2020-08-07,29.0,314.0,314.38,0.0553311279343469,334.57,0.06543037088873335,True,,False
131,2020-07-10,True,,SPY200810C00318000,SPY200810P00318000,2020-08-10,31.0,318.0,317.59,0.051701879782109,335.57,0.05532290059510688,True,,False
132,2020-07-13,True,,SPY200812C00315000,SPY200812P00315000,2020-08-12,30.0,315.0,314.84,0.060284588997586,337.44,0.07127429805615551,True,,False
133,2020-07-14,True,,SPY200812C00319000,SPY200812P00319000,2020-08-12,29.0,319.0,318.92,0.0537752414398595,337.44,0.05782014298256615,True,,False
134,2020-07-15,True,,SPY200814C00322000,SPY200814P00322000,2020-08-14,30.0,322.0,321.85,0.0523069752990523,336.84,0.04610843560664898,True,,False
135,2020-07-16,True,,SPY200814C00321000,SPY200814P00321000,2020-08-14,29.0,321.0,320.79,0.0509679229402412,336.84,0.049378097821004316,True,,False
136,2020-07-17,True,,SPY200817C00322000,SPY200817P00322000,2020-08-17,31.0,322.0,321.72,0.0478055451945791,337.91,0.04945294044510762,True,,False
137,2020-07-20,True,,SPY200819C00324000,SPY200819P00324000,2020-08-19,30.0,324.0,324.32,0.0454797730636408,337.23,0.040793043907252156,True,,False
138,2020-07-21,True,,SPY200819C00325000,SPY200819P00325000,2020-08-19,29.0,325.0,325.01,0.045552444540168,337.23,0.03762961139657247,True,,False
139,2020-07-22,True,,SPY200821C00327000,SPY200821P00327000,2020-08-21,30.0,327.0,326.86,0.0446674417181668,339.48,0.03818148442758373,True,,False
140,2020-07-23,True,,SPY200821C00323000,SPY200821P00323000,2020-08-21,29.0,323.0,322.96,0.0478542234332425,339.48,0.051027991082487054,True,,False
141,2020-07-24,True,,SPY200824C00321000,SPY200824P00321000,2020-08-24,31.0,321.0,320.88,0.0483046621790077,342.92,0.06831214161057098,True,,False
142,2020-07-27,True,,SPY200826C00323000,SPY200826P00323000,2020-08-26,30.0,323.0,323.22,0.0457118990161499,347.57,0.0760163356227956,True,,False
143,2020-07-28,True,,SPY200826C00321000,SPY200826P00321000,2020-08-26,29.0,321.0,321.17,0.0468599184232649,347.57,0.08272877292399661,True,,False
144,2020-07-29,True,,SPY200828C00325000,SPY200828P00325000,2020-08-28,30.0,325.0,325.12,0.0448449803149606,350.58,0.07867864173228341,True,,False
145,2020-07-30,True,,SPY200828C00324000,SPY200828P00324000,2020-08-28,29.0,324.0,323.96,0.0464409186319298,350.58,0.08204716631682919,True,,False
146,2020-07-31,True,,SPY200831C00327000,SPY200831P00327000,2020-08-31,31.0,327.0,326.52,0.044423006247703,349.31,0.06832659561435747,True,,False
147,2020-08-03,True,,SPY200902C00329000,SPY200902P00329000,2020-09-02,30.0,329.0,328.79,0.0445116943945983,357.7,0.08728975942090691,True,,False
148,2020-08-04,True,,SPY200902C00330000,SPY200902P00330000,2020-09-02,29.0,330.0,330.06,0.042492274131976,357.7,0.08392413500575649,True,,False
149,2020-08-05,True,,SPY200904C00332000,SPY200904P00332000,2020-09-04,30.0,332.0,332.11,0.0420041552497666,342.57,0.03182680437204539,True,,False
150,2020-08-06,True,,SPY200904C00334000,SPY200904P00334000,2020-09-04,29.0,334.0,334.33,0.0398558310651153,342.57,0.025633356264768325,True,,False
151,2020-08-07,True,,SPY200904C00335000,SPY200904P00335000,2020-09-04,28.0,335.0,334.57,0.0381683952536091,342.57,0.022626057327315638,True,,False
152,2020-08-10,True,,SPY200909C00336000,SPY200909P00336000,2020-09-09,30.0,336.0,335.57,0.0387400542360759,339.79,0.011294215811902198,True,,False
153,2020-08-11,True,,SPY200909C00333000,SPY200909P00333000,2020-09-09,29.0,333.0,332.8,0.0428635817307692,339.79,0.02040264423076929,True,,False
154,2020-08-12,True,,SPY200911C00337000,SPY200911P00337000,2020-09-11,30.0,337.0,337.44,0.0400515647226173,334.06,0.008712660028449495,True,,False
155,2020-08-13,True,,SPY200911C00337000,SPY200911P00337000,2020-09-11,29.0,337.0,336.83,0.0393967283199239,334.06,0.008728438678264994,True,,False
156,2020-08-14,True,,SPY200914C00337000,SPY200914P00337000,2020-09-14,31.0,337.0,336.84,0.0393658710366939,338.46,0.0043344020900130025,True,,False
157,2020-08-17,True,,SPY200916C00338000,SPY200916P00338000,2020-09-16,30.0,338.0,337.91,0.0384125950696931,338.82,0.0024266816607972333,True,,False
158,2020-08-18,True,,SPY200916C00339000,SPY200916P00339000,2020-09-16,29.0,339.0,338.64,0.0373848334514528,338.82,0.000531537916371388,True,,False
159,2020-08-19,True,,SPY200918C00337000,SPY200918P00337000,2020-09-18,30.0,337.0,337.23,0.0417074400260949,330.65,0.018829878717789114,True,,False
160,2020-08-20,True,,SPY200918C00338000,SPY200918P00338000,2020-09-18,29.0,338.0,338.28,0.0399521106775452,330.65,0.021727562965590703,True,,False
161,2020-08-21,True,,SPY200921C00339000,SPY200921P00339000,2020-09-21,31.0,339.0,339.48,0.039442677035466,326.97,0.035436550017674005,True,,False
162,2020-08-24,True,,SPY200923C00343000,SPY200923P00343000,2020-09-23,30.0,343.0,342.92,0.0381430071153621,322.64,0.059372448384462886,True,,False
163,2020-08-25,True,,SPY200923C00344000,SPY200923P00344000,2020-09-23,29.0,344.0,344.12,0.0371672672323608,322.64,0.06207137045216789,True,,False
164,2020-08-26,True,,SPY200925C00348000,SPY200925P00348000,2020-09-25,30.0,348.0,347.57,0.0402221135310872,328.73,0.05544206922346573,True,,False
165,2020-08-27,True,,SPY200925C00348000,SPY200925P00348000,2020-09-25,29.0,348.0,348.33,0.0417420262394855,328.73,0.05532110355123011,True,,False
166,2020-08-28,True,,SPY200928C00350000,SPY200928P00350000,2020-09-28,31.0,350.0,350.58,0.0396057961093045,334.19,0.04509669690227624,True,,False
167,2020-08-31,True,,SPY200930C00349000,SPY200930P00349000,2020-09-30,30.0,349.0,349.31,0.0447596690618648,334.89,0.04039391944118409,True,,False
168,2020-09-01,True,,SPY200930C00353000,SPY200930P00353000,2020-09-30,29.0,353.0,352.6,0.0428956324446965,334.89,0.05136131593874082,True,,False
169,2020-09-02,True,,SPY201002C00358000,SPY201002P00358000,2020-10-02,30.0,358.0,357.7,0.0459742801230081,333.84,0.06754263349175293,True,,False
170,2020-09-03,True,,SPY201002C00345000,SPY201002P00345000,2020-10-02,29.0,345.0,345.39,0.0569501143634731,333.84,0.032311300269260906,True,,False
171,2020-09-04,True,,SPY201005C00343000,SPY201005P00343000,2020-10-05,31.0,343.0,342.57,0.0539451790874857,339.76,0.009457921008844935,True,,False
172,2020-09-08,True,,SPY201009C00333000,SPY201009P00333000,2020-10-09,31.0,333.0,333.21,0.0597070916239008,346.85,0.04156537919030048,True,,False
173,2020-09-09,True,,SPY201009C00340000,SPY201009P00340000,2020-10-09,30.0,340.0,339.79,0.0537096441920009,346.85,0.020159510285764803,True,,False
174,2020-09-10,True,,SPY201009C00334000,SPY201009P00334000,2020-10-09,29.0,334.0,333.89,0.0553475695588367,346.85,0.03848572883284921,True,,False
175,2020-09-11,True,,SPY201012C00334000,SPY201012P00334000,2020-10-12,31.0,334.0,334.06,0.0518320062264263,352.43,0.055169729988624815,True,,False
176,2020-09-14,True,,SPY201014C00338000,SPY201014P00338000,2020-10-14,30.0,338.0,338.46,0.0487502215919163,347.93,0.029338769721680574,True,,False
177,2020-09-15,True,,SPY201014C00340000,SPY201014P00340000,2020-10-14,29.0,340.0,340.17,0.0469324161448687,347.93,0.023311873475027212,True,,False
178,2020-09-16,True,,SPY201016C00339000,SPY201016P00339000,2020-10-16,30.0,339.0,338.82,0.0485360958621096,347.29,0.024467268756271827,True,,False
179,2020-09-17,True,,SPY201016C00336000,SPY201016P00336000,2020-10-16,29.0,336.0,335.84,0.0487136731777036,347.29,0.03361719866603151,True,,False
180,2020-09-18,True,,SPY201019C00331000,SPY201019P00331000,2020-10-19,31.0,331.0,330.65,0.0502041433539997,342.01,0.033298049296839535,True,,False
181,2020-09-21,True,,SPY201021C00325000,SPY201021P00325000,2020-10-21,30.0,325.0,326.97,0.05549438786433,342.73,0.0542251582714011,True,,False
182,2020-09-22,True,,SPY201021C00330000,SPY201021P00330000,2020-10-21,29.0,330.0,330.3,0.0510445049954586,342.73,0.038540720557069384,True,,False
183,2020-09-23,True,,SPY201023C00323000,SPY201023P00323000,2020-10-23,30.0,323.0,322.64,0.0575719067691544,345.78,0.0706050086784031,True,,False
184,2020-09-24,True,,SPY201023C00323000,SPY201023P00323000,2020-10-23,29.0,323.0,323.5,0.0559969088098918,345.78,0.07041731066460578,True,,False
185,2020-09-25,True,,SPY201026C00329000,SPY201026P00329000,2020-10-26,31.0,329.0,328.73,0.0515012320141149,339.39,0.03160648556566174,True,,False
186,2020-09-28,True,,SPY201028C00334000,SPY201028P00334000,2020-10-28,30.0,334.0,334.19,0.051572458780933,326.66,0.02196355366707554,True,,False
187,2020-09-29,True,,SPY201028C00332000,SPY201028P00332000,2020-10-28,29.0,332.0,332.37,0.0526070343292114,326.66,0.016066431988446536,True,,False
188,2020-09-30,True,,SPY201030C00335000,SPY201030P00335000,2020-10-30,30.0,335.0,334.89,0.0522410343694944,326.54,0.02526202633700612,True,,False
189,2020-10-01,True,,SPY201030C00337000,SPY201030P00337000,2020-10-30,29.0,337.0,337.04,0.052115475907904,326.54,0.03103489200094938,True,,False
190,2020-10-02,True,,SPY201102C00334000,SPY201102P00334000,2020-11-02,31.0,334.0,333.84,0.0544122933141624,330.2,0.011382698298586184,True,,False
191,2020-10-05,True,,SPY201104C00340000,SPY201104P00340000,2020-11-04,30.0,340.0,339.76,0.0569078172827878,343.54,0.010419119378384802,True,,False
192,2020-10-06,True,,SPY201104C00335000,SPY201104P00335000,2020-11-04,29.0,335.0,334.93,0.0587884035470098,343.54,0.025497865225569582,True,,False
193,2020-10-07,True,,SPY201106C00341000,SPY201106P00341000,2020-11-06,30.0,341.0,340.76,0.0575918535039323,350.16,0.026881089329733612,True,,False
194,2020-10-08,True,,SPY201106C00344000,SPY201106P00344000,2020-11-06,29.0,344.0,343.78,0.0525190528826575,350.16,0.017918436209203633,True,,False
195,2020-10-09,True,,SPY201109C00347000,SPY201109P00347000,2020-11-09,31.0,347.0,346.85,0.0495747441257027,354.56,0.021796165489404648,True,,False
196,2020-10-12,True,,SPY201111C00352000,SPY201111P00352000,2020-11-11,30.0,352.0,352.43,0.0491728853956814,356.67,0.013250858326476225,True,,False
197,2020-10-13,True,,SPY201111C00350000,SPY201111P00350000,2020-11-11,29.0,350.0,350.13,0.0507240167937623,356.67,0.01905006711792767,True,,False
198,2020-10-14,True,,SPY201113C00348000,SPY201113P00348000,2020-11-13,30.0,348.0,347.93,0.0526973816572299,358.1,0.02902882763774329,True,,False
199,2020-10-15,True,,SPY201113C00347500,SPY201113P00347500,2020-11-13,29.0,347.5,347.5,0.052820143884892,358.1,0.030503597122302224,True,,False
200,2020-10-16,True,,SPY201116C00348000,SPY201116P00348000,2020-11-16,31.0,348.0,347.29,0.0537879006018025,362.57,0.04195341069423247,True,,False
201,2020-10-19,True,,SPY201118C00340000,SPY201118P00340000,2020-11-18,30.0,340.0,342.01,0.0603491125990468,356.28,0.047600947340720956,True,,False
202,2020-10-20,True,,SPY201118C00343000,SPY201118P00343000,2020-11-18,29.0,343.0,343.38,0.0583318772205719,356.28,0.038674354942046636,True,,False
203,2020-10-21,True,,SPY201120C00342500,SPY201120P00342500,2020-11-20,30.0,342.5,342.73,0.0589239342923,355.33,0.037434715373617665,True,,False
204,2020-10-22,True,,SPY201120C00345000,SPY201120P00345000,2020-11-20,29.0,345.0,344.61,0.0555990830213864,355.33,0.029975914802240166,True,,False
205,2020-10-23,True,,SPY201123C00346000,SPY201123P00346000,2020-11-23,31.0,346.0,345.78,0.055237434206721,357.46,0.033142460524032566,True,,False
206,2020-10-26,True,,SPY201125C00340000,SPY201125P00340000,2020-11-25,30.0,340.0,339.39,0.065485135095318,362.66,0.06676684640089581,True,,False
207,2020-10-27,True,,SPY201127C00338000,SPY201127P00338000,2020-11-27,31.0,338.0,338.22,0.0668204127490982,363.67,0.07589734492342266,True,,False
208,2020-10-28,True,,SPY201127C00327000,SPY201127P00327000,2020-11-27,30.0,327.0,326.66,0.0812618624869895,363.67,0.11225739300802061,True,,False
209,2020-10-29,True,,SPY201127C00330000,SPY201127P00330000,2020-11-27,29.0,330.0,329.98,0.0728225953088066,363.67,0.10203648705982185,True,,False
210,2020-10-30,True,,SPY201130C00327000,SPY201130P00327000,2020-11-30,31.0,327.0,326.54,0.0760703129785018,362.06,0.10736816316530899,True,,False
211,2020-11-02,True,,SPY201202C00330000,SPY201202P00330000,2020-12-02,30.0,330.0,330.2,0.0720472440944881,366.79,0.11141732283464574,True,,False
212,2020-11-03,True,,SPY201202C00336000,SPY201202P00336000,2020-12-02,29.0,336.0,336.03,0.0659762521203464,366.79,0.09162872362586681,True,,False
213,2020-11-04,True,,SPY201204C00344000,SPY201204P00344000,2020-12-04,30.0,344.0,343.54,0.0567473947720789,369.85,0.07524596844617809,True,,False
214,2020-11-05,True,,SPY201204C00350000,SPY201204P00350000,2020-12-04,29.0,350.0,350.24,0.0525782320694381,369.85,0.05667542256738243,True,,False
215,2020-11-06,True,,SPY201207C00350000,SPY201207P00350000,2020-12-07,31.0,350.0,350.16,0.0485492346355951,369.09,0.05451793465844178,True,,False
216,2020-11-09,True,,SPY201209C00355000,SPY201209P00355000,2020-12-09,30.0,355.0,354.56,0.0483275045126353,366.85,0.03342170577617335,True,,False
217,2020-11-10,True,,SPY201209C00354000,SPY201209P00354000,2020-12-09,29.0,354.0,354.04,0.0456445599367303,366.85,0.036295333860580786,True,,False
218,2020-11-11,True,,SPY201211C00357000,SPY201211P00357000,2020-12-11,30.0,357.0,356.67,0.0438220203549499,366.3,0.026074522668012478,True,,False
219,2020-11-12,True,,SPY201211C00353000,SPY201211P00353000,2020-12-11,29.0,353.0,353.21,0.0468276662608646,366.3,0.03765465303926846,True,,False
220,2020-11-13,True,,SPY201214C00358000,SPY201214P00358000,2020-12-14,31.0,358.0,358.1,0.0431304104998603,364.66,0.01859815693940247,True,,False
221,2020-11-16,True,,SPY201216C00363000,SPY201216P00363000,2020-12-16,30.0,363.0,362.57,0.0414126927214055,370.17,0.019775491629202682,True,,False
222,2020-11-17,True,,SPY201216C00361000,SPY201216P00361000,2020-12-16,29.0,361.0,360.62,0.0414702456879818,370.17,0.025428428817037368,True,,False
223,2020-11-18,True,,SPY201218C00356000,SPY201218P00356000,2020-12-18,30.0,356.0,356.28,0.0460031435949253,369.18,0.03699337599640734,True,,False
224,2020-11-19,True,,SPY201218C00358000,SPY201218P00358000,2020-12-18,29.0,358.0,357.78,0.0432248868019453,369.18,0.03124825311644029,True,,False
225,2020-11-20,True,,SPY201221C00355000,SPY201221P00355000,2020-12-21,31.0,355.0,355.33,0.0453944220865111,367.86,0.036191709115470164,True,,False
226,2020-11-23,True,,SPY201223C00357000,SPY201223P00357000,2020-12-23,30.0,357.0,357.46,0.0426481284619258,367.57,0.029569742069042674,True,,False
227,2020-11-24,True,,SPY201224C00363000,SPY201224P00363000,2020-12-24,30.0,363.0,363.22,0.0403474478277627,369.0,0.016518914156709433,True,,False
228,2020-11-25,True,,SPY201224C00363000,SPY201224P00363000,2020-12-24,29.0,363.0,362.66,0.0385898637842607,369.0,0.01654442177245905,True,,False
229,2020-11-27,True,,SPY201228C00364000,SPY201228P00364000,2020-12-28,31.0,364.0,363.67,0.038688921274782,372.17,0.02246542194846981,True,,False
230,2020-11-30,True,,SPY201230C00362000,SPY201230P00362000,2020-12-30,30.0,362.0,362.06,0.0389300116002872,371.99,0.027592111804673282,True,,False
231,2020-12-01,True,,SPY201231C00366000,SPY201231P00366000,2020-12-31,30.0,366.0,366.02,0.0392055078957434,373.88,0.021528878203376855,True,,False
232,2020-12-02,True,,SPY201231C00367000,SPY201231P00367000,2020-12-31,29.0,367.0,366.79,0.0380326617410507,373.88,0.01875732708089096,True,,False
233,2020-12-03,True,,SPY201231C00367000,SPY201231P00367000,2020-12-31,28.0,367.0,366.69,0.0370885489105238,373.88,0.018762442390029714,True,,False
234,2020-12-04,True,,SPY210104C00370000,SPY210104P00370000,2021-01-04,31.0,370.0,369.85,0.0366229552521292,368.79,0.0032715965932134093,True,,False
235,2020-12-07,True,,SPY210106C00369000,SPY210106P00369000,2021-01-06,30.0,369.0,369.09,0.0394077325313609,373.55,0.012327616570484196,True,,False
236,2020-12-08,True,,SPY210106C00370000,SPY210106P00370000,2021-01-06,29.0,370.0,370.17,0.0370505443444903,373.55,0.00959018829186593,True,,False
237,2020-12-09,True,,SPY210108C00367000,SPY210108P00367000,2021-01-08,30.0,367.0,366.85,0.0415019762845849,381.26,0.038871473354231946,True,,False
238,2020-12-10,True,,SPY210108C00367000,SPY210108P00367000,2021-01-08,29.0,367.0,366.73,0.0406429798489351,381.26,0.03888419273034655,True,,False
239,2020-12-11,True,,SPY210111C00366000,SPY210111P00366000,2021-01-11,31.0,366.0,366.3,0.0428064428064428,378.69,0.03464373464373464,True,,False
240,2020-12-14,True,,SPY210113C00365000,SPY210113P00365000,2021-01-13,30.0,365.0,364.66,0.0445894806120769,379.79,0.04055832830581917,True,,False
241,2020-12-15,True,,SPY210113C00370000,SPY210113P00370000,2021-01-13,29.0,370.0,369.59,0.0393814767715576,379.79,0.026488811926729677,True,,False
242,2020-12-16,True,,SPY210115C00370000,SPY210115P00370000,2021-01-15,30.0,370.0,370.17,0.0396169327606234,375.7,0.015398330496798738,True,,False
243,2020-12-17,True,,SPY210115C00372000,SPY210115P00372000,2021-01-15,29.0,372.0,372.24,0.0375295508274231,375.7,0.009939823769610973,True,,False
244,2020-12-18,True,,SPY210115C00369000,SPY210115P00369000,2021-01-15,28.0,369.0,369.18,0.0388563844195243,375.7,0.018148328728533475,True,,False
245,2020-12-21,True,,SPY210120C00368000,SPY210120P00368000,2021-01-20,30.0,368.0,367.86,0.0443647039634643,383.89,0.04319578100364265,True,,False
246,2020-12-22,True,,SPY210122C00367000,SPY210122P00367000,2021-01-22,31.0,367.0,367.24,0.0447799803942925,382.88,0.043241476963293744,True,,False
247,2020-12-23,True,,SPY210122C00367500,SPY210122P00367500,2021-01-22,30.0,367.5,367.57,0.0414478874772152,382.88,0.04184237016078569,True,,False
248,2020-12-24,True,,SPY210122C00369000,SPY210122P00369000,2021-01-22,29.0,369.0,369.0,0.0375745257452574,382.88,0.037615176151761506,True,,False
249,2020-12-28,True,,SPY210127C00372000,SPY210127P00372000,2021-01-27,30.0,372.0,372.17,0.0381814762071096,374.41,0.006475535373619649,True,,False
250,2020-12-29,True,,SPY210129C00371000,SPY210129P00371000,2021-01-29,31.0,371.0,371.46,0.0427636892262962,370.07,0.002503634307866276,True,,False
251,2020-12-30,True,,SPY210129C00372000,SPY210129P00372000,2021-01-29,30.0,372.0,371.99,0.0406596951530955,370.07,0.005188311513750388,True,,False
252,2020-12-31,True,,SPY210129C00374000,SPY210129P00374000,2021-01-29,29.0,374.0,373.88,0.0394912806247994,370.07,0.010511394030170127,True,,False
253,2021-01-04,True,,SPY210203C00368000,SPY210203P00368000,2021-02-03,30.0,368.0,368.79,0.0483879714742807,381.85,0.03755524824425831,True,,False
254,2021-01-05,True,,SPY210205C00371000,SPY210205P00371000,2021-02-05,31.0,371.0,371.33,0.0464950313737107,387.71,0.0450004039533568,True,,False
255,2021-01-06,True,,SPY210205C00374000,SPY210205P00374000,2021-02-05,30.0,374.0,373.55,0.0455226877258733,387.71,0.03670191406772849,True,,False
256,2021-01-07,True,,SPY210205C00379000,SPY210205P00379000,2021-02-05,29.0,379.0,379.1,0.0391057768398839,387.71,0.02297546821419145,True,,False
257,2021-01-08,True,,SPY210208C00382000,SPY210208P00382000,2021-02-08,31.0,382.0,381.26,0.0386219377852384,390.51,0.02232072601374388,True,,False
258,2021-01-11,True,,SPY210210C00378000,SPY210210P00378000,2021-02-10,30.0,378.0,378.69,0.0447199556365364,390.08,0.03189944281602362,True,,False
259,2021-01-12,True,,SPY210212C00379000,SPY210212P00379000,2021-02-12,31.0,379.0,378.77,0.0432584417984528,392.64,0.03601129973334738,True,,False
260,2021-01-13,True,,SPY210212C00380000,SPY210212P00380000,2021-02-12,30.0,380.0,379.79,0.0400879433371073,392.64,0.03328155033044573,True,,False
261,2021-01-14,True,,SPY210212C00378000,SPY210212P00378000,2021-02-12,29.0,378.0,378.46,0.0418009829308249,392.64,0.03868308407757752,True,,False
262,2021-01-15,True,,SPY210212C00376000,SPY210212P00376000,2021-02-12,28.0,376.0,375.7,0.042001597018898,392.64,0.04429065743944633,True,,False
263,2021-01-19,True,,SPY210219C00379000,SPY210219P00379000,2021-02-19,31.0,379.0,378.65,0.0421365376997227,390.03,0.02912980324838234,True,,False
264,2021-01-20,True,,SPY210219C00384000,SPY210219P00384000,2021-02-19,30.0,384.0,383.89,0.0384875875901951,390.03,0.01570762457995773,True,,False
265,2021-01-21,True,,SPY210219C00384000,SPY210219P00384000,2021-02-19,29.0,384.0,384.24,0.0374895898396835,390.03,0.015693316677076755,True,,False
266,2021-01-22,True,,SPY210222C00385000,SPY210222P00385000,2021-02-22,31.0,385.0,382.88,0.0377533430839949,387.03,0.005301922273297045,True,,False
267,2021-01-25,True,,SPY210224C00385000,SPY210224P00385000,2021-02-24,30.0,385.0,384.39,0.0401545305549051,391.77,0.017612320820000475,True,,False
268,2021-01-26,True,,SPY210226C00384000,SPY210226P00384000,2021-02-26,31.0,384.0,383.79,0.0426926183589984,380.36,0.00948435342244453,True,,False
269,2021-01-27,True,,SPY210226C00374000,SPY210226P00374000,2021-02-26,30.0,374.0,374.41,0.0597606901525066,380.36,0.016986725781896885,True,,False
270,2021-01-28,True,,SPY210226C00377500,SPY210226P00377500,2021-02-26,29.0,377.5,377.63,0.0520085798268146,380.36,0.0075735508301777235,True,,False
271,2021-01-29,True,,SPY210301C00370000,SPY210301P00370000,2021-03-01,31.0,370.0,370.07,0.0619477396168292,389.58,0.05290890912530058,True,,False
272,2021-02-01,True,,SPY210303C00376000,SPY210303P00376000,2021-03-03,30.0,376.0,376.23,0.0528665975600031,381.42,0.014406081386386028,True,,False
273,2021-02-02,True,,SPY210303C00382000,SPY210303P00382000,2021-03-03,29.0,382.0,381.55,0.0437557331935526,381.42,0.0015201153190931309,True,,False
274,2021-02-03,True,,SPY210305C00382000,SPY210305P00382000,2021-03-05,30.0,382.0,381.85,0.042307188686657,383.63,0.004268691894723046,True,,False
275,2021-02-04,True,,SPY210305C00386000,SPY210305P00386000,2021-03-05,29.0,386.0,386.19,0.0383101582122789,383.63,0.006136875631166018,True,,False
276,2021-02-05,True,,SPY210308C00388000,SPY210308P00388000,2021-03-08,31.0,388.0,387.71,0.0376441154471125,381.72,0.016197673518867126,True,,False
277,2021-02-08,True,,SPY210310C00391000,SPY210310P00391000,2021-03-10,30.0,391.0,390.51,0.0373613991959232,389.58,0.003636270518040552,True,,False
278,2021-02-09,True,,SPY210310C00390000,SPY210310P00390000,2021-03-10,29.0,390.0,390.25,0.0375528507367072,389.58,0.001076233183856543,True,,False
279,2021-02-10,True,,SPY210312C00390000,SPY210312P00390000,2021-03-12,30.0,390.0,390.08,0.0397738925348646,394.06,0.010408121410992623,True,,False
280,2021-02-11,True,,SPY210312C00391000,SPY210312P00391000,2021-03-12,29.0,391.0,390.71,0.0371759105218704,394.06,0.007831895779478392,True,,False
281,2021-02-12,True,,SPY210315C00395000,SPY210315P00395000,2021-03-15,31.0,395.0,392.64,0.0352995110024449,396.41,0.0035910757946210907,True,,False
282,2021-02-16,True,,SPY210317C00392000,SPY210317P00392000,2021-03-17,29.0,392.0,392.3,0.037114453224573,397.26,0.013408106041294904,True,,False
283,2021-02-17,True,,SPY210319C00392000,SPY210319P00392000,2021-03-19,30.0,392.0,392.39,0.0385968041999031,389.48,0.006422182012793348,True,,False
284,2021-02-18,True,,SPY210319C00391000,SPY210319P00391000,2021-03-19,29.0,391.0,390.72,0.0395551801801801,389.48,0.0038902538902538435,True,,False
285,2021-02-19,True,,SPY210322C00390000,SPY210322P00390000,2021-03-22,31.0,390.0,390.03,0.0391380150244853,392.59,0.006640514832192332,True,,False
286,2021-02-22,True,,SPY210324C00387000,SPY210324P00387000,2021-03-24,30.0,387.0,387.03,0.0422189494354442,387.52,0.0013435650983127454,True,,False
287,2021-02-23,True,,SPY210326C00387500,SPY210326P00387500,2021-03-26,31.0,387.5,387.5,0.0425677419354838,395.98,0.021883870967741983,True,,False
288,2021-02-24,True,,SPY210326C00392000,SPY210326P00392000,2021-03-26,30.0,392.0,391.77,0.0383388212471603,395.98,0.010159021875079813,True,,False
289,2021-02-25,True,,SPY210326C00382500,SPY210326P00382500,2021-03-26,29.0,382.5,382.33,0.0513953914157926,395.98,0.03525750006538859,True,,False
290,2021-02-26,True,,SPY210329C00380000,SPY210329P00380000,2021-03-29,31.0,380.0,380.36,0.0506362393521926,395.78,0.041487012304132855,True,,False
291,2021-03-01,True,,SPY210331C00390000,SPY210331P00390000,2021-03-31,30.0,390.0,389.58,0.0394655783151085,396.33,0.016248267364854418,True,,False
292,2021-03-02,True,,SPY210401C00387000,SPY210401P00387000,2021-04-01,30.0,387.0,386.54,0.0429709732498577,400.61,0.03520981011020855,True,,False
293,2021-03-03,True,,SPY210401C00381000,SPY210401P00381000,2021-04-01,29.0,381.0,381.42,0.0474935766346809,400.61,0.05141314037019562,True,,False
294,2021-03-04,True,,SPY210401C00377000,SPY210401P00377000,2021-04-01,28.0,377.0,376.7,0.0508494823466949,400.61,0.06267586939208923,True,,False
295,2021-03-05,True,,SPY210405C00385000,SPY210405P00385000,2021-04-05,31.0,385.0,383.63,0.042892891588249,406.36,0.05567864869796422,True,,False
296,2021-03-08,True,,SPY210407C00380000,SPY210407P00380000,2021-04-07,30.0,380.0,381.72,0.0477706172063292,406.59,0.06965838834747975,True,,False
297,2021-03-09,True,,SPY210409C00387000,SPY210409P00387000,2021-04-09,31.0,387.0,387.17,0.0439471033396182,411.49,0.06325386781000596,True,,False
298,2021-03-10,True,,SPY210409C00390000,SPY210409P00390000,2021-04-09,30.0,390.0,389.58,0.0400302890292109,411.49,0.05516196930027211,True,,False
299,2021-03-11,True,,SPY210409C00394000,SPY210409P00394000,2021-04-09,29.0,394.0,393.53,0.0374431428353619,411.49,0.04444387975503776,True,,False
300,2021-03-12,True,,SPY210412C00394000,SPY210412P00394000,2021-04-12,31.0,394.0,394.06,0.0363650205552453,411.64,0.04476475663604524,True,,False
301,2021-03-15,True,,SPY210414C00396000,SPY210414P00396000,2021-04-14,30.0,396.0,396.41,0.0348628944779395,411.45,0.03897479881940412,True,,False
302,2021-03-16,True,,SPY210414C00396000,SPY210414P00396000,2021-04-14,29.0,396.0,395.91,0.0340986587860877,411.45,0.039024020610744836,True,,False
303,2021-03-17,True,,SPY210416C00397000,SPY210416P00397000,2021-04-16,30.0,397.0,397.26,0.0338191612545939,417.26,0.05099934551678999,True,,False
304,2021-03-18,True,,SPY210416C00391000,SPY210416P00391000,2021-04-16,29.0,391.0,391.48,0.0373710023500561,417.26,0.06707877797077753,True,,False
305,2021-03-19,True,,SPY210419C00390000,SPY210419P00390000,2021-04-19,31.0,390.0,389.48,0.0373575023107733,415.21,0.06472732874602027,True,,False
306,2021-03-22,True,,SPY210421C00395000,SPY210421P00395000,2021-04-21,30.0,395.0,392.59,0.032260118698897,416.07,0.05366922234392112,True,,False
307,2021-03-23,True,,SPY210421C00390000,SPY210421P00390000,2021-04-21,29.0,390.0,389.5,0.0354428754813863,416.07,0.06693196405648265,True,,False
308,2021-03-24,True,,SPY210423C00387500,SPY210423P00387500,2021-04-23,30.0,387.5,387.52,0.0381657720891824,416.74,0.07545417010734932,True,,False
309,2021-03-25,True,,SPY210423C00390000,SPY210423P00390000,2021-04-23,29.0,390.0,389.7,0.034693353861945,416.74,0.06861688478316656,True,,False
310,2021-03-26,True,,SPY210426C00395000,SPY210426P00395000,2021-04-26,31.0,395.0,395.98,0.0334486590231829,417.61,0.05709884337592811,True,,False
311,2021-03-29,True,,SPY210428C00395000,SPY210428P00395000,2021-04-28,30.0,395.0,395.78,0.0365354489868108,417.4,0.056597099398655766,True,,False
312,2021-03-30,True,,SPY210428C00395000,SPY210428P00395000,2021-04-28,29.0,395.0,394.73,0.0338205862234945,417.4,0.05674765029260501,True,,False
313,2021-03-31,True,,SPY210430C00396000,SPY210430P00396000,2021-04-30,30.0,396.0,396.33,0.0348068528751293,417.3,0.05374309287714786,True,,False
314,2021-04-01,True,,SPY210430C00401000,SPY210430P00401000,2021-04-30,29.0,401.0,400.61,0.030328748658296,417.3,0.04068795087491578,True,,False
315,2021-04-05,True,,SPY210505C00405000,SPY210505P00405000,2021-05-05,30.0,405.0,406.36,0.0325819470420316,415.75,0.026454375430652623,True,,False
316,2021-04-06,True,,SPY210507C00406000,SPY210507P00406000,2021-05-07,31.0,406.0,406.12,0.0329089924160346,422.12,0.03969270166453266,True,,False
317,2021-04-07,True,,SPY210507C00406000,SPY210507P00406000,2021-05-07,30.0,406.0,406.59,0.0311862072357903,422.12,0.03964681866253476,True,,False
318,2021-04-08,True,,SPY210507C00409000,SPY210507P00409000,2021-05-07,29.0,409.0,408.52,0.0298638989523156,422.12,0.032115930676588675,True,,False
319,2021-04-09,True,,SPY210510C00411000,SPY210510P00411000,2021-05-10,31.0,411.0,411.49,0.0301829935113854,417.94,0.016865537437118758,True,,False
320,2021-04-12,True,,SPY210512C00412000,SPY210512P00412000,2021-05-12,30.0,412.0,411.64,0.0304635118064328,405.41,0.016009134194927548,True,,False
321,2021-04-13,True,,SPY210512C00413000,SPY210512P00413000,2021-05-12,29.0,413.0,412.86,0.0295499685123286,405.41,0.018383955820374883,True,,False
322,2021-04-14,True,,SPY210514C00411000,SPY210514P00411000,2021-05-14,30.0,411.0,411.45,0.0315105116052983,416.58,0.013561793656580348,True,,False
323,2021-04-15,True,,SPY210514C00416000,SPY210514P00416000,2021-05-14,29.0,416.0,415.87,0.0291437227979897,416.58,0.0013946666025440259,True,,False
324,2021-04-16,True,,SPY210517C00417000,SPY210517P00417000,2021-05-17,31.0,417.0,417.26,0.0293462109955423,415.52,0.003546949144418392,True,,False
325,2021-04-19,True,,SPY210519C00415000,SPY210519P00415000,2021-05-19,30.0,415.0,415.21,0.0321283206088485,410.86,0.009970858119987444,True,,False
326,2021-04-20,True,,SPY210519C00412000,SPY210519P00412000,2021-05-19,29.0,412.0,412.17,0.0344032801999175,410.86,0.002765849042870627,True,,False
327,2021-04-21,True,,SPY210521C00416000,SPY210521P00416000,2021-05-21,30.0,416.0,416.07,0.0320859470762131,414.94,0.002547648232268614,True,,False
328,2021-04-22,True,,SPY210521C00412000,SPY210521P00412000,2021-05-21,29.0,412.0,412.27,0.0353287893855968,414.94,0.007131248938802236,True,,False
329,2021-04-23,True,,SPY210524C00417000,SPY210524P00417000,2021-05-24,31.0,417.0,416.74,0.0320343619522963,419.17,0.005207083553294658,True,,False
330,2021-04-26,True,,SPY210526C00418000,SPY210526P00418000,2021-05-26,30.0,418.0,417.61,0.0322310289504561,419.07,0.002562199181054077,True,,False
331,2021-04-27,True,,SPY210528C00417500,SPY210528P00417500,2021-05-28,31.0,417.5,417.52,0.0333037938302356,420.04,0.006083540908220015,True,,False
332,2021-04-28,True,,SPY210528C00417500,SPY210528P00417500,2021-05-28,30.0,417.5,417.4,0.0319956875898418,420.04,0.006085289889794012,True,,False
333,2021-04-29,True,,SPY210528C00420000,SPY210528P00420000,2021-05-28,29.0,420.0,420.06,0.0311026996143408,420.04,9.522449173932406e-05,True,,False
334,2021-04-30,True,,SPY210528C00417500,SPY210528P00417500,2021-05-28,28.0,417.5,417.3,0.0322909178049364,420.04,0.006086748142822958,True,,False
335,2021-05-03,True,,SPY210602C00418000,SPY210602P00418000,2021-06-02,30.0,418.0,418.2,0.0321138211382113,420.33,0.005571496891439464,True,,False
336,2021-05-04,True,,SPY210602C00416000,SPY210602P00416000,2021-06-02,29.0,416.0,415.62,0.0339853712525864,420.33,0.01041817044415568,True,,False
337,2021-05-05,True,,SPY210604C00416000,SPY210604P00416000,2021-06-04,30.0,416.0,415.75,0.0347203848466626,422.6,0.015874924834636255,True,,False
338,2021-05-06,True,,SPY210604C00419000,SPY210604P00419000,2021-06-04,29.0,419.0,419.07,0.031569904789176,422.6,0.008590450282769042,True,,False
339,2021-05-07,True,,SPY210607C00422000,SPY210607P00422000,2021-06-07,31.0,422.0,422.12,0.0296124324836539,422.19,0.00045010897375153444,True,,False
340,2021-05-10,True,,SPY210609C00420000,SPY210609P00420000,2021-06-09,30.0,420.0,417.94,0.033760826912954,421.65,0.00394793511030286,True,,False
341,2021-05-11,True,,SPY210611C00414000,SPY210611P00414000,2021-06-11,31.0,414.0,414.21,0.0404504961251539,424.31,0.02489075589676735,True,,False
342,2021-05-12,True,,SPY210611C00405000,SPY210611P00405000,2021-06-11,30.0,405.0,405.41,0.0511457536814582,424.31,0.04763079351767347,True,,False
343,2021-05-13,True,,SPY210611C00410000,SPY210611P00410000,2021-06-11,29.0,410.0,410.28,0.0425441162133177,424.31,0.034878619479379945,True,,False
344,2021-05-14,True,,SPY210614C00417000,SPY210614P00417000,2021-06-14,31.0,417.0,416.58,0.0339550626530318,425.26,0.019828124249843947,True,,False
345,2021-05-17,True,,SPY210616C00416000,SPY210616P00416000,2021-06-16,30.0,416.0,415.52,0.0354976896418944,422.11,0.014704466692337347,True,,False
346,2021-05-18,True,,SPY210616C00412000,SPY210616P00412000,2021-06-16,29.0,412.0,411.94,0.0382215856678157,422.11,0.024542409088702272,True,,False
347,2021-05-19,True,,SPY210618C00411000,SPY210618P00411000,2021-06-18,30.0,411.0,410.86,0.0406464489120381,414.92,0.009540962858394625,True,,False
348,2021-05-20,True,,SPY210618C00415000,SPY210618P00415000,2021-06-18,29.0,415.0,415.28,0.0367583317279907,414.92,0.00019264110961275305,True,,False
349,2021-05-21,True,,SPY210621C00415000,SPY210621P00415000,2021-06-21,31.0,415.0,414.94,0.0360654552465416,420.86,0.014122523738371846,True,,False
350,2021-05-24,True,,SPY210623C00419000,SPY210623P00419000,2021-06-23,30.0,419.0,419.17,0.0318247966218956,422.6,0.008588400887468145,True,,False
351,2021-05-25,True,,SPY210623C00418000,SPY210623P00418000,2021-06-23,29.0,418.0,418.24,0.0322900726855394,422.6,0.010998469778117881,True,,False
352,2021-05-26,True,,SPY210625C00419000,SPY210625P00419000,2021-06-25,30.0,419.0,419.07,0.030543823227623,426.61,0.01815925740329781,True,,False
353,2021-05-27,True,,SPY210625C00419000,SPY210625P00419000,2021-06-25,29.0,419.0,419.29,0.0290610317441388,426.61,0.018149729304300158,True,,False
354,2021-05-28,True,,SPY210628C00420000,SPY210628P00420000,2021-06-28,31.0,420.0,420.04,0.0281996952671174,427.47,0.01778402056946964,True,,False
355,2021-06-01,True,,SPY210630C00420000,SPY210630P00420000,2021-06-30,29.0,420.0,419.67,0.0298091357495174,428.06,0.01920556627826626,True,,False
356,2021-06-02,True,,SPY210702C00420000,SPY210702P00420000,2021-07-02,30.0,420.0,420.33,0.0297980158446934,433.72,0.032641020150833935,True,,False
357,2021-06-03,True,,SPY210702C00419000,SPY210702P00419000,2021-07-02,29.0,419.0,418.77,0.0304701864985552,433.72,0.03515055997325508,True,,False
358,2021-06-04,True,,SPY210702C00422500,SPY210702P00422500,2021-07-02,28.0,422.5,422.6,0.0266919072408897,433.72,0.02654992901088506,True,,False
359,2021-06-07,True,,SPY210707C00422000,SPY210707P00422000,2021-07-07,30.0,422.0,422.19,0.0270020606835784,434.46,0.029512778606788366,True,,False
360,2021-06-08,True,,SPY210709C00422500,SPY210709P00422500,2021-07-09,31.0,422.5,422.28,0.0285710902718575,435.52,0.030832622904234115,True,,False
361,2021-06-09,True,,SPY210709C00422000,SPY210709P00422000,2021-07-09,30.0,422.0,421.65,0.0295268587691213,435.52,0.03206450847859595,True,,False
362,2021-06-10,True,,SPY210709C00424000,SPY210709P00424000,2021-07-09,29.0,424.0,423.61,0.0249876065248695,435.52,0.027194825429050263,True,,False
363,2021-06-11,True,,SPY210712C00424000,SPY210712P00424000,2021-07-12,31.0,424.0,424.31,0.0248638966793146,437.08,0.03082651834743462,True,,False
364,2021-06-14,True,,SPY210714C00425000,SPY210714P00425000,2021-07-14,30.0,425.0,425.26,0.0259488313032027,436.24,0.02643088933828719,True,,False
365,2021-06-15,True,,SPY210714C00424000,SPY210714P00424000,2021-07-14,29.0,424.0,424.48,0.0264205616283452,436.24,0.028835280814172654,True,,False
366,2021-06-16,True,,SPY210716C00422000,SPY210716P00422000,2021-07-16,30.0,422.0,422.11,0.029245931155386,431.34,0.022126933737651264,True,,False
367,2021-06-17,True,,SPY210716C00422000,SPY210716P00422000,2021-07-16,29.0,422.0,421.97,0.02747825674811,431.34,0.02213427494845599,True,,False
368,2021-06-18,True,,SPY210719C00415000,SPY210719P00415000,2021-07-19,31.0,415.0,414.92,0.0357418297503133,424.97,0.024028728429576852,True,,False
369,2021-06-21,True,,SPY210721C00420000,SPY210721P00420000,2021-07-21,30.0,420.0,420.86,0.0302713491422325,434.55,0.034572066720524666,True,,False
370,2021-06-22,True,,SPY210723C00423000,SPY210723P00423000,2021-07-23,31.0,423.0,423.11,0.0279123632152395,439.94,0.040036869844721226,True,,False
371,2021-06-23,True,,SPY210723C00422500,SPY210723P00422500,2021-07-23,30.0,422.5,422.6,0.0271651680075721,439.94,0.04126833885470894,True,,False
372,2021-06-24,True,,SPY210723C00425000,SPY210723P00425000,2021-07-23,29.0,425.0,425.1,0.0253469771818395,439.94,0.03514467184191954,True,,False
373,2021-06-25,True,,SPY210726C00426000,SPY210726P00426000,2021-07-26,31.0,426.0,426.61,0.02463608447997,441.02,0.035207801036075057,True,,False
374,2021-06-28,True,,SPY210728C00428000,SPY210728P00428000,2021-07-28,30.0,428.0,427.47,0.0246567010550447,438.83,0.025335111235876163,True,,False
375,2021-06-29,True,,SPY210730C00427500,SPY210730P00427500,2021-07-30,31.0,427.5,427.7,0.0266892681786298,438.51,0.02574234276361934,True,,False
376,2021-06-30,True,,SPY210730C00428000,SPY210730P00428000,2021-07-30,30.0,428.0,428.06,0.0259309442601504,438.51,0.02455263280848477,True,,False
377,2021-07-01,True,,SPY210730C00430000,SPY210730P00430000,2021-07-30,29.0,430.0,430.43,0.0248937109402225,438.51,0.019770926747670912,True,,False
378,2021-07-02,True,,SPY210802C00434000,SPY210802P00434000,2021-08-02,31.0,434.0,433.72,0.0241976390297888,437.59,0.008277229549017742,True,,False
379,2021-07-06,True,,SPY210804C00433000,SPY210804P00433000,2021-08-04,29.0,433.0,432.93,0.0257778393735707,438.98,0.013812856581895499,True,,False
380,2021-07-07,True,,SPY210806C00434000,SPY210806P00434000,2021-08-06,30.0,434.0,434.46,0.0272407126087556,442.49,0.019541499792846313,True,,False
381,2021-07-08,True,,SPY210806C00431000,SPY210806P00431000,2021-08-06,29.0,431.0,430.92,0.0308177852037501,442.49,0.02666388192703984,True,,False
382,2021-07-09,True,,SPY210809C00436000,SPY210809P00436000,2021-08-09,31.0,436.0,435.52,0.0259230345334313,442.13,0.014075128581925046,True,,False
383,2021-07-12,True,,SPY210811C00438000,SPY210811P00438000,2021-08-11,30.0,438.0,437.08,0.025967786217626,443.78,0.01322412373020951,True,,False
384,2021-07-13,True,,SPY210811C00436000,SPY210811P00436000,2021-08-11,29.0,436.0,435.59,0.0279276383755366,443.78,0.017860832434169686,True,,False
385,2021-07-14,True,,SPY210813C00436000,SPY210813P00436000,2021-08-13,30.0,436.0,436.24,0.0279891802677425,445.92,0.022739776269943186,True,,False
386,2021-07-15,True,,SPY210813C00435000,SPY210813P00435000,2021-08-13,29.0,435.0,434.75,0.0282921219091431,445.92,0.025117883841288133,True,,False
387,2021-07-16,True,,SPY210816C00431000,SPY210816P00431000,2021-08-16,31.0,431.0,431.34,0.0323294848611304,446.97,0.0370241572773219,True,,False
388,2021-07-19,True,,SPY210818C00425000,SPY210818P00425000,2021-08-18,30.0,425.0,424.97,0.038967456526343,439.18,0.03336706120432032,True,,False
389,2021-07-20,True,,SPY210818C00431000,SPY210818P00431000,2021-08-18,29.0,431.0,431.06,0.0330464436505358,439.18,0.018976476592585733,True,,False
390,2021-07-21,True,,SPY210820C00435000,SPY210820P00435000,2021-08-20,30.0,435.0,434.55,0.0300540789322287,443.36,0.019238292486480298,True,,False
391,2021-07-22,True,,SPY210820C00435000,SPY210820P00435000,2021-08-20,29.0,435.0,435.46,0.0298075598217976,443.36,0.019198089376751055,True,,False
392,2021-07-23,True,,SPY210823C00440000,SPY210823P00440000,2021-08-23,31.0,440.0,439.94,0.0279242623994181,447.26,0.016502250306860006,True,,False
393,2021-07-26,True,,SPY210825C00442000,SPY210825P00442000,2021-08-25,30.0,442.0,441.02,0.0279919278037277,448.91,0.015668223663325983,True,,False
394,2021-07-27,True,,SPY210825C00439000,SPY210825P00439000,2021-08-25,29.0,439.0,439.01,0.0303409945103756,448.91,0.02257351768752426,True,,False
395,2021-07-28,True,,SPY210827C00439000,SPY210827P00439000,2021-08-27,30.0,439.0,438.83,0.0308889547205068,450.25,0.025636351206617596,True,,False
396,2021-07-29,True,,SPY210827C00441000,SPY210827P00441000,2021-08-27,29.0,441.0,440.65,0.0282877567230228,450.25,0.02099171678202655,True,,False
397,2021-07-30,True,,SPY210830C00439000,SPY210830P00439000,2021-08-30,31.0,439.0,438.51,0.0302615675811269,452.23,0.03017034959293977,True,,False
398,2021-08-02,True,,SPY210901C00438000,SPY210901P00438000,2021-09-01,30.0,438.0,437.59,0.0326789917502685,451.8,0.03153636966109832,True,,False
399,2021-08-03,True,,SPY210901C00441000,SPY210901P00441000,2021-09-01,29.0,441.0,441.15,0.0288563980505496,451.8,0.024481468888133316,True,,False
400,2021-08-04,True,,SPY210903C00439000,SPY210903P00439000,2021-09-03,30.0,439.0,438.98,0.0309125700487493,453.08,0.03207435418470086,True,,False
401,2021-08-05,True,,SPY210903C00442000,SPY210903P00442000,2021-09-03,29.0,442.0,441.76,0.028227997102499,453.08,0.02508149221296628,True,,False
402,2021-08-06,True,,SPY210903C00442000,SPY210903P00442000,2021-09-03,28.0,442.0,442.49,0.0264751745802165,453.08,0.02504011390087908,True,,False
403,2021-08-09,True,,SPY210908C00442000,SPY210908P00442000,2021-09-08,30.0,442.0,442.13,0.0274240607965982,450.91,0.02015244385135599,True,,False
404,2021-08-10,True,,SPY210910C00442500,SPY210910P00442500,2021-09-10,31.0,442.5,442.68,0.0284517032619499,445.44,0.006641366223908913,True,,False
405,2021-08-11,True,,SPY210910C00444000,SPY210910P00444000,2021-09-10,30.0,444.0,443.78,0.0263869484879895,445.44,0.0032448510523232182,True,,False
406,2021-08-12,True,,SPY210910C00445000,SPY210910P00445000,2021-09-10,29.0,445.0,445.11,0.0248927231470872,445.44,0.0009885196917615818,True,,False
407,2021-08-13,True,,SPY210913C00446000,SPY210913P00446000,2021-09-13,31.0,446.0,445.92,0.0245111230714029,446.58,0.001300681736634338,True,,False
408,2021-08-16,True,,SPY210915C00447000,SPY210915P00447000,2021-09-15,30.0,447.0,446.97,0.0258182875808219,447.88,0.001968812224534075,True,,False
409,2021-08-17,True,,SPY210915C00444000,SPY210915P00444000,2021-09-15,29.0,444.0,444.04,0.0284546437257904,447.88,0.008737951535897657,True,,False
410,2021-08-18,True,,SPY210917C00439000,SPY210917P00439000,2021-09-17,30.0,439.0,439.18,0.0370690832915888,441.4,0.005464729723575703,True,,False
411,2021-08-19,True,,SPY210917C00440000,SPY210917P00440000,2021-09-17,29.0,440.0,439.86,0.0360000909380257,441.4,0.003182830900741093,True,,False
412,2021-08-20,True,,SPY210920C00443000,SPY210920P00443000,2021-09-20,31.0,443.0,443.36,0.0306522915914832,434.04,0.020209310718152244,True,,False
413,2021-08-23,True,,SPY210922C00448000,SPY210922P00448000,2021-09-22,30.0,448.0,447.26,0.0270088986271967,437.86,0.022671376827795884,True,,False
414,2021-08-24,True,,SPY210922C00448000,SPY210922P00448000,2021-09-22,29.0,448.0,447.97,0.0265307944728441,437.86,0.022635444337790446,True,,False
415,2021-08-25,True,,SPY210924C00449000,SPY210924P00449000,2021-09-24,30.0,449.0,448.91,0.0263861353055178,443.91,0.011338575661045588,True,,False
416,2021-08-26,True,,SPY210924C00446000,SPY210924P00446000,2021-09-24,29.0,446.0,446.26,0.0295119437099448,443.91,0.004683368439922859,True,,False
417,2021-08-27,True,,SPY210927C00450000,SPY210927P00450000,2021-09-27,31.0,450.0,450.25,0.0254081066074403,442.64,0.01634647418101058,True,,False
418,2021-08-30,True,,SPY210929C00450000,SPY210929P00450000,2021-09-29,30.0,450.0,452.23,0.0265572827985759,434.45,0.034385157994825666,True,,False
419,2021-08-31,True,,SPY210930C00452000,SPY210930P00452000,2021-09-30,30.0,452.0,451.56,0.0255558508282398,429.14,0.050624501727345235,True,,False
420,2021-09-01,True,,SPY211001C00452000,SPY211001P00452000,2021-10-01,30.0,452.0,451.8,0.0254758742806551,434.24,0.039309428950863194,True,,False
421,2021-09-02,True,,SPY211001C00453000,SPY211001P00453000,2021-10-01,29.0,453.0,453.19,0.0249012555440323,434.24,0.0413954412056753,True,,False
422,2021-09-03,True,,SPY211004C00455000,SPY211004P00455000,2021-10-04,31.0,455.0,453.08,0.0239582413701774,428.64,0.058179570936699954,True,,False
423,2021-09-07,True,,SPY211008C00451000,SPY211008P00451000,2021-10-08,31.0,451.0,451.46,0.0288397643202055,437.86,0.029105568599654425,True,,False
424,2021-09-08,True,,SPY211008C00451000,SPY211008P00451000,2021-10-08,30.0,451.0,450.91,0.0280432902353019,437.86,0.02914107028010021,True,,False
425,2021-09-09,True,,SPY211008C00449000,SPY211008P00449000,2021-10-08,29.0,449.0,448.98,0.0298899728272974,437.86,0.024811795625640308,True,,False
426,2021-09-10,True,,SPY211011C00445000,SPY211011P00445000,2021-10-11,31.0,445.0,445.44,0.0342807112068965,434.69,0.02314565373563219,True,,False
427,2021-09-13,True,,SPY211013C00447000,SPY211013P00447000,2021-10-13,30.0,447.0,446.58,0.0313269738904563,435.18,0.026467822114738665,True,,False
428,2021-09-14,True,,SPY211013C00444000,SPY211013P00444000,2021-10-13,29.0,444.0,444.17,0.0324763041177927,435.18,0.01985726185919804,True,,False
429,2021-09-15,True,,SPY211015C00448000,SPY211015P00448000,2021-10-15,30.0,448.0,447.88,0.0294275252299723,445.87,0.004755738144145743,True,,False
430,2021-09-16,True,,SPY211015C00447000,SPY211015P00447000,2021-10-15,29.0,447.0,447.17,0.0297426034841335,445.87,0.0025270031531632164,True,,False
431,2021-09-17,True,,SPY211018C00442000,SPY211018P00442000,2021-10-18,31.0,442.0,441.4,0.0353307657453556,447.19,0.011758042591753507,True,,False
432,2021-09-20,True,,SPY211020C00434000,SPY211020P00434000,2021-10-20,30.0,434.0,434.04,0.0453068841581421,452.41,0.042415445581052494,True,,False
433,2021-09-21,True,,SPY211020C00434000,SPY211020P00434000,2021-10-20,29.0,434.0,433.63,0.0429974863362774,452.41,0.04245554966215443,True,,False
434,2021-09-22,True,,SPY211022C00438000,SPY211022P00438000,2021-10-22,30.0,438.0,437.86,0.0377632119855661,453.12,0.034531585438267946,True,,False
435,2021-09-23,True,,SPY211022C00443000,SPY211022P00443000,2021-10-22,29.0,443.0,443.18,0.0320750033846292,453.12,0.022834965476781453,True,,False
436,2021-09-24,True,,SPY211025C00444000,SPY211025P00444000,2021-10-25,31.0,444.0,443.91,0.0306818949787119,455.55,0.026018787592079498,True,,False
437,2021-09-27,True,,SPY211027C00443000,SPY211027P00443000,2021-10-27,30.0,443.0,442.64,0.0319446954635821,453.94,0.024715344297849263,True,,False
438,2021-09-28,True,,SPY211027C00434000,SPY211027P00434000,2021-10-27,29.0,434.0,433.72,0.0422507608595407,453.94,0.045974361339112785,True,,False
439,2021-09-29,True,,SPY211029C00434000,SPY211029P00434000,2021-10-29,30.0,434.0,434.45,0.043549315226148,459.25,0.05811946138796179,True,,False
440,2021-09-30,True,,SPY211029C00429000,SPY211029P00429000,2021-10-29,29.0,429.0,429.14,0.0453581581768187,459.25,0.0704898168429883,True,,False
441,2021-10-01,True,,SPY211101C00434000,SPY211101P00434000,2021-11-01,31.0,434.0,434.24,0.0404960390567428,460.04,0.05996683861459105,True,,False
442,2021-10-04,True,,SPY211103C00428000,SPY211103P00428000,2021-11-03,30.0,428.0,428.64,0.0454460619634191,464.72,0.08566629339305717,True,,False
443,2021-10-05,True,,SPY211103C00433000,SPY211103P00433000,2021-11-03,29.0,433.0,433.1,0.0404063726622027,464.72,0.07323943661971836,True,,False
444,2021-10-06,True,,SPY211105C00435000,SPY211105P00435000,2021-11-05,30.0,435.0,434.9,0.0406760174752816,468.53,0.07709818349045752,True,,False
445,2021-10-07,True,,SPY211105C00439000,SPY211105P00439000,2021-11-05,29.0,439.0,438.66,0.0360643778780832,468.53,0.0673186522591528,True,,False
446,2021-10-08,True,,SPY211108C00438000,SPY211108P00438000,2021-11-08,31.0,438.0,437.86,0.0357648563467775,468.93,0.07063901703740923,True,,False
447,2021-10-11,True,,SPY211110C00435000,SPY211110P00435000,2021-11-10,30.0,435.0,434.69,0.0382571487726885,463.62,0.06584002392509605,True,,False
448,2021-10-12,True,,SPY211110C00434000,SPY211110P00434000,2021-11-10,29.0,434.0,433.62,0.0367602970342696,463.62,0.06830865734975325,True,,False
449,2021-10-13,True,,SPY211112C00435000,SPY211112P00435000,2021-11-12,30.0,435.0,435.18,0.0354106346799025,467.27,0.07415322395330663,True,,False
450,2021-10-14,True,,SPY211112C00442000,SPY211112P00442000,2021-11-12,29.0,442.0,442.5,0.029909604519774,467.27,0.05710734463276832,True,,False
451,2021-10-15,True,,SPY211115C00446000,SPY211115P00446000,2021-11-15,31.0,446.0,445.87,0.0284275685737995,467.43,0.04806333684706306,True,,False
452,2021-10-18,True,,SPY211117C00447000,SPY211117P00447000,2021-11-17,30.0,447.0,447.19,0.0286567230930924,468.14,0.04727297122028665,True,,False
453,2021-10-19,True,,SPY211117C00451000,SPY211117P00451000,2021-11-17,29.0,451.0,450.64,0.0265844132788922,468.14,0.03803479495828153,True,,False
454,2021-10-20,True,,SPY211119C00452500,SPY211119P00452500,2021-11-19,30.0,452.5,452.41,0.027198779867819,468.89,0.03622820008399458,True,,False
455,2021-10-21,True,,SPY211119C00454000,SPY211119P00454000,2021-11-19,29.0,454.0,453.59,0.025695010912939,468.89,0.0328270023589585,True,,False
456,2021-10-22,True,,SPY211122C00453000,SPY211122P00453000,2021-11-22,31.0,453.0,453.12,0.0275092690677966,467.57,0.03215483757062145,True,,False
457,2021-10-25,True,,SPY211124C00456000,SPY211124P00456000,2021-11-24,30.0,456.0,455.55,0.0268686203490286,469.44,0.029502798814619684,True,,False
458,2021-10-26,True,,SPY211124C00456000,SPY211124P00456000,2021-11-24,29.0,456.0,455.96,0.027908149837705,469.44,0.029476269848232296,True,,False
459,2021-10-27,True,,SPY211126C00454000,SPY211126P00454000,2021-11-26,30.0,454.0,453.94,0.0302352733841476,458.97,0.010948583513239695,True,,False
460,2021-10-28,True,,SPY211126C00458000,SPY211126P00458000,2021-11-26,29.0,458.0,458.32,0.0278189910979228,458.97,0.002116425205096935,True,,False
461,2021-10-29,True,,SPY211129C00459000,SPY211129P00459000,2021-11-29,31.0,459.0,459.25,0.0281328252585737,464.6,0.012193794229722422,True,,False
462,2021-11-01,True,,SPY211201C00460000,SPY211201P00460000,2021-12-01,30.0,460.0,460.04,0.0283453612729327,450.5,0.020650378227980173,True,,False
463,2021-11-02,True,,SPY211201C00462000,SPY211201P00462000,2021-12-01,29.0,462.0,461.9,0.0268456375838926,450.5,0.02489716388828751,True,,False
464,2021-11-03,True,,SPY211203C00465000,SPY211203P00465000,2021-12-03,30.0,465.0,464.72,0.0263491995179893,453.42,0.024918230332243035,True,,False
465,2021-11-04,True,,SPY211203C00467000,SPY211203P00467000,2021-12-03,29.0,467.0,466.91,0.025486710500953,453.42,0.029084834336381708,True,,False
466,2021-11-05,True,,SPY211206C00469000,SPY211206P00469000,2021-12-06,31.0,469.0,468.53,0.0268819499284997,458.79,0.0217915608392205,True,,False
467,2021-11-08,True,,SPY211208C00469000,SPY211208P00469000,2021-12-08,30.0,469.0,468.93,0.0281278655662892,469.52,0.0011089075128483607,True,,False
468,2021-11-09,True,,SPY211208C00467000,SPY211208P00467000,2021-12-08,29.0,467.0,467.38,0.0292909409902006,469.52,0.005391758312294026,True,,False
469,2021-11-10,True,,SPY211210C00464000,SPY211210P00464000,2021-12-10,30.0,464.0,463.62,0.03250506880635,470.74,0.01453776799965491,True,,False
470,2021-11-11,True,,SPY211210C00464000,SPY211210P00464000,2021-12-10,29.0,464.0,463.77,0.030543157168424,470.74,0.01453306595941956,True,,False
471,2021-11-12,True,,SPY211213C00468000,SPY211213P00468000,2021-12-13,31.0,468.0,467.27,0.0282491921159072,466.57,0.003060329145889971,True,,False
472,2021-11-15,True,,SPY211215C00467000,SPY211215P00467000,2021-12-15,30.0,467.0,467.43,0.0294161692659863,470.6,0.007701687953276475,True,,False
473,2021-11-16,True,,SPY211215C00469000,SPY211215P00469000,2021-12-15,29.0,469.0,469.28,0.0284265257415615,470.6,0.0034094783498125275,True,,False
474,2021-11-17,True,,SPY211217C00468000,SPY211217P00468000,2021-12-17,30.0,468.0,468.14,0.0312299739394198,459.87,0.017366599735121963,True,,False
475,2021-11-18,True,,SPY211217C00470000,SPY211217P00470000,2021-12-17,29.0,470.0,469.73,0.0305494645860387,459.87,0.021565580226938868,True,,False
476,2021-11-19,True,,SPY211220C00469000,SPY211220P00469000,2021-12-20,31.0,469.0,468.89,0.0310627226001834,454.98,0.029900403079613516,True,,False
477,2021-11-22,True,,SPY211222C00468000,SPY211222P00468000,2021-12-22,30.0,468.0,467.57,0.033128729388113,467.69,0.00066300233120175,True,,False
478,2021-11-23,True,,SPY211223C00468000,SPY211223P00468000,2021-12-23,30.0,468.0,468.19,0.0330528204361477,470.6,0.005553301010273655,True,,False
479,2021-11-24,True,,SPY211223C00469000,SPY211223P00469000,2021-12-23,29.0,469.0,469.44,0.0314843217450579,470.6,0.003408316291751923,True,,False
480,2021-11-26,False,no_pair_passing_relative_spread_10pct,,,,,,458.97,,,,False,no_straddle_available,False
481,2021-11-29,True,,SPY211229C00465000,SPY211229P00465000,2021-12-29,30.0,465.0,464.6,0.0380111924235901,477.48,0.02686181661644429,True,,False
482,2021-11-30,True,,SPY211229C00456000,SPY211229P00456000,2021-12-29,29.0,456.0,455.56,0.0463605233119676,477.48,0.04715075950478536,True,,False
483,2021-12-01,True,,SPY211231C00450000,SPY211231P00450000,2021-12-31,30.0,450.0,450.5,0.0555826859045505,474.96,0.05540510543840173,True,,False
484,2021-12-02,True,,SPY211231C00457000,SPY211231P00457000,2021-12-31,29.0,457.0,457.4,0.0471797114123305,474.96,0.039265413205072104,True,,False
485,2021-12-03,True,,SPY220103C00453000,SPY220103P00453000,2022-01-03,31.0,453.0,453.42,0.0516629173834414,477.71,0.054496934409598116,True,,False
486,2021-12-06,True,,SPY220105C00459000,SPY220105P00459000,2022-01-05,30.0,459.0,458.79,0.0448789206390723,468.38,0.02044508380740643,True,,False
487,2021-12-07,True,,SPY220105C00468000,SPY220105P00468000,2022-01-05,29.0,468.0,468.28,0.0359400358759716,468.38,0.0008114803109250778,True,,False
488,2021-12-08,True,,SPY220107C00470000,SPY220107P00470000,2022-01-07,30.0,470.0,469.52,0.034024109729085,466.09,0.008327653774067186,True,,False
489,2021-12-09,True,,SPY220107C00466000,SPY220107P00466000,2022-01-07,29.0,466.0,466.35,0.0361638254529859,466.09,0.00019298809906717054,True,,False
490,2021-12-10,True,,SPY220110C00470000,SPY220110P00470000,2022-01-10,31.0,470.0,470.74,0.0317797510302927,465.51,0.009538173938904722,True,,False
491,2021-12-13,True,,SPY220112C00466000,SPY220112P00466000,2022-01-12,30.0,466.0,466.57,0.035846711104443,471.02,0.010759371584113813,True,,False
492,2021-12-14,True,,SPY220114C00463000,SPY220114P00463000,2022-01-14,31.0,463.0,463.36,0.0404868784530386,464.72,0.003712016574585694,True,,False
493,2021-12-15,True,,SPY220114C00471000,SPY220114P00471000,2022-01-14,30.0,471.0,470.6,0.0333935401614959,464.72,0.013344666383340358,True,,False
494,2021-12-16,True,,SPY220114C00466000,SPY220114P00466000,2022-01-14,29.0,466.0,466.45,0.0362311072998177,464.72,0.002744131203773122,True,,False
495,2021-12-17,True,,SPY220114C00460000,SPY220114P00460000,2022-01-14,28.0,460.0,459.87,0.040272250853502,464.72,0.010263770195924995,True,,False
496,2021-12-20,True,,SPY220119C00455000,SPY220119P00455000,2022-01-19,30.0,455.0,454.98,0.0442876609960877,451.75,0.007143171128401248,True,,False
497,2021-12-21,True,,SPY220121C00463000,SPY220121P00463000,2022-01-21,31.0,463.0,463.06,0.0398976374551893,437.98,0.05403187491901693,True,,False
498,2021-12-22,True,,SPY220121C00468000,SPY220121P00468000,2022-01-21,30.0,468.0,467.69,0.0335371720584147,437.98,0.06418781671620086,True,,False
499,2021-12-23,True,,SPY220121C00471000,SPY220121P00471000,2022-01-21,29.0,471.0,470.6,0.0305036124096897,437.98,0.07016574585635355,True,,False
500,2021-12-27,True,,SPY220126C00478000,SPY220126P00478000,2022-01-26,30.0,478.0,477.26,0.0294388802749025,433.38,0.09349201692997529,True,,False
501,2021-12-28,True,,SPY220128C00477000,SPY220128P00477000,2022-01-28,31.0,477.0,476.87,0.0307211609033908,441.95,0.07350011533541638,True,,False
502,2021-12-29,True,,SPY220128C00477000,SPY220128P00477000,2022-01-28,30.0,477.0,477.48,0.0291739968166205,441.95,0.07340621596716095,True,,False
503,2021-12-30,True,,SPY220128C00476000,SPY220128P00476000,2022-01-28,29.0,476.0,476.16,0.029317876344086,441.95,0.07150957661290325,True,,False
504,2021-12-31,True,,SPY220131C00475000,SPY220131P00475000,2022-01-31,31.0,475.0,474.96,0.0294761664140138,449.91,0.05282550109482899,True,,False
505,2022-01-03,True,,SPY220202C00478000,SPY220202P00478000,2022-02-02,30.0,478.0,477.71,0.0280086244792865,457.35,0.04322706244374197,True,,False
506,2022-01-04,True,,SPY220202C00478000,SPY220202P00478000,2022-02-02,29.0,478.0,477.55,0.0278714270756988,457.35,0.04324154538791745,True,,False
507,2022-01-05,True,,SPY220204C00468000,SPY220204P00468000,2022-02-04,30.0,468.0,468.38,0.0369358213416456,448.7,0.041205858490968895,True,,False
508,2022-01-06,True,,SPY220204C00468000,SPY220204P00468000,2022-02-04,29.0,468.0,467.94,0.035859298200624,448.7,0.04124460400906101,True,,False
509,2022-01-07,True,,SPY220207C00466000,SPY220207P00466000,2022-02-07,31.0,466.0,466.09,0.035068334441846,447.26,0.040206827007659485,True,,False
510,2022-01-10,True,,SPY220209C00466000,SPY220209P00466000,2022-02-09,30.0,466.0,465.51,0.0351549912998646,457.54,0.018173616034027153,True,,False
511,2022-01-11,True,,SPY220209C00470000,SPY220209P00470000,2022-02-09,29.0,470.0,469.75,0.0327408195848855,457.54,0.026524747205960573,True,,False
512,2022-01-12,True,,SPY220211C00471000,SPY220211P00471000,2022-02-11,30.0,471.0,471.02,0.033013460150312,440.46,0.06483801112479305,True,,False
513,2022-01-13,True,,SPY220211C00465000,SPY220211P00465000,2022-02-11,29.0,465.0,464.53,0.037876993950875,440.46,0.05282758917615659,True,,False
514,2022-01-14,True,,SPY220214C00465000,SPY220214P00465000,2022-02-14,31.0,465.0,464.72,0.0369039421587192,439.02,0.05590463074539511,True,,False
515,2022-01-18,True,,SPY220216C00456000,SPY220216P00456000,2022-02-16,29.0,456.0,456.49,0.0448859777870271,446.6,0.020591907818353034,True,,False
516,2022-01-19,True,,SPY220218C00452000,SPY220218P00452000,2022-02-18,30.0,452.0,451.75,0.0471499723298284,434.23,0.03933591588267843,True,,False
517,2022-01-20,True,,SPY220218C00447000,SPY220218P00447000,2022-02-18,29.0,447.0,446.75,0.0493116955791829,434.23,0.028584219362059276,True,,False
518,2022-01-21,True,,SPY220218C00438000,SPY220218P00438000,2022-02-18,28.0,438.0,437.98,0.0554819854787889,434.23,0.00860769898168862,True,,False
519,2022-01-24,True,,SPY220223C00440000,SPY220223P00440000,2022-02-23,30.0,440.0,439.84,0.0571344125136413,421.95,0.041037650054565326,True,,False
520,2022-01-25,True,,SPY220225C00434000,SPY220225P00434000,2022-02-25,31.0,434.0,434.47,0.0610398876792413,437.75,0.0086312058369968,True,,False
521,2022-01-26,True,,SPY220225C00434000,SPY220225P00434000,2022-02-25,30.0,434.0,433.38,0.0599012414047717,437.75,0.008652914301536759,True,,False
522,2022-01-27,True,,SPY220225C00431000,SPY220225P00431000,2022-02-25,29.0,431.0,431.24,0.0592709396159911,437.75,0.015652536870420182,True,,False
523,2022-01-28,True,,SPY220228C00442000,SPY220228P00442000,2022-02-28,31.0,442.0,441.95,0.0521439076818644,436.63,0.01215069578006563,True,,False
524,2022-01-31,True,,SPY220302C00450000,SPY220302P00450000,2022-03-02,30.0,450.0,449.91,0.0460203151741459,437.89,0.02691649440999314,True,,False
525,2022-02-01,True,,SPY220302C00453000,SPY220302P00453000,2022-03-02,29.0,453.0,452.95,0.0400596092283916,437.89,0.03335909040732976,True,,False
526,2022-02-02,True,,SPY220304C00457000,SPY220304P00457000,2022-03-04,30.0,457.0,457.35,0.0394555591997376,432.17,0.054291024379577967,True,,False
527,2022-02-03,True,,SPY220304C00447000,SPY220304P00447000,2022-03-04,29.0,447.0,446.6,0.0479847738468428,432.17,0.033206448723690066,True,,False
528,2022-02-04,True,,SPY220307C00448000,SPY220307P00448000,2022-03-07,31.0,448.0,448.7,0.0453086694896367,419.43,0.0636728326275908,True,,False
529,2022-02-07,True,,SPY220309C00447000,SPY220309P00447000,2022-03-09,30.0,447.0,447.26,0.0449291239994633,427.41,0.043800026830031695,True,,False
530,2022-02-08,True,,SPY220309C00451000,SPY220309P00451000,2022-03-09,29.0,451.0,450.94,0.0402049053089102,427.41,0.052312946289972004,True,,False
531,2022-02-09,True,,SPY220311C00458000,SPY220311P00458000,2022-03-11,30.0,458.0,457.54,0.0376688376972505,420.07,0.08289985575031693,True,,False
532,2022-02-10,True,,SPY220311C00449000,SPY220311P00449000,2022-03-11,29.0,449.0,449.32,0.0453908127837621,420.07,0.06438618356627794,True,,False
533,2022-02-11,True,,SPY220314C00440000,SPY220314P00440000,2022-03-14,31.0,440.0,440.46,0.0538527902647232,417.0,0.052218135585524225,True,,False
534,2022-02-14,True,,SPY220316C00439000,SPY220316P00439000,2022-03-16,30.0,439.0,439.02,0.0551113844471778,435.62,0.007698965878547665,True,,False
535,2022-02-15,True,,SPY220316C00446000,SPY220316P00446000,2022-03-16,29.0,446.0,446.1,0.0475566016588208,435.62,0.023268325487558833,True,,False
536,2022-02-16,True,,SPY220318C00447000,SPY220318P00447000,2022-03-18,30.0,447.0,446.6,0.0469435736677116,444.52,0.005553067622033179,True,,False
537,2022-02-17,True,,SPY220318C00437000,SPY220318P00437000,2022-03-18,29.0,437.0,437.06,0.0549466892417517,444.52,0.01720587562348415,True,,False
538,2022-02-18,True,,SPY220321C00434000,SPY220321P00434000,2022-03-21,31.0,434.0,434.23,0.0561223314833152,444.39,0.023927411740321917,True,,False
539,2022-02-22,True,,SPY220323C00430000,SPY220323P00430000,2022-03-23,29.0,430.0,429.57,0.0571385338827199,443.8,0.0321251484042182,True,,False
540,2022-02-23,True,,SPY220325C00422000,SPY220325P00422000,2022-03-25,30.0,422.0,421.95,0.062258561440929,452.69,0.07273373622467116,True,,False
541,2022-02-24,True,,SPY220325C00428000,SPY220325P00428000,2022-03-25,29.0,428.0,428.3,0.0569460658416997,452.69,0.05764650945598879,True,,False
542,2022-02-25,True,,SPY220328C00438000,SPY220328P00438000,2022-03-28,31.0,438.0,437.75,0.0527355796687607,455.91,0.04091376356367796,True,,False
543,2022-02-28,True,,SPY220330C00437000,SPY220330P00437000,2022-03-30,30.0,437.0,436.63,0.0559970684561299,458.7,0.04969882967272059,True,,False
544,2022-03-01,True,,SPY220331C00430000,SPY220331P00430000,2022-03-31,30.0,430.0,429.98,0.0650379087399413,451.64,0.05032792222894085,True,,False
545,2022-03-02,True,,SPY220401C00438000,SPY220401P00438000,2022-04-01,30.0,438.0,437.89,0.0581767110461531,452.92,0.03407248395715823,True,,False
546,2022-03-03,True,,SPY220401C00436000,SPY220401P00436000,2022-04-01,29.0,436.0,435.71,0.0582268022308416,452.92,0.0388331688508412,True,,False
547,2022-03-04,True,,SPY220404C00430000,SPY220404P00430000,2022-04-04,31.0,430.0,432.17,0.0622671633847791,456.8,0.06201263391720853,True,,False
548,2022-03-07,True,,SPY220406C00420000,SPY220406P00420000,2022-04-06,30.0,420.0,419.43,0.0696540543118041,446.52,0.06322866747729057,True,,False
549,2022-03-08,True,,SPY220406C00416000,SPY220406P00416000,2022-04-06,29.0,416.0,416.25,0.0671351351351351,446.52,0.07332132132132128,True,,False
550,2022-03-09,True,,SPY220408C00427000,SPY220408P00427000,2022-04-08,30.0,427.0,427.41,0.0625394819962097,447.57,0.04812709108350294,True,,False
551,2022-03-10,True,,SPY220408C00425000,SPY220408P00425000,2022-04-08,29.0,425.0,425.48,0.0590274513490645,447.57,0.053045971608536226,True,,False
552,2022-03-11,True,,SPY220411C00420000,SPY220411P00420000,2022-04-11,31.0,420.0,420.07,0.0612874044802056,439.92,0.04742066798390748,True,,False
553,2022-03-14,True,,SPY220413C00416000,SPY220413P00416000,2022-04-13,30.0,416.0,417.0,0.0639448441247002,443.31,0.06549160671462831,True,,False
554,2022-03-15,True,,SPY220414C00426000,SPY220414P00426000,2022-04-14,30.0,426.0,426.17,0.0589670788652415,437.79,0.02766501630804613,True,,False
555,2022-03-16,True,,SPY220414C00436000,SPY220414P00436000,2022-04-14,29.0,436.0,435.62,0.0499288370598227,437.79,0.004109085900555577,True,,False
556,2022-03-17,True,,SPY220414C00441000,SPY220414P00441000,2022-04-14,28.0,441.0,441.07,0.0459564241503616,437.79,0.007277756365202756,True,,False
557,2022-03-18,True,,SPY220418C00445000,SPY220418P00445000,2022-04-18,31.0,445.0,444.52,0.0444186988212003,437.97,0.01581481148204799,True,,False
558,2022-03-21,True,,SPY220420C00444000,SPY220420P00444000,2022-04-20,30.0,444.0,444.39,0.0443529332343212,444.71,0.0015976957177253753,True,,False
559,2022-03-22,True,,SPY220420C00450000,SPY220420P00450000,2022-04-20,29.0,450.0,449.59,0.0406036611134589,444.71,0.01176627594030121,True,,False
560,2022-03-23,True,,SPY220422C00444000,SPY220422P00444000,2022-04-22,30.0,444.0,443.8,0.0443442992338891,426.04,0.04046867958539878,True,,False
561,2022-03-24,True,,SPY220422C00450000,SPY220422P00450000,2022-04-22,29.0,450.0,450.49,0.0400674820750738,426.04,0.053186530222646404,True,,False
562,2022-03-25,True,,SPY220425C00453000,SPY220425P00453000,2022-04-25,31.0,453.0,452.69,0.038315403476993,428.51,0.05409883142989686,True,,False
563,2022-03-28,True,,SPY220427C00456000,SPY220427P00456000,2022-04-27,30.0,456.0,455.91,0.03577460463688,417.27,0.08495097716654607,True,,False
564,2022-03-29,True,,SPY220427C00462000,SPY220427P00462000,2022-04-27,29.0,462.0,461.55,0.0333116672083197,417.27,0.09691257718557039,True,,False
565,2022-03-30,True,,SPY220429C00459000,SPY220429P00459000,2022-04-29,30.0,459.0,458.7,0.0366252452583387,412.0,0.10246348375844778,True,,False
566,2022-03-31,True,,SPY220429C00452000,SPY220429P00452000,2022-04-29,29.0,452.0,451.64,0.039456204056328,412.0,0.0885661146045523,True,,False
567,2022-04-01,True,,SPY220502C00453000,SPY220502P00453000,2022-05-02,31.0,453.0,452.92,0.0359886955753775,414.48,0.08504813212046274,True,,False
568,2022-04-04,True,,SPY220504C00457000,SPY220504P00457000,2022-05-04,30.0,457.0,456.8,0.033789404553415,429.06,0.061164623467600696,True,,False
569,2022-04-05,True,,SPY220504C00451000,SPY220504P00451000,2022-05-04,29.0,451.0,451.03,0.0384785934416779,429.06,0.04864421435381238,True,,False
570,2022-04-06,True,,SPY220506C00447000,SPY220506P00447000,2022-05-06,30.0,447.0,446.52,0.0418234345606019,411.34,0.07986204425333697,True,,False
571,2022-04-07,True,,SPY220506C00449000,SPY220506P00449000,2022-05-06,29.0,449.0,448.77,0.0401987655146288,411.34,0.08391826548120424,True,,False
572,2022-04-08,True,,SPY220509C00448000,SPY220509P00448000,2022-05-09,31.0,448.0,447.57,0.0402953727908483,398.17,0.11133453984851528,True,,False
573,2022-04-11,True,,SPY220511C00440000,SPY220511P00440000,2022-05-11,30.0,440.0,439.92,0.0471335697399527,392.75,0.10740589198036006,True,,False
574,2022-04-12,True,,SPY220511C00438000,SPY220511P00438000,2022-05-11,29.0,438.0,438.29,0.046806908667777,392.75,0.10324214561135321,True,,False
575,2022-04-13,True,,SPY220513C00443000,SPY220513P00443000,2022-05-13,30.0,443.0,443.31,0.0423631318941598,401.72,0.09311768288556535,True,,False
576,2022-04-14,True,,SPY220513C00438000,SPY220513P00438000,2022-05-13,29.0,438.0,437.79,0.0442677996299595,401.72,0.08287078279540412,True,,False
577,2022-04-18,True,,SPY220518C00438000,SPY220518P00438000,2022-05-18,30.0,438.0,437.97,0.0447519236477384,391.86,0.10534968148503318,True,,False
578,2022-04-19,True,,SPY220518C00445000,SPY220518P00445000,2022-05-18,29.0,445.0,445.04,0.0403446881179219,391.86,0.11940499730361312,True,,False
579,2022-04-20,True,,SPY220520C00445000,SPY220520P00445000,2022-05-20,30.0,445.0,444.71,0.0411391693463155,389.63,0.12450810640642218,True,,False
580,2022-04-21,True,,SPY220520C00438000,SPY220520P00438000,2022-05-20,29.0,438.0,438.06,0.0451764598456832,389.63,0.1104186641099393,True,,False
581,2022-04-22,True,,SPY220523C00426000,SPY220523P00426000,2022-05-23,31.0,426.0,426.04,0.0554290676931743,396.92,0.06825650173692607,True,,False
582,2022-04-25,True,,SPY220525C00428000,SPY220525P00428000,2022-05-25,30.0,428.0,428.51,0.0538610534176565,397.37,0.07148024550185526,True,,False
583,2022-04-26,True,,SPY220525C00416000,SPY220525P00416000,2022-05-25,29.0,416.0,416.1,0.0633741888968997,397.37,0.04477289113193943,True,,False
584,2022-04-27,True,,SPY220527C00417000,SPY220527P00417000,2022-05-27,30.0,417.0,417.27,0.0622139142521628,415.26,0.004169961895175807,True,,False
585,2022-04-28,True,,SPY220527C00428000,SPY220527P00428000,2022-05-27,29.0,428.0,427.81,0.055199738201538,415.26,0.02977957504499663,True,,False
586,2022-04-29,True,,SPY220527C00412000,SPY220527P00412000,2022-05-27,28.0,412.0,412.0,0.0638713592233009,415.26,0.00791262135922328,True,,False
587,2022-05-02,True,,SPY220601C00414000,SPY220601P00414000,2022-06-01,30.0,414.0,414.48,0.06242762015055,409.59,0.010639837869137293,True,,False
588,2022-05-03,True,,SPY220601C00416000,SPY220601P00416000,2022-06-01,29.0,416.0,416.38,0.0575796147749651,409.59,0.01539459147893757,True,,False
589,2022-05-04,True,,SPY220603C00429000,SPY220603P00429000,2022-06-03,30.0,429.0,429.06,0.0507388244068428,410.54,0.043024285647694914,True,,False
590,2022-05-05,True,,SPY220603C00414000,SPY220603P00414000,2022-06-03,29.0,414.0,413.81,0.0621541287064111,410.54,0.008361325245885743,True,,False
591,2022-05-06,True,,SPY220606C00412000,SPY220606P00412000,2022-06-06,31.0,412.0,411.34,0.0603880001944863,411.79,0.0005105265716924674,True,,False
592,2022-05-09,True,,SPY220608C00400000,SPY220608P00400000,2022-06-08,30.0,400.0,398.17,0.0692668960494261,411.22,0.028178918552377193,True,,False
593,2022-05-10,True,,SPY220608C00400000,SPY220608P00400000,2022-06-08,29.0,400.0,399.09,0.0655992382670575,411.22,0.02811395925731045,True,,False
594,2022-05-11,True,,SPY220610C00392000,SPY220610P00392000,2022-06-10,30.0,392.0,392.75,0.0684022915340547,389.8,0.005601527689369799,True,,False
595,2022-05-12,True,,SPY220610C00392000,SPY220610P00392000,2022-06-10,29.0,392.0,392.34,0.0662690523525513,389.8,0.0056073813529081635,True,,False
596,2022-05-13,True,,SPY220613C00402000,SPY220613P00402000,2022-06-13,31.0,402.0,401.72,0.0599795877725779,375.0,0.0672109927312556,True,,False
597,2022-05-16,True,,SPY220615C00400000,SPY220615P00400000,2022-06-15,30.0,400.0,400.09,0.0588992476692744,379.2,0.05198830263190785,True,,False
598,2022-05-17,True,,SPY220615C00408000,SPY220615P00408000,2022-06-15,29.0,408.0,408.32,0.0548099529780564,379.2,0.0705329153605016,True,,False
599,2022-05-18,True,,SPY220617C00392000,SPY220617P00392000,2022-06-17,30.0,392.0,391.86,0.0654953299647833,365.86,0.06670749757566474,True,,False
600,2022-05-19,True,,SPY220617C00389000,SPY220617P00389000,2022-06-17,29.0,389.0,389.46,0.0623042160940789,365.86,0.05941560108868687,True,,False
601,2022-05-20,True,,SPY220617C00390000,SPY220617P00390000,2022-06-17,28.0,390.0,389.63,0.0611605882503913,365.86,0.061956214870518146,True,,False
602,2022-05-23,True,,SPY220622C00397000,SPY220622P00397000,2022-06-22,30.0,397.0,396.92,0.0595837952232187,374.39,0.0569636198730223,True,,False
603,2022-05-24,True,,SPY220622C00394000,SPY220622P00394000,2022-06-22,29.0,394.0,393.89,0.0605879814161314,374.39,0.0497854731016274,True,,False
604,2022-05-25,True,,SPY220624C00397000,SPY220624P00397000,2022-06-24,30.0,397.0,397.37,0.0602587009588041,390.08,0.01741450033973379,True,,False
605,2022-05-26,True,,SPY220624C00405000,SPY220624P00405000,2022-06-24,29.0,405.0,405.31,0.056228565789149,390.08,0.036811329599565804,True,,False
606,2022-05-27,True,,SPY220627C00415000,SPY220627P00415000,2022-06-27,31.0,415.0,415.26,0.0534123199922939,388.59,0.06359870924240241,True,,False
607,2022-05-31,True,,SPY220630C00413000,SPY220630P00413000,2022-06-30,30.0,413.0,412.93,0.0551546266921754,377.25,0.08657641731044002,True,,False
608,2022-06-01,True,,SPY220701C00410000,SPY220701P00410000,2022-07-01,30.0,410.0,409.59,0.0541150907004565,381.24,0.07021655802143605,True,,False
609,2022-06-02,True,,SPY220701C00417000,SPY220701P00417000,2022-07-01,29.0,417.0,417.39,0.0502767196147488,381.24,0.08567526773521165,True,,False
610,2022-06-03,True,,SPY220701C00411000,SPY220701P00411000,2022-07-01,28.0,411.0,410.54,0.0508111268085935,381.24,0.07248989136259558,True,,False
611,2022-06-06,True,,SPY220706C00412000,SPY220706P00412000,2022-07-06,30.0,412.0,411.79,0.0511547147818062,383.25,0.06981713980426917,True,,False
612,2022-06-07,True,,SPY220706C00416000,SPY220706P00416000,2022-07-06,29.0,416.0,415.74,0.0482873911579352,383.25,0.07877519603598403,True,,False
613,2022-06-08,True,,SPY220708C00411000,SPY220708P00411000,2022-07-08,30.0,411.0,411.22,0.0503380185788628,388.67,0.05430183356840616,True,,False
614,2022-06-09,True,,SPY220708C00401000,SPY220708P00401000,2022-07-08,29.0,401.0,401.44,0.0546407931446791,388.67,0.030714428058987605,True,,False
615,2022-06-10,True,,SPY220711C00390000,SPY220711P00390000,2022-07-11,31.0,390.0,389.8,0.0589404822986146,384.23,0.014802462801436588,True,,False
616,2022-06-13,True,,SPY220713C00375000,SPY220713P00375000,2022-07-13,30.0,375.0,375.0,0.0701466666666666,378.83,0.010213333333333291,True,,False
617,2022-06-14,True,,SPY220713C00374000,SPY220713P00374000,2022-07-13,29.0,374.0,373.87,0.0650226014390028,378.83,0.012918929039505667,True,,False
618,2022-06-15,True,,SPY220715C00379000,SPY220715P00379000,2022-07-15,30.0,379.0,379.2,0.0618539029535865,385.13,0.01616561181434598,True,,False
619,2022-06-16,True,,SPY220715C00366000,SPY220715P00366000,2022-07-15,29.0,366.0,366.65,0.0657438974498841,385.13,0.05217509886813036,True,,False
620,2022-06-17,True,,SPY220718C00366000,SPY220718P00366000,2022-07-18,31.0,366.0,365.86,0.0636445634942327,381.95,0.043595911004209224,True,,False
621,2022-06-21,True,,SPY220720C00375000,SPY220720P00375000,2022-07-20,29.0,375.0,375.07,0.0603354040579092,394.77,0.05271016076998956,True,,False
622,2022-06-22,True,,SPY220722C00374000,SPY220722P00374000,2022-07-22,30.0,374.0,374.39,0.060845642244718,395.09,0.056331632789337255,True,,False
623,2022-06-23,True,,SPY220722C00378000,SPY220722P00378000,2022-07-22,29.0,378.0,378.06,0.0588530921017827,395.09,0.045204464899751294,True,,False
624,2022-06-24,True,,SPY220725C00390000,SPY220725P00390000,2022-07-25,31.0,390.0,390.08,0.0552578958162428,395.57,0.014279122231337144,True,,False
625,2022-06-27,True,,SPY220727C00388000,SPY220727P00388000,2022-07-27,30.0,388.0,388.59,0.0561903291386808,401.04,0.03355721969170596,True,,False
626,2022-06-28,True,,SPY220729C00381000,SPY220729P00381000,2022-07-29,31.0,381.0,380.65,0.0605280441350321,411.99,0.08141337186391702,True,,False
627,2022-06-29,True,,SPY220729C00380000,SPY220729P00380000,2022-07-29,30.0,380.0,380.34,0.0599463637797759,411.99,0.08410895514539625,True,,False
628,2022-06-30,True,,SPY220729C00377000,SPY220729P00377000,2022-07-29,29.0,377.0,377.25,0.059456593770709,411.99,0.0927501656726309,True,,False
629,2022-07-01,True,,SPY220801C00381000,SPY220801P00381000,2022-08-01,31.0,381.0,381.24,0.0572998636029797,410.77,0.07808729409295977,True,,False
630,2022-07-05,True,,SPY220803C00382000,SPY220803P00382000,2022-08-03,29.0,382.0,381.96,0.0576238349565399,414.45,0.08495653995182739,True,,False
631,2022-07-06,True,,SPY220805C00383000,SPY220805P00383000,2022-08-05,30.0,383.0,383.25,0.058095238095238,413.47,0.07950424005218533,True,,False
632,2022-07-07,True,,SPY220805C00389000,SPY220805P00389000,2022-08-05,29.0,389.0,388.99,0.0543715776755186,413.47,0.06290650145247957,True,,False
633,2022-07-08,True,,SPY220808C00388000,SPY220808P00388000,2022-08-08,31.0,388.0,388.67,0.0527697018035865,412.99,0.06429618956955774,True,,False
634,2022-07-11,True,,SPY220810C00384000,SPY220810P00384000,2022-08-10,30.0,384.0,384.23,0.0557478593550737,419.99,0.0936678551909013,True,,False
635,2022-07-12,True,,SPY220810C00381000,SPY220810P00381000,2022-08-10,29.0,381.0,380.83,0.056271827324528,419.99,0.10238164010188276,True,,False
636,2022-07-13,True,,SPY220812C00379000,SPY220812P00379000,2022-08-12,30.0,379.0,378.83,0.0572288361534197,427.1,0.1269698809492385,True,,False
637,2022-07-14,True,,SPY220812C00378000,SPY220812P00378000,2022-08-12,29.0,378.0,377.91,0.0554497102484718,427.1,0.12992511444523833,True,,False
638,2022-07-15,True,,SPY220815C00385000,SPY220815P00385000,2022-08-15,31.0,385.0,385.13,0.0513073507646768,428.86,0.11388362371147409,True,,False
639,2022-07-18,True,,SPY220817C00382000,SPY220817P00382000,2022-08-17,30.0,382.0,381.95,0.0539861238381987,426.65,0.11690011781646807,True,,False
640,2022-07-19,True,,SPY220817C00392000,SPY220817P00392000,2022-08-17,29.0,392.0,392.27,0.0509215591301909,426.65,0.0883320162133224,True,,False
641,2022-07-20,True,,SPY220819C00395000,SPY220819P00395000,2022-08-19,30.0,395.0,394.77,0.050789067051701,422.14,0.06874889175975882,True,,False
642,2022-07-21,True,,SPY220819C00399000,SPY220819P00399000,2022-08-19,29.0,399.0,398.79,0.0466536272223476,422.14,0.05802552721983998,True,,False
643,2022-07-22,True,,SPY220822C00395000,SPY220822P00395000,2022-08-22,31.0,395.0,395.09,0.0475840947632185,413.35,0.04644511377154578,True,,False
644,2022-07-25,True,,SPY220824C00396000,SPY220824P00396000,2022-08-24,30.0,396.0,395.57,0.0476021943018934,413.67,0.04466971711707161,True,,False
645,2022-07-26,True,,SPY220824C00391000,SPY220824P00391000,2022-08-24,29.0,391.0,390.89,0.0501931489677402,413.67,0.05799585561155317,True,,False
646,2022-07-27,True,,SPY220826C00401000,SPY220826P00401000,2022-08-26,30.0,401.0,401.04,0.0476261719529224,405.31,0.01074705765010972,True,,False
647,2022-07-28,True,,SPY220826C00406000,SPY220826P00406000,2022-08-26,29.0,406.0,406.07,0.0450907479006082,405.31,0.001699214421158908,True,,False
648,2022-07-29,True,,SPY220829C00412000,SPY220829P00412000,2022-08-29,31.0,412.0,411.99,0.0433262943275322,402.63,0.02274327046772981,True,,False
649,2022-08-01,True,,SPY220831C00411000,SPY220831P00411000,2022-08-31,30.0,411.0,410.77,0.0461328724103512,395.18,0.03851303649244101,True,,False
650,2022-08-02,True,,SPY220831C00408000,SPY220831P00408000,2022-08-31,29.0,408.0,408.06,0.0481669362348674,395.18,0.03141694848796744,True,,False
651,2022-08-03,True,,SPY220902C00414000,SPY220902P00414000,2022-09-02,30.0,414.0,414.45,0.045264808782724,392.24,0.052503317649897435,True,,False
652,2022-08-04,True,,SPY220902C00414000,SPY220902P00414000,2022-09-02,29.0,414.0,414.17,0.0436656445420962,392.24,0.05253881256488879,True,,False
653,2022-08-05,True,,SPY220902C00413000,SPY220902P00413000,2022-09-02,28.0,413.0,413.47,0.0417563547536701,392.24,0.050209205020920473,True,,False
654,2022-08-08,True,,SPY220907C00412000,SPY220907P00412000,2022-09-07,30.0,412.0,412.99,0.0430276762149204,397.78,0.03443182643647553,True,,False
655,2022-08-09,True,,SPY220909C00411000,SPY220909P00411000,2022-09-09,31.0,411.0,411.35,0.0454965357967667,406.6,0.010696487176370431,True,,False
656,2022-08-10,True,,SPY220909C00420000,SPY220909P00420000,2022-09-09,30.0,420.0,419.99,0.0396676111335984,406.6,0.03190552156003709,True,,False
657,2022-08-11,True,,SPY220909C00420000,SPY220909P00420000,2022-09-09,29.0,420.0,419.99,0.0397866615871806,406.6,0.03190552156003709,True,,False
658,2022-08-12,True,,SPY220912C00427000,SPY220912P00427000,2022-09-12,31.0,427.0,427.1,0.0383048466401311,410.97,0.037532193865605176,True,,False
659,2022-08-15,True,,SPY220914C00428000,SPY220914P00428000,2022-09-14,30.0,428.0,428.86,0.040164622487525,394.6,0.0778808935316886,True,,False
660,2022-08-16,True,,SPY220914C00430000,SPY220914P00430000,2022-09-14,29.0,430.0,429.7,0.0385617872934605,394.6,0.08238305794740512,True,,False
661,2022-08-17,True,,SPY220916C00427000,SPY220916P00427000,2022-09-16,30.0,427.0,426.65,0.0426930739482011,385.56,0.09712879409351928,True,,False
662,2022-08-18,True,,SPY220916C00428000,SPY220916P00428000,2022-09-16,29.0,428.0,427.89,0.0400570240014957,385.56,0.09918436981467199,True,,False
663,2022-08-19,True,,SPY220919C00422000,SPY220919P00422000,2022-09-19,31.0,422.0,422.14,0.0423911498554981,388.55,0.0792391149855498,True,,False
664,2022-08-22,True,,SPY220921C00414000,SPY220921P00414000,2022-09-21,30.0,414.0,413.35,0.0489052860771743,377.39,0.08856900931414059,True,,False
665,2022-08-23,True,,SPY220923C00412500,SPY220923P00412500,2022-09-23,31.0,412.5,412.35,0.0505880926397477,367.95,0.10803928701345947,True,,False
666,2022-08-24,True,,SPY220923C00414000,SPY220923P00414000,2022-09-23,30.0,414.0,413.67,0.047513718664636,367.95,0.11132061788382046,True,,False
667,2022-08-25,True,,SPY220923C00420000,SPY220923P00420000,2022-09-23,29.0,420.0,419.51,0.0442063359633858,367.95,0.12407332363948419,True,,False
668,2022-08-26,True,,SPY220926C00405000,SPY220926P00405000,2022-09-26,31.0,405.0,405.31,0.0521576077570254,364.31,0.10039229231945918,True,,False
669,2022-08-29,True,,SPY220928C00403000,SPY220928P00403000,2022-09-28,30.0,403.0,402.63,0.0531381168815041,370.53,0.08064476069840804,True,,False
670,2022-08-30,True,,SPY220928C00398000,SPY220928P00398000,2022-09-28,29.0,398.0,398.21,0.0531880163732703,370.53,0.06898370206674877,True,,False
671,2022-08-31,True,,SPY220930C00395000,SPY220930P00395000,2022-09-30,30.0,395.0,395.18,0.0540260134622197,357.18,0.09570322384736067,True,,False
672,2022-09-01,True,,SPY220930C00396000,SPY220930P00396000,2022-09-30,29.0,396.0,396.42,0.0514227334645073,357.18,0.09792644165279248,True,,False
673,2022-09-02,True,,SPY221003C00392000,SPY221003P00392000,2022-10-03,31.0,392.0,392.24,0.0528757903324495,366.61,0.06473077707526001,True,,False
674,2022-09-06,True,,SPY221007C00391000,SPY221007P00391000,2022-10-07,31.0,391.0,390.76,0.0564796806223769,362.79,0.07219265022008389,True,,False
675,2022-09-07,True,,SPY221007C00398000,SPY221007P00398000,2022-10-07,30.0,398.0,397.78,0.0509829554024837,362.79,0.088516265272261,True,,False
676,2022-09-08,True,,SPY221007C00400000,SPY221007P00400000,2022-10-07,29.0,400.0,400.38,0.0483165992307308,362.79,0.09293671012538084,True,,False
677,2022-09-09,True,,SPY221010C00406000,SPY221010P00406000,2022-10-10,31.0,406.0,406.6,0.0466797835710772,360.02,0.11308411214953275,True,,False
678,2022-09-12,True,,SPY221012C00410000,SPY221012P00410000,2022-10-12,30.0,410.0,410.97,0.0486775190403192,356.56,0.13003382242012798,True,,False
679,2022-09-13,True,,SPY221014C00393000,SPY221014P00393000,2022-10-14,31.0,393.0,393.1,0.0565377766471635,357.63,0.08997710506232512,True,,False
680,2022-09-14,True,,SPY221014C00395000,SPY221014P00395000,2022-10-14,30.0,395.0,394.6,0.0545108971109984,357.63,0.09470349721236695,True,,False
681,2022-09-15,True,,SPY221014C00390000,SPY221014P00390000,2022-10-14,29.0,390.0,390.12,0.0544704193581462,357.63,0.08297446939403262,True,,False
682,2022-09-16,True,,SPY221017C00386000,SPY221017P00386000,2022-10-17,31.0,386.0,385.56,0.0564244216205,366.82,0.04974582425562819,True,,False
683,2022-09-19,True,,SPY221019C00388000,SPY221019P00388000,2022-10-19,30.0,388.0,388.55,0.0558615364817912,368.5,0.050186591172307296,True,,False
684,2022-09-20,True,,SPY221019C00384000,SPY221019P00384000,2022-10-19,29.0,384.0,384.09,0.0579812023223723,368.5,0.04035512510088782,True,,False
685,2022-09-21,True,,SPY221021C00377000,SPY221021P00377000,2022-10-21,30.0,377.0,377.39,0.0613423779114444,374.29,0.007180900394816979,True,,False
686,2022-09-22,True,,SPY221021C00374000,SPY221021P00374000,2022-10-21,29.0,374.0,374.22,0.0585484474373363,374.29,0.0007749452193897185,True,,False
687,2022-09-23,True,,SPY221024C00368000,SPY221024P00368000,2022-10-24,31.0,368.0,367.95,0.062522081804593,378.87,0.029542057344747942,True,,False
688,2022-09-26,True,,SPY221026C00364000,SPY221026P00364000,2022-10-26,30.0,364.0,364.31,0.0671955202986467,382.02,0.049463369108726035,True,,False
689,2022-09-27,True,,SPY221026C00364000,SPY221026P00364000,2022-10-26,29.0,364.0,363.38,0.0665831911497605,382.02,0.04958996092245028,True,,False
690,2022-09-28,True,,SPY221028C00370000,SPY221028P00370000,2022-10-28,30.0,370.0,370.53,0.0634766415674844,389.02,0.05133187596146056,True,,False
691,2022-09-29,True,,SPY221028C00363000,SPY221028P00363000,2022-10-28,29.0,363.0,362.79,0.0648584580611373,389.02,0.07172193279858866,True,,False
692,2022-09-30,True,,SPY221031C00357000,SPY221031P00357000,2022-10-31,31.0,357.0,357.18,0.0650512346715941,386.21,0.08177949493252695,True,,False
693,2022-10-03,True,,SPY221102C00367000,SPY221102P00367000,2022-11-02,30.0,367.0,366.61,0.0619732140421701,374.87,0.02146695398379751,True,,False
694,2022-10-04,True,,SPY221102C00378000,SPY221102P00378000,2022-11-02,29.0,378.0,377.97,0.0584305632722173,374.87,0.008281080509035097,True,,False
695,2022-10-05,True,,SPY221104C00377000,SPY221104P00377000,2022-11-04,30.0,377.0,377.09,0.0601447930202339,376.35,0.0017237264313558496,True,,False
696,2022-10-06,True,,SPY221104C00373000,SPY221104P00373000,2022-11-04,29.0,373.0,373.2,0.0624732047159699,376.35,0.008976420150053652,True,,False
697,2022-10-07,True,,SPY221107C00363000,SPY221107P00363000,2022-11-07,31.0,363.0,362.79,0.0645552523498442,379.95,0.04672124369469938,True,,False
698,2022-10-10,True,,SPY221109C00360000,SPY221109P00360000,2022-11-09,30.0,360.0,360.02,0.0678017887895117,374.13,0.03924781956557968,True,,False
699,2022-10-11,True,,SPY221109C00358000,SPY221109P00358000,2022-11-09,29.0,358.0,357.74,0.0685553754123106,374.13,0.04508861184100183,True,,False
700,2022-10-12,True,,SPY221111C00357000,SPY221111P00357000,2022-11-11,30.0,357.0,356.56,0.071110051604218,398.51,0.11641799416647967,True,,False
701,2022-10-13,True,,SPY221111C00366000,SPY221111P00366000,2022-11-11,29.0,366.0,365.97,0.0673142607317539,398.51,0.08883241795775607,True,,False
702,2022-10-14,True,,SPY221114C00358000,SPY221114P00358000,2022-11-14,31.0,358.0,357.63,0.0674999300953499,395.12,0.10379442440511144,True,,False
703,2022-10-17,True,,SPY221116C00366000,SPY221116P00366000,2022-11-16,30.0,366.0,366.82,0.0669401886483834,395.45,0.08028460825472981,True,,False
704,2022-10-18,True,,SPY221118C00371000,SPY221118P00371000,2022-11-18,31.0,371.0,371.13,0.0664053027241128,396.03,0.06744267507342433,True,,False
705,2022-10-19,True,,SPY221118C00368000,SPY221118P00368000,2022-11-18,30.0,368.0,368.5,0.0659565807327001,396.03,0.07606512890094973,True,,False
706,2022-10-20,True,,SPY221118C00365000,SPY221118P00365000,2022-11-18,29.0,365.0,365.41,0.0642839550094414,396.03,0.08491831093839788,True,,False
707,2022-10-21,True,,SPY221121C00374000,SPY221121P00374000,2022-11-21,31.0,374.0,374.29,0.0640278928103876,394.59,0.05501082048678825,True,,False
708,2022-10-24,True,,SPY221123C00378000,SPY221123P00378000,2022-11-23,30.0,378.0,378.87,0.0649431203315121,402.42,0.06445482619368124,True,,False
709,2022-10-25,True,,SPY221123C00385000,SPY221123P00385000,2022-11-23,29.0,385.0,384.92,0.0605580380338771,402.42,0.04525615712355818,True,,False
710,2022-10-26,True,,SPY221125C00382000,SPY221125P00382000,2022-11-25,30.0,382.0,382.02,0.0594078844039579,402.33,0.05321710905188206,True,,False
711,2022-10-27,True,,SPY221125C00380000,SPY221125P00380000,2022-11-25,29.0,380.0,379.98,0.0578319911574293,402.33,0.05876625085530813,True,,False
712,2022-10-28,True,,SPY221128C00390000,SPY221128P00390000,2022-11-28,31.0,390.0,389.02,0.0563467173924219,395.91,0.015192020975785371,True,,False
713,2022-10-31,True,,SPY221130C00386000,SPY221130P00386000,2022-11-30,30.0,386.0,386.21,0.0557986587607778,407.68,0.05613526319877789,True,,False
714,2022-11-01,True,,SPY221130C00385000,SPY221130P00385000,2022-11-30,29.0,385.0,384.52,0.0548476022053469,407.68,0.05898262769166755,True,,False
715,2022-11-02,True,,SPY221202C00375000,SPY221202P00375000,2022-12-02,30.0,375.0,374.87,0.0567396697521807,406.91,0.08512284258542968,True,,False
716,2022-11-03,True,,SPY221202C00371000,SPY221202P00371000,2022-12-02,29.0,371.0,371.01,0.0551332848171208,406.91,0.09678984393951652,True,,False
717,2022-11-04,True,,SPY221205C00376000,SPY221205P00376000,2022-12-05,31.0,376.0,376.35,0.0541517204729639,399.59,0.06268101501262116,True,,False
718,2022-11-07,True,,SPY221207C00380000,SPY221207P00380000,2022-12-07,30.0,380.0,379.95,0.0529016975917883,393.16,0.03463613633372819,True,,False
719,2022-11-08,True,,SPY221207C00382000,SPY221207P00382000,2022-12-07,29.0,382.0,382.0,0.0537958115183246,393.16,0.02921465968586394,True,,False
720,2022-11-09,True,,SPY221209C00374000,SPY221209P00374000,2022-12-09,30.0,374.0,374.13,0.0563173228556918,393.28,0.05153288963729178,True,,False
721,2022-11-10,True,,SPY221209C00395000,SPY221209P00395000,2022-12-09,29.0,395.0,394.69,0.0502546302161189,393.28,0.0043578504649219064,True,,False
722,2022-11-11,True,,SPY221212C00398000,SPY221212P00398000,2022-12-12,31.0,398.0,398.51,0.046899701387669,398.95,0.002383879952824242,True,,False
723,2022-11-14,True,,SPY221214C00395000,SPY221214P00395000,2022-12-14,30.0,395.0,395.12,0.0520854423972464,399.4,0.011135857461024442,True,,False
724,2022-11-15,True,,SPY221214C00398000,SPY221214P00398000,2022-12-14,29.0,398.0,398.49,0.0511932545358729,399.4,0.0035132625661873002,True,,False
725,2022-11-16,True,,SPY221216C00395000,SPY221216P00395000,2022-12-16,30.0,395.0,395.45,0.0535718801365532,383.27,0.029662409912757665,True,,False
726,2022-11-17,True,,SPY221216C00394000,SPY221216P00394000,2022-12-16,29.0,394.0,394.24,0.0526582792207792,383.27,0.027216923701298745,True,,False
727,2022-11-18,True,,SPY221216C00396000,SPY221216P00396000,2022-12-16,28.0,396.0,396.03,0.0500088377143145,383.27,0.03214402949271525,True,,False
728,2022-11-21,True,,SPY221223C00395000,SPY221223P00395000,2022-12-23,32.0,395.0,394.59,0.0504320940723282,382.91,0.030639397856002372,True,,False
729,2022-11-22,True,,SPY221223C00400000,SPY221223P00400000,2022-12-23,31.0,400.0,399.9,0.047024256064016,382.91,0.042735683920980184,True,,False
730,2022-11-23,True,,SPY221223C00402000,SPY221223P00402000,2022-12-23,30.0,402.0,402.42,0.0443566423140002,382.91,0.047438000099398574,True,,False
731,2022-11-25,True,,SPY221223C00402000,SPY221223P00402000,2022-12-23,28.0,402.0,402.33,0.0427261203489672,382.91,0.04744861183605492,True,,False
732,2022-11-28,True,,SPY221230C00396000,SPY221230P00396000,2022-12-30,32.0,396.0,395.91,0.048925260791594,382.43,0.034275466646460036,True,,False
733,2022-11-29,True,,SPY221230C00395000,SPY221230P00395000,2022-12-30,31.0,395.0,395.23,0.0478202565594717,382.43,0.03180426587050576,True,,False
734,2022-11-30,True,,SPY221230C00408000,SPY221230P00408000,2022-12-30,30.0,408.0,407.68,0.0439192503924646,382.43,0.06272076138147564,True,,False
735,2022-12-01,True,,SPY221230C00407000,SPY221230P00407000,2022-12-30,29.0,407.0,407.38,0.0420246452943198,382.43,0.060312239186999836,True,,False
736,2022-12-02,True,,SPY221230C00407000,SPY221230P00407000,2022-12-30,28.0,407.0,406.91,0.0392838711262932,382.43,0.06038190263203163,True,,False
737,2022-12-05,True,,SPY230106C00400000,SPY230106P00400000,2023-01-06,32.0,400.0,399.59,0.0457594033884731,388.08,0.029830576340749308,True,,False
738,2022-12-06,True,,SPY230106C00394000,SPY230106P00394000,2023-01-06,31.0,394.0,393.83,0.0486631287611405,388.08,0.015031866541401153,True,,False
739,2022-12-07,True,,SPY230106C00393000,SPY230106P00393000,2023-01-06,30.0,393.0,393.16,0.0490004069589988,388.08,0.012513989215586569,True,,False
740,2022-12-08,True,,SPY230106C00396000,SPY230106P00396000,2023-01-06,29.0,396.0,396.24,0.0465500706642438,388.08,0.01998788612961845,True,,False
741,2022-12-09,True,,SPY230106C00393000,SPY230106P00393000,2023-01-06,28.0,393.0,393.28,0.0464554515866558,388.08,0.012510170870626567,True,,False
742,2022-12-12,True,,SPY230113C00399000,SPY230113P00399000,2023-01-13,32.0,399.0,398.95,0.0550319588920917,398.5,0.0012532898859506205,True,,False
743,2022-12-13,True,,SPY230113C00402000,SPY230113P00402000,2023-01-13,31.0,402.0,401.97,0.0489464387889643,398.5,0.008707117446575615,True,,False
744,2022-12-14,True,,SPY230113C00399000,SPY230113P00399000,2023-01-13,30.0,399.0,399.4,0.0453930896344516,398.5,0.0012518778167250877,True,,False
745,2022-12-15,True,,SPY230113C00390000,SPY230113P00390000,2023-01-13,29.0,390.0,389.63,0.0469548032749018,398.5,0.021815568616379642,True,,False
746,2022-12-16,True,,SPY230113C00383000,SPY230113P00383000,2023-01-13,28.0,383.0,383.27,0.0472643306285386,398.5,0.04044146424191823,True,,False
747,2022-12-19,True,,SPY230120C00380000,SPY230120P00380000,2023-01-20,32.0,380.0,380.02,0.0498789537392768,395.88,0.04178727435398136,True,,False
748,2022-12-20,True,,SPY230120C00381000,SPY230120P00381000,2023-01-20,31.0,381.0,380.54,0.0476822410259105,395.88,0.03910232827035264,True,,False
749,2022-12-21,True,,SPY230120C00386000,SPY230120P00386000,2023-01-20,30.0,386.0,386.23,0.0443518110970147,395.88,0.025580612588354076,True,,False
750,2022-12-22,True,,SPY230120C00381000,SPY230120P00381000,2023-01-20,29.0,381.0,380.72,0.0470818449254044,395.88,0.03908384114309727,True,,False
751,2022-12-23,True,,SPY230120C00383000,SPY230120P00383000,2023-01-20,28.0,383.0,382.91,0.0445143767464939,395.88,0.033637147110287,True,,False
752,2022-12-27,True,,SPY230127C00381000,SPY230127P00381000,2023-01-27,31.0,381.0,381.4,0.0489774514944939,405.68,0.06470896696381753,True,,False
753,2022-12-28,True,,SPY230127C00377000,SPY230127P00377000,2023-01-27,30.0,377.0,376.66,0.0494345032655445,405.68,0.07614294058301918,True,,False
754,2022-12-29,True,,SPY230127C00383000,SPY230127P00383000,2023-01-27,29.0,383.0,383.44,0.0465001043187982,405.68,0.05914875860630087,True,,False
755,2022-12-30,True,,SPY230127C00382500,SPY230127P00382500,2023-01-27,28.0,382.5,382.43,0.0456554140627042,405.68,0.06061239965483881,True,,False
756,2023-01-03,True,,SPY230203C00381000,SPY230203P00381000,2023-02-03,31.0,381.0,380.82,0.0518617719657581,412.35,0.08232235701906418,True,,False
757,2023-01-04,True,,SPY230203C00384000,SPY230203P00384000,2023-02-03,30.0,384.0,383.76,0.0489759224515322,412.35,0.0738742964352721,True,,False
758,2023-01-05,True,,SPY230203C00379000,SPY230203P00379000,2023-02-03,29.0,379.0,379.38,0.0496731509304654,412.35,0.08790658442722342,True,,False
759,2023-01-06,True,,SPY230203C00388000,SPY230203P00388000,2023-02-03,28.0,388.0,388.08,0.0451066790352504,412.35,0.0627447948876521,True,,False
760,2023-01-09,True,,SPY230210C00388000,SPY230210P00388000,2023-02-10,32.0,388.0,387.86,0.0492961377816737,408.04,0.051668127674934304,True,,False
761,2023-01-10,True,,SPY230210C00391000,SPY230210P00391000,2023-02-10,31.0,391.0,390.58,0.0460853090275999,408.04,0.04362742587946137,True,,False
762,2023-01-11,True,,SPY230210C00396000,SPY230210P00396000,2023-02-10,30.0,396.0,395.52,0.0461797127831715,408.04,0.030440938511326916,True,,False
763,2023-01-12,True,,SPY230210C00397000,SPY230210P00397000,2023-02-10,29.0,397.0,396.96,0.040041817815397,408.04,0.02781136638452242,True,,False
764,2023-01-13,True,,SPY230210C00398000,SPY230210P00398000,2023-02-10,28.0,398.0,398.5,0.0372271016311166,408.04,0.02519447929736517,True,,False
765,2023-01-17,True,,SPY230217C00398000,SPY230217P00398000,2023-02-17,31.0,398.0,397.77,0.0420343414536038,407.26,0.023279784800261435,True,,False
766,2023-01-18,True,,SPY230217C00391000,SPY230217P00391000,2023-02-17,30.0,391.0,391.49,0.0441007433140054,407.26,0.04153362793430226,True,,False
767,2023-01-19,True,,SPY230217C00389000,SPY230217P00389000,2023-02-17,29.0,389.0,388.64,0.0434978386167146,407.26,0.04698435570193493,True,,False
768,2023-01-20,True,,SPY230217C00396000,SPY230217P00396000,2023-02-17,28.0,396.0,395.88,0.0409846418106496,407.26,0.028442962513893076,True,,False
769,2023-01-23,True,,SPY230224C00401000,SPY230224P00401000,2023-02-24,32.0,401.0,400.63,0.0423083643261862,396.38,0.011531837356164053,True,,False
770,2023-01-24,True,,SPY230224C00400000,SPY230224P00400000,2023-02-24,31.0,400.0,400.2,0.0416041979010494,396.38,0.009045477261369327,True,,False
771,2023-01-25,True,,SPY230224C00400000,SPY230224P00400000,2023-02-24,30.0,400.0,400.35,0.040552016985138,396.38,0.009042088172848768,True,,False
772,2023-01-26,True,,SPY230224C00405000,SPY230224P00405000,2023-02-24,29.0,405.0,404.75,0.0387399629400864,396.38,0.021297096973440406,True,,False
773,2023-01-27,True,,SPY230224C00406000,SPY230224P00406000,2023-02-24,28.0,406.0,405.68,0.0376528298166042,396.38,0.02371327154407416,True,,False
774,2023-01-30,True,,SPY230303C00401000,SPY230303P00401000,2023-03-03,32.0,401.0,400.59,0.0436730822037494,404.19,0.007963254200054913,True,,False
775,2023-01-31,True,,SPY230303C00406000,SPY230303P00406000,2023-03-03,31.0,406.0,406.48,0.0411951387522141,404.19,0.004452863609525689,True,,False
776,2023-02-01,True,,SPY230303C00411000,SPY230303P00411000,2023-03-03,30.0,411.0,410.8,0.0376338851022395,404.19,0.016577409931840318,True,,False
777,2023-02-02,True,,SPY230303C00417000,SPY230303P00417000,2023-03-03,29.0,417.0,416.78,0.0362061519266759,404.19,0.03073563990594559,True,,False
778,2023-02-03,True,,SPY230303C00412000,SPY230303P00412000,2023-03-03,28.0,412.0,412.35,0.0366678792288104,404.19,0.01894022068631018,True,,False
779,2023-02-06,True,,SPY230310C00410000,SPY230310P00410000,2023-03-10,32.0,410.0,409.83,0.0419320205939047,385.91,0.05878046995095521,True,,False
780,2023-02-07,True,,SPY230310C00415000,SPY230310P00415000,2023-03-10,31.0,415.0,415.19,0.0392952624099809,385.91,0.07006430790722314,True,,False
781,2023-02-08,True,,SPY230310C00411000,SPY230310P00411000,2023-03-10,30.0,411.0,410.65,0.0410081577986119,385.91,0.061098258857908136,True,,False
782,2023-02-09,True,,SPY230310C00407000,SPY230310P00407000,2023-03-10,29.0,407.0,407.09,0.043135424598983,385.91,0.05180672578545279,True,,False
783,2023-02-10,True,,SPY230310C00408000,SPY230310P00408000,2023-03-10,28.0,408.0,408.04,0.0419199098127634,385.91,0.05413684932849714,True,,False
784,2023-02-13,True,,SPY230317C00413000,SPY230317P00413000,2023-03-17,32.0,413.0,412.83,0.0455514376377685,389.99,0.055737228399098886,True,,False
785,2023-02-14,True,,SPY230317C00413000,SPY230317P00413000,2023-03-17,31.0,413.0,412.64,0.0412344901124466,389.99,0.055762892594028675,True,,False
786,2023-02-15,True,,SPY230317C00414000,SPY230317P00414000,2023-03-17,30.0,414.0,413.98,0.0393497270399536,389.99,0.05799797091646937,True,,False
787,2023-02-16,True,,SPY230317C00408000,SPY230317P00408000,2023-03-17,29.0,408.0,408.28,0.0419197609483687,389.99,0.04411188400117565,True,,False
788,2023-02-17,True,,SPY230317C00407000,SPY230317P00407000,2023-03-17,28.0,407.0,407.26,0.0408338653440062,389.99,0.04176693021656925,True,,False
789,2023-02-21,True,,SPY230324C00399000,SPY230324P00399000,2023-03-24,31.0,399.0,399.09,0.0492370142073216,395.75,0.00814352652283946,True,,False
790,2023-02-22,True,,SPY230324C00399000,SPY230324P00399000,2023-03-24,30.0,399.0,398.54,0.0471345410749234,395.75,0.008154764891855272,True,,False
791,2023-02-23,True,,SPY230324C00401000,SPY230324P00401000,2023-03-24,29.0,401.0,400.66,0.043927519592672,395.75,0.01310337942395048,True,,False
792,2023-02-24,True,,SPY230324C00396000,SPY230324P00396000,2023-03-24,28.0,396.0,396.38,0.0451965285836823,395.75,0.0006307079065543165,True,,False
793,2023-02-27,True,,SPY230331C00398000,SPY230331P00398000,2023-03-31,32.0,398.0,397.73,0.0457219721921906,409.39,0.02863751791416284,True,,False
794,2023-02-28,True,,SPY230331C00396000,SPY230331P00396000,2023-03-31,31.0,396.0,396.26,0.0446297885226871,409.39,0.03379094533891886,True,,False
795,2023-03-01,True,,SPY230331C00395000,SPY230331P00395000,2023-03-31,30.0,395.0,394.74,0.04468764249886,409.39,0.036454375031666375,True,,False
796,2023-03-02,True,,SPY230331C00398000,SPY230331P00398000,2023-03-31,29.0,398.0,397.81,0.0420803901359945,409.39,0.02863175887986724,True,,False
797,2023-03-03,True,,SPY230331C00404000,SPY230331P00404000,2023-03-31,28.0,404.0,404.19,0.0385091169994309,409.39,0.013335312600509628,True,,False
798,2023-03-06,True,,SPY230406C00404000,SPY230406P00404000,2023-04-06,31.0,404.0,404.47,0.0402131184018592,409.19,0.012831606794076193,True,,False
799,2023-03-07,True,,SPY230406C00398000,SPY230406P00398000,2023-04-06,30.0,398.0,398.27,0.0422075476435584,409.19,0.028096517437918994,True,,False
800,2023-03-08,True,,SPY230406C00399000,SPY230406P00399000,2023-04-06,29.0,399.0,398.92,0.0402461646445402,409.19,0.02554396871553193,True,,False
801,2023-03-09,True,,SPY230406C00392000,SPY230406P00392000,2023-04-06,28.0,392.0,391.56,0.046148738379814,409.19,0.04390131780570027,True,,False
802,2023-03-10,True,,SPY230406C00386000,SPY230406P00386000,2023-04-06,27.0,386.0,385.91,0.0484309813168873,409.19,0.06009173123267082,True,,False
803,2023-03-13,True,,SPY230414C00385000,SPY230414P00385000,2023-04-14,32.0,385.0,385.36,0.0567521278804234,412.46,0.07125804442599122,True,,False
804,2023-03-14,True,,SPY230414C00392000,SPY230414P00392000,2023-04-14,31.0,392.0,391.73,0.0486049064406606,412.46,0.05222985219411324,True,,False
805,2023-03-15,True,,SPY230414C00389000,SPY230414P00389000,2023-04-14,30.0,389.0,389.28,0.0515824085491163,412.46,0.06026510480887788,True,,False
806,2023-03-16,True,,SPY230414C00396000,SPY230414P00396000,2023-04-14,29.0,396.0,396.11,0.0449243896897326,412.46,0.04155411375627977,True,,False
807,2023-03-17,True,,SPY230414C00390000,SPY230414P00390000,2023-04-14,28.0,390.0,389.99,0.0507448908946383,412.46,0.057591220287699633,True,,False
808,2023-03-20,True,,SPY230421C00394000,SPY230421P00394000,2023-04-21,32.0,394.0,393.74,0.0506425560014222,412.2,0.046223396149743454,True,,False
809,2023-03-21,True,,SPY230421C00399000,SPY230421P00399000,2023-04-21,31.0,399.0,398.91,0.0450728234438845,412.2,0.03309017071519889,True,,False
810,2023-03-22,True,,SPY230421C00392000,SPY230421P00392000,2023-04-21,30.0,392.0,392.11,0.0473081533243222,412.2,0.05151615618066356,True,,False
811,2023-03-23,True,,SPY230421C00393000,SPY230421P00393000,2023-04-21,29.0,393.0,393.17,0.0470788717348729,412.2,0.04883383778009509,True,,False
812,2023-03-24,True,,SPY230421C00396000,SPY230421P00396000,2023-04-21,28.0,396.0,395.75,0.0439292482627921,412.2,0.04093493367024634,True,,False
813,2023-03-27,True,,SPY230428C00396000,SPY230428P00396000,2023-04-28,32.0,396.0,396.49,0.0454109813614466,415.93,0.05026608489495323,True,,False
814,2023-03-28,True,,SPY230428C00396000,SPY230428P00396000,2023-04-28,31.0,396.0,395.6,0.0432760364004044,415.93,0.05037917087967646,True,,False
815,2023-03-29,True,,SPY230428C00401000,SPY230428P00401000,2023-04-28,30.0,401.0,401.35,0.0405755574934595,415.93,0.03719945185000624,True,,False
816,2023-03-30,True,,SPY230428C00404000,SPY230428P00404000,2023-04-28,29.0,404.0,403.7,0.0383576913549665,415.93,0.029551647262818944,True,,False
817,2023-03-31,True,,SPY230428C00409000,SPY230428P00409000,2023-04-28,28.0,409.0,409.39,0.0370062776325752,415.93,0.016927624025989903,True,,False
818,2023-04-03,True,,SPY230505C00411000,SPY230505P00411000,2023-05-05,32.0,411.0,410.95,0.040418542401752,412.63,0.003966419272417558,True,,False
819,2023-04-04,True,,SPY230505C00409000,SPY230505P00409000,2023-05-05,31.0,409.0,408.67,0.0404238138351236,412.63,0.00888247241050235,True,,False
820,2023-04-05,True,,SPY230505C00407500,SPY230505P00407500,2023-05-05,30.0,407.5,407.6,0.0401987242394504,412.63,0.012585868498527957,True,,False
821,2023-04-06,True,,SPY230505C00409000,SPY230505P00409000,2023-05-05,29.0,409.0,409.19,0.0381240988293946,412.63,0.008871184535301438,True,,False
822,2023-04-10,True,,SPY230512C00410000,SPY230512P00410000,2023-05-12,32.0,410.0,409.61,0.0410390371328825,411.59,0.003881741168428444,True,,False
823,2023-04-11,True,,SPY230512C00410000,SPY230512P00410000,2023-05-12,31.0,410.0,409.72,0.0404422532461192,411.59,0.0038806990139606925,True,,False
824,2023-04-12,True,,SPY230512C00408000,SPY230512P00408000,2023-05-12,30.0,408.0,408.05,0.0396274966303149,411.59,0.008797941428746415,True,,False
825,2023-04-13,True,,SPY230512C00413000,SPY230512P00413000,2023-05-12,29.0,413.0,413.47,0.0362541417757031,411.59,0.003410162768762002,True,,False
826,2023-04-14,True,,SPY230512C00412500,SPY230512P00412500,2023-05-12,28.0,412.5,412.46,0.0338941958008049,411.59,0.0022062745478350024,True,,False
827,2023-04-17,True,,SPY230519C00414000,SPY230519P00414000,2023-05-19,32.0,414.0,413.94,0.0355486302362661,418.62,0.011161037831569803,True,,False
828,2023-04-18,True,,SPY230519C00414000,SPY230519P00414000,2023-05-19,31.0,414.0,414.21,0.0344631949977064,418.62,0.011153762584196434,True,,False
829,2023-04-19,True,,SPY230519C00414000,SPY230519P00414000,2023-05-19,30.0,414.0,414.14,0.0335756024532766,418.62,0.01115564784855364,True,,False
830,2023-04-20,True,,SPY230519C00412000,SPY230519P00412000,2023-05-19,29.0,412.0,411.88,0.0343303874915023,418.62,0.016072642517238042,True,,False
831,2023-04-21,True,,SPY230519C00412000,SPY230519P00412000,2023-05-19,28.0,412.0,412.2,0.0328723920426977,418.62,0.016060164968461924,True,,False
832,2023-04-24,True,,SPY230526C00412500,SPY230526P00412500,2023-05-26,32.0,412.5,412.63,0.0354070232411603,420.02,0.01822455953275327,True,,False
833,2023-04-25,True,,SPY230526C00406000,SPY230526P00406000,2023-05-26,31.0,406.0,406.08,0.0407924546887312,420.02,0.03452521670606773,True,,False
834,2023-04-26,True,,SPY230526C00404000,SPY230526P00404000,2023-05-26,30.0,404.0,404.36,0.0401375012365219,420.02,0.03961816203383119,True,,False
835,2023-04-27,True,,SPY230526C00412500,SPY230526P00412500,2023-05-26,29.0,412.5,412.41,0.0339225527993986,420.02,0.018234281418976216,True,,False
836,2023-04-28,True,,SPY230526C00416000,SPY230526P00416000,2023-05-26,28.0,416.0,415.93,0.0301493039694179,420.02,0.009665087875363599,True,,False
837,2023-05-01,True,,SPY230602C00416000,SPY230602P00416000,2023-06-02,32.0,416.0,415.51,0.0328632283218213,427.92,0.02868763687997886,True,,False
838,2023-05-02,True,,SPY230602C00411000,SPY230602P00411000,2023-06-02,31.0,411.0,410.84,0.0364862233472884,427.92,0.04118391587966122,True,,False
839,2023-05-03,True,,SPY230602C00408000,SPY230602P00408000,2023-06-02,30.0,408.0,408.02,0.0381231312190578,427.92,0.048821136218812844,True,,False
840,2023-05-04,True,,SPY230602C00405000,SPY230602P00405000,2023-06-02,29.0,405.0,405.13,0.0403697578555031,427.92,0.05657443289808214,True,,False
841,2023-05-05,True,,SPY230602C00412500,SPY230602P00412500,2023-06-02,28.0,412.5,412.63,0.0327169619271502,427.92,0.03737004095678941,True,,False
842,2023-05-08,True,,SPY230609C00412500,SPY230609P00412500,2023-06-09,32.0,412.5,412.74,0.0356156418084023,429.9,0.042157290303823175,True,,False
843,2023-05-09,True,,SPY230609C00411000,SPY230609P00411000,2023-06-09,31.0,411.0,410.93,0.0366729126615238,429.9,0.04599323485751826,True,,False
844,2023-05-10,True,,SPY230609C00413000,SPY230609P00413000,2023-06-09,30.0,413.0,412.85,0.0335109603972387,429.9,0.040934964272738225,True,,False
845,2023-05-11,True,,SPY230609C00412000,SPY230609P00412000,2023-06-09,29.0,412.0,412.13,0.0325989372285443,429.9,0.04343289738674685,True,,False
846,2023-05-12,True,,SPY230609C00412000,SPY230609P00412000,2023-06-09,28.0,412.0,411.59,0.0310989091085789,429.9,0.04348988070652829,True,,False
847,2023-05-15,True,,SPY230616C00413000,SPY230616P00413000,2023-06-16,32.0,413.0,413.01,0.0352654899397109,439.46,0.06406624536936147,True,,False
848,2023-05-16,True,,SPY230616C00410000,SPY230616P00410000,2023-06-16,31.0,410.0,410.25,0.0373308957952468,439.46,0.0718098720292504,True,,False
849,2023-05-17,True,,SPY230616C00415000,SPY230616P00415000,2023-06-16,30.0,415.0,415.23,0.0334152156636081,439.46,0.0589071117212147,True,,False
850,2023-05-18,True,,SPY230616C00419000,SPY230616P00419000,2023-06-16,29.0,419.0,419.23,0.0311165708560933,439.46,0.048803759272952746,True,,False
851,2023-05-19,True,,SPY230616C00419000,SPY230616P00419000,2023-06-16,28.0,419.0,418.62,0.0314844011275142,439.46,0.04887487458793173,True,,False
852,2023-05-22,True,,SPY230623C00419000,SPY230623P00419000,2023-06-23,32.0,419.0,418.79,0.0333818859094056,433.21,0.033931087179732033,True,,False
853,2023-05-23,True,,SPY230623C00414000,SPY230623P00414000,2023-06-23,31.0,414.0,414.09,0.036187785264073,433.21,0.046390881209398875,True,,False
854,2023-05-24,True,,SPY230623C00411000,SPY230623P00411000,2023-06-23,30.0,411.0,411.09,0.0387141501860906,433.21,0.05402709868885154,True,,False
855,2023-05-25,True,,SPY230623C00415000,SPY230623P00415000,2023-06-23,29.0,415.0,414.65,0.0350657180754853,433.21,0.04391655613167727,True,,False
856,2023-05-26,True,,SPY230623C00420000,SPY230623P00420000,2023-06-23,28.0,420.0,420.02,0.0318199133374601,433.21,0.0314508832912718,True,,False
857,2023-05-30,True,,SPY230630C00420000,SPY230630P00420000,2023-06-30,31.0,420.0,420.18,0.0331167594840306,443.28,0.05540482650292725,True,,False
858,2023-05-31,True,,SPY230630C00418000,SPY230630P00418000,2023-06-30,30.0,418.0,417.85,0.0323800406844561,443.28,0.06050017949024763,True,,False
859,2023-06-01,True,,SPY230630C00422000,SPY230630P00422000,2023-06-30,29.0,422.0,421.82,0.0282822056801479,443.28,0.050448058413541254,True,,False
860,2023-06-02,True,,SPY230630C00428000,SPY230630P00428000,2023-06-30,28.0,428.0,427.92,0.0261497476163768,443.28,0.03570760889885954,True,,False
861,2023-06-05,True,,SPY230707C00427000,SPY230707P00427000,2023-07-07,32.0,427.0,427.1,0.0286232732381175,438.55,0.02704284710840555,True,,False
862,2023-06-06,True,,SPY230707C00428000,SPY230707P00428000,2023-07-07,31.0,428.0,428.03,0.0265518772048688,438.55,0.02464780506039299,True,,False
863,2023-06-07,True,,SPY230707C00427000,SPY230707P00427000,2023-07-07,30.0,427.0,426.55,0.0257414136677997,438.55,0.027077716563122755,True,,False
864,2023-06-08,True,,SPY230707C00429000,SPY230707P00429000,2023-07-07,29.0,429.0,429.13,0.0243632465686388,438.55,0.022254328525155576,True,,False
865,2023-06-09,True,,SPY230707C00430000,SPY230707P00430000,2023-07-07,28.0,430.0,429.9,0.0241335194231216,438.55,0.01988834612700631,True,,False
866,2023-06-12,True,,SPY230714C00434000,SPY230714P00434000,2023-07-14,32.0,434.0,433.8,0.0282388197325956,449.28,0.03522360534808661,True,,False
867,2023-06-13,True,,SPY230714C00437000,SPY230714P00437000,2023-07-14,31.0,437.0,436.66,0.0271034672285073,449.28,0.028122566756744315,True,,False
868,2023-06-14,True,,SPY230714C00437000,SPY230714P00437000,2023-07-14,30.0,437.0,437.18,0.0261905851136831,449.28,0.028089116611006847,True,,False
869,2023-06-15,True,,SPY230714C00443000,SPY230714P00443000,2023-07-14,29.0,443.0,442.6,0.0265702666064166,449.28,0.014188883868052355,True,,False
870,2023-06-16,True,,SPY230714C00439000,SPY230714P00439000,2023-07-14,28.0,439.0,439.46,0.0260774586993127,449.28,0.02339234515086691,True,,False
871,2023-06-20,True,,SPY230721C00437000,SPY230721P00437000,2023-07-21,31.0,437.0,437.18,0.0283636030925476,452.18,0.03472253991490921,True,,False
872,2023-06-21,True,,SPY230721C00435000,SPY230721P00435000,2023-07-21,30.0,435.0,434.94,0.0269692371361567,452.18,0.03949970110819885,True,,False
873,2023-06-22,True,,SPY230721C00437000,SPY230721P00437000,2023-07-21,29.0,437.0,436.51,0.0249135185906393,452.18,0.03477583560514079,True,,False
874,2023-06-23,True,,SPY230721C00433000,SPY230721P00433000,2023-07-21,28.0,433.0,433.21,0.0255418849980379,452.18,0.04427413956279866,True,,False
875,2023-06-26,True,,SPY230728C00431000,SPY230728P00431000,2023-07-28,32.0,431.0,431.44,0.0297144446504728,456.92,0.060077878731689266,True,,False
876,2023-06-27,True,,SPY230728C00436000,SPY230728P00436000,2023-07-28,31.0,436.0,436.17,0.0276383061650273,456.92,0.047962950225829415,True,,False
877,2023-06-28,True,,SPY230728C00436000,SPY230728P00436000,2023-07-28,30.0,436.0,436.39,0.0273379316666284,456.92,0.0479387703659571,True,,False
878,2023-06-29,True,,SPY230728C00438000,SPY230728P00438000,2023-07-28,29.0,438.0,438.11,0.0261578142475633,456.92,0.04318550135810645,True,,False
879,2023-06-30,True,,SPY230728C00443000,SPY230728P00443000,2023-07-28,28.0,443.0,443.28,0.0246683811586356,456.92,0.03140227395776939,True,,False
880,2023-07-03,True,,SPY230804C00444000,SPY230804P00444000,2023-08-04,32.0,444.0,443.79,0.0273327474706505,446.81,0.006331823610266122,True,,False
881,2023-07-05,True,,SPY230804C00443000,SPY230804P00443000,2023-08-04,30.0,443.0,443.13,0.0279263421569291,446.81,0.008597928373163637,True,,False
882,2023-07-06,True,,SPY230804C00440000,SPY230804P00440000,2023-08-04,29.0,440.0,439.66,0.0291702679343128,446.81,0.015489241686757953,True,,False
883,2023-07-07,True,,SPY230804C00439000,SPY230804P00439000,2023-08-04,28.0,439.0,438.55,0.0275909246380116,446.81,0.01780868772089842,True,,False
884,2023-07-10,True,,SPY230811C00440000,SPY230811P00440000,2023-08-11,32.0,440.0,439.66,0.0305463312559705,445.65,0.012850839284901917,True,,False
885,2023-07-11,True,,SPY230811C00442500,SPY230811P00442500,2023-08-11,31.0,442.5,442.46,0.0294263888261085,445.65,0.007119287619219765,True,,False
886,2023-07-12,True,,SPY230811C00446000,SPY230811P00446000,2023-08-11,30.0,446.0,446.02,0.026590735841442,445.65,0.0007847181740729625,True,,False
887,2023-07-13,True,,SPY230811C00450000,SPY230811P00450000,2023-08-11,29.0,450.0,449.56,0.0257696414271732,445.65,0.00967612776937455,True,,False
888,2023-07-14,True,,SPY230811C00449000,SPY230811P00449000,2023-08-11,28.0,449.0,449.28,0.0251513532763532,445.65,0.007456374643874695,True,,False
889,2023-07-17,True,,SPY230818C00450000,SPY230818P00450000,2023-08-18,32.0,450.0,450.84,0.0279700115340253,436.5,0.02994410433856801,True,,False
890,2023-07-18,True,,SPY230818C00454000,SPY230818P00454000,2023-08-18,31.0,454.0,454.19,0.027114203306986,436.5,0.038530130562099564,True,,False
891,2023-07-19,True,,SPY230818C00455000,SPY230818P00455000,2023-08-18,30.0,455.0,455.2,0.0273066783831282,436.5,0.0406414762741652,True,,False
892,2023-07-20,True,,SPY230818C00452000,SPY230818P00452000,2023-08-18,29.0,452.0,452.18,0.027157326728294,436.5,0.034278384714051924,True,,False
893,2023-07-21,True,,SPY230818C00452000,SPY230818P00452000,2023-08-18,28.0,452.0,452.18,0.0257309036224512,436.5,0.034278384714051924,True,,False
894,2023-07-24,True,,SPY230825C00454000,SPY230825P00454000,2023-08-25,32.0,454.0,454.2,0.0283135182738881,439.97,0.030889476001761278,True,,False
895,2023-07-25,True,,SPY230825C00455000,SPY230825P00455000,2023-08-25,31.0,455.0,455.44,0.0283242578605304,439.97,0.03300105392587382,True,,False
896,2023-07-26,True,,SPY230825C00456000,SPY230825P00456000,2023-08-25,30.0,456.0,455.51,0.0259160062347698,439.97,0.03519132401044977,True,,False
897,2023-07-27,True,,SPY230825C00452000,SPY230825P00452000,2023-08-25,29.0,452.0,452.49,0.0278569692147892,439.97,0.026586222899953528,True,,False
898,2023-07-28,True,,SPY230825C00457000,SPY230825P00457000,2023-08-25,28.0,457.0,456.92,0.0252013481572266,439.97,0.03727129475619358,True,,False
899,2023-07-31,True,,SPY230901C00458000,SPY230901P00458000,2023-09-01,32.0,458.0,457.79,0.0281133270713646,451.19,0.014875816422377076,True,,False
900,2023-08-01,True,,SPY230901C00456000,SPY230901P00456000,2023-09-01,31.0,456.0,456.48,0.0285335611636873,451.19,0.010537153873116023,True,,False
901,2023-08-02,True,,SPY230901C00450000,SPY230901P00450000,2023-09-01,30.0,450.0,450.13,0.0318574633994623,451.19,0.002643680714460262,True,,False
902,2023-08-03,True,,SPY230901C00449000,SPY230901P00449000,2023-09-01,29.0,449.0,448.84,0.0315034310667498,451.19,0.004879244274128861,True,,False
903,2023-08-04,True,,SPY230901C00447000,SPY230901P00447000,2023-09-01,28.0,447.0,446.81,0.0318032273225755,451.19,0.009377587788993079,True,,False
904,2023-08-07,True,,SPY230908C00451000,SPY230908P00451000,2023-09-08,32.0,451.0,450.71,0.0312617869583546,445.52,0.012158594218011623,True,,False
905,2023-08-08,True,,SPY230908C00449000,SPY230908P00449000,2023-09-08,31.0,449.0,448.75,0.0317548746518105,445.52,0.007754874651810626,True,,False
906,2023-08-09,True,,SPY230908C00446000,SPY230908P00446000,2023-09-08,30.0,446.0,445.75,0.0324397083567021,445.52,0.001076836791923765,True,,False
907,2023-08-10,True,,SPY230908C00446000,SPY230908P00446000,2023-09-08,29.0,446.0,445.91,0.0312507008140656,445.52,0.001076450404790245,True,,False
908,2023-08-11,True,,SPY230908C00446000,SPY230908P00446000,2023-09-08,28.0,446.0,445.65,0.0289689217996185,445.52,0.0010770784247728447,True,,False
909,2023-08-14,True,,SPY230915C00448000,SPY230915P00448000,2023-09-15,32.0,448.0,448.11,0.0315882261051973,443.37,0.010332284483720505,True,,False
910,2023-08-15,True,,SPY230915C00443000,SPY230915P00443000,2023-09-15,31.0,443.0,442.89,0.0343200343200343,443.37,0.0008354218880534773,True,,False
911,2023-08-16,True,,SPY230915C00440000,SPY230915P00440000,2023-09-15,30.0,440.0,439.64,0.0348694386316076,443.37,0.007665362569374954,True,,False
912,2023-08-17,True,,SPY230915C00436000,SPY230915P00436000,2023-09-15,29.0,436.0,436.29,0.0363978087969011,443.37,0.016892433931559293,True,,False
913,2023-08-18,True,,SPY230915C00436000,SPY230915P00436000,2023-09-15,28.0,436.0,436.5,0.0344788087056128,443.37,0.01688430698739978,True,,False
914,2023-08-21,True,,SPY230922C00439000,SPY230922P00439000,2023-09-22,32.0,439.0,439.34,0.0354509036281695,430.42,0.01952929394091133,True,,False
915,2023-08-22,True,,SPY230922C00438000,SPY230922P00438000,2023-09-22,31.0,438.0,438.15,0.0348282551637567,430.42,0.01730001141161699,True,,False
916,2023-08-23,True,,SPY230922C00443000,SPY230922P00443000,2023-09-22,30.0,443.0,443.03,0.0319052885809087,430.42,0.02839536825948578,True,,False
917,2023-08-24,True,,SPY230922C00437000,SPY230922P00437000,2023-09-22,29.0,437.0,436.89,0.0338185813362631,430.42,0.015060999336217318,True,,False
918,2023-08-25,True,,SPY230922C00440000,SPY230922P00440000,2023-09-22,28.0,440.0,439.97,0.030297520285474,430.42,0.02177421187808256,True,,False
919,2023-08-28,True,,SPY230929C00443000,SPY230929P00443000,2023-09-29,32.0,443.0,442.76,0.0312245912006504,427.48,0.035052850302646994,True,,False
920,2023-08-29,True,,SPY230929C00449000,SPY230929P00449000,2023-09-29,31.0,449.0,449.16,0.0289763113367174,427.48,0.047911657315878486,True,,False
921,2023-08-30,True,,SPY230929C00451000,SPY230929P00451000,2023-09-29,30.0,451.0,451.01,0.0269838806234895,427.48,0.052149619742356004,True,,False
922,2023-08-31,True,,SPY230929C00450000,SPY230929P00450000,2023-09-29,29.0,450.0,450.35,0.0261130232041745,427.48,0.050005551237926014,True,,False
923,2023-09-01,True,,SPY230929C00451000,SPY230929P00451000,2023-09-29,28.0,451.0,451.19,0.0242137458720273,427.48,0.052128814911677965,True,,False
924,2023-09-05,True,,SPY231006C00449000,SPY231006P00449000,2023-10-06,31.0,449.0,449.24,0.0280362389813907,429.54,0.04331760306295072,True,,False
925,2023-09-06,True,,SPY231006C00446000,SPY231006P00446000,2023-10-06,30.0,446.0,446.22,0.0285957599390435,429.54,0.036887633902559225,True,,False
926,2023-09-07,True,,SPY231006C00445000,SPY231006P00445000,2023-10-06,29.0,445.0,444.85,0.0282342362594132,429.54,0.0347532876250421,True,,False
927,2023-09-08,True,,SPY231006C00446000,SPY231006P00446000,2023-10-06,28.0,446.0,445.52,0.0261716645717364,429.54,0.036945591668163004,True,,False
928,2023-09-11,True,,SPY231013C00448000,SPY231013P00448000,2023-10-13,32.0,448.0,448.45,0.0282417214851153,431.5,0.03679339948712231,True,,False
929,2023-09-12,True,,SPY231013C00446000,SPY231013P00446000,2023-10-13,31.0,446.0,445.99,0.028644140003139,431.5,0.03251193972959035,True,,False
930,2023-09-13,True,,SPY231013C00447000,SPY231013P00447000,2023-10-13,30.0,447.0,446.51,0.0263375960224854,431.5,0.03471366822691541,True,,False
931,2023-09-14,True,,SPY231013C00450000,SPY231013P00450000,2023-10-13,29.0,450.0,450.36,0.02403632649436,431.5,0.04107824851230127,True,,False
932,2023-09-15,True,,SPY231013C00443000,SPY231013P00443000,2023-10-13,28.0,443.0,443.37,0.0267045582696167,431.5,0.025937704400387937,True,,False
933,2023-09-18,True,,SPY231020C00444000,SPY231020P00444000,2023-10-20,32.0,444.0,443.63,0.0292698870680522,421.19,0.05141672114149179,True,,False
934,2023-09-19,True,,SPY231020C00443000,SPY231020P00443000,2023-10-20,31.0,443.0,442.71,0.0293420071830317,421.19,0.049264755709154985,True,,False
935,2023-09-20,True,,SPY231020C00439000,SPY231020P00439000,2023-10-20,30.0,439.0,438.64,0.0307085537114718,421.19,0.04060277220499727,True,,False
936,2023-09-21,True,,SPY231020C00431000,SPY231020P00431000,2023-10-20,29.0,431.0,431.39,0.03503790073947,421.19,0.02274044368205105,True,,False
937,2023-09-22,True,,SPY231020C00430000,SPY231020P00430000,2023-10-20,28.0,430.0,430.42,0.0343501696017843,421.19,0.020468379722131877,True,,False
938,2023-09-25,True,,SPY231027C00432000,SPY231027P00432000,2023-10-27,32.0,432.0,432.23,0.0362422784165837,410.68,0.04932559054207249,True,,False
939,2023-09-26,True,,SPY231027C00426000,SPY231027P00426000,2023-10-27,31.0,426.0,425.88,0.0396707992861839,410.68,0.03597257443411288,True,,False
940,2023-09-27,True,,SPY231027C00426000,SPY231027P00426000,2023-10-27,30.0,426.0,426.05,0.0378007276141297,410.68,0.035958220866095514,True,,False
941,2023-09-28,True,,SPY231027C00429000,SPY231027P00429000,2023-10-27,29.0,429.0,428.52,0.0350158685708951,410.68,0.042751796882292525,True,,False
942,2023-09-29,True,,SPY231027C00427000,SPY231027P00427000,2023-10-27,28.0,427.0,427.48,0.0356741835875362,410.68,0.03817722466548141,True,,False
943,2023-10-02,True,,SPY231103C00427000,SPY231103P00427000,2023-11-03,32.0,427.0,427.31,0.038847674990054,434.69,0.017996302450211783,True,,False
944,2023-10-03,True,,SPY231103C00422000,SPY231103P00422000,2023-11-03,31.0,422.0,421.59,0.0419127588415285,434.69,0.030100334448160532,True,,False
945,2023-10-04,True,,SPY231103C00425000,SPY231103P00425000,2023-11-03,30.0,425.0,424.66,0.0388075166015165,434.69,0.02281825460368294,True,,False
946,2023-10-05,True,,SPY231103C00424000,SPY231103P00424000,2023-11-03,29.0,424.0,424.5,0.0380800942285041,434.69,0.025182567726737333,True,,False
947,2023-10-06,True,,SPY231103C00430000,SPY231103P00430000,2023-11-03,28.0,430.0,429.54,0.0349909205196256,434.69,0.010918657168133346,True,,False
948,2023-10-09,True,,SPY231110C00432500,SPY231110P00432500,2023-11-10,32.0,432.5,432.29,0.037613638992343,440.61,0.018760554257558616,True,,False
949,2023-10-10,True,,SPY231110C00435000,SPY231110P00435000,2023-11-10,31.0,435.0,434.54,0.0351866341418511,440.61,0.012910203893772756,True,,False
950,2023-10-11,True,,SPY231110C00436000,SPY231110P00436000,2023-11-10,30.0,436.0,436.32,0.0334387605427209,440.61,0.010565639897323098,True,,False
951,2023-10-12,True,,SPY231110C00434000,SPY231110P00434000,2023-11-10,29.0,434.0,433.66,0.0331250288244246,440.61,0.01524235576257901,True,,False
952,2023-10-13,True,,SPY231110C00431000,SPY231110P00431000,2023-11-10,28.0,431.0,431.5,0.0363267670915411,440.61,0.02227114716106608,True,,False
953,2023-10-16,True,,SPY231117C00436000,SPY231117P00436000,2023-11-17,32.0,436.0,436.04,0.0360058710210072,450.79,0.03391890652233744,True,,False
954,2023-10-17,True,,SPY231117C00436000,SPY231117P00436000,2023-11-17,31.0,436.0,436.02,0.0361795330489427,450.79,0.03392046236411179,True,,False
955,2023-10-18,True,,SPY231117C00430000,SPY231117P00430000,2023-11-17,30.0,430.0,430.21,0.0394226075637479,450.79,0.04832523651240097,True,,False
956,2023-10-19,True,,SPY231117C00426000,SPY231117P00426000,2023-11-17,29.0,426.0,426.43,0.0421288370893229,450.79,0.058133808596956174,True,,False
957,2023-10-20,True,,SPY231117C00421000,SPY231117P00421000,2023-11-17,28.0,421.0,421.19,0.042189985517225,450.79,0.07072817493292818,True,,False
958,2023-10-23,True,,SPY231124C00420000,SPY231124P00420000,2023-11-24,32.0,420.0,420.46,0.043488084478904,455.3,0.08395566760215006,True,,False
959,2023-10-24,True,,SPY231124C00424000,SPY231124P00424000,2023-11-24,31.0,424.0,423.63,0.0393385737553997,455.3,0.07388523003564434,True,,False
960,2023-10-25,True,,SPY231124C00417500,SPY231124P00417500,2023-11-24,30.0,417.5,417.55,0.0420668183451083,455.3,0.09052808046940489,True,,False
961,2023-10-26,True,,SPY231124C00412500,SPY231124P00412500,2023-11-24,29.0,412.5,412.55,0.0422736637983274,455.3,0.10374500060598718,True,,False
962,2023-10-27,True,,SPY231124C00411000,SPY231124P00411000,2023-11-24,28.0,411.0,410.68,0.0420522060972046,455.3,0.10786987435472876,True,,False
963,2023-10-30,True,,SPY231201C00416000,SPY231201P00416000,2023-12-01,32.0,416.0,415.59,0.0422411511345316,459.1,0.10370798142399967,True,,False
964,2023-10-31,True,,SPY231201C00418000,SPY231201P00418000,2023-12-01,31.0,418.0,418.2,0.0386178861788617,459.1,0.09827833572453377,True,,False
965,2023-11-01,True,,SPY231201C00422500,SPY231201P00422500,2023-12-01,30.0,422.5,422.66,0.0352647518099654,459.1,0.08659442577958648,True,,False
966,2023-11-02,True,,SPY231201C00431000,SPY231201P00431000,2023-12-01,29.0,431.0,430.76,0.0311890611941684,459.1,0.06523354071872974,True,,False
967,2023-11-03,True,,SPY231201C00435000,SPY231201P00435000,2023-12-01,28.0,435.0,434.69,0.02896316915503,459.1,0.05544180910533949,True,,False
968,2023-11-06,True,,SPY231208C00436000,SPY231208P00436000,2023-12-08,32.0,436.0,435.69,0.0311574743510294,460.2,0.055544079506070806,True,,False
969,2023-11-07,True,,SPY231208C00437000,SPY231208P00437000,2023-12-08,31.0,437.0,436.93,0.0305769802943263,460.2,0.05309775021170437,True,,False
970,2023-11-08,True,,SPY231208C00437000,SPY231208P00437000,2023-12-08,30.0,437.0,437.25,0.0292510005717552,460.2,0.05305889079473983,True,,False
971,2023-11-09,True,,SPY231208C00434000,SPY231208P00434000,2023-12-08,29.0,434.0,433.84,0.0302876636548036,460.2,0.06039092753088694,True,,False
972,2023-11-10,True,,SPY231208C00441000,SPY231208P00441000,2023-12-08,28.0,441.0,440.61,0.0269512721000431,460.2,0.043575951521753906,True,,False
973,2023-11-13,True,,SPY231215C00440000,SPY231215P00440000,2023-12-15,32.0,440.0,440.19,0.0323269497262545,469.33,0.06663031872600464,True,,False
974,2023-11-14,True,,SPY231215C00449000,SPY231215P00449000,2023-12-15,31.0,449.0,448.73,0.0295277783968087,469.33,0.045305640362801644,True,,False
975,2023-11-15,True,,SPY231215C00450000,SPY231215P00450000,2023-12-15,30.0,450.0,449.68,0.0284980430528375,469.33,0.04298612346557548,True,,False
976,2023-11-16,True,,SPY231215C00450000,SPY231215P00450000,2023-12-15,29.0,450.0,450.23,0.027696954889723,469.33,0.04293361170957063,True,,False
977,2023-11-17,True,,SPY231215C00451000,SPY231215P00451000,2023-12-15,28.0,451.0,450.79,0.0264757425852392,469.33,0.040661949022826556,True,,False
978,2023-11-20,True,,SPY231222C00454000,SPY231222P00454000,2023-12-22,32.0,454.0,454.26,0.0272971426055562,473.65,0.04325716549993391,True,,False
979,2023-11-21,True,,SPY231222C00453000,SPY231222P00453000,2023-12-22,31.0,453.0,453.27,0.026661813047411,473.65,0.04555783528581194,True,,False
980,2023-11-22,True,,SPY231222C00455000,SPY231222P00455000,2023-12-22,30.0,455.0,455.02,0.0253725110984132,473.65,0.040987209353434965,True,,False
981,2023-11-24,True,,SPY231222C00455000,SPY231222P00455000,2023-12-22,28.0,455.0,455.3,0.0237755326158576,473.65,0.04096200307489562,True,,False
982,2023-11-27,True,,SPY231229C00454000,SPY231229P00454000,2023-12-29,32.0,454.0,454.48,0.0256666960042246,475.31,0.046888751980285165,True,,False
983,2023-11-28,True,,SPY231229C00455000,SPY231229P00455000,2023-12-29,31.0,455.0,454.93,0.0248939397269909,475.31,0.04464423098059042,True,,False
984,2023-11-29,True,,SPY231229C00455000,SPY231229P00455000,2023-12-29,30.0,455.0,454.61,0.0252964079100767,475.31,0.04467565605683993,True,,False
985,2023-11-30,True,,SPY231229C00456000,SPY231229P00456000,2023-12-29,29.0,456.0,456.4,0.0248356704645048,475.31,0.0423093777388256,True,,False
986,2023-12-01,True,,SPY231229C00459000,SPY231229P00459000,2023-12-29,28.0,459.0,459.1,0.0242975386626007,475.31,0.035526029187540845,True,,False
987,2023-12-04,True,,SPY240105C00457000,SPY240105P00457000,2024-01-05,32.0,457.0,456.69,0.0269438787799163,467.92,0.02391118701964137,True,,False
988,2023-12-05,True,,SPY240105C00457000,SPY240105P00457000,2024-01-05,31.0,457.0,456.6,0.0263250109505037,467.92,0.023915900131406077,True,,False
989,2023-12-06,True,,SPY240105C00455000,SPY240105P00455000,2024-01-05,30.0,455.0,454.76,0.0261786436801829,467.92,0.028410590201424963,True,,False
990,2023-12-07,True,,SPY240105C00458000,SPY240105P00458000,2024-01-05,29.0,458.0,458.23,0.0258494642428474,467.92,0.021648517120223504,True,,False
991,2023-12-08,True,,SPY240105C00460000,SPY240105P00460000,2024-01-05,28.0,460.0,460.2,0.0237070838765754,467.92,0.0172099087353325,True,,False
992,2023-12-11,True,,SPY240112C00462000,SPY240112P00462000,2024-01-12,32.0,462.0,461.99,0.0265265481936838,476.68,0.031775579557999103,True,,False
993,2023-12-12,True,,SPY240112C00464000,SPY240112P00464000,2024-01-12,31.0,464.0,464.1,0.0243697478991596,476.68,0.027321697909933218,True,,False
994,2023-12-13,True,,SPY240112C00470000,SPY240112P00470000,2024-01-12,30.0,470.0,470.5,0.0237832093517534,476.68,0.01419766206163657,True,,False
995,2023-12-14,True,,SPY240112C00472000,SPY240112P00472000,2024-01-12,29.0,472.0,472.01,0.0229656151352725,476.68,0.009915044172792964,True,,False
996,2023-12-15,True,,SPY240112C00469000,SPY240112P00469000,2024-01-12,28.0,469.0,469.33,0.0236187757015319,476.68,0.01636375258347007,True,,False
997,2023-12-18,True,,SPY240119C00472000,SPY240119P00472000,2024-01-19,32.0,472.0,471.97,0.0260609784520202,482.43,0.022098862215818815,True,,False
998,2023-12-19,True,,SPY240119C00475000,SPY240119P00475000,2024-01-19,31.0,475.0,474.84,0.0255875663381349,482.43,0.01564737595821752,True,,False
999,2023-12-20,True,,SPY240119C00468000,SPY240119P00468000,2024-01-19,30.0,468.0,468.26,0.0270896510485627,482.43,0.030816213214880636,True,,False
1000,2023-12-21,True,,SPY240119C00473000,SPY240119P00473000,2024-01-19,29.0,473.0,472.7,0.0264861434313518,482.43,0.01994922784006771,True,,False
1001,2023-12-22,True,,SPY240119C00474000,SPY240119P00474000,2024-01-19,28.0,474.0,473.65,0.0251134804180301,482.43,0.017797952074316493,True,,False
1002,2023-12-26,True,,SPY240126C00476000,SPY240126P00476000,2024-01-26,31.0,476.0,475.65,0.0268369599495427,487.41,0.023988226637233313,True,,False
1003,2023-12-27,True,,SPY240126C00477000,SPY240126P00477000,2024-01-26,30.0,477.0,476.51,0.0251621162200163,487.41,0.02184634110511852,True,,False
1004,2023-12-28,True,,SPY240126C00477000,SPY240126P00477000,2024-01-26,29.0,477.0,476.69,0.0245652310726048,487.41,0.021838091841658153,True,,False
1005,2023-12-29,True,,SPY240126C00475000,SPY240126P00475000,2024-01-26,28.0,475.0,475.31,0.0239843470577097,487.41,0.026109276051419127,True,,False
1006,2024-01-02,True,,SPY240202C00472500,SPY240202P00472500,2024-02-02,31.0,472.5,472.65,0.027991113932085,494.35,0.04622871046228715,True,,False
1007,2024-01-03,True,,SPY240202C00469000,SPY240202P00469000,2024-02-02,30.0,469.0,468.79,0.0288828686618741,494.35,0.05407538556709832,True,,False
1008,2024-01-04,True,,SPY240202C00467500,SPY240202P00467500,2024-02-02,29.0,467.5,467.28,0.028548193802431,494.35,0.05746019517205963,True,,False
1009,2024-01-05,True,,SPY240202C00468000,SPY240202P00468000,2024-02-02,28.0,468.0,467.92,0.0267673961360916,494.35,0.05631304496495132,True,,False
1010,2024-01-08,True,,SPY240209C00475000,SPY240209P00475000,2024-02-09,32.0,475.0,474.6,0.027465233881163,501.2,0.05520438263801093,True,,False
1011,2024-01-09,True,,SPY240209C00474000,SPY240209P00474000,2024-02-09,31.0,474.0,473.88,0.0264518443487802,501.2,0.0573984975099181,True,,False
1012,2024-01-10,True,,SPY240209C00477000,SPY240209P00477000,2024-02-09,30.0,477.0,476.56,0.0255896424374685,501.2,0.0507805942588551,True,,False
1013,2024-01-11,True,,SPY240209C00476000,SPY240209P00476000,2024-02-09,29.0,476.0,476.35,0.0247717014800042,501.2,0.05290227773695809,True,,False
1014,2024-01-12,True,,SPY240209C00477000,SPY240209P00477000,2024-02-09,28.0,477.0,476.68,0.0240937316438701,501.2,0.05076781069061003,True,,False
1015,2024-01-16,True,,SPY240216C00475000,SPY240216P00475000,2024-02-16,31.0,475.0,474.93,0.0283620744109658,499.51,0.051607605331311965,True,,False
1016,2024-01-17,True,,SPY240216C00472000,SPY240216P00472000,2024-02-16,30.0,472.0,472.29,0.029589870630333,499.51,0.05824811027123164,True,,False
1017,2024-01-18,True,,SPY240216C00476000,SPY240216P00476000,2024-02-16,29.0,476.0,476.49,0.0279754034712166,499.51,0.049339965161913135,True,,False
1018,2024-01-19,True,,SPY240216C00482000,SPY240216P00482000,2024-02-16,28.0,482.0,482.43,0.025889766390979,499.51,0.03629542109736126,True,,False
1019,2024-01-22,True,,SPY240223C00483000,SPY240223P00483000,2024-02-23,32.0,483.0,483.45,0.0271486192987899,507.85,0.05140138587237568,True,,False
1020,2024-01-23,True,,SPY240223C00485000,SPY240223P00485000,2024-02-23,31.0,485.0,484.86,0.0252753372107412,507.85,0.04712700573361387,True,,False
1021,2024-01-24,True,,SPY240223C00485000,SPY240223P00485000,2024-02-23,30.0,485.0,485.39,0.0255567687838645,507.85,0.047075547497888344,True,,False
1022,2024-01-25,True,,SPY240223C00488000,SPY240223P00488000,2024-02-23,29.0,488.0,488.03,0.0255004815277749,507.85,0.04067372907403238,True,,False
1023,2024-01-26,True,,SPY240223C00487000,SPY240223P00487000,2024-02-23,28.0,487.0,487.41,0.0249584538684064,507.85,0.042777128085185,True,,False
1024,2024-01-29,True,,SPY240229C00491000,SPY240229P00491000,2024-02-29,31.0,491.0,491.27,0.0268386019907586,508.08,0.034767032385449925,True,,False
1025,2024-01-30,True,,SPY240229C00491000,SPY240229P00491000,2024-02-29,30.0,491.0,490.89,0.0257185927600888,508.08,0.03479394569048053,True,,False
1026,2024-01-31,True,,SPY240301C00483000,SPY240301P00483000,2024-03-01,30.0,483.0,482.88,0.0285888833664678,512.85,0.061816600397614364,True,,False
1027,2024-02-01,True,,SPY240301C00489000,SPY240301P00489000,2024-03-01,29.0,489.0,489.2,0.0267681929681112,512.85,0.04875306623058059,True,,False
1028,2024-02-02,True,,SPY240301C00494000,SPY240301P00494000,2024-03-01,28.0,494.0,494.35,0.0252655001517143,512.85,0.038130878931930866,True,,False
1029,2024-02-05,True,,SPY240308C00492500,SPY240308P00492500,2024-03-08,32.0,492.5,492.55,0.0273474774134605,511.72,0.039021419145264497,True,,False
1030,2024-02-06,True,,SPY240308C00494000,SPY240308P00494000,2024-03-08,31.0,494.0,493.98,0.0259322239766792,511.72,0.0358718976476781,True,,False
1031,2024-02-07,True,,SPY240308C00498000,SPY240308P00498000,2024-03-08,30.0,498.0,498.1,0.0252158201164424,511.72,0.027544669745031173,True,,False
1032,2024-02-08,True,,SPY240308C00498000,SPY240308P00498000,2024-03-08,29.0,498.0,498.32,0.0247230695135655,511.72,0.02753250923101627,True,,False
1033,2024-02-09,True,,SPY240308C00501000,SPY240308P00501000,2024-03-08,28.0,501.0,501.2,0.0241620111731843,511.72,0.021388667198723118,True,,False
1034,2024-02-12,True,,SPY240315C00501000,SPY240315P00501000,2024-03-15,32.0,501.0,500.98,0.0281647969978841,509.83,0.017625454109944476,True,,False
1035,2024-02-13,True,,SPY240315C00494000,SPY240315P00494000,2024-03-15,31.0,494.0,494.08,0.0297219073834196,509.83,0.03203934585492225,True,,False
1036,2024-02-14,True,,SPY240315C00499000,SPY240315P00499000,2024-03-15,30.0,499.0,498.57,0.0274585313998034,509.83,0.021722125278295895,True,,False
1037,2024-02-15,True,,SPY240315C00502000,SPY240315P00502000,2024-03-15,29.0,502.0,502.01,0.0269516543495149,509.83,0.015597298858588442,True,,False
1038,2024-02-16,True,,SPY240315C00500000,SPY240315P00500000,2024-03-15,28.0,500.0,499.51,0.0266160837620868,509.83,0.019679285699985956,True,,False
1039,2024-02-20,True,,SPY240322C00497000,SPY240322P00497000,2024-03-22,31.0,497.0,496.76,0.0298735808036073,521.21,0.04873580803607383,True,,False
1040,2024-02-21,True,,SPY240322C00497000,SPY240322P00497000,2024-03-22,30.0,497.0,497.21,0.0291426157961424,521.21,0.04869169968423812,True,,False
1041,2024-02-22,True,,SPY240322C00507000,SPY240322P00507000,2024-03-22,29.0,507.0,507.5,0.0273990147783251,521.21,0.02800000000000007,True,,False
1042,2024-02-23,True,,SPY240322C00508000,SPY240322P00508000,2024-03-22,28.0,508.0,507.85,0.025578418824456,521.21,0.026011617603623187,True,,False
1043,2024-02-26,True,,SPY240328C00506000,SPY240328P00506000,2024-03-28,31.0,506.0,505.99,0.026798948595822,523.07,0.033735844581908835,True,,False
1044,2024-02-27,True,,SPY240328C00507000,SPY240328P00507000,2024-03-28,30.0,507.0,506.93,0.0256149764267255,523.07,0.03170062927820419,True,,False
1045,2024-02-28,True,,SPY240328C00506000,SPY240328P00506000,2024-03-28,29.0,506.0,506.26,0.0255896179828546,523.07,0.033717852486864555,True,,False
1046,2024-02-29,True,,SPY240328C00508000,SPY240328P00508000,2024-03-28,28.0,508.0,508.08,0.0248189261533616,523.07,0.02966068335695176,True,,False
1047,2024-03-01,True,,SPY240328C00513000,SPY240328P00513000,2024-03-28,27.0,513.0,512.85,0.023866627668909,523.07,0.019635370966169543,True,,False
1048,2024-03-04,True,,SPY240405C00512000,SPY240405P00512000,2024-04-05,32.0,512.0,512.3,0.0272008588717548,518.43,0.012551239508100626,True,,False
1049,2024-03-05,True,,SPY240405C00507000,SPY240405P00507000,2024-04-05,31.0,507.0,507.18,0.0285993138530699,518.43,0.02253637761741384,True,,False
1050,2024-03-06,True,,SPY240405C00510000,SPY240405P00510000,2024-04-05,30.0,510.0,509.75,0.0282687591956841,518.43,0.01653751839136822,True,,False
1051,2024-03-07,True,,SPY240405C00515000,SPY240405P00515000,2024-04-05,29.0,515.0,514.81,0.0277189642780831,518.43,0.00666265224063237,True,,False
1052,2024-03-08,True,,SPY240405C00512000,SPY240405P00512000,2024-04-05,28.0,512.0,511.72,0.0275736731024779,518.43,0.012565465488939165,True,,False
1053,2024-03-11,True,,SPY240412C00511000,SPY240412P00511000,2024-04-12,32.0,511.0,511.28,0.0309419496166484,510.85,0.0002933813174776586,True,,False
1054,2024-03-12,True,,SPY240412C00517000,SPY240412P00517000,2024-04-12,31.0,517.0,516.78,0.0276036224312086,510.85,0.011900615348891167,True,,False
1055,2024-03-13,True,,SPY240412C00516000,SPY240412P00516000,2024-04-12,30.0,516.0,515.97,0.0268523363761459,510.85,0.009981200457390888,True,,False
1056,2024-03-14,True,,SPY240412C00515000,SPY240412P00515000,2024-04-12,29.0,515.0,514.95,0.0271482668220215,510.85,0.008059034857753136,True,,False
1057,2024-03-15,True,,SPY240412C00510000,SPY240412P00510000,2024-04-12,28.0,510.0,509.83,0.0282054802581252,510.85,0.001667222407469201,True,,False
1058,2024-03-18,True,,SPY240419C00513000,SPY240419P00513000,2024-04-19,32.0,513.0,512.86,0.030232422103498,495.16,0.03478532153024212,True,,False
1059,2024-03-19,True,,SPY240419C00516000,SPY240419P00516000,2024-04-19,31.0,516.0,515.71,0.0284365244032498,495.16,0.04041030811890398,True,,False
1060,2024-03-20,True,,SPY240419C00520000,SPY240419P00520000,2024-04-19,30.0,520.0,520.48,0.0268502151859821,495.16,0.047725176759913876,True,,False
1061,2024-03-21,True,,SPY240419C00522000,SPY240419P00522000,2024-04-19,29.0,522.0,522.2,0.0253063960168517,495.16,0.0513979318268862,True,,False
1062,2024-03-22,True,,SPY240419C00521000,SPY240419P00521000,2024-04-19,28.0,521.0,521.21,0.0246541701041806,495.16,0.04957694595268697,True,,False
1063,2024-03-25,True,,SPY240426C00520000,SPY240426P00520000,2024-04-26,32.0,520.0,519.77,0.0272812974969698,508.26,0.022586913442484195,True,,False
1064,2024-03-26,True,,SPY240426C00519000,SPY240426P00519000,2024-04-26,31.0,519.0,518.81,0.0264740463753589,508.26,0.020701220099843893,True,,False
1065,2024-03-27,True,,SPY240426C00523000,SPY240426P00523000,2024-04-26,30.0,523.0,523.17,0.0249823193225911,508.26,0.02817439837911197,True,,False
1066,2024-03-28,True,,SPY240426C00523000,SPY240426P00523000,2024-04-26,29.0,523.0,523.07,0.0248437111667654,508.26,0.028179784732445003,True,,False
1067,2024-04-01,True,,SPY240430C00522000,SPY240430P00522000,2024-04-30,29.0,522.0,522.16,0.0256817833614217,501.98,0.03834073847096672,True,,False
1068,2024-04-02,True,,SPY240503C00519000,SPY240503P00519000,2024-05-03,31.0,519.0,518.84,0.0299417932310538,511.29,0.014860072469354673,True,,False
1069,2024-04-03,True,,SPY240503C00519000,SPY240503P00519000,2024-05-03,30.0,519.0,519.41,0.0296393985483529,511.29,0.014843765041104292,True,,False
1070,2024-04-04,True,,SPY240503C00513000,SPY240503P00513000,2024-05-03,29.0,513.0,513.07,0.0325978911259672,511.29,0.003332878554583155,True,,False
1071,2024-04-05,True,,SPY240503C00518000,SPY240503P00518000,2024-05-03,28.0,518.0,518.43,0.0311517466196014,511.29,0.01294292382771055,True,,False
1072,2024-04-08,True,,SPY240510C00519000,SPY240510P00519000,2024-05-10,32.0,519.0,518.72,0.0316741209130166,520.84,0.0035471930906848235,True,,False
1073,2024-04-09,True,,SPY240510C00519000,SPY240510P00519000,2024-05-10,31.0,519.0,519.32,0.0314545944696911,520.84,0.0035430948162982973,True,,False
1074,2024-04-10,True,,SPY240510C00514000,SPY240510P00514000,2024-05-10,30.0,514.0,514.12,0.0322687310355559,520.84,0.013304286936901952,True,,False
1075,2024-04-11,True,,SPY240510C00518000,SPY240510P00518000,2024-05-10,29.0,518.0,518.0,0.0301351351351351,520.84,0.005482625482625544,True,,False
1076,2024-04-12,True,,SPY240510C00511000,SPY240510P00511000,2024-05-10,28.0,511.0,510.85,0.0335910737006949,520.84,0.019262014289909035,True,,False
1077,2024-04-15,True,,SPY240517C00504000,SPY240517P00504000,2024-05-17,32.0,504.0,504.45,0.0404599068292199,529.45,0.05045098622261879,True,,False
1078,2024-04-16,True,,SPY240517C00504000,SPY240517P00504000,2024-05-17,31.0,504.0,503.53,0.0382300955255893,529.45,0.05054316525331171,True,,False
1079,2024-04-17,True,,SPY240517C00500000,SPY240517P00500000,2024-05-17,30.0,500.0,500.55,0.0380381580261712,529.45,0.05883528119069033,True,,False
1080,2024-04-18,True,,SPY240517C00500000,SPY240517P00500000,2024-05-17,29.0,500.0,499.52,0.0366852178090967,529.45,0.05895659833440112,True,,False
1081,2024-04-19,True,,SPY240517C00495000,SPY240517P00495000,2024-05-17,28.0,495.0,495.16,0.0371597059536311,529.45,0.06957347120122798,True,,False
1082,2024-04-22,True,,SPY240524C00500000,SPY240524P00500000,2024-05-24,32.0,500.0,499.72,0.0362002721524053,529.44,0.05891299127511417,True,,False
1083,2024-04-23,True,,SPY240524C00506000,SPY240524P00506000,2024-05-24,31.0,506.0,505.65,0.0331948976564817,529.44,0.04635617522001395,True,,False
1084,2024-04-24,True,,SPY240524C00505000,SPY240524P00505000,2024-05-24,30.0,505.0,505.41,0.032686333867553,529.44,0.04835677964424933,True,,False
1085,2024-04-25,True,,SPY240524C00503000,SPY240524P00503000,2024-05-24,29.0,503.0,503.49,0.0346084331367057,529.44,0.052513456076585543,True,,False
1086,2024-04-26,True,,SPY240524C00508000,SPY240524P00508000,2024-05-24,28.0,508.0,508.26,0.0302896155510958,529.44,0.042183134616141454,True,,False
1087,2024-04-29,True,,SPY240531C00510000,SPY240531P00510000,2024-05-31,32.0,510.0,510.06,0.0311728031996235,527.37,0.0340548170803435,True,,False
1088,2024-04-30,True,,SPY240531C00502000,SPY240531P00502000,2024-05-31,31.0,502.0,501.98,0.0331885732499302,527.37,0.05053986214590223,True,,False
1089,2024-05-01,True,,SPY240531C00500000,SPY240531P00500000,2024-05-31,30.0,500.0,500.35,0.032647146997102,527.37,0.05470170880383732,True,,False
1090,2024-05-02,True,,SPY240531C00505000,SPY240531P00505000,2024-05-31,29.0,505.0,505.03,0.030592242045027,527.37,0.04429439835257313,True,,False
1091,2024-05-03,True,,SPY240531C00511000,SPY240531P00511000,2024-05-31,28.0,511.0,511.29,0.0275186293492929,527.37,0.0320170549003501,True,,False
1092,2024-05-06,True,,SPY240607C00517000,SPY240607P00517000,2024-06-07,32.0,517.0,516.57,0.0291925586077395,534.01,0.03292874150647539,True,,False
1093,2024-05-07,True,,SPY240607C00517000,SPY240607P00517000,2024-06-07,31.0,517.0,517.14,0.0281838573693777,534.01,0.032892446919596224,True,,False
1094,2024-05-08,True,,SPY240607C00517000,SPY240607P00517000,2024-06-07,30.0,517.0,517.19,0.0270016821670952,534.01,0.032889267000522034,True,,False
1095,2024-05-09,True,,SPY240607C00520000,SPY240607P00520000,2024-06-07,29.0,520.0,520.17,0.0256935232712382,534.01,0.026933502508795185,True,,False
1096,2024-05-10,True,,SPY240607C00521000,SPY240607P00521000,2024-06-07,28.0,521.0,520.84,0.0244700867828891,534.01,0.024978880270332522,True,,False
1097,2024-05-13,True,,SPY240614C00521000,SPY240614P00521000,2024-06-14,32.0,521.0,520.91,0.0292085005087251,542.78,0.04181144535524366,True,,False
1098,2024-05-14,True,,SPY240614C00523000,SPY240614P00523000,2024-06-14,31.0,523.0,523.3,0.0282247276896617,542.78,0.03779858589719085,True,,False
1099,2024-05-15,True,,SPY240614C00530000,SPY240614P00530000,2024-06-14,30.0,530.0,529.78,0.0248876892294914,542.78,0.024123220959643574,True,,False
1100,2024-05-16,True,,SPY240614C00529000,SPY240614P00529000,2024-06-14,29.0,529.0,528.69,0.024239157162042,542.78,0.026064423386105224,True,,False
1101,2024-05-17,True,,SPY240614C00529000,SPY240614P00529000,2024-06-14,28.0,529.0,529.45,0.0234394182642364,542.78,0.02602700916044947,True,,False
1102,2024-05-20,True,,SPY240621C00530000,SPY240621P00530000,2024-06-21,32.0,530.0,530.06,0.025563143795042,544.51,0.027374259517790423,True,,False
1103,2024-05-21,True,,SPY240621C00531000,SPY240621P00531000,2024-06-21,31.0,531.0,531.36,0.0245784402288467,544.51,0.025425323697681402,True,,False
1104,2024-05-22,True,,SPY240621C00530000,SPY240621P00530000,2024-06-21,30.0,530.0,529.83,0.0247437857425966,544.51,0.02738614272502499,True,,False
1105,2024-05-23,True,,SPY240621C00526000,SPY240621P00526000,2024-06-21,29.0,526.0,525.96,0.0247452277739752,544.51,0.035192790326260534,True,,False
1106,2024-05-24,True,,SPY240621C00529000,SPY240621P00529000,2024-06-21,28.0,529.0,529.44,0.0228826684799032,544.51,0.029295104261106056,True,,False
1107,2024-05-28,True,,SPY240628C00530000,SPY240628P00530000,2024-06-28,31.0,530.0,529.81,0.0248674052962382,544.22,0.026839810498103148,True,,False
1108,2024-05-29,True,,SPY240628C00526000,SPY240628P00526000,2024-06-28,30.0,526.0,526.1,0.0270100741303934,544.22,0.034632199201672736,True,,False
1109,2024-05-30,True,,SPY240628C00523000,SPY240628P00523000,2024-06-28,29.0,523.0,522.61,0.0274774688582308,544.22,0.04060389200359738,True,,False
1110,2024-05-31,True,,SPY240628C00527000,SPY240628P00527000,2024-06-28,28.0,527.0,527.37,0.0248876500369759,544.22,0.03265259684851248,True,,False
1111,2024-06-03,True,,SPY240705C00528000,SPY240705P00528000,2024-07-05,32.0,528.0,527.8,0.026979916635089,554.64,0.05047366426676769,True,,False
1112,2024-06-04,True,,SPY240705C00528000,SPY240705P00528000,2024-07-05,31.0,528.0,528.39,0.0271011941936826,554.64,0.05041730539942086,True,,False
1113,2024-06-05,True,,SPY240705C00535000,SPY240705P00535000,2024-07-05,30.0,535.0,534.67,0.0251182972674733,554.64,0.036732938073952136,True,,False
1114,2024-06-06,True,,SPY240705C00535000,SPY240705P00535000,2024-07-05,29.0,535.0,534.66,0.0245763662888564,554.64,0.03673362510754496,True,,False
1115,2024-06-07,True,,SPY240705C00534000,SPY240705P00534000,2024-07-05,28.0,534.0,534.01,0.0233984382314937,554.64,0.038650961592479514,True,,False
1116,2024-06-10,True,,SPY240712C00536000,SPY240712P00536000,2024-07-12,32.0,536.0,535.66,0.0263693387596609,559.99,0.04478587163499236,True,,False
1117,2024-06-11,True,,SPY240712C00537000,SPY240712P00537000,2024-07-12,31.0,537.0,536.95,0.0261011267343328,559.99,0.04281590464661515,True,,False
1118,2024-06-12,True,,SPY240712C00541000,SPY240712P00541000,2024-07-12,30.0,541.0,541.36,0.0233024235259346,559.99,0.03507832126496233,True,,False
1119,2024-06-13,True,,SPY240712C00542000,SPY240712P00542000,2024-07-12,29.0,542.0,542.45,0.022416812609457,559.99,0.03316434694441885,True,,False
1120,2024-06-14,True,,SPY240712C00543000,SPY240712P00543000,2024-07-12,28.0,543.0,542.78,0.0228821990493385,559.99,0.03130181657393421,True,,False
1121,2024-06-17,True,,SPY240719C00547000,SPY240719P00547000,2024-07-19,32.0,547.0,547.1,0.0252604642661305,548.99,0.003637360628769894,True,,False
1122,2024-06-18,True,,SPY240719C00548000,SPY240719P00548000,2024-07-19,31.0,548.0,548.49,0.0247588834800999,548.99,0.0018049554230706287,True,,False
1123,2024-06-20,True,,SPY240719C00547000,SPY240719P00547000,2024-07-19,29.0,547.0,547.0,0.0252102376599634,548.99,0.003638025594149925,True,,False
1124,2024-06-21,True,,SPY240719C00545000,SPY240719P00545000,2024-07-19,28.0,545.0,544.51,0.0249490367486363,548.99,0.007327689114984131,True,,False
1125,2024-06-24,True,,SPY240726C00542500,SPY240726P00542500,2024-07-26,32.0,542.5,542.74,0.027978405866529,544.44,0.003574455540406188,True,,False
1126,2024-06-25,True,,SPY240726C00545000,SPY240726P00545000,2024-07-26,31.0,545.0,544.83,0.026320136556357,544.44,0.0010278435475284866,True,,False
1127,2024-06-26,True,,SPY240726C00546000,SPY240726P00546000,2024-07-26,30.0,546.0,545.51,0.0249491301717658,544.44,0.002859709262891506,True,,False
1128,2024-06-27,True,,SPY240726C00546000,SPY240726P00546000,2024-07-26,29.0,546.0,546.37,0.0244705968482896,544.44,0.0028552080092244182,True,,False
1129,2024-06-28,True,,SPY240726C00544000,SPY240726P00544000,2024-07-26,28.0,544.0,544.22,0.024475395979567,544.44,0.0008084965638897037,True,,False
1130,2024-07-01,True,,SPY240731C00545000,SPY240731P00545000,2024-07-31,30.0,545.0,545.34,0.0243242747643671,550.81,0.010653903986503732,True,,False
1131,2024-07-02,True,,SPY240731C00549000,SPY240731P00549000,2024-07-31,29.0,549.0,549.01,0.0229504016320285,550.81,0.003296843409045273,True,,False
1132,2024-07-03,True,,SPY240802C00551000,SPY240802P00551000,2024-08-02,30.0,551.0,551.46,0.0243988684582743,532.9,0.03282196351503286,True,,False
1133,2024-07-05,True,,SPY240802C00555000,SPY240802P00555000,2024-08-02,28.0,555.0,554.64,0.0234025674311264,532.9,0.03984566565700278,True,,False
1134,2024-07-08,True,,SPY240809C00555000,SPY240809P00555000,2024-08-09,32.0,555.0,555.28,0.0256627287134418,532.99,0.03963766027949862,True,,False
1135,2024-07-09,True,,SPY240809C00556000,SPY240809P00556000,2024-08-09,31.0,556.0,555.82,0.0251790147889604,532.99,0.04139829441185994,True,,False
1136,2024-07-10,True,,SPY240809C00561000,SPY240809P00561000,2024-08-09,30.0,561.0,561.32,0.0251193615050238,532.99,0.04990023515998002,True,,False
1137,2024-07-11,True,,SPY240809C00556000,SPY240809P00556000,2024-08-09,29.0,556.0,556.48,0.0254187032777458,532.99,0.04134919493962046,True,,False
1138,2024-07-12,True,,SPY240809C00560000,SPY240809P00560000,2024-08-09,28.0,560.0,559.99,0.0231789853390239,532.99,0.048233004160788566,True,,False
1139,2024-07-15,True,,SPY240816C00562000,SPY240816P00562000,2024-08-16,32.0,562.0,561.53,0.0268819119192207,554.31,0.0136947269068439,True,,False
1140,2024-07-16,True,,SPY240816C00565000,SPY240816P00565000,2024-08-16,31.0,565.0,564.86,0.0263251071061856,554.31,0.01892504337357939,True,,False
1141,2024-07-17,True,,SPY240816C00557000,SPY240816P00557000,2024-08-16,30.0,557.0,556.94,0.0287822745717671,554.31,0.004829963730383981,True,,False
1142,2024-07-18,True,,SPY240816C00553000,SPY240816P00553000,2024-08-16,29.0,553.0,552.66,0.0301722578076936,554.31,0.0023703542865413556,True,,False
1143,2024-07-19,True,,SPY240816C00549000,SPY240816P00549000,2024-08-16,28.0,549.0,548.99,0.0310388167361882,554.31,0.009672307328002233,True,,False
1144,2024-07-22,True,,SPY240823C00555000,SPY240823P00555000,2024-08-23,32.0,555.0,554.65,0.030893356170558,562.13,0.012854953574326144,True,,False
1145,2024-07-23,True,,SPY240823C00554000,SPY240823P00554000,2024-08-23,31.0,554.0,553.78,0.0302827837769511,562.13,0.014680920221026393,True,,False
1146,2024-07-24,True,,SPY240823C00541000,SPY240823P00541000,2024-08-23,30.0,541.0,541.23,0.0363800971860392,562.13,0.03904070358258041,True,,False
1147,2024-07-25,True,,SPY240823C00538000,SPY240823P00538000,2024-08-23,29.0,538.0,538.41,0.0369699671254248,562.13,0.04481714678404933,True,,False
1148,2024-07-26,True,,SPY240823C00544000,SPY240823P00544000,2024-08-23,28.0,544.0,544.44,0.032749246932628,562.13,0.033300271838953774,True,,False
1149,2024-07-29,True,,SPY240830C00545000,SPY240830P00545000,2024-08-30,32.0,545.0,544.76,0.0358598281812174,563.68,0.03429032968646734,True,,False
1150,2024-07-30,True,,SPY240830C00542000,SPY240830P00542000,2024-08-30,31.0,542.0,542.0,0.0368634686346863,563.68,0.03999999999999991,True,,False
1151,2024-07-31,True,,SPY240830C00551000,SPY240830P00551000,2024-08-30,30.0,551.0,550.81,0.034249559739293,563.68,0.023020642326755054,True,,False
1152,2024-08-01,True,,SPY240830C00543000,SPY240830P00543000,2024-08-30,29.0,543.0,543.01,0.0376144085744277,563.68,0.03808401318576076,True,,False
1153,2024-08-02,True,,SPY240830C00533000,SPY240830P00533000,2024-08-30,28.0,533.0,532.9,0.0439482079189341,563.68,0.05757177706886837,True,,False
1154,2024-08-05,True,,SPY240906C00517000,SPY240906P00517000,2024-09-06,32.0,517.0,517.38,0.0693010939734817,540.36,0.0451505663148943,True,,False
1155,2024-08-06,True,,SPY240906C00522000,SPY240906P00522000,2024-09-06,31.0,522.0,522.15,0.0522550991094513,540.36,0.035162309681126144,True,,False
1156,2024-08-07,True,,SPY240906C00519000,SPY240906P00519000,2024-09-06,30.0,519.0,518.66,0.0519319014383218,540.36,0.0411830486253037,True,,False
1157,2024-08-08,True,,SPY240906C00531000,SPY240906P00531000,2024-09-06,29.0,531.0,530.65,0.0441533967775369,540.36,0.017638744935456543,True,,False
1158,2024-08-09,True,,SPY240906C00533000,SPY240906P00533000,2024-09-06,28.0,533.0,532.99,0.0384247359237509,540.36,0.01380888947259801,True,,False
1159,2024-08-12,True,,SPY240913C00533000,SPY240913P00533000,2024-09-13,32.0,533.0,533.27,0.0416205674423837,562.01,0.05440021002494045,True,,False
1160,2024-08-13,True,,SPY240913C00542000,SPY240913P00542000,2024-09-13,31.0,542.0,542.04,0.0363441812412368,562.01,0.036916094753154736,True,,False
1161,2024-08-14,True,,SPY240913C00544000,SPY240913P00544000,2024-09-13,30.0,544.0,543.75,0.0324781609195402,562.01,0.03312183908045975,True,,False
1162,2024-08-15,True,,SPY240913C00553000,SPY240913P00553000,2024-09-13,29.0,553.0,553.07,0.028974632505831,562.01,0.016290885421375214,True,,False
1163,2024-08-16,True,,SPY240913C00554000,SPY240913P00554000,2024-09-13,28.0,554.0,554.31,0.0282152586098031,562.01,0.014450397791849312,True,,False
1164,2024-08-19,True,,SPY240920C00560000,SPY240920P00560000,2024-09-20,32.0,560.0,559.61,0.0298154071585568,568.25,0.014742409892603777,True,,False
1165,2024-08-20,True,,SPY240920C00559000,SPY240920P00559000,2024-09-20,31.0,559.0,558.7,0.0312242706282441,568.25,0.016556291390728475,True,,False
1166,2024-08-21,True,,SPY240920C00561000,SPY240920P00561000,2024-09-20,30.0,561.0,560.62,0.0307962612821519,568.25,0.012932110877243053,True,,False
1167,2024-08-22,True,,SPY240920C00556000,SPY240920P00556000,2024-09-20,29.0,556.0,556.22,0.0325770378627161,568.25,0.022023659702995215,True,,False
1168,2024-08-23,True,,SPY240920C00562000,SPY240920P00562000,2024-09-20,28.0,562.0,562.13,0.0287744827708892,568.25,0.01111842456371302,True,,False
1169,2024-08-26,True,,SPY240927C00561000,SPY240927P00561000,2024-09-27,32.0,561.0,560.79,0.0304570338272793,571.47,0.018670090408174234,True,,False
1170,2024-08-27,True,,SPY240927C00562000,SPY240927P00562000,2024-09-27,31.0,562.0,561.56,0.0290618989956549,571.47,0.01686373673338562,True,,False
1171,2024-08-28,True,,SPY240927C00558000,SPY240927P00558000,2024-09-27,30.0,558.0,558.3,0.0313541106931757,571.47,0.024126813541106983,True,,False
1172,2024-08-29,True,,SPY240927C00558000,SPY240927P00558000,2024-09-27,29.0,558.0,558.35,0.0289513745858332,571.47,0.02412465299543302,True,,False
1173,2024-08-30,True,,SPY240930C00564000,SPY240930P00564000,2024-09-30,31.0,564.0,563.68,0.0261495884189611,573.76,0.017314788532500694,True,,False
1174,2024-09-03,True,,SPY241004C00552000,SPY241004P00552000,2024-10-04,31.0,552.0,552.08,0.0363443703811041,572.98,0.038001738878423445,True,,False
1175,2024-09-04,True,,SPY241004C00551000,SPY241004P00551000,2024-10-04,30.0,551.0,550.95,0.0376440693347853,572.98,0.03989472728922773,True,,False
1176,2024-09-05,True,,SPY241004C00525000,SPY241004P00525000,2024-10-04,29.0,525.0,549.61,0.0598060442859482,572.98,0.0872982660431943,True,,False
1177,2024-09-06,True,,SPY241004C00540000,SPY241004P00540000,2024-10-04,28.0,540.0,540.36,0.0404822710785402,572.98,0.06103338515064034,True,,False
1178,2024-09-09,True,,SPY241011C00546000,SPY241011P00546000,2024-10-11,32.0,546.0,546.41,0.0394758514668472,579.58,0.06145568346113732,True,,False
1179,2024-09-10,True,,SPY241011C00549000,SPY241011P00549000,2024-10-11,31.0,549.0,548.79,0.037746679057563,579.58,0.055722589697334214,True,,False
1180,2024-09-11,True,,SPY241011C00554000,SPY241011P00554000,2024-10-11,30.0,554.0,554.42,0.0346307853252047,579.58,0.046138306698892614,True,,False
1181,2024-09-12,True,,SPY241011C00559000,SPY241011P00559000,2024-10-11,29.0,559.0,559.09,0.0319626535978107,579.58,0.03680981595092032,True,,False
1182,2024-09-13,True,,SPY241011C00562000,SPY241011P00562000,2024-10-11,28.0,562.0,562.01,0.0301507090621163,579.58,0.03128058219604641,True,,False
1183,2024-09-16,True,,SPY241018C00563000,SPY241018P00563000,2024-10-18,32.0,563.0,562.84,0.0329312060265794,584.59,0.03835903631582693,True,,False
1184,2024-09-17,True,,SPY241018C00563000,SPY241018P00563000,2024-10-18,31.0,563.0,563.07,0.0328999946720656,584.59,0.038343367609711104,True,,False
1185,2024-09-18,True,,SPY241018C00561000,SPY241018P00561000,2024-10-18,30.0,561.0,561.4,0.0335500534378339,584.59,0.042019950124688336,True,,False
1186,2024-09-19,True,,SPY241018C00571000,SPY241018P00571000,2024-10-18,29.0,571.0,570.98,0.0281971347507793,584.59,0.02380118392938462,True,,False
1187,2024-09-20,True,,SPY241018C00568000,SPY241018P00568000,2024-10-18,28.0,568.0,568.25,0.0279014518257809,584.59,0.029194896612406568,True,,False
1188,2024-09-23,True,,SPY241025C00570000,SPY241025P00570000,2024-10-25,32.0,570.0,569.67,0.0296926290659504,579.04,0.01586883634384813,True,,False
1189,2024-09-24,True,,SPY241025C00571000,SPY241025P00571000,2024-10-25,31.0,571.0,571.3,0.0284614038158585,579.04,0.01407316646245399,True,,False
1190,2024-09-25,True,,SPY241025C00570000,SPY241025P00570000,2024-10-25,30.0,570.0,570.04,0.0285243140832222,579.04,0.015858536243070598,True,,False
1191,2024-09-26,True,,SPY241025C00572000,SPY241025P00572000,2024-10-25,29.0,572.0,572.3,0.0278962082823693,579.04,0.012301240608072627,True,,False
1192,2024-09-27,True,,SPY241025C00571000,SPY241025P00571000,2024-10-25,28.0,571.0,571.47,0.0296778483559941,579.04,0.014068979998950012,True,,False
1193,2024-09-30,True,,SPY241031C00574000,SPY241031P00574000,2024-10-31,31.0,574.0,573.76,0.030247838817624,568.64,0.009341885108756299,True,,False
1194,2024-10-01,True,,SPY241031C00569000,SPY241031P00569000,2024-10-31,30.0,569.0,568.62,0.0338187190039041,568.64,0.0006331117442228793,True,,False
1195,2024-10-02,True,,SPY241101C00569000,SPY241101P00569000,2024-11-01,30.0,569.0,568.86,0.0343581900643392,571.04,0.003586119607636261,True,,False
1196,2024-10-03,True,,SPY241101C00568000,SPY241101P00568000,2024-11-01,29.0,568.0,567.82,0.0353016801098939,571.04,0.005353809305765847,True,,False
1197,2024-10-04,True,,SPY241101C00573000,SPY241101P00573000,2024-11-01,28.0,573.0,572.98,0.0311965513630493,571.04,0.0034207127648435134,True,,False
1198,2024-10-07,True,,SPY241108C00568000,SPY241108P00568000,2024-11-08,32.0,568.0,567.8,0.0436597393448397,598.19,0.05317013032758024,True,,False
1199,2024-10-08,True,,SPY241108C00573000,SPY241108P00573000,2024-11-08,31.0,573.0,573.17,0.0403021791091648,598.19,0.04394856674285126,True,,False
1200,2024-10-09,True,,SPY241108C00574000,SPY241108P00574000,2024-11-08,30.0,574.0,577.14,0.0394704924281803,598.19,0.04191357382957351,True,,False
1201,2024-10-10,True,,SPY241108C00576000,SPY241108P00576000,2024-11-08,29.0,576.0,576.13,0.0374394667870098,598.19,0.038515612795723284,True,,False
1202,2024-10-11,True,,SPY241108C00580000,SPY241108P00580000,2024-11-08,28.0,580.0,579.58,0.035370440663929,598.19,0.03138479588667665,True,,False
1203,2024-10-14,True,,SPY241115C00584000,SPY241115P00584000,2024-11-15,32.0,584.0,584.32,0.037179969879518,585.75,0.0029949342825848846,True,,False
1204,2024-10-15,True,,SPY241115C00580000,SPY241115P00580000,2024-11-15,31.0,580.0,579.78,0.0377729483597226,585.75,0.009917554934630377,True,,False
1205,2024-10-16,True,,SPY241115C00582000,SPY241115P00582000,2024-11-15,30.0,582.0,582.3,0.0360552979563798,585.75,0.006439979392065946,True,,False
1206,2024-10-17,True,,SPY241115C00582000,SPY241115P00582000,2024-11-15,29.0,582.0,582.35,0.0344208809135399,585.75,0.006439426461749807,True,,False
1207,2024-10-18,True,,SPY241115C00585000,SPY241115P00585000,2024-11-15,28.0,585.0,584.59,0.0323389041892608,585.75,0.0012829504439008535,True,,False
1208,2024-10-21,True,,SPY241122C00584000,SPY241122P00584000,2024-11-22,32.0,584.0,583.63,0.035913164162226,595.51,0.01972139883145142,True,,False
1209,2024-10-22,True,,SPY241122C00583000,SPY241122P00583000,2024-11-22,31.0,583.0,583.32,0.0357779606391003,595.51,0.02144620448467392,True,,False
1210,2024-10-23,True,,SPY241122C00578000,SPY241122P00578000,2024-11-22,30.0,578.0,577.99,0.0377947715358397,595.51,0.030294641775809254,True,,False
1211,2024-10-24,True,,SPY241122C00579000,SPY241122P00579000,2024-11-22,29.0,579.0,579.24,0.0370917063738692,595.51,0.028502865824183397,True,,False
1212,2024-10-25,True,,SPY241122C00579000,SPY241122P00579000,2024-11-22,28.0,579.0,579.04,0.0376139817629179,595.51,0.028512710693561743,True,,False
1213,2024-10-28,True,,SPY241129C00581000,SPY241129P00581000,2024-11-29,32.0,581.0,580.83,0.0384622006439061,602.55,0.03710207806070615,True,,False
1214,2024-10-29,True,,SPY241129C00580000,SPY241129P00580000,2024-11-29,31.0,580.0,581.77,0.0390962064045928,602.55,0.03876102239716719,True,,False
1215,2024-10-30,True,,SPY241129C00580000,SPY241129P00580000,2024-11-29,30.0,580.0,580.01,0.0383700281029637,602.55,0.03887864002344779,True,,False
1216,2024-10-31,True,,SPY241129C00569000,SPY241129P00569000,2024-11-29,29.0,569.0,568.64,0.0427950900393922,602.55,0.05900042205965102,True,,False
1217,2024-11-01,True,,SPY241129C00571000,SPY241129P00571000,2024-11-29,28.0,571.0,571.04,0.0407064303726534,602.55,0.05525007004763231,True,,False
1218,2024-11-04,True,,SPY241206C00570000,SPY241206P00570000,2024-12-06,32.0,570.0,569.81,0.0428651655815096,607.81,0.06635545181727233,True,,False
1219,2024-11-05,True,,SPY241206C00577000,SPY241206P00577000,2024-12-06,31.0,577.0,576.7,0.0391364661002254,607.81,0.053424657534246474,True,,False
1220,2024-11-06,True,,SPY241206C00592000,SPY241206P00592000,2024-12-06,30.0,592.0,591.04,0.0296511234434217,607.81,0.026749458581483396,True,,False
1221,2024-11-07,True,,SPY241206C00596000,SPY241206P00596000,2024-12-06,29.0,596.0,595.61,0.027685901848525,607.81,0.019828411208676726,True,,False
1222,2024-11-08,True,,SPY241206C00598000,SPY241206P00598000,2024-12-06,28.0,598.0,598.19,0.0265551079088583,607.81,0.016399471739748147,True,,False
1223,2024-11-11,True,,SPY241213C00599000,SPY241213P00599000,2024-12-13,32.0,599.0,598.76,0.029151913955508,604.21,0.008701316053176625,True,,False
1224,2024-11-12,True,,SPY241213C00597000,SPY241213P00597000,2024-12-13,31.0,597.0,596.9,0.0287569107053107,604.21,0.012079075221980293,True,,False
1225,2024-11-13,True,,SPY241213C00597000,SPY241213P00597000,2024-12-13,30.0,597.0,597.19,0.027378221336593,604.21,0.012073209531305005,True,,False
1226,2024-11-14,True,,SPY241213C00593000,SPY241213P00593000,2024-12-13,29.0,593.0,593.35,0.0264177972528861,604.21,0.01889272773236713,True,,False
1227,2024-11-15,True,,SPY241213C00586000,SPY241213P00586000,2024-12-13,28.0,586.0,585.75,0.0292787025181391,604.21,0.031088348271446926,True,,False
1228,2024-11-18,True,,SPY241220C00588000,SPY241220P00588000,2024-12-20,32.0,588.0,588.15,0.0316075830995494,591.15,0.005355776587605165,True,,False
1229,2024-11-19,True,,SPY241220C00590000,SPY241220P00590000,2024-12-20,31.0,590.0,590.3,0.0321277316618668,591.15,0.001948161951550021,True,,False
1230,2024-11-20,True,,SPY241220C00591000,SPY241220P00591000,2024-12-20,30.0,591.0,590.5,0.0322099915325994,591.15,0.0002540220152412824,True,,False
1231,2024-11-21,True,,SPY241220C00594000,SPY241220P00594000,2024-12-20,29.0,594.0,593.67,0.0307157174861455,591.15,0.004800646823993166,True,,False
1232,2024-11-22,True,,SPY241220C00596000,SPY241220P00596000,2024-12-20,28.0,596.0,595.51,0.0268929153162835,591.15,0.00814427969303626,True,,False
1233,2024-11-25,True,,SPY241227C00597500,SPY241227P00597500,2024-12-27,32.0,597.5,597.53,0.0265174970294378,595.01,0.004167154787207352,True,,False
1234,2024-11-26,True,,SPY241227C00601000,SPY241227P00601000,2024-12-27,31.0,601.0,600.65,0.0249313243985682,595.01,0.009972529759427303,True,,False
1235,2024-11-27,True,,SPY241227C00599000,SPY241227P00599000,2024-12-27,30.0,599.0,598.83,0.0241888348947113,595.01,0.006662992836030274,True,,False
1236,2024-11-29,True,,SPY241227C00602500,SPY241227P00602500,2024-12-27,28.0,602.5,602.55,0.0225873371504439,595.01,0.01243050369263963,True,,False
1237,2024-12-02,True,,SPY241231C00604000,SPY241231P00604000,2024-12-31,29.0,604.0,603.63,0.0227043056176797,586.08,0.02968705995394523,True,,False
1238,2024-12-03,True,,SPY250103C00604000,SPY250103P00604000,2025-01-03,31.0,604.0,603.91,0.0235051580533523,591.95,0.019953304300309574,True,,False
1239,2024-12-04,True,,SPY250103C00608000,SPY250103P00608000,2025-01-03,30.0,608.0,607.66,0.0221587729980581,591.95,0.026412796629694164,True,,False
1240,2024-12-05,True,,SPY250103C00607000,SPY250103P00607000,2025-01-03,29.0,607.0,606.66,0.0220387037220189,591.95,0.024807964922691383,True,,False
1241,2024-12-06,True,,SPY250103C00608000,SPY250103P00608000,2025-01-03,28.0,608.0,607.81,0.0207877461706783,591.95,0.0264062782777512,True,,False
1242,2024-12-09,True,,SPY250110C00605000,SPY250110P00605000,2025-01-10,32.0,605.0,604.68,0.0256003175233181,580.49,0.04053383607858701,True,,False
1243,2024-12-10,True,,SPY250110C00603000,SPY250110P00603000,2025-01-10,31.0,603.0,602.8,0.025149303251493,580.49,0.03734240212342401,True,,False
1244,2024-12-11,True,,SPY250110C00607500,SPY250110P00607500,2025-01-10,30.0,607.5,607.46,0.0232525598393309,580.49,0.04446383300958086,True,,False
1245,2024-12-12,True,,SPY250110C00565000,SPY250110P00565000,2025-01-10,29.0,565.0,604.33,0.07060711862724,580.49,0.025631691294491433,True,,False
1246,2024-12-13,True,,SPY250110C00604000,SPY250110P00604000,2025-01-10,28.0,604.0,604.21,0.0224756293341718,580.49,0.03891031263964514,True,,False
1247,2024-12-16,True,,SPY250117C00607000,SPY250117P00607000,2025-01-17,32.0,607.0,606.79,0.02654954761944,597.58,0.015524316485110103,True,,False
1248,2024-12-17,True,,SPY250117C00604000,SPY250117P00604000,2025-01-17,31.0,604.0,604.29,0.0277350278839629,597.58,0.0106240381273891,True,,False
1249,2024-12-18,True,,SPY250117C00586000,SPY250117P00586000,2025-01-17,30.0,586.0,586.28,0.042087398512656,597.58,0.019751654499556598,True,,False
1250,2024-12-19,True,,SPY250117C00586000,SPY250117P00586000,2025-01-17,29.0,586.0,586.1,0.0400870158675993,597.58,0.01975772052550766,True,,False
1251,2024-12-20,True,,SPY250117C00591000,SPY250117P00591000,2025-01-17,28.0,591.0,591.15,0.0331303391694155,597.58,0.01113084665482541,True,,False
1252,2024-12-23,True,,SPY250124C00595000,SPY250124P00595000,2025-01-24,32.0,595.0,594.69,0.0317140022532748,607.97,0.021809682355513,True,,False
1253,2024-12-24,True,,SPY250124C00602000,SPY250124P00602000,2025-01-24,31.0,602.0,601.3,0.0251787793114917,607.97,0.009928488275403338,True,,False
1254,2024-12-26,True,,SPY250124C00601000,SPY250124P00601000,2025-01-24,29.0,601.0,601.34,0.0256843050520504,607.97,0.011590780590015677,True,,False
1255,2024-12-27,True,,SPY250124C00595000,SPY250124P00595000,2025-01-24,28.0,595.0,595.01,0.0282096099225223,607.97,0.02179795297558029,True,,False
1256,2024-12-30,True,,SPY250131C00588000,SPY250131P00588000,2025-01-31,32.0,588.0,588.22,0.0343408928632144,601.82,0.023494610859882442,True,,False
1257,2024-12-31,True,,SPY250131C00586000,SPY250131P00586000,2025-01-31,31.0,586.0,586.08,0.0336302211302211,601.82,0.026992901992902076,True,,False
1258,2025-01-02,True,,SPY250131C00585000,SPY250131P00585000,2025-01-31,29.0,585.0,584.64,0.0339012041598248,601.82,0.028769841269841355,True,,False
1259,2025-01-03,True,,SPY250131C00592000,SPY250131P00592000,2025-01-31,28.0,592.0,591.95,0.0297660275361094,601.82,0.01658923895599299,True,,False
1260,2025-01-06,True,,SPY250207C00595000,SPY250207P00595000,2025-02-07,32.0,595.0,595.36,0.0321822090835796,600.77,0.00969161515721577,True,,False
1261,2025-01-07,True,,SPY250207C00589000,SPY250207P00589000,2025-02-07,31.0,589.0,588.63,0.0347926541290793,600.77,0.01999558296383124,True,,False
1262,2025-01-08,True,,SPY250207C00590000,SPY250207P00590000,2025-02-07,30.0,590.0,589.49,0.0342753905918675,600.77,0.018270030025954606,True,,False
1263,2025-01-10,True,,SPY250207C00580000,SPY250207P00580000,2025-02-07,28.0,580.0,580.49,0.0362710813278437,600.77,0.035780116797877626,True,,False
1264,2025-01-13,True,,SPY250214C00581000,SPY250214P00581000,2025-02-14,32.0,581.0,581.39,0.0385541546982232,609.7,0.049364454152978285,True,,False
1265,2025-01-14,True,,SPY250214C00582000,SPY250214P00582000,2025-02-14,31.0,582.0,582.19,0.0375908208660402,609.7,0.04757896906508192,True,,False
1266,2025-01-15,True,,SPY250214C00593000,SPY250214P00593000,2025-02-14,30.0,593.0,592.78,0.0309305307196599,609.7,0.028172340497317802,True,,False
1267,2025-01-16,True,,SPY250214C00592000,SPY250214P00592000,2025-02-14,29.0,592.0,591.64,0.0306858900682847,609.7,0.029916841322425877,True,,False
1268,2025-01-17,True,,SPY250214C00597500,SPY250214P00597500,2025-02-14,28.0,597.5,597.58,0.0294772248067204,609.7,0.020415676562134014,True,,False
1269,2025-01-21,True,,SPY250221C00603000,SPY250221P00603000,2025-02-21,31.0,603.0,603.05,0.0286377580631788,599.94,0.005074206118895524,True,,False
1270,2025-01-22,True,,SPY250221C00606000,SPY250221P00606000,2025-02-21,30.0,606.0,606.44,0.0275954752325044,599.94,0.009992744541916669,True,,False
1271,2025-01-23,True,,SPY250221C00610000,SPY250221P00610000,2025-02-21,29.0,610.0,609.75,0.0264452644526445,599.94,0.016498564985649767,True,,False
1272,2025-01-24,True,,SPY250221C00608000,SPY250221P00608000,2025-02-21,28.0,608.0,607.97,0.0259716762340247,599.94,0.013257233087158815,True,,False
1273,2025-01-27,True,,SPY250228C00599000,SPY250228P00599000,2025-02-28,32.0,599.0,599.37,0.0345446051687605,594.18,0.008041777199392778,True,,False
1274,2025-01-28,True,,SPY250228C00605000,SPY250228P00605000,2025-02-28,31.0,605.0,604.52,0.030834380996493,594.18,0.017898497981869998,True,,False
1275,2025-01-29,True,,SPY250228C00600000,SPY250228P00600000,2025-02-28,30.0,600.0,601.81,0.0316129675478971,594.18,0.009670826340539456,True,,False
1276,2025-01-30,True,,SPY250228C00605000,SPY250228P00605000,2025-02-28,29.0,605.0,605.04,0.0295600290889858,594.18,0.017883115165939524,True,,False
1277,2025-01-31,True,,SPY250228C00602000,SPY250228P00602000,2025-02-28,28.0,602.0,601.82,0.0302997574025456,594.18,0.012993918447376374,True,,False
1278,2025-02-03,True,,SPY250307C00598000,SPY250307P00598000,2025-03-07,32.0,598.0,597.77,0.0363183164093213,575.92,0.03693728357060415,True,,False
1279,2025-02-04,True,,SPY250307C00610000,SPY250307P00610000,2025-03-07,31.0,610.0,601.78,0.0314982219415733,575.92,0.056631991757785306,True,,False
1280,2025-02-05,True,,SPY250307C00604000,SPY250307P00604000,2025-03-07,30.0,604.0,604.22,0.0300966535367912,575.92,0.04647313892290894,True,,False
1281,2025-02-06,True,,SPY250307C00606000,SPY250307P00606000,2025-03-07,29.0,606.0,606.32,0.0284008444385802,575.92,0.04961076659189873,True,,False
1282,2025-02-07,True,,SPY250307C00601000,SPY250307P00601000,2025-03-07,28.0,601.0,600.77,0.0296452885463655,575.92,0.04174642542071016,True,,False
1283,2025-02-10,True,,SPY250314C00605000,SPY250314P00605000,2025-03-14,32.0,605.0,604.85,0.0301645035959328,562.81,0.06975283128048285,True,,False
1284,2025-02-11,True,,SPY250314C00605000,SPY250314P00605000,2025-03-14,31.0,605.0,605.31,0.0299928962019461,562.81,0.06969982323107178,True,,False
1285,2025-02-12,True,,SPY250314C00603000,SPY250314P00603000,2025-03-14,30.0,603.0,603.36,0.0302224211084592,562.81,0.06661031556616291,True,,False
1286,2025-02-13,True,,SPY250314C00610000,SPY250314P00610000,2025-03-14,29.0,610.0,609.73,0.0268725501451462,562.81,0.07739491250225518,True,,False
1287,2025-02-14,True,,SPY250314C00610000,SPY250314P00610000,2025-03-14,28.0,610.0,609.7,0.0256191569624405,562.81,0.07739872068230286,True,,False
1288,2025-02-18,True,,SPY250321C00611000,SPY250321P00611000,2025-03-21,31.0,611.0,611.49,0.0286676805834927,563.98,0.0768941438126543,True,,False
1289,2025-02-19,True,,SPY250321C00613000,SPY250321P00613000,2025-03-21,30.0,613.0,612.93,0.0273114385003181,563.98,0.07997650628946207,True,,False
1290,2025-02-20,True,,SPY250321C00610000,SPY250321P00610000,2025-03-21,29.0,610.0,610.38,0.0276221370293915,563.98,0.0753956551656345,True,,False
1291,2025-02-21,True,,SPY250321C00600000,SPY250321P00600000,2025-03-21,28.0,600.0,599.94,0.0323949061572823,563.98,0.060039337267060004,True,,False
1292,2025-02-24,True,,SPY250328C00597000,SPY250328P00597000,2025-03-28,32.0,597.0,597.21,0.0361765543108789,555.66,0.06922188175013819,True,,False
1293,2025-02-25,True,,SPY250328C00594000,SPY250328P00594000,2025-03-28,31.0,594.0,594.24,0.0370136645126548,555.66,0.06451938610662364,True,,False
1294,2025-02-26,True,,SPY250328C00595000,SPY250328P00595000,2025-03-28,30.0,595.0,594.54,0.0363474282638678,555.66,0.06616880277189092,True,,False
1295,2025-02-27,True,,SPY250328C00585000,SPY250328P00585000,2025-03-28,29.0,585.0,585.05,0.0406802837364327,555.66,0.05014955986667812,True,,False
1296,2025-02-28,True,,SPY250331C00594000,SPY250331P00594000,2025-03-31,31.0,594.0,594.18,0.0365377495035174,559.39,0.0582483422531893,True,,False
1297,2025-03-03,True,,SPY250331C00584000,SPY250331P00584000,2025-03-31,28.0,584.0,583.77,0.0414546824948181,559.39,0.04215701389245767,True,,False
1298,2025-03-04,True,,SPY250404C00577000,SPY250404P00577000,2025-04-04,31.0,577.0,576.86,0.0466664355302846,505.28,0.124328259889748,True,,False
1299,2025-03-05,True,,SPY250404C00583000,SPY250404P00583000,2025-04-04,30.0,583.0,583.06,0.042851507563544,505.28,0.13329674476040207,True,,False
1300,2025-03-06,True,,SPY250404C00571000,SPY250404P00571000,2025-04-04,29.0,571.0,572.71,0.049562605856367,505.28,0.11475266714392977,True,,False
1301,2025-03-07,True,,SPY250404C00576000,SPY250404P00576000,2025-04-04,28.0,576.0,575.92,0.0442509376302264,505.28,0.12279483261564111,True,,False
1302,2025-03-10,True,,SPY250411C00560000,SPY250411P00560000,2025-04-11,32.0,560.0,560.58,0.0557904313389703,533.94,0.046487566449034824,True,,False
1303,2025-03-11,True,,SPY250411C00556000,SPY250411P00556000,2025-04-11,31.0,556.0,555.92,0.0552597496042596,533.94,0.039681968628579554,True,,False
1304,2025-03-12,True,,SPY250411C00559000,SPY250411P00559000,2025-04-11,30.0,559.0,558.87,0.0497611251274894,533.94,0.044840481686259676,True,,False
1305,2025-03-13,True,,SPY250411C00551000,SPY250411P00551000,2025-04-11,29.0,551.0,551.42,0.050995611330746,533.94,0.030938304740488098,True,,False
1306,2025-03-14,True,,SPY250411C00563000,SPY250411P00563000,2025-04-11,28.0,563.0,562.81,0.043185089106448,533.94,0.051633766279916754,True,,False
1307,2025-03-17,True,,SPY250417C00567000,SPY250417P00567000,2025-04-17,31.0,567.0,567.15,0.0423432954244908,526.41,0.0715683681565724,True,,False
1308,2025-03-18,True,,SPY250417C00561000,SPY250417P00561000,2025-04-17,30.0,561.0,561.02,0.0443567074257602,526.41,0.06165555595165954,True,,False
1309,2025-03-19,True,,SPY250417C00567000,SPY250417P00567000,2025-04-17,29.0,567.0,567.13,0.039982014705623,526.41,0.07157089203533587,True,,False
1310,2025-03-20,True,,SPY250417C00565000,SPY250417P00565000,2025-04-17,28.0,565.0,565.49,0.0393021980936886,526.41,0.06824170188685924,True,,False
1311,2025-03-21,True,,SPY250417C00564000,SPY250417P00564000,2025-04-17,27.0,564.0,563.98,0.0382726337813397,526.41,0.06665129969147847,True,,False
1312,2025-03-24,True,,SPY250425C00574000,SPY250425P00574000,2025-04-25,32.0,574.0,574.08,0.0367544593088071,550.64,0.04069119286510593,True,,False
1313,2025-03-25,True,,SPY250425C00575000,SPY250425P00575000,2025-04-25,31.0,575.0,575.46,0.0354325235463802,550.64,0.0423313523094568,True,,False
1314,2025-03-26,True,,SPY250425C00569000,SPY250425P00569000,2025-04-25,30.0,569.0,568.59,0.037320389032519,550.64,0.032290402574790295,True,,False
1315,2025-03-27,True,,SPY250425C00567000,SPY250425P00567000,2025-04-25,29.0,567.0,567.08,0.0376313747619383,550.64,0.028849545037737203,True,,False
1316,2025-03-28,True,,SPY250425C00556000,SPY250425P00556000,2025-04-25,28.0,556.0,555.66,0.0426429831191736,550.64,0.009646186516934841,True,,False
1317,2025-03-31,True,,SPY250430C00559000,SPY250430P00559000,2025-04-30,30.0,559.0,559.39,0.04318096497971,554.54,0.007972970557214173,True,,False
1318,2025-04-01,True,,SPY250430C00561000,SPY250430P00561000,2025-04-30,29.0,561.0,560.97,0.0420967253150792,554.54,0.011515767331586423,True,,False
1319,2025-04-02,True,,SPY250502C00565000,SPY250502P00565000,2025-05-02,30.0,565.0,564.52,0.0422925671366824,566.76,0.00311769290724862,True,,False
1320,2025-04-03,True,,SPY250502C00537000,SPY250502P00537000,2025-05-02,29.0,537.0,536.7,0.0585615800260853,566.76,0.05544997205142536,True,,False
1321,2025-04-04,True,,SPY250502C00505000,SPY250502P00505000,2025-05-02,28.0,505.0,505.28,0.0847846738442052,566.76,0.12222925902469917,True,,False
1322,2025-04-07,True,,SPY250509C00505000,SPY250509P00505000,2025-05-09,32.0,505.0,504.38,0.0918751734803124,564.34,0.11764939133193233,True,,False
1323,2025-04-08,True,,SPY250509C00495000,SPY250509P00495000,2025-05-09,31.0,495.0,496.48,0.0992084273283918,564.34,0.13966322913309706,True,,False
1324,2025-04-09,True,,SPY250509C00510000,SPY250509P00510000,2025-05-09,30.0,510.0,548.62,0.0904724581677664,564.34,0.0990485217454705,True,,False
1325,2025-04-10,True,,SPY250509C00525000,SPY250509P00525000,2025-05-09,29.0,525.0,524.58,0.07961607381143,564.34,0.07499332799572997,True,,False
1326,2025-04-11,True,,SPY250509C00534000,SPY250509P00534000,2025-05-09,28.0,534.0,533.94,0.0724987826347529,564.34,0.056822863992208913,True,,False
1327,2025-04-14,True,,SPY250516C00539000,SPY250516P00539000,2025-05-16,32.0,539.0,539.12,0.0622217688084285,594.2,0.1023890784982936,True,,False
1328,2025-04-15,True,,SPY250516C00538000,SPY250516P00538000,2025-05-16,31.0,538.0,537.61,0.0590390803742489,594.2,0.10453674596826704,True,,False
1329,2025-04-16,True,,SPY250516C00526000,SPY250516P00526000,2025-05-16,30.0,526.0,525.66,0.0654034927519689,594.2,0.12974165810600016,True,,False
1330,2025-04-17,True,,SPY250516C00526000,SPY250516P00526000,2025-05-16,29.0,526.0,526.41,0.0598202921677019,594.2,0.1295568093311298,True,,False
1331,2025-04-21,True,,SPY250523C00514000,SPY250523P00514000,2025-05-23,32.0,514.0,513.88,0.070969876235697,579.11,0.12670273215536704,True,,False
1332,2025-04-22,True,,SPY250523C00527000,SPY250523P00527000,2025-05-23,31.0,527.0,527.25,0.0635087719298245,579.11,0.09883357041251781,True,,False
1333,2025-04-23,True,,SPY250523C00535000,SPY250523P00535000,2025-05-23,30.0,535.0,535.42,0.0587856262373463,579.11,0.08238392290164734,True,,False
1334,2025-04-24,True,,SPY250523C00547000,SPY250523P00547000,2025-05-23,29.0,547.0,546.69,0.052891035138744,579.11,0.058735297883626934,True,,False
1335,2025-04-25,True,,SPY250523C00550000,SPY250523P00550000,2025-05-23,28.0,550.0,550.64,0.0486524771175359,579.11,0.05286575621095455,True,,False
1336,2025-04-28,True,,SPY250530C00551000,SPY250530P00551000,2025-05-30,32.0,551.0,550.85,0.052010529182173,589.39,0.06969229372787507,True,,False
1337,2025-04-29,True,,SPY250530C00554000,SPY250530P00554000,2025-05-30,31.0,554.0,554.32,0.0495562130177514,589.39,0.06384398903160626,True,,False
1338,2025-04-30,True,,SPY250530C00555000,SPY250530P00555000,2025-05-30,30.0,555.0,554.54,0.0501496736033469,589.39,0.06201536408554836,True,,False
1339,2025-05-01,True,,SPY250530C00558000,SPY250530P00558000,2025-05-30,29.0,558.0,558.47,0.0476301323258187,589.39,0.05620713735742293,True,,False
1340,2025-05-02,True,,SPY250530C00567000,SPY250530P00567000,2025-05-30,28.0,567.0,566.76,0.0425929846848754,589.39,0.039505257957512856,True,,False
1341,2025-05-05,True,,SPY250606C00564000,SPY250606P00564000,2025-06-06,32.0,564.0,563.51,0.0475945413568525,599.14,0.06235914180759878,True,,False
1342,2025-05-06,True,,SPY250606C00559000,SPY250606P00559000,2025-06-06,31.0,559.0,558.8,0.0496599856836077,599.14,0.07183249821045094,True,,False
1343,2025-05-07,True,,SPY250606C00561000,SPY250606P00561000,2025-06-06,30.0,561.0,561.15,0.0471353470551546,599.14,0.06796756660429473,True,,False
1344,2025-05-08,True,,SPY250606C00565000,SPY250606P00565000,2025-06-06,29.0,565.0,565.06,0.0442076947580787,599.14,0.06041836265175378,True,,False
1345,2025-05-09,True,,SPY250606C00564000,SPY250606P00564000,2025-06-06,28.0,564.0,564.34,0.043103448275862,599.14,0.062267427437360426,True,,False
1346,2025-05-12,True,,SPY250613C00583000,SPY250613P00583000,2025-06-13,32.0,583.0,582.99,0.0373762843273469,597.0,0.02401413403317381,True,,False
1347,2025-05-13,True,,SPY250613C00587000,SPY250613P00587000,2025-06-13,31.0,587.0,586.84,0.0356229977506645,597.0,0.01704041987594574,True,,False
1348,2025-05-14,True,,SPY250613C00588000,SPY250613P00588000,2025-06-13,30.0,588.0,587.59,0.035900883268946,597.0,0.015316802532378018,True,,False
1349,2025-05-15,True,,SPY250613C00590000,SPY250613P00590000,2025-06-13,29.0,590.0,590.46,0.0343545710124309,597.0,0.011855163770619516,True,,False
1350,2025-05-16,True,,SPY250613C00594000,SPY250613P00594000,2025-06-13,28.0,594.0,594.2,0.0327330865028609,597.0,0.005048805116122517,True,,False
1351,2025-05-19,True,,SPY250620C00595000,SPY250620P00595000,2025-06-20,32.0,595.0,594.85,0.0367739766327645,594.28,0.0012103891737413252,True,,False
1352,2025-05-20,True,,SPY250620C00593000,SPY250620P00593000,2025-06-20,31.0,593.0,592.85,0.0361811588091422,594.28,0.002159062157375344,True,,False
1353,2025-05-21,True,,SPY250620C00583000,SPY250620P00583000,2025-06-20,30.0,583.0,582.86,0.0407301924990563,594.28,0.019352846309576868,True,,False
1354,2025-05-22,True,,SPY250620C00583000,SPY250620P00583000,2025-06-20,29.0,583.0,583.09,0.0393592755835291,594.28,0.019345212574388124,True,,False
1355,2025-05-23,True,,SPY250620C00579000,SPY250620P00579000,2025-06-20,28.0,579.0,579.11,0.0417019219146621,594.28,0.02638531539776549,True,,False
1356,2025-05-27,True,,SPY250627C00591000,SPY250627P00591000,2025-06-27,31.0,591.0,591.15,0.0363021229806309,614.91,0.04044658716061908,True,,False
1357,2025-05-28,True,,SPY250627C00588000,SPY250627P00588000,2025-06-27,30.0,588.0,587.73,0.0367430622905075,614.91,0.04578633045786325,True,,False
1358,2025-05-29,True,,SPY250627C00590000,SPY250627P00590000,2025-06-27,29.0,590.0,590.05,0.035641047368867,614.91,0.04221676129141593,True,,False
1359,2025-05-30,True,,SPY250630C00589000,SPY250630P00589000,2025-06-30,31.0,589.0,589.39,0.0356555082373301,617.85,0.04894891328322507,True,,False
1360,2025-06-02,True,,SPY250703C00592500,SPY250703P00592500,2025-07-03,31.0,592.5,592.71,0.0359956808557304,625.34,0.05540652258271335,True,,False
1361,2025-06-03,True,,SPY250703C00596000,SPY250703P00596000,2025-07-03,30.0,596.0,596.09,0.0336778003321646,625.34,0.049220755255078984,True,,False
1362,2025-06-04,True,,SPY250703C00596000,SPY250703P00596000,2025-07-03,29.0,596.0,595.93,0.0331246958535398,625.34,0.04923397043276901,True,,False
1363,2025-06-05,True,,SPY250703C00595000,SPY250703P00595000,2025-07-03,28.0,595.0,593.05,0.032973610994014,625.34,0.05115926144507214,True,,False
1364,2025-06-06,True,,SPY250703C00599000,SPY250703P00599000,2025-07-03,27.0,599.0,599.14,0.0298594652335013,625.34,0.04396301365290255,True,,False
1365,2025-06-09,True,,SPY250711C00600000,SPY250711P00600000,2025-07-11,32.0,600.0,599.68,0.0336762940234791,623.62,0.03938767342582712,True,,False
1366,2025-06-10,True,,SPY250711C00603000,SPY250711P00603000,2025-07-11,31.0,603.0,603.08,0.0323588910260661,623.62,0.03419115208595875,True,,False
1367,2025-06-11,True,,SPY250711C00601000,SPY250711P00601000,2025-07-11,30.0,601.0,601.36,0.0324015564719968,623.62,0.03761473992284157,True,,False
1368,2025-06-12,True,,SPY250711C00604000,SPY250711P00604000,2025-07-11,29.0,604.0,603.75,0.0320414078674948,623.62,0.032496894409937895,True,,False
1369,2025-06-13,True,,SPY250711C00597000,SPY250711P00597000,2025-07-11,28.0,597.0,597.0,0.0358542713567839,623.62,0.044589614740368516,True,,False
1370,2025-06-16,True,,SPY250718C00603000,SPY250718P00603000,2025-07-18,32.0,603.0,602.68,0.0351596203623813,627.58,0.04078449591823197,True,,False
1371,2025-06-17,True,,SPY250718C00598000,SPY250718P00598000,2025-07-18,31.0,598.0,597.53,0.0393118337154619,627.58,0.0495037906046559,True,,False
1372,2025-06-18,True,,SPY250718C00597000,SPY250718P00597000,2025-07-18,30.0,597.0,597.44,0.0372003883235136,627.58,0.05118505623995721,True,,False
1373,2025-06-20,True,,SPY250718C00594000,SPY250718P00594000,2025-07-18,28.0,594.0,594.28,0.0374402638486908,627.58,0.05650535101299058,True,,False
1374,2025-06-23,True,,SPY250725C00600000,SPY250725P00600000,2025-07-25,32.0,600.0,600.15,0.0373906523369157,637.1,0.06181787886361747,True,,False
1375,2025-06-24,True,,SPY250725C00607000,SPY250725P00607000,2025-07-25,31.0,607.0,606.78,0.0329279145654108,637.1,0.04960611753848186,True,,False
1376,2025-06-25,True,,SPY250725C00607000,SPY250725P00607000,2025-07-25,30.0,607.0,607.12,0.0318223744893925,637.1,0.04957833706680726,True,,False
1377,2025-06-26,True,,SPY250725C00612000,SPY250725P00612000,2025-07-25,29.0,612.0,611.87,0.030602905846013,637.1,0.0410217856734274,True,,False
1378,2025-06-27,True,,SPY250725C00615000,SPY250725P00615000,2025-07-25,28.0,615.0,614.91,0.0294352018994649,637.1,0.0359402188938219,True,,False
1379,2025-06-30,True,,SPY250731C00618000,SPY250731P00618000,2025-07-31,31.0,618.0,617.85,0.0323460386825281,632.08,0.02278870275956954,True,,False
1380,2025-07-01,True,,SPY250731C00618000,SPY250731P00618000,2025-07-31,30.0,618.0,617.65,0.0320812758034485,632.08,0.02279608192341948,True,,False
1381,2025-07-02,True,,SPY250801C00620000,SPY250801P00620000,2025-08-01,30.0,620.0,620.45,0.0325892497380933,621.72,0.002772181481183056,True,,False
1382,2025-07-03,True,,SPY250801C00625000,SPY250801P00625000,2025-08-01,29.0,625.0,625.34,0.0315428406946621,621.72,0.005245146640227672,True,,False
1383,2025-07-07,True,,SPY250808C00621000,SPY250808P00621000,2025-08-08,32.0,621.0,620.68,0.0358155571308887,637.18,0.026068183282850987,True,,False
1384,2025-07-08,True,,SPY250808C00620000,SPY250808P00620000,2025-08-08,31.0,620.0,620.34,0.0337395621755811,637.18,0.02769449011832213,True,,False
1385,2025-07-09,True,,SPY250808C00624000,SPY250808P00624000,2025-08-08,30.0,624.0,624.06,0.0312790436816972,637.18,0.02111976412524429,True,,False
1386,2025-07-10,True,,SPY250808C00626000,SPY250808P00626000,2025-08-08,29.0,626.0,625.82,0.0298168802531079,637.18,0.017864561695056003,True,,False
1387,2025-07-11,True,,SPY250808C00624000,SPY250808P00624000,2025-08-08,28.0,624.0,623.62,0.0301305282062794,637.18,0.02113466534107301,True,,False
1388,2025-07-14,True,,SPY250815C00625000,SPY250815P00625000,2025-08-15,32.0,625.0,624.81,0.0341223732014532,643.44,0.029512971943470905,True,,False
1389,2025-07-15,True,,SPY250815C00620000,SPY250815P00620000,2025-08-15,31.0,620.0,622.14,0.0353135950107692,643.44,0.03767640723952817,True,,False
1390,2025-07-16,True,,SPY250815C00625000,SPY250815P00625000,2025-08-15,30.0,625.0,624.22,0.0329130755182467,643.44,0.029540867002018606,True,,False
1391,2025-07-17,True,,SPY250815C00630000,SPY250815P00630000,2025-08-15,29.0,630.0,628.04,0.030292656518693,643.44,0.021399910833704947,True,,False
1392,2025-07-18,True,,SPY250815C00630000,SPY250815P00630000,2025-08-15,28.0,630.0,627.58,0.0293428726218171,643.44,0.021415596417986637,True,,False
1393,2025-07-21,True,,SPY250822C00629000,SPY250822P00629000,2025-08-22,32.0,629.0,628.77,0.0328896098732445,645.31,0.025939532738521155,True,,False
1394,2025-07-22,True,,SPY250822C00629000,SPY250822P00629000,2025-08-22,31.0,629.0,628.86,0.0320182552555417,645.31,0.025935820373373955,True,,False
1395,2025-07-23,True,,SPY250822C00634000,SPY250822P00634000,2025-08-22,30.0,634.0,634.21,0.0297456678387284,645.31,0.01783320982009105,True,,False
1396,2025-07-24,True,,SPY250822C00634000,SPY250822P00634000,2025-08-22,29.0,634.0,634.42,0.0289240566186438,645.31,0.017827306831436504,True,,False
1397,2025-07-25,True,,SPY250822C00637000,SPY250822P00637000,2025-08-22,28.0,637.0,637.1,0.0270601161513106,645.31,0.01304347826086948,True,,False
1398,2025-07-28,True,,SPY250829C00637000,SPY250829P00637000,2025-08-29,32.0,637.0,636.94,0.0297437749238546,645.05,0.012638553081922872,True,,False
1399,2025-07-29,True,,SPY250829C00635000,SPY250829P00635000,2025-08-29,31.0,635.0,635.26,0.0306882221452633,645.05,0.01582029405282869,True,,False
1400,2025-07-30,True,,SPY250829C00634000,SPY250829P00634000,2025-08-29,30.0,634.0,634.46,0.0313888976452416,645.05,0.017416385587743836,True,,False
1401,2025-07-31,True,,SPY250829C00632000,SPY250829P00632000,2025-08-29,29.0,632.0,632.08,0.0308821668143273,645.05,0.02064612074420952,True,,False
1402,2025-08-01,True,,SPY250829C00622000,SPY250829P00622000,2025-08-29,28.0,622.0,621.72,0.0365518239722061,645.05,0.037074567329344325,True,,False
1403,2025-08-04,True,,SPY250905C00631000,SPY250905P00631000,2025-09-05,32.0,631.0,631.17,0.0336359459416638,647.24,0.02572999350412727,True,,False
1404,2025-08-05,True,,SPY250905C00628000,SPY250905P00628000,2025-09-05,31.0,628.0,627.97,0.0343089638040033,647.24,0.030638406293294278,True,,False
1405,2025-08-06,True,,SPY250905C00633000,SPY250905P00633000,2025-09-05,30.0,633.0,632.78,0.0310850532570561,647.24,0.02250387180378648,True,,False
1406,2025-08-07,True,,SPY250905C00632000,SPY250905P00632000,2025-09-05,29.0,632.0,632.25,0.0310478449980229,647.24,0.024104389086595505,True,,False
1407,2025-08-08,True,,SPY250905C00637000,SPY250905P00637000,2025-09-05,28.0,637.0,637.18,0.0277551084465928,647.24,0.01607081201544306,True,,False
1408,2025-08-11,True,,SPY250912C00636000,SPY250912P00636000,2025-09-12,32.0,636.0,635.92,0.0314269090451629,657.41,0.03366775695055977,True,,False
1409,2025-08-12,True,,SPY250912C00643000,SPY250912P00643000,2025-09-12,31.0,643.0,642.69,0.0278672454838257,657.41,0.02242138511568558,True,,False
1410,2025-08-13,True,,SPY250912C00645000,SPY250912P00645000,2025-09-12,30.0,645.0,644.89,0.0266867217665028,657.41,0.019243591930406687,True,,False
1411,2025-08-14,True,,SPY250912C00645000,SPY250912P00645000,2025-09-12,29.0,645.0,644.95,0.0264206527637801,657.41,0.01924180169005344,True,,False
1412,2025-08-15,True,,SPY250912C00643000,SPY250912P00643000,2025-09-12,28.0,643.0,643.44,0.0267080069625761,657.41,0.022395250528409745,True,,False
1413,2025-08-18,True,,SPY250919C00643000,SPY250919P00643000,2025-09-19,32.0,643.0,643.3,0.0292009948702005,663.7,0.03217783304834455,True,,False
1414,2025-08-19,True,,SPY250919C00640000,SPY250919P00640000,2025-09-19,31.0,640.0,639.81,0.0296963160938403,663.7,0.03704224691705357,True,,False
1415,2025-08-20,True,,SPY250919C00638000,SPY250919P00638000,2025-09-19,30.0,638.0,638.11,0.0301750481891836,663.7,0.04027518766356905,True,,False
1416,2025-08-21,True,,SPY250919C00636000,SPY250919P00636000,2025-09-19,29.0,636.0,635.55,0.0316261505782393,663.7,0.043584297065533864,True,,False
1417,2025-08-22,True,,SPY250919C00645000,SPY250919P00645000,2025-09-19,28.0,645.0,645.31,0.0260882366614495,663.7,0.028978320497125485,True,,False
1418,2025-08-25,True,,SPY250926C00642500,SPY250926P00642500,2025-09-26,32.0,642.5,642.47,0.0283203885006303,661.82,0.0300714430245771,True,,False
1419,2025-08-26,True,,SPY250926C00645000,SPY250926P00645000,2025-09-26,31.0,645.0,645.16,0.0272103044206088,661.82,0.026071052142104364,True,,False
1420,2025-08-27,True,,SPY250926C00647000,SPY250926P00647000,2025-09-26,30.0,647.0,646.63,0.026901009851074,661.82,0.02291882529421779,True,,False
1421,2025-08-28,True,,SPY250926C00649000,SPY250926P00649000,2025-09-26,29.0,649.0,648.92,0.0254576835357208,661.82,0.01975590211428227,True,,False
1422,2025-08-29,True,,SPY250926C00645000,SPY250926P00645000,2025-09-26,28.0,645.0,645.05,0.0265870862723819,661.82,0.026075498023409117,True,,False
1423,2025-09-02,True,,SPY251003C00640000,SPY251003P00640000,2025-10-03,31.0,640.0,640.27,0.032314492323551,669.21,0.045621378480953406,True,,False
1424,2025-09-03,True,,SPY251003C00644000,SPY251003P00644000,2025-10-03,30.0,644.0,643.74,0.0295227887035138,669.21,0.03916177338677111,True,,False
1425,2025-09-04,True,,SPY251003C00649000,SPY251003P00649000,2025-10-03,29.0,649.0,649.12,0.0273061991619423,669.21,0.031134458959822586,True,,False
1426,2025-09-05,True,,SPY251003C00647000,SPY251003P00647000,2025-10-03,28.0,647.0,647.24,0.0263348989555651,669.21,0.03431493727210932,True,,False
1427,2025-09-08,True,,SPY251010C00649000,SPY251010P00649000,2025-10-10,32.0,649.0,648.83,0.0284280936454849,653.02,0.006195767766595228,True,,False
1428,2025-09-09,True,,SPY251010C00650000,SPY251010P00650000,2025-10-10,31.0,650.0,650.33,0.0280549874679009,653.02,0.004643796226531117,True,,False
1429,2025-09-10,True,,SPY251010C00652000,SPY251010P00652000,2025-10-10,30.0,652.0,652.21,0.0274374817926741,653.02,0.0015639134634549941,True,,False
1430,2025-09-11,True,,SPY251010C00658000,SPY251010P00658000,2025-10-10,29.0,658.0,657.63,0.0259264327965573,653.02,0.007572647233246686,True,,False
1431,2025-09-12,True,,SPY251010C00657000,SPY251010P00657000,2025-10-10,28.0,657.0,657.41,0.0256004624207115,653.02,0.0060540606318735925,True,,False
1432,2025-09-15,True,,SPY251017C00661000,SPY251017P00661000,2025-10-17,32.0,661.0,660.91,0.0292929445764173,664.39,0.005129291431511078,True,,False
1433,2025-09-16,True,,SPY251017C00660000,SPY251017P00660000,2025-10-17,31.0,660.0,660.0,0.0301590909090909,664.39,0.0066515151515151305,True,,False
1434,2025-09-17,True,,SPY251017C00659000,SPY251017P00659000,2025-10-17,30.0,659.0,659.18,0.0288464455839072,664.39,0.008176825753208512,True,,False
1435,2025-09-18,True,,SPY251017C00662000,SPY251017P00662000,2025-10-17,29.0,662.0,662.26,0.0280327967867604,664.39,0.003608854528432921,True,,False
1436,2025-09-19,True,,SPY251017C00664000,SPY251017P00664000,2025-10-17,28.0,664.0,663.7,0.0276555672743709,664.39,0.0005876148862437642,True,,False
1437,2025-09-22,True,,SPY251024C00667000,SPY251024P00667000,2025-10-24,32.0,667.0,666.84,0.0312668706136404,677.25,0.01537100353907984,True,,False
1438,2025-09-23,True,,SPY251024C00663000,SPY251024P00663000,2025-10-24,31.0,663.0,663.21,0.0323426968833401,677.25,0.021486407020400777,True,,False
1439,2025-09-24,True,,SPY251024C00661000,SPY251024P00661000,2025-10-24,30.0,661.0,661.1,0.031266071698684,677.25,0.024580245046135228,True,,False
1440,2025-09-25,True,,SPY251024C00658000,SPY251024P00658000,2025-10-24,29.0,658.0,658.05,0.0312590228706025,677.25,0.02925309626928045,True,,False
1441,2025-09-26,True,,SPY251024C00662000,SPY251024P00662000,2025-10-24,28.0,662.0,661.82,0.0278247861956423,677.25,0.023042519113958475,True,,False
1442,2025-09-29,True,,SPY251031C00664000,SPY251031P00664000,2025-10-31,32.0,664.0,663.68,0.0317246263259402,682.06,0.027211909353905415,True,,False
1443,2025-09-30,True,,SPY251031C00666000,SPY251031P00666000,2025-10-31,31.0,666.0,666.18,0.0309450899156384,682.06,0.024107598546939186,True,,False
1444,2025-10-01,True,,SPY251031C00668000,SPY251031P00668000,2025-10-31,30.0,668.0,668.45,0.0306230832523,682.06,0.021033734759518207,True,,False
1445,2025-10-02,True,,SPY251031C00669000,SPY251031P00669000,2025-10-31,29.0,669.0,669.22,0.0307671617704192,682.06,0.01951525656734698,True,,False
1446,2025-10-03,True,,SPY251031C00669000,SPY251031P00669000,2025-10-31,28.0,669.0,669.21,0.0297290835462709,682.06,0.01951554818367918,True,,False
1447,2025-10-06,True,,SPY251107C00672000,SPY251107P00672000,2025-11-07,32.0,672.0,671.61,0.0320870743437411,670.97,0.00153362814728782,True,,False
1448,2025-10-07,True,,SPY251107C00669000,SPY251107P00669000,2025-11-07,31.0,669.0,669.12,0.0333348278335724,670.97,0.002944165471066516,True,,False
1449,2025-10-08,True,,SPY251107C00673000,SPY251107P00673000,2025-11-07,30.0,673.0,673.11,0.0307750590542407,670.97,0.0030158517924261602,True,,False
1450,2025-10-09,True,,SPY251107C00671000,SPY251107P00671000,2025-11-07,29.0,671.0,671.16,0.0306260802193217,670.97,4.469873055601156e-05,True,,False
1451,2025-10-10,True,,SPY251107C00653000,SPY251107P00653000,2025-11-07,28.0,653.0,653.02,0.0405117760558635,670.97,0.02751829959266183,True,,False
1452,2025-10-13,True,,SPY251114C00663000,SPY251114P00663000,2025-11-14,32.0,663.0,663.04,0.0368605212355212,671.93,0.0134682673745173,True,,False
1453,2025-10-14,True,,SPY251114C00662000,SPY251114P00662000,2025-11-14,31.0,662.0,662.23,0.0390725276716548,671.93,0.014994790329643704,True,,False
1454,2025-10-15,True,,SPY251114C00665000,SPY251114P00665000,2025-11-14,30.0,665.0,665.17,0.038516469473969,671.93,0.010418389283942377,True,,False
1455,2025-10-16,True,,SPY251114C00661000,SPY251114P00661000,2025-11-14,29.0,661.0,660.64,0.0446385323322838,671.93,0.016544562848147176,True,,False
1456,2025-10-17,True,,SPY251114C00664000,SPY251114P00664000,2025-11-14,28.0,664.0,664.39,0.0377188097352458,671.93,0.01193576062252585,True,,False
1457,2025-10-20,True,,SPY251121C00671000,SPY251121P00671000,2025-11-21,32.0,671.0,671.3,0.0353344257410993,659.03,0.01783107403545364,True,,False
1458,2025-10-21,True,,SPY251121C00671000,SPY251121P00671000,2025-11-21,31.0,671.0,671.29,0.0339346631113229,659.03,0.017831339659461674,True,,False
1459,2025-10-22,True,,SPY251121C00668000,SPY251121P00668000,2025-11-21,30.0,668.0,667.8,0.0348457622042527,659.03,0.013432165318957814,True,,False
1460,2025-10-23,True,,SPY251121C00672000,SPY251121P00672000,2025-11-21,29.0,672.0,671.76,0.0317896272478266,659.03,0.01930749077051332,True,,False
1461,2025-10-24,True,,SPY251121C00677000,SPY251121P00677000,2025-11-21,28.0,677.0,677.25,0.0294942783314876,659.03,0.0265337763012182,True,,False
1462,2025-10-27,True,,SPY251128C00685000,SPY251128P00685000,2025-11-28,32.0,685.0,685.24,0.031353978168233,683.39,0.0023495417663884385,True,,False
1463,2025-10-28,True,,SPY251128C00687000,SPY251128P00687000,2025-11-28,31.0,687.0,687.06,0.0322097051203679,683.39,0.005254271824877033,True,,False
1464,2025-10-29,True,,SPY251128C00687000,SPY251128P00687000,2025-11-28,30.0,687.0,687.39,0.0330089177904828,683.39,0.00525174937080844,True,,False
1465,2025-10-30,True,,SPY251128C00680000,SPY251128P00680000,2025-11-28,29.0,680.0,679.83,0.0336113440124737,683.39,0.0049865407528352475,True,,False
1466,2025-10-31,True,,SPY251128C00682000,SPY251128P00682000,2025-11-28,28.0,682.0,682.06,0.0326290942145852,683.39,0.0020379438759053257,True,,False
1467,2025-11-03,True,,SPY251205C00683000,SPY251205P00683000,2025-12-05,32.0,683.0,683.34,0.0351874615857406,685.69,0.003936546960517538,True,,False
1468,2025-11-04,True,,SPY251205C00675000,SPY251205P00675000,2025-12-05,31.0,675.0,675.24,0.037505183342219,685.69,0.01583140809193776,True,,False
1469,2025-11-05,True,,SPY251205C00678000,SPY251205P00678000,2025-12-05,30.0,678.0,677.58,0.0344387378612119,685.69,0.011349213377018292,True,,False
1470,2025-11-06,True,,SPY251205C00670000,SPY251205P00670000,2025-12-05,29.0,670.0,670.31,0.037527412689651,685.69,0.0234070803061271,True,,False
1471,2025-11-07,True,,SPY251205C00671000,SPY251205P00671000,2025-12-05,28.0,671.0,670.97,0.0356126205344501,685.69,0.02189367631935862,True,,False
1472,2025-11-10,True,,SPY251212C00681000,SPY251212P00681000,2025-12-12,32.0,681.0,681.44,0.0354469945996712,681.76,0.0011152852782343138,True,,False
1473,2025-11-11,True,,SPY251212C00683000,SPY251212P00683000,2025-12-12,31.0,683.0,683.0,0.0341068814055636,681.76,0.0018155197657393984,True,,False
1474,2025-11-12,True,,SPY251212C00683000,SPY251212P00683000,2025-12-12,30.0,683.0,683.38,0.0340586496531944,681.76,0.0018145102285697695,True,,False
1475,2025-11-13,True,,SPY251212C00672000,SPY251212P00672000,2025-12-12,29.0,672.0,672.04,0.0382715314564609,681.76,0.014522945062793868,True,,False
1476,2025-11-14,True,,SPY251212C00672000,SPY251212P00672000,2025-12-12,28.0,672.0,671.93,0.0372062566041105,681.76,0.014525322578244746,True,,False
1477,2025-11-17,True,,SPY251219C00666000,SPY251219P00666000,2025-12-19,32.0,666.0,665.67,0.0444364324665374,680.59,0.021917767061757375,True,,False
1478,2025-11-18,True,,SPY251219C00660000,SPY251219P00660000,2025-12-19,31.0,660.0,660.08,0.0474033450490849,680.59,0.031193188704399515,True,,False
1479,2025-11-19,True,,SPY251219C00663000,SPY251219P00663000,2025-12-19,30.0,663.0,662.63,0.0450779469688966,680.59,0.026545734421924802,True,,False
1480,2025-11-20,True,,SPY251219C00653000,SPY251219P00653000,2025-12-19,29.0,653.0,652.53,0.0493923651019876,680.59,0.0422815809234825,True,,False
1481,2025-11-21,True,,SPY251219C00659000,SPY251219P00659000,2025-12-19,28.0,659.0,659.03,0.0438750891461693,680.59,0.03276026888002068,True,,False
1482,2025-11-24,True,,SPY251226C00669000,SPY251226P00669000,2025-12-26,32.0,669.0,668.73,0.0389992971752426,690.31,0.03186637357378904,True,,False
1483,2025-11-25,True,,SPY251226C00675000,SPY251226P00675000,2025-12-26,31.0,675.0,675.02,0.034695268288347,690.31,0.022680809457497477,True,,False
1484,2025-11-26,True,,SPY251226C00680000,SPY251226P00680000,2025-12-26,30.0,680.0,679.68,0.0321621939736346,690.31,0.015168903013182595,True,,False
1485,2025-11-28,True,,SPY251226C00683000,SPY251226P00683000,2025-12-26,28.0,683.0,683.39,0.0300633605993649,690.31,0.010696673934356584,True,,False
1486,2025-12-01,True,,SPY251231C00680000,SPY251231P00680000,2025-12-31,30.0,680.0,680.27,0.0324944507327972,681.92,0.0028224087494670633,True,,False
1487,2025-12-02,True,,SPY251231C00682000,SPY251231P00682000,2025-12-31,29.0,682.0,681.53,0.0307836779011929,681.92,0.00011738294719240668,True,,False
1488,2025-12-03,True,,SPY260102C00684000,SPY260102P00684000,2026-01-02,30.0,684.0,683.89,0.0305531591337788,683.17,0.0012136454693006784,True,,False
1489,2025-12-04,True,,SPY260102C00684000,SPY260102P00684000,2026-01-02,29.0,684.0,684.39,0.0293253846491035,683.17,0.0012127588071129632,True,,False
1490,2025-12-05,True,,SPY260102C00686000,SPY260102P00686000,2026-01-02,28.0,686.0,685.69,0.0278114016538085,683.17,0.004127229506045065,True,,False
1491,2025-12-08,True,,SPY260109C00684000,SPY260109P00684000,2026-01-09,32.0,684.0,683.63,0.0325175899243743,694.07,0.014730190307622617,True,,False
1492,2025-12-09,True,,SPY260109C00683000,SPY260109P00683000,2026-01-09,31.0,683.0,683.04,0.0322967908175216,694.07,0.016206957132818063,True,,False
1493,2025-12-10,True,,SPY260109C00688000,SPY260109P00688000,2026-01-09,30.0,688.0,687.57,0.0291679392643658,694.07,0.008828192038628866,True,,False
1494,2025-12-11,True,,SPY260109C00689000,SPY260109P00689000,2026-01-09,29.0,689.0,689.17,0.0270760479997678,694.07,0.007356675421158858,True,,False
1495,2025-12-12,True,,SPY260109C00682000,SPY260109P00682000,2026-01-09,28.0,682.0,681.76,0.0275830204177423,694.07,0.01770417742314018,True,,False
1496,2025-12-15,True,,SPY260116C00681000,SPY260116P00681000,2026-01-16,32.0,681.0,680.73,0.0314294948070453,691.66,0.01565965948320181,True,,False
1497,2025-12-16,True,,SPY260116C00679000,SPY260116P00679000,2026-01-16,31.0,679.0,678.87,0.0308159146817505,691.66,0.01864863670511286,True,,False
1498,2025-12-17,True,,SPY260116C00671000,SPY260116P00671000,2026-01-16,30.0,671.0,671.4,0.0339737861185582,691.66,0.030771522192433676,True,,False
1499,2025-12-18,True,,SPY260116C00676000,SPY260116P00676000,2026-01-16,29.0,676.0,676.47,0.0305556787440684,691.66,0.02314958534746547,True,,False
1500,2025-12-19,True,,SPY260116C00681000,SPY260116P00681000,2026-01-16,28.0,681.0,680.59,0.0268076227978665,691.66,0.015662880735832097,True,,False
1501,2025-12-22,True,,SPY260123C00685000,SPY260123P00685000,2026-01-23,32.0,685.0,684.83,0.0273060467561292,689.23,0.006176715389220709,True,,False
1502,2025-12-23,True,,SPY260123C00688000,SPY260123P00688000,2026-01-23,31.0,688.0,687.96,0.0264114192685621,689.23,0.0017878946450375285,True,,False
1503,2025-12-24,True,,SPY260123C00690000,SPY260123P00690000,2026-01-23,30.0,690.0,690.38,0.0254569946985718,689.23,0.0011153277904921665,True,,False
1504,2025-12-26,True,,SPY260123C00690000,SPY260123P00690000,2026-01-23,28.0,690.0,690.31,0.0243296489982761,689.23,0.001115440888875986,True,,False
1505,2025-12-29,True,,SPY260130C00688000,SPY260130P00688000,2026-01-30,32.0,688.0,687.85,0.0290106854692156,691.97,0.005771607181798396,True,,False
1506,2025-12-30,True,,SPY260130C00687000,SPY260130P00687000,2026-01-30,31.0,687.0,687.01,0.0287040945546644,691.97,0.007234246954192846,True,,False
1507,2025-12-31,True,,SPY260130C00682000,SPY260130P00682000,2026-01-30,30.0,682.0,681.92,0.0294389371187236,691.97,0.014620483341154428,True,,False
1508,2026-01-02,True,,SPY260130C00683000,SPY260130P00683000,2026-01-30,28.0,683.0,683.17,0.0277895692141048,691.97,0.013129967650804378,True,,False
1509,2026-01-05,True,,SPY260206C00688000,SPY260206P00688000,2026-02-06,32.0,688.0,687.72,0.0302594078985633,690.62,0.0038096899901122615,True,,False
1510,2026-01-06,True,,SPY260206C00692000,SPY260206P00692000,2026-02-06,31.0,692.0,691.81,0.0292854974631763,690.62,0.001994767349416741,True,,False
1511,2026-01-07,True,,SPY260206C00690000,SPY260206P00690000,2026-02-06,30.0,690.0,689.58,0.0295252182487891,690.62,0.0008990980016821898,True,,False
1512,2026-01-08,True,,SPY260206C00690000,SPY260206P00690000,2026-02-06,29.0,690.0,689.51,0.0289118359414656,690.62,0.0008991892793433084,True,,False
1513,2026-01-09,True,,SPY260206C00694000,SPY260206P00694000,2026-02-06,28.0,694.0,694.07,0.0263950322013629,690.62,0.004869825810076786,True,,False
1514,2026-01-12,True,,SPY260213C00695000,SPY260213P00695000,2026-02-13,32.0,695.0,695.16,0.0299859025260371,681.75,0.019060360204844928,True,,False
1515,2026-01-13,True,,SPY260213C00694000,SPY260213P00694000,2026-02-13,31.0,694.0,693.77,0.0306297476108796,681.75,0.017657148622742407,True,,False
1516,2026-01-14,True,,SPY260213C00690000,SPY260213P00690000,2026-02-13,30.0,690.0,690.36,0.0316284257488846,681.75,0.011950286806883365,True,,False
1517,2026-01-15,True,,SPY260213C00692000,SPY260213P00692000,2026-02-13,29.0,692.0,692.24,0.0294406564197388,681.75,0.014807003351438808,True,,False
1518,2026-01-16,True,,SPY260213C00692000,SPY260213P00692000,2026-02-13,28.0,692.0,691.66,0.0286773848422635,681.75,0.01481941994621635,True,,False
1519,2026-01-20,True,,SPY260220C00678000,SPY260220P00678000,2026-02-20,31.0,678.0,677.58,0.0385858496413707,689.43,0.016868856813955474,True,,False
1520,2026-01-21,True,,SPY260220C00685000,SPY260220P00685000,2026-02-20,30.0,685.0,685.4,0.0332579515611321,689.43,0.006463379048730595,True,,False
1521,2026-01-22,True,,SPY260220C00689000,SPY260220P00689000,2026-02-20,29.0,689.0,688.98,0.0298847571772765,689.43,0.0006241110046735028,True,,False
1522,2026-01-23,True,,SPY260220C00689000,SPY260220P00689000,2026-02-20,28.0,689.0,689.23,0.0294966847061213,689.43,0.0006238846248711606,True,,False
1523,2026-01-26,True,,SPY260227C00693000,SPY260227P00693000,2026-02-27,32.0,693.0,692.73,0.0319388506344463,685.99,0.010119382732088967,True,,False
1524,2026-01-27,True,,SPY260227C00695000,SPY260227P00695000,2026-02-27,31.0,695.0,695.49,0.0315964284173748,685.99,0.012954895109922487,True,,False
1525,2026-01-28,True,,SPY260227C00695000,SPY260227P00695000,2026-02-27,30.0,695.0,695.42,0.0314126714791061,685.99,0.012956199131460112,True,,False
1526,2026-01-29,True,,SPY260227C00694000,SPY260227P00694000,2026-02-27,29.0,694.0,694.04,0.0314967437035329,685.99,0.011541121549190236,True,,False
1527,2026-01-30,True,,SPY260227C00692000,SPY260227P00692000,2026-02-27,28.0,692.0,691.97,0.0318944462910241,685.99,0.008685347630677617,True,,False
1528,2026-02-02,True,,SPY260306C00695000,SPY260306P00695000,2026-03-06,32.0,695.0,695.41,0.0326210437008383,672.38,0.03252757366158095,True,,False
1529,2026-02-03,True,,SPY260306C00690000,SPY260306P00690000,2026-03-06,31.0,690.0,689.53,0.035002102881673,672.38,0.02555363798529434,True,,False
1530,2026-02-04,True,,SPY260306C00686000,SPY260306P00686000,2026-03-06,30.0,686.0,686.19,0.0374240370742797,672.38,0.01984872994360163,True,,False
1531,2026-02-05,True,,SPY260306C00678000,SPY260306P00678000,2026-03-06,29.0,678.0,677.62,0.041830229332074,672.38,0.008293733951182086,True,,False
1532,2026-02-06,True,,SPY260306C00691000,SPY260306P00691000,2026-03-06,28.0,691.0,690.62,0.0329486548318901,672.38,0.02696128116764647,True,,False
1533,2026-02-09,True,,SPY260313C00694000,SPY260313P00694000,2026-03-13,32.0,694.0,693.95,0.0345053678218891,662.29,0.045694934793573075,True,,False
1534,2026-02-10,True,,SPY260313C00692000,SPY260313P00692000,2026-03-13,31.0,692.0,692.12,0.034596601745362,662.29,0.042926082182280584,True,,False
1535,2026-02-11,True,,SPY260313C00692000,SPY260313P00692000,2026-03-13,30.0,692.0,691.96,0.0338169836406728,662.29,0.04293600786172616,True,,False
1536,2026-02-12,True,,SPY260313C00681000,SPY260313P00681000,2026-03-13,29.0,681.0,681.27,0.0396392032527485,662.29,0.02746341391812356,True,,False
1537,2026-02-13,True,,SPY260313C00682000,SPY260313P00682000,2026-03-13,28.0,682.0,681.75,0.0379464613127979,662.29,0.028910891089108964,True,,False
1538,2026-02-17,True,,SPY260320C00683000,SPY260320P00683000,2026-03-20,31.0,683.0,682.85,0.039957530936516,648.57,0.050421029508676794,True,,False
1539,2026-02-18,True,,SPY260320C00686000,SPY260320P00686000,2026-03-20,30.0,686.0,686.29,0.0381908522636203,648.57,0.05453962610558212,True,,False
1540,2026-02-19,True,,SPY260320C00684000,SPY260320P00684000,2026-03-20,29.0,684.0,684.48,0.0389711898083216,648.57,0.05176192145862545,True,,False
1541,2026-02-20,True,,SPY260320C00689000,SPY260320P00689000,2026-03-20,28.0,689.0,689.43,0.0353625458712269,648.57,0.05864264682418803,True,,False
1542,2026-02-23,True,,SPY260327C00682000,SPY260327P00682000,2026-03-27,32.0,682.0,682.39,0.0419188440627793,634.09,0.07020911795307665,True,,False
1543,2026-02-24,True,,SPY260327C00687000,SPY260327P00687000,2026-03-27,31.0,687.0,687.35,0.0378700807448897,634.09,0.07697679493707713,True,,False
1544,2026-02-25,True,,SPY260327C00693000,SPY260327P00693000,2026-03-27,30.0,693.0,693.15,0.0332395585371131,634.09,0.08498881915891217,True,,False
1545,2026-02-26,True,,SPY260327C00689000,SPY260327P00689000,2026-03-27,29.0,689.0,689.3,0.0339257217466995,634.09,0.07966052517046275,True,,False
1546,2026-02-27,True,,SPY260327C00686000,SPY260327P00686000,2026-03-27,28.0,686.0,685.99,0.0355471654105745,634.09,0.07567165702123933,True,,False
1547,2026-03-02,True,,SPY260331C00686000,SPY260331P00686000,2026-03-31,29.0,686.0,686.38,0.0377123459308254,650.34,0.051953728255485256,True,,False
1548,2026-03-03,True,,SPY260402C00680000,SPY260402P00680000,2026-04-02,30.0,680.0,680.33,0.0432804668322725,655.83,0.035526876662795935,True,,False
1549,2026-03-04,True,,SPY260402C00685000,SPY260402P00685000,2026-04-02,29.0,685.0,685.13,0.0383357902879745,655.83,0.0425758615153328,True,,False
1550,2026-03-05,True,,SPY260402C00681000,SPY260402P00681000,2026-04-02,28.0,681.0,681.31,0.0413174619483054,655.83,0.03694353524827165,True,,False
1551,2026-03-06,True,,SPY260402C00672000,SPY260402P00672000,2026-04-02,27.0,672.0,672.38,0.0502171391177607,655.83,0.024048900919123053,True,,False
1552,2026-03-09,True,,SPY260410C00678000,SPY260410P00678000,2026-04-10,32.0,678.0,678.27,0.0467660371238592,679.46,0.002152535126129766,True,,False
1553,2026-03-10,True,,SPY260410C00677000,SPY260410P00677000,2026-04-10,31.0,677.0,677.18,0.0466936412770607,679.46,0.0036327121297144577,True,,False
1554,2026-03-11,True,,SPY260410C00676000,SPY260410P00676000,2026-04-10,30.0,676.0,676.33,0.0446823296319843,679.46,0.005115845814912892,True,,False
1555,2026-03-12,True,,SPY260410C00666000,SPY260410P00666000,2026-04-10,29.0,666.0,666.06,0.0511065069212983,679.46,0.020208389634567513,True,,False
1556,2026-03-13,True,,SPY260410C00662000,SPY260410P00662000,2026-04-10,28.0,662.0,662.29,0.0512086850171375,679.46,0.026363073578039888,True,,False
1557,2026-03-16,True,,SPY260417C00669000,SPY260417P00669000,2026-04-17,32.0,669.0,669.03,0.0466122595399309,710.14,0.06149201082163728,True,,False
1558,2026-03-17,True,,SPY260417C00671000,SPY260417P00671000,2026-04-17,31.0,671.0,670.79,0.0430164432982006,710.14,0.05834911075001117,True,,False
1559,2026-03-18,True,,SPY260417C00661000,SPY260417P00661000,2026-04-17,30.0,661.0,661.43,0.0484027032339023,710.14,0.07429357603979256,True,,False
1560,2026-03-19,True,,SPY260417C00660000,SPY260417P00660000,2026-04-17,29.0,660.0,659.8,0.0463625341012428,710.14,0.07599272506820247,True,,False
1561,2026-03-20,True,,SPY260417C00649000,SPY260417P00649000,2026-04-17,28.0,649.0,648.57,0.0519373390690287,710.14,0.09426893010777554,True,,False
1562,2026-03-23,True,,SPY260424C00655000,SPY260424P00655000,2026-04-24,32.0,655.0,655.38,0.0524047117702706,713.94,0.08993255821050392,True,,False
1563,2026-03-24,True,,SPY260424C00653000,SPY260424P00653000,2026-04-24,31.0,653.0,653.18,0.0526501117609234,713.94,0.09329740653418668,True,,False
1564,2026-03-25,True,,SPY260424C00657000,SPY260424P00657000,2026-04-24,30.0,657.0,656.82,0.049153497152949,713.94,0.08669041746597249,True,,False
1565,2026-03-26,True,,SPY260424C00645000,SPY260424P00645000,2026-04-24,29.0,645.0,645.09,0.054907067230929,713.94,0.10686880900339496,True,,False
1566,2026-03-27,True,,SPY260424C00634000,SPY260424P00634000,2026-04-24,28.0,634.0,634.09,0.0590531312589695,713.94,0.12607043164219597,True,,False
1567,2026-03-30,True,,SPY260430C00632000,SPY260430P00632000,2026-04-30,31.0,632.0,631.97,0.0600898776840672,718.66,0.13712676234631385,True,,False
1568,2026-03-31,True,,SPY260430C00650000,SPY260430P00650000,2026-04-30,30.0,650.0,650.34,0.0495279392317864,718.66,0.10557554509948637,True,,False
1569,2026-04-01,True,,SPY260501C00655000,SPY260501P00655000,2026-05-01,30.0,655.0,655.24,0.047929003113363,720.65,0.100192295952628,True,,False
1570,2026-04-02,True,,SPY260501C00656000,SPY260501P00656000,2026-05-01,29.0,656.0,655.83,0.0458731683515545,720.65,0.09857737523443572,True,,False
1571,2026-04-06,True,,SPY260508C00659000,SPY260508P00659000,2026-05-08,32.0,659.0,658.93,0.0478275385852822,737.62,0.11931464647231119,True,,False
1572,2026-04-07,True,,SPY260508C00659000,SPY260508P00659000,2026-05-08,31.0,659.0,659.22,0.0505825065987075,737.62,0.11926215830830375,True,,False
1573,2026-04-08,True,,SPY260508C00676000,SPY260508P00676000,2026-05-08,30.0,676.0,676.01,0.0396739693199804,737.62,0.09115249774411623,True,,False
1574,2026-04-09,True,,SPY260508C00680000,SPY260508P00680000,2026-05-08,29.0,680.0,679.91,0.0361959671132944,737.62,0.08474651056757514,True,,False
1575,2026-04-10,True,,SPY260508C00679000,SPY260508P00679000,2026-05-08,28.0,679.0,679.46,0.0355576487210431,737.62,0.0862743943720013,True,,False
1576,2026-04-13,True,,SPY260515C00686000,SPY260515P00686000,2026-05-15,32.0,686.0,686.1,0.0367657775834426,739.17,0.07749599183792444,True,,False
1577,2026-04-14,True,,SPY260515C00694000,SPY260515P00694000,2026-05-15,31.0,694.0,694.46,0.0351208132937822,739.17,0.06504334302911609,True,,False
1578,2026-04-15,True,,SPY260515C00700000,SPY260515P00700000,2026-05-15,30.0,700.0,699.94,0.0345601051518701,739.17,0.05596193959482235,True,,False
1579,2026-04-16,True,,SPY260515C00702000,SPY260515P00702000,2026-05-15,29.0,702.0,701.66,0.0335133825499529,739.17,0.052974375053444635,True,,False
1580,2026-04-17,True,,SPY260515C00710000,SPY260515P00710000,2026-05-15,28.0,710.0,710.14,0.0323034894527839,739.17,0.04107640746894973,True,,False
1581,2026-04-20,True,,SPY260522C00709000,SPY260522P00709000,2026-05-22,32.0,709.0,708.72,0.0373137487301049,745.64,0.0516988373405576,True,,False
1582,2026-04-21,True,,SPY260522C00705000,SPY260522P00705000,2026-05-22,31.0,705.0,704.08,0.0395125553914327,745.64,0.05772071355527779,True,,False
1583,2026-04-22,True,,SPY260522C00711000,SPY260522P00711000,2026-05-22,30.0,711.0,711.21,0.0360652971696123,745.64,0.04870572685985853,True,,False
1584,2026-04-23,True,,SPY260522C00708000,SPY260522P00708000,2026-05-22,29.0,708.0,708.45,0.0368198179123438,745.64,0.053130072693909215,True,,False
1585,2026-04-24,True,,SPY260522C00714000,SPY260522P00714000,2026-05-22,28.0,714.0,713.94,0.0352760736196319,745.64,0.04431744964562846,True,,False
1586,2026-04-27,True,,SPY260529C00715000,SPY260529P00715000,2026-05-29,32.0,715.0,715.17,0.0363759665534068,756.48,0.05800019575765206,True,,False
1587,2026-04-28,True,,SPY260529C00712000,SPY260529P00712000,2026-05-29,31.0,712.0,711.69,0.035766977195127,756.48,0.06249912180865266,True,,False
1588,2026-04-29,True,,SPY260529C00712000,SPY260529P00712000,2026-05-29,30.0,712.0,711.58,0.0356249473003738,756.48,0.06250878327103068,True,,False
1589,2026-04-30,True,,SPY260529C00719000,SPY260529P00719000,2026-05-29,29.0,719.0,718.66,0.0324075362480171,756.48,0.052152617371218686,True,,False
1590,2026-05-01,True,,SPY260529C00721000,SPY260529P00721000,2026-05-29,28.0,721.0,720.65,0.031617289946576,756.48,0.049233331020606425,True,,False
1591,2026-05-04,True,,SPY260605C00718000,SPY260605P00718000,2026-06-05,32.0,718.0,718.01,0.0366777621481595,737.55,0.02722803303575153,True,,False
1592,2026-05-05,True,,SPY260605C00724000,SPY260605P00724000,2026-06-05,31.0,724.0,723.77,0.0345482680962184,737.55,0.018721417024745366,True,,False
1593,2026-05-06,True,,SPY260605C00734000,SPY260605P00734000,2026-06-05,30.0,734.0,733.83,0.0341359715465434,737.55,0.00483763269422067,True,,False
1594,2026-05-07,True,,SPY260605C00732000,SPY260605P00732000,2026-06-05,29.0,732.0,731.58,0.033031247437054,737.55,0.007586320019683362,True,,False
1595,2026-05-08,True,,SPY260605C00738000,SPY260605P00738000,2026-06-05,28.0,738.0,737.62,0.032049022531927,737.55,0.0006100702258616164,True,,False
1596,2026-05-11,True,,SPY260612C00739000,SPY260612P00739000,2026-06-12,32.0,739.0,739.3,0.0370079805221155,741.75,0.003719734884350061,True,,False
1597,2026-05-12,True,,SPY260612C00738000,SPY260612P00738000,2026-06-12,31.0,738.0,738.18,0.0355130185049716,741.75,0.005080061773551167,True,,False
1598,2026-05-13,True,,SPY260612C00742000,SPY260612P00742000,2026-06-12,30.0,742.0,742.31,0.0351874553757863,741.75,0.000336786517762121,True,,False
1599,2026-05-14,True,,SPY260612C00748000,SPY260612P00748000,2026-06-12,29.0,748.0,748.17,0.0333413529010786,741.75,0.008353716401352634,True,,False
1600,2026-05-15,True,,SPY260612C00739000,SPY260612P00739000,2026-06-12,28.0,739.0,739.17,0.0339434771432823,741.75,0.003720389085054859,True,,False
1601,2026-05-18,True,,SPY260618C00739000,SPY260618P00739000,2026-06-18,31.0,739.0,738.65,0.0356596493603195,746.74,0.010478575780139457,True,,False
1602,2026-05-19,True,,SPY260618C00734000,SPY260618P00734000,2026-06-18,30.0,734.0,733.73,0.0359669088084172,746.74,0.01736333528682214,True,,False
1603,2026-05-20,True,,SPY260618C00741000,SPY260618P00741000,2026-06-18,29.0,741.0,741.25,0.034185497470489,746.74,0.007743676222596977,True,,False
1604,2026-05-21,True,,SPY260618C00743000,SPY260618P00743000,2026-06-18,28.0,743.0,742.72,0.0320443774235243,746.74,0.0050355450236966946,True,,False
1605,2026-05-22,True,,SPY260618C00746000,SPY260618P00746000,2026-06-18,27.0,746.0,745.64,0.0309666863365699,746.74,0.0009924360281100921,True,,False
1606,2026-05-26,True,,SPY260626C00751000,SPY260626P00751000,2026-06-26,31.0,751.0,750.59,0.0332205331805646,728.99,0.0293235987689684,True,,False
1607,2026-05-27,True,,SPY260626C00750000,SPY260626P00750000,2026-06-26,30.0,750.0,750.46,0.0316805692508594,728.99,0.02799616235375635,True,,False
1608,2026-05-28,True,,SPY260626C00755000,SPY260626P00755000,2026-06-26,29.0,755.0,754.6,0.0298900079512324,728.99,0.034468592631857926,True,,False
1609,2026-05-29,True,,SPY260626C00756000,SPY260626P00756000,2026-06-26,28.0,756.0,756.48,0.0281963832487309,728.99,0.03570484348561759,True,,False
1610,2026-06-01,True,,SPY260630C00759000,SPY260630P00759000,2026-06-30,29.0,759.0,758.54,0.0292535660611174,746.77,0.01612307854562715,True,,False
1611,2026-06-02,True,,SPY260702C00760000,SPY260702P00760000,2026-07-02,30.0,760.0,759.57,0.0302605421488473,744.78,0.020037652882552003,True,,False
1612,2026-06-03,True,,SPY260702C00760000,SPY260702P00760000,2026-07-02,29.0,760.0,754.24,0.0296921404327534,744.78,0.0201792532880781,True,,False
1613,2026-06-04,True,,SPY260702C00757000,SPY260702P00757000,2026-07-02,28.0,757.0,757.09,0.0287284206633293,744.78,0.016140749448546442,True,,False
1614,2026-06-05,True,,SPY260702C00738000,SPY260702P00738000,2026-07-02,27.0,738.0,737.55,0.0363432987594061,744.78,0.009192597112060164,True,,False
1615,2026-06-08,True,,SPY260710C00739000,SPY260710P00739000,2026-07-10,32.0,739.0,739.22,0.0369646384026406,754.95,0.021576797164578942,True,,False
1616,2026-06-09,True,,SPY260710C00737000,SPY260710P00737000,2026-07-10,31.0,737.0,737.05,0.0380910385998236,754.95,0.02435384302286147,True,,False
1617,2026-06-10,True,,SPY260710C00725000,SPY260710P00725000,2026-07-10,30.0,725.0,725.43,0.0423472974649518,754.95,0.04128585804281605,True,,False
1618,2026-06-11,True,,SPY260710C00738000,SPY260710P00738000,2026-07-10,29.0,738.0,737.76,0.0371191173281283,754.95,0.022974951203643523,True,,False
1619,2026-06-12,True,,SPY260710C00742000,SPY260710P00742000,2026-07-10,28.0,742.0,741.75,0.0329221435793731,754.95,0.017458712504213072,True,,False
1620,2026-06-15,True,,SPY260717C00755000,SPY260717P00755000,2026-07-17,32.0,755.0,754.83,0.031735622590517,743.29,0.015513426864327114,True,,False
1621,2026-06-16,True,,SPY260717C00750000,SPY260717P00750000,2026-07-17,31.0,750.0,750.33,0.0321125371503205,743.29,0.00894273186464627,True,,False
1622,2026-06-17,True,,SPY260717C00741000,SPY260717P00741000,2026-07-17,30.0,741.0,740.96,0.0354405096091556,743.29,0.0030905851867846627,True,,False
1623,2026-06-18,True,,SPY260717C00746000,SPY260717P00746000,2026-07-17,29.0,746.0,746.74,0.0321664836489273,743.29,0.0036291078554785286,True,,False
1624,2026-06-22,True,,SPY260724C00744000,SPY260724P00744000,2026-07-24,32.0,744.0,744.39,0.0352704899313531,738.93,0.00681094587514616,True,,False
1625,2026-06-23,True,,SPY260724C00734000,SPY260724P00734000,2026-07-24,31.0,734.0,733.58,0.0389255432263693,738.93,0.00672046675209241,True,,False
1626,2026-06-24,True,,SPY260724C00733000,SPY260724P00733000,2026-07-24,30.0,733.0,733.24,0.0380230211117778,738.93,0.008087392940919685,True,,False
1627,2026-06-25,True,,SPY260724C00734000,SPY260724P00734000,2026-07-24,29.0,734.0,734.3,0.0367629034454582,738.93,0.006713877161922852,True,,False
1628,2026-06-26,True,,SPY260724C00730000,SPY260724P00730000,2026-07-24,28.0,730.0,728.99,0.0360087243995116,738.93,0.012249825100481419,True,,False
1629,2026-06-29,True,,SPY260731C00741000,SPY260731P00741000,2026-07-31,32.0,741.0,741.0,0.035910931174089,747.03,0.008137651821862312,True,,False
1630,2026-06-30,True,,SPY260731C00747000,SPY260731P00747000,2026-07-31,31.0,747.0,746.77,0.0322790149577513,747.03,4.017301177065591e-05,True,,False
1631,2026-07-01,True,,SPY260731C00746000,SPY260731P00746000,2026-07-31,30.0,746.0,745.76,0.0316656833297575,747.03,0.0013811413859686397,True,,False
1632,2026-07-02,True,,SPY260731C00745000,SPY260731P00745000,2026-07-31,29.0,745.0,744.78,0.0305526464190767,747.03,0.0027256371008888163,True,,False
1633,2026-07-06,True,,SPY260807C00751000,SPY260807P00751000,2026-08-07,32.0,751.0,751.28,0.031579437759557,773.26,0.029629432435310393,True,,False
1634,2026-07-07,True,,SPY260807C00748000,SPY260807P00748000,2026-08-07,31.0,748.0,747.71,0.0315362908079335,773.26,0.03378315122173033,True,,False
1635,2026-07-08,True,,SPY260807C00745000,SPY260807P00745000,2026-08-07,30.0,745.0,745.4,0.0323718808693319,773.26,0.03791253018513549,True,,False
1636,2026-07-09,True,,SPY260807C00752000,SPY260807P00752000,2026-08-07,29.0,752.0,751.71,0.0295526200263399,773.26,0.02828218328876826,True,,False
1637,2026-07-10,True,,SPY260807C00755000,SPY260807P00755000,2026-08-07,28.0,755.0,754.95,0.0278693953241936,773.26,0.024187032253791627,True,,False
1638,2026-07-13,True,,SPY260814C00749000,SPY260814P00749000,2026-08-14,32.0,749.0,749.17,0.0339776018794132,776.34,0.03649371971648629,True,,False
1639,2026-07-14,True,,SPY260814C00752000,SPY260814P00752000,2026-08-14,31.0,752.0,751.83,0.0320617692829496,776.34,0.03237433994387033,True,,False
1640,2026-07-15,True,,SPY260814C00755000,SPY260814P00755000,2026-08-14,30.0,755.0,754.81,0.0298286986128959,776.34,0.028272015474092863,True,,False
1641,2026-07-16,True,,SPY260814C00751000,SPY260814P00751000,2026-08-14,29.0,751.0,750.72,0.0308304028132992,776.34,0.033754262574595094,True,,False
1642,2026-07-17,True,,SPY260814C00743000,SPY260814P00743000,2026-08-14,28.0,743.0,743.29,0.0339907707624211,776.34,0.04485463278128326,True,,False
1643,2026-07-20,True,,SPY260821C00742000,SPY260821P00742000,2026-08-21,32.0,742.0,742.09,0.0364511043134929,765.72,0.03196377797841236,True,,False
1644,2026-07-21,True,,SPY260821C00748000,SPY260821P00748000,2026-08-21,31.0,748.0,748.28,0.0328620302560538,765.72,0.023680975036082786,True,,False
1645,2026-07-22,True,,SPY260821C00749000,SPY260821P00749000,2026-08-21,30.0,749.0,747.41,0.0314218434326541,765.72,0.022370586425121457,True,,False
1646,2026-07-23,True,,SPY260821C00738000,SPY260821P00738000,2026-08-21,29.0,738.0,738.18,0.0357297678073098,765.72,0.03755181663009026,True,,False
1647,2026-07-24,True,,SPY260821C00739000,SPY260821P00739000,2026-08-21,28.0,739.0,738.93,0.0339003694531281,765.72,0.03616039408333675,True,,False
1648,2026-07-27,True,,SPY260828C00739000,SPY260828P00739000,2026-08-28,32.0,739.0,739.09,0.0369237846541016,769.35,0.04106401114884523,True,,False
1649,2026-07-28,True,,SPY260828C00741000,SPY260828P00741000,2026-08-28,31.0,741.0,740.86,0.0356275139702507,769.35,0.038266339119401804,True,,False
1650,2026-07-29,True,,SPY260828C00729000,SPY260828P00729000,2026-08-28,30.0,729.0,729.46,0.0397759986839579,769.35,0.055314890466920764,True,,False
1651,2026-07-30,True,,SPY260828C00742000,SPY260828P00742000,2026-08-28,29.0,742.0,741.69,0.0327293073925764,769.35,0.03687524437433432,True,,False
1652,2026-07-31,True,,SPY260831C00747000,SPY260831P00747000,2026-08-31,31.0,747.0,747.03,0.0303334538104226,767.05,0.026839618221490377,True,,False
1653,2026-08-03,True,,SPY260831C00758000,SPY260831P00758000,2026-08-31,28.0,758.0,757.67,0.0280597093721541,767.05,0.011944514102445597,True,,False
1654,2026-08-04,True,,SPY260904C00770000,SPY260904P00770000,2026-09-04,31.0,770.0,771.33,0.0332477668442819,,,False,expiration_after_available_price_history,True
1655,2026-08-05,True,,SPY260904C00770000,SPY260904P00770000,2026-09-04,30.0,770.0,769.79,0.0309045324049416,,,False,expiration_after_available_price_history,True
1656,2026-08-06,True,,SPY260904C00769000,SPY260904P00769000,2026-09-04,29.0,769.0,768.56,0.0290998750910794,,,False,expiration_after_available_price_history,True
1657,2026-08-07,True,,SPY260904C00773000,SPY260904P00773000,2026-09-04,28.0,773.0,773.26,0.0279466156273439,,,False,expiration_after_available_price_history,True
1658,2026-08-10,True,,SPY260911C00773000,SPY260911P00773000,2026-09-11,32.0,773.0,773.03,0.0308073425352185,,,False,expiration_after_available_price_history,True
1659,2026-08-11,True,,SPY260911C00771000,SPY260911P00771000,2026-09-11,31.0,771.0,770.56,0.029828955564784,,,False,expiration_after_available_price_history,True
1660,2026-08-12,True,,SPY260911C00772000,SPY260911P00772000,2026-09-11,30.0,772.0,772.49,0.0280262527670261,,,False,expiration_after_available_price_history,True
1661,2026-08-13,True,,SPY260911C00778000,SPY260911P00778000,2026-09-11,29.0,778.0,777.88,0.0273628323134673,,,False,expiration_after_available_price_history,True
1662,2026-08-14,True,,SPY260911C00776000,SPY260911P00776000,2026-09-11,28.0,776.0,776.34,0.0258907179843882,,,False,expiration_after_available_price_history,True
1663,2026-08-17,True,,SPY260918C00773000,SPY260918P00773000,2026-09-18,32.0,773.0,772.67,0.030336366107135,,,False,expiration_after_available_price_history,True
1664,2026-08-18,True,,SPY260918C00767000,SPY260918P00767000,2026-09-18,31.0,767.0,767.45,0.0309792168870936,,,False,expiration_after_available_price_history,True
1665,2026-08-19,True,,SPY260918C00769000,SPY260918P00769000,2026-09-18,30.0,769.0,769.06,0.0286973708163212,,,False,expiration_after_available_price_history,True
1666,2026-08-20,True,,SPY260918C00763000,SPY260918P00763000,2026-09-18,29.0,763.0,762.6,0.0298780487804878,,,False,expiration_after_available_price_history,True
1667,2026-08-21,True,,SPY260918C00766000,SPY260918P00766000,2026-09-18,28.0,766.0,765.72,0.0278561354019746,,,False,expiration_after_available_price_history,True
1668,2026-08-24,True,,SPY260925C00763000,SPY260925P00763000,2026-09-25,32.0,763.0,763.47,0.0308525547827681,,,False,expiration_after_available_price_history,True
1669,2026-08-25,True,,SPY260925C00766000,SPY260925P00766000,2026-09-25,31.0,766.0,765.91,0.0296575315637607,,,False,expiration_after_available_price_history,True
1670,2026-08-26,True,,SPY260925C00766000,SPY260925P00766000,2026-09-25,30.0,766.0,766.08,0.0291157581453634,,,False,expiration_after_available_price_history,True
1671,2026-08-27,True,,SPY260925C00771000,SPY260925P00771000,2026-09-25,29.0,771.0,771.1,0.0265464920243807,,,False,expiration_after_available_price_history,True
1672,2026-08-28,True,,SPY260925C00769000,SPY260925P00769000,2026-09-25,28.0,769.0,769.35,0.0255735361019042,,,False,expiration_after_available_price_history,True
1673,2026-08-31,True,,SPY260930C00767000,SPY260930P00767000,2026-09-30,30.0,767.0,767.05,0.0272472459422462,,,False,expiration_after_available_price_history,True
